[{"keywords":[{"rank":"1","is_major":"Y","value":"Egypt","name":"glocations"},{"rank":"2","is_major":"Y","value":"Muslim Brotherhood (Egypt)","name":"organizations"},{"rank":"3","is_major":"Y","value":"Women and Girls","name":"subject"},{"rank":"4","is_major":"N","value":"Muslims and Islam","name":"subject"},{"rank":"5","is_major":"N","value":"Families and Family Life","name":"subject"}],"headline":{"main":"Family Life According to the Brotherhood","print_headline":"Extolling Female Subservience, And Adding Followers in Egypt","content_kicker":"The Female Factor"},"web_url":"http:\/\/www.nytimes.com\/2012\/09\/05\/world\/middleeast\/05iht-letter05.html","date":"2012-09-05T14:20:00Z","news_desk":"Foreign"},{"keywords":[{"rank":"1","name":"type_of_material","value":"News"}],"headline":{"main":"ABC Family Orders Three Female-Oriented Series","kicker":"Media Decoder"},"web_url":"http:\/\/mediadecoder.blogs.nytimes.com\/2009\/02\/01\/abc-family-orders-three-female-skewing-series\/","date":"2009-02-01T23:27:59Z","news_desk":null},{"keywords":[],"headline":{"main":"THE FEMALE PORTION OF THE KHEDIVE'S; FAMILY.","kicker":"1"},"web_url":"http:\/\/query.nytimes.com\/gst\/abstract.html?res=9E0CEED6123EE63BBC4F51DFB2668382669FDE","date":"1879-04-27T00:03:58Z","news_desk":null},{"keywords":[{"name":"persons","value":"SCOTT, A O"},{"name":"persons","value":"HOLDEN, STEPHEN"},{"name":"persons","value":"MITCHELL, ELVIS"},{"name":"subject","value":"MOTION PICTURES"}],"headline":{"main":"Weak Female Roles and Cynical Family Comedies","kicker":"FILM: THE LOWS"},"web_url":"http:\/\/www.nytimes.com\/2003\/12\/28\/movies\/film-the-lows-weak-female-roles-and-cynical-family-comedies.html","date":"2003-12-28T00:00:00Z","news_desk":"Arts and Leisure Desk"},{"keywords":[{"value":"Political Advertising","is_major":"Y","rank":"1","name":"subject"},{"value":"Cuomo, Andrew M","is_major":"Y","rank":"2","name":"persons"},{"value":"Lee, Sandra","is_major":"Y","rank":"3","name":"persons"},{"value":"New York State","is_major":"Y","rank":"4","name":"glocations"},{"value":"Women's Equality Party","is_major":"N","rank":"5","name":"organizations"},{"value":"Astorino, Robert P","is_major":"N","rank":"6","name":"persons"},{"value":"Elections, Governors","is_major":"N","rank":"7","name":"subject"},{"value":"Astorino, Robert P","is_major":"N","rank":"1","name":"persons"},{"value":"Lee, Sandra","is_major":"N","rank":"2","name":"persons"},{"value":"Political Advertising","is_major":"N","rank":"3","name":"subject"},{"value":"Cuomo, Andrew M","is_major":"N","rank":"4","name":"persons"},{"value":"Women's Equality Party","is_major":"N","rank":"5","name":"organizations"},{"value":"Elections, Governors","is_major":"N","rank":"6","name":"subject"}],"headline":{"main":"Cuomo\u2019s Family, Aiding Push for Female Voters","kicker":"The Ad Campaign: New York Governor","print_headline":"Cuomo\u2019s Family Aids Push for Female Voters","content_kicker":"The Ad Campaign: New York Governor"},"web_url":"http:\/\/www.nytimes.com\/2014\/10\/14\/nyregion\/cuomos-family-aiding-push-for-female-voters.html","date":"2014-10-14T00:00:00Z","news_desk":"Metro"},{"keywords":[],"headline":{"main":"UNMASKING SOME FEMALE BRANCHES ON A FAMILY TREE","kicker":"SPEAKING PERSONALLY"},"web_url":"http:\/\/query.nytimes.com\/gst\/abstract.html?res=9C05E1DF1539F937A2575AC0A966948260","date":"1980-09-14T00:00:00Z","news_desk":"Column 1"},{"keywords":[],"headline":{"main":"How Do Male and Female Roles Differ in Your Family?","kicker":"The Learning Network Blog"},"web_url":"http:\/\/learning.blogs.nytimes.com\/2012\/02\/09\/how-do-male-and-female-roles-differ-in-your-family\/","date":"2012-02-09T05:16:05Z","news_desk":null},{"keywords":[{"rank":"1","name":"type_of_material","value":"News"}],"headline":{"main":"How Do Male and Female Roles Differ in Your Family?","kicker":"The Learning Network"},"web_url":"http:\/\/learning.blogs.nytimes.com\/2012\/02\/09\/how-do-male-and-female-roles-differ-in-your-family\/","date":"2012-02-09T05:16:05Z","news_desk":null},{"keywords":[],"headline":{"main":"Unmasking Some Female Branches on a Family Tree","kicker":"1"},"web_url":"http:\/\/query.nytimes.com\/gst\/abstract.html?res=9901E1D81538E232A25757C1A96F9C94619FD6CF","date":"1980-09-14T00:00:00Z","news_desk":null},{"keywords":[{"name":"glocations","value":"UNITED STATES"},{"name":"subject","value":"WOMEN"}],"headline":{"main":"Growing Up Female In a Feminist Family; A Struggle for Identity in a Suffragist's Family"},"web_url":"http:\/\/query.nytimes.com\/gst\/abstract.html?res=9801E1D9123EE732A25752C2A9669D946890D6CF","date":"1979-10-21T00:00:00Z","news_desk":null},{"keywords":[{"name":"organizations","value":"NEGROES"},{"name":"subject","value":"FAMILIES AND FAMILY LIFE"}],"headline":{"main":"The 'Female-Headed Household'; A Researcher Denies the Negro Family Is Deteriorating"},"web_url":"http:\/\/query.nytimes.com\/gst\/abstract.html?res=9F0CE3DA1238EF34BC4151DFB166838A669EDE","date":"1971-07-29T00:00:00Z","news_desk":null},{"keywords":[],"headline":{"main":"PYTHONS START FAMILY; Female at Bronx Zoo Lays Clutch of 24 Eggs","kicker":"1"},"web_url":"http:\/\/query.nytimes.com\/gst\/abstract.html?res=9504E6DC163BE53ABC4C52DFB366838D649EDE","date":"1956-05-14T00:00:00Z","news_desk":null},{"keywords":[],"headline":{"main":"FIRE IN A PUBLIC SCHOOL-HOUSE.; A Female Teacher Family Burned-Terrible Consentration of the Scholars.","kicker":"1"},"web_url":"http:\/\/query.nytimes.com\/gst\/abstract.html?res=9D04E7DE153CEE34BC4C53DFB5668383649FDE","date":"1858-03-04T00:03:58Z","news_desk":null},{"keywords":[{"name":"persons","value":"SPRING, J. S."},{"name":"persons","value":"CLEMANCE, GRACIE"},{"name":"subject","value":"SWINDLES"}],"headline":{"main":"A FEMALE ADVENTURER.; HOW SHE DECEIVED A WEALTHY FAMILY IN CALIFORNIA."},"web_url":"http:\/\/query.nytimes.com\/gst\/abstract.html?res=9801EED9133EE63BBC4E53DFB0668382669FDE","date":"1879-06-06T00:03:58Z","news_desk":null},{"keywords":[{"name":"subject","value":"SEX"},{"name":"subject","value":"HOMOSEXUALITY"}],"headline":{"main":"No Male-Female Parallel Found for Homosexuals; Study Finds That Family Histories of Each Group Art Not Comparable"},"web_url":"http:\/\/query.nytimes.com\/gst\/abstract.html?res=9501EEDE103AE13BBC4953DFB366838D679EDE","date":"1966-05-01T00:00:00Z","news_desk":null},{"keywords":[{"name":"persons","value":"LOBDELL, LUCY"}],"headline":{"main":"A MOUNTAIN ROMANCE.; STRANGE LIFE OF UNHAPPY WOMEN A SINGULAR FAMILY HISTORY THE FEMALE HUNTRESS OF LONG EDDY STRANGE LOVE OF TWO WOMEN AN ACCOMPLISHED BOSTON GIRL A VOLUNTARY OUTCAST AN UNFORTUNATE DAUGHTER."},"web_url":"http:\/\/query.nytimes.com\/gst\/abstract.html?res=9E00EED8103AE63BBC4053DFB266838C669FDE","date":"1877-04-08T00:03:58Z","news_desk":null},{"keywords":[{"name":"glocations","value":"UNION OF SOVIET SOCIALIST REPUBLICS"},{"name":"glocations","value":"UNION OF SOVIET SOCIALIST REPUBLICS"},{"name":"glocations","value":"UNION OF SOVIET SOCIALIST REPUBLICS"},{"name":"subject","value":"LABOR"},{"name":"subject","value":"ECONOMIC CONDITIONS AND TRENDS"},{"name":"subject","value":"SOCIAL CONDITIONS AND TRENDS"},{"name":"subject","value":"PENSIONS AND RETIREMENT"}],"headline":{"main":"DEATH RATE OF MEN UP IN SOVIET TOWNS; Cause Unreported but Alcoholism, Accidents and Effects of War Are Considered Factors Results Given in Republic Papers Male-Female Imbalance Reduced Situation Varies With Regions Rural Family Traditionally Larger"},"web_url":"http:\/\/query.nytimes.com\/gst\/abstract.html?res=9902E5D81539E732A25752C1A9609C946890D6CF","date":"1979-06-11T00:00:00Z","news_desk":null},{"keywords":[{"rank":"1","is_major":"N","name":"subject","value":"Archaeology and Anthropology"},{"rank":"2","is_major":"N","name":"glocations","value":"New Mexico"},{"rank":"3","is_major":"N","name":"subject","value":"Native Americans"},{"rank":"4","is_major":"N","name":"subject","value":"Women and Girls"},{"rank":"5","is_major":"N","name":"organizations","value":"Nature Communications (Journal)"}],"headline":{"main":"In an Ancient Burial Place, 3 Centuries of One Woman\u2019s Descendants","content_kicker":"Trilobites","kicker":"Trilobites","print_headline":"Power Lines: Burial Secrets"},"web_url":"http:\/\/www.nytimes.com\/2017\/02\/24\/science\/chaco-canyon-new-mexico-maternal.html","date":"2017-02-24T17:22:32+0000","news_desk":"Science"},{"keywords":[{"name":"persons","value":"FRANKENBERG, BABETTE MEYERS KNOWN TO HER FAMILY AND MANY FRIENDS AS \"BOBBE,\" DIED FEBRUARY 28 AT AGE 98, HAVING LIVED A RICHLY VARIEGATED AND ADVENTUROUS LIFE THAT CHANNELED HER PIONEERING SPIRIT AS A FEMINIST BEFORE HER TIME. BOBBE WAS BORN ON MAY 16, 1916, IN THE HARDSCRABBLE MINING TOWN OF BISBEE, AZ, AND MOVED WITH HER PARENTS TO BEVERLY HILLS WHEN SUNSET BOULEVARD HAD YET TO BE FULLY PAVED. SHE WAS A SUCCESSFUL BUSINESS WOMAN IN THE 1940S, WHEN FEMALE ENTREPRENEURS WERE A RARE BREED, AND THROUGH THE 1980S, AS WOMEN INCREASINGLY ROSE TO PROMINENCE IN CORPORATE AMERICA. SHE FOUND GREAT SUCCESS IN COMMERCIAL AND RESIDENTIAL REAL ESTATE AS WELL IN PUBLIC RELATIONS. IN THE 1950S SHE HANDLED MARK TAPER'S PR FOR HIS AMBITIOUS LAKEWOOD DEVELOPMENT. WITH COLDWELL BANKER, BOBBE SOLD MANY OF THE MORE REMARKABLE LOS ANGELES HOMES OF HER TIME, REMARKABLE BOTH FOR THEIR LAVISHNESS AND THEIR RESIDENTS. BOBBE WAS ALSO AN OUTDOORS WOMAN AND ATHLETE, FISHING AND RIDING HORSES. SHE SKIED AND PLAYED TENNIS COMPETITIVELY, OFTEN AGAINST MEN. SHE RAISED AND TRAINED DOGS AND WAS A SPORTS CAR ENTHUSIAST, WELL, KNOWN FOR THE RAINBOW, PAINTED PORSCHE IN WHICH SHE MADE HER REAL ESTATE ROUNDS. BOBBE TRAVELED WIDELY THROUGHOUT EUROPE, ASIA, AFRICA AND THE AMERICAS. AS A PATRON OF THE ARTS SHE GREATLY ENJOYED CLASSICAL MUSIC AND IN RECENT YEARS, LADY GAGA. HER RAPIER WIT AND PLAYFUL SENSE OF HUMOR WAS MATCHED BY HER CARE AND CONCERN FOR OTHERS. NEVER ONE TO TALK ABOUT HERSELF, BOBBE FOCUSED HER INCANDESCENT PERSONALITY ON WHOMEVER SHE WAS WITH"},{"name":"persons","value":"MOLLY FRANKLIN AND CLARA ZANDER"},{"name":"persons","value":"AND ADENA FRANKLIN. BOBBE WAS PREDECEASED BY HER YOUNGER BROTHERS BENNY"},{"name":"persons","value":"HER GRANDNIECES AND NEPHEWS, ELISSA"},{"name":"persons","value":"AND JASON FRANKLIN, BARRETT FRANKLIN"},{"name":"persons","value":"AS WELL AS BY HER GREAT GRANDNIECES AND NEPHEW, ELLINGTON AND AUGUST MEYERS"},{"name":"persons","value":"HER JOYFUL PRESENCE ABSORBED AS MUCH AS HER QUIET SMILE RADIATED. BOBBE LEAVES BEHIND FRIENDS AND CLASSMATES FROM BEVERLY HILLS HIGH SCHOOL"},{"name":"persons","value":"ZACHARY FRANKLIN"}],"headline":{"main":"Paid Notice: Memorials  FRANKENBERG, BABETTE MEYERS KNOWN TO HER FAMILY AND MANY FRIENDS AS \"BOBBE,\" DIED FEBRUARY 28 AT AGE 98, HAVING LIVED A RICHLY VARIEGATED AND ADVENTUROUS LIFE THAT CHANNELED HER PIONEERING SPIRIT AS A FEMINIST BEFORE HER TIME. BOBBE WAS BORN ON MAY 16, 1916, IN THE HARDSCRABBLE MINING TOWN OF BISBEE, AZ, AND MOVED WITH HER PARENTS TO BEVERLY HILLS WHEN SUNSET BOULEVARD HAD YET TO BE FULLY PAVED. SHE WAS A SUCCESSFUL BUSINESS WOMAN IN THE 1940S, WHEN FEMALE ENTREPRENEURS WERE A RARE BREED, AND THROUGH THE 1980S, AS WOMEN INCREASINGLY ROSE TO PROMINENCE IN CORPORATE AMERICA. SHE FOUND GREAT SUCCESS IN COMMERCIAL AND RESIDENTIAL REAL ESTATE AS WELL IN PUBLIC RELATIONS. IN THE 1950S SHE HANDLED MARK TAPER'S PR FOR HIS AMBITIOUS LAKEWOOD DEVELOPMENT. WITH COLDWELL BANKER, BOBBE SOLD MANY OF THE MORE REMARKABLE LOS ANGELES HOMES OF HER TIME, REMARKABLE BOTH FOR THEIR LAVISHNESS AND THEIR RESIDENTS. BOBBE WAS ALSO AN OUTDOORS WOMAN AND ATHLETE, FISHING AND RIDING HORSES. SHE SKIED AND PLAYED TENNIS COMPETITIVELY, OFTEN AGAINST MEN. SHE RAISED AND TRAINED DOGS AND WAS A SPORTS CAR ENTHUSIAST, WELL, KNOWN FOR THE RAINBOW, PAINTED PORSCHE IN WHICH SHE MADE HER REAL ESTATE ROUNDS. BOBBE TRAVELED WIDELY THROUGHOUT EUROPE, ASIA, AFRICA AND THE AMERICAS. AS A PATRON OF THE ARTS SHE GREATLY ENJOYED CLASSICAL MUSIC AND IN RECENT YEARS, LADY GAGA. HER RAPIER WIT AND PLAYFUL SENSE OF HUMOR WAS MATCHED BY HER CARE AND CONCERN FOR OTHERS. NEVER ONE TO TALK ABOUT HERSELF, BOBBE FOCUSED HER INCANDESCENT PERSONALITY ON WHOMEVER SHE WAS WITH; HER JOYFUL PRESENCE ABSORBED AS MUCH AS HER QUIET SMILE RADIATED. BOBBE LEAVES BEHIND FRIENDS AND CLASSMATES FROM BEVERLY HILLS HIGH SCHOOL (1935, CLASS PRESIDENT), UC BERKELEY AND UCLA (1939, BA EUROPEAN HISTORY). SHE WILL BE DEARLY MISSED BY HER FAMILY, INCLUDING HER NIECE JEANNE MEYERS (RICHARD CARR) AND NEPHEWS CHARLES FRANKLIN (SUSIE) AND WAYNE FRANKLIN (SUSAN); HER GRANDNIECES AND NEPHEWS, ELISSA (CLARK MIDDLETON) AND LUCAS MEYERS (MARGARET); ZACHARY FRANKLIN (SOFIA ZANDER), SETH FRANKLIN (KRISTIN), JUDD FRANKLIN (TYBE GOLDBERG); AND JASON FRANKLIN, BARRETT FRANKLIN (LEA) AND SHANNON HEGARTY (TERRY); AS WELL AS BY HER GREAT GRANDNIECES AND NEPHEW, ELLINGTON AND AUGUST MEYERS; MOLLY FRANKLIN AND CLARA ZANDER; AND ADENA FRANKLIN. BOBBE WAS PREDECEASED BY HER YOUNGER BROTHERS BENNY (BEN JR.) (SAME DAY AS BOBBE, FEBRUARY 28, BUT 1973) AND MAYNARD FRANKLIN (2011). BENEFICIARIES OF BABETTE'S PROFOUNDLY PHILANTHROPIC NATURE INCLUDE SEVERAL HEALTH AND EDUCATIONAL INSTITUTES. SHE AND HER BROTHER MAYNARD LEFT THE GEM AND MINERAL COLLECTION ORIGINALLY AMASSED BY THEIR PARENTS, BEN AND CLARA, IN BISBEE, TO THE LOS ANGELES COUNTY MUSEUM OF NATURAL HISTORY, WHERE IT CAN NOW BE SEEN BY ALL. 1"},"web_url":"http:\/\/query.nytimes.com\/gst\/fullpage.html?res=9A0DE2DB133AF936A35757C0A9639D8B63","date":"2015-04-05T00:00:00Z","news_desk":"Classified"},{"keywords":[{"rank":"1","is_major":"N","name":"subject","value":"Women and Girls"},{"rank":"2","is_major":"N","name":"subject","value":"Women's Rights"},{"rank":"3","is_major":"N","name":"subject","value":"Royal Families"},{"rank":"4","is_major":"N","name":"organizations","value":"Liberal Democratic Party (Japan)"},{"rank":"5","is_major":"N","name":"persons","value":"Abe, Shinzo"},{"rank":"6","is_major":"N","name":"persons","value":"Akihito"},{"rank":"7","is_major":"N","name":"persons","value":"Naruhito, Crown Prince of Japan"},{"rank":"8","is_major":"N","name":"persons","value":"Masako, Crown Princess of Japan"},{"rank":"9","is_major":"N","name":"glocations","value":"Japan"}],"headline":{"main":"Many Japanese Look for a Shift to Female Heirs to the Throne","print_headline":"Many in Japan Look for Shift to Allow Female Heirs"},"web_url":"http:\/\/www.nytimes.com\/2017\/01\/28\/world\/asia\/japan-emperor-female-heirs.html","date":"2017-01-28T18:15:23+0000","news_desk":"Foreign"}]