[{"keywords":[{"rank":"1","is_major":"N","name":"subject","value":"Acquired Immune Deficiency Syndrome"},{"rank":"2","is_major":"N","name":"subject","value":"Prostitution"},{"rank":"3","is_major":"N","name":"subject","value":"Abortion"},{"rank":"4","is_major":"N","name":"glocations","value":"Cambodia"},{"rank":"5","is_major":"N","name":"subject","value":"Women and Girls"},{"rank":"6","is_major":"N","name":"subject","value":"Children and Childhood"},{"rank":"7","is_major":"N","name":"subject","value":"Infant Mortality"},{"rank":"8","is_major":"N","name":"organizations","value":"Global Health Promise"}],"headline":{"main":"H.I.V. Stalks Prostitutes and Their Children in Cambodia","content_kicker":"Global Health","kicker":"Global Health","print_headline":"H.I.V. Stalks Cambodian Prostitutes and Babies"},"web_url":"http:\/\/www.nytimes.com\/2017\/02\/20\/health\/hiv-aids-cambodia-prostitution.html","date":"2017-02-20T20:56:26+0000","news_desk":"Science"},{"keywords":[],"headline":{"main":"12 Children Hospitalized After Church Bus Crash in Kentucky","print_headline":"12 Children Hospitalized After Church Bus Crash in Kentucky"},"web_url":"http:\/\/www.nytimes.com\/aponline\/2017\/02\/23\/us\/ap-us-church-bus-crash-kentucky.html","date":"2017-02-23T13:39:44+0000","news_desk":null},{"keywords":[{"rank":"1","is_major":"N","name":"subject","value":"Doctors"},{"rank":"2","is_major":"N","name":"subject","value":"Women and Girls"},{"rank":"3","is_major":"N","name":"subject","value":"Hospitals"},{"rank":"4","is_major":"N","name":"organizations","value":"Taliban"},{"rank":"5","is_major":"N","name":"glocations","value":"Afghanistan"},{"rank":"6","is_major":"N","name":"glocations","value":"Kunduz (Afghanistan)"},{"rank":"7","is_major":"N","name":"persons","value":"Yaftali, Marzia Salam"}],"headline":{"main":"Under Taliban Siege, a Doctor\u2019s Trial by Fire","print_headline":"\u2018The Darkest Night\u2019: A Doctor\u2019s Trial Under Taliban Siege"},"web_url":"http:\/\/www.nytimes.com\/2017\/01\/29\/world\/asia\/under-taliban-siege-a-female-doctors-trial-by-fire.html","date":"2017-01-29T22:28:29+0000","news_desk":"Foreign"},{"keywords":[{"rank":"1","is_major":"N","name":"subject","value":"Labor and Jobs"},{"rank":"2","is_major":"N","name":"subject","value":"Women and Girls"},{"rank":"3","is_major":"N","name":"subject","value":"United States Economy"},{"rank":"4","is_major":"N","name":"subject","value":"Unemployment"},{"rank":"5","is_major":"N","name":"subject","value":"Wages and Salaries"}],"headline":{"main":"Why Women Quit Working: It\u2019s Not for the Reasons Men Do","print_headline":"\u2018Care Chasm\u2019 Forces Women to Forgo Jobs"},"web_url":"http:\/\/www.nytimes.com\/2017\/01\/24\/business\/economy\/women-labor-force.html","date":"2017-01-24T23:07:11+0000","news_desk":"Business"},{"keywords":[{"rank":"1","is_major":"N","name":"subject","value":"Women and Girls"},{"rank":"2","is_major":"N","name":"subject","value":"Women's Rights"},{"rank":"3","is_major":"N","name":"subject","value":"Royal Families"},{"rank":"4","is_major":"N","name":"organizations","value":"Liberal Democratic Party (Japan)"},{"rank":"5","is_major":"N","name":"persons","value":"Abe, Shinzo"},{"rank":"6","is_major":"N","name":"persons","value":"Akihito"},{"rank":"7","is_major":"N","name":"persons","value":"Naruhito, Crown Prince of Japan"},{"rank":"8","is_major":"N","name":"persons","value":"Masako, Crown Princess of Japan"},{"rank":"9","is_major":"N","name":"glocations","value":"Japan"}],"headline":{"main":"Many Japanese Look for a Shift to Female Heirs to the Throne","print_headline":"Many in Japan Look for Shift to Allow Female Heirs"},"web_url":"http:\/\/www.nytimes.com\/2017\/01\/28\/world\/asia\/japan-emperor-female-heirs.html","date":"2017-01-28T18:15:23+0000","news_desk":"Foreign"},{"keywords":[],"headline":{"main":"Intersex"},"web_url":"http:\/\/health.nytimes.com\/health\/guides\/disease\/intersex\/overview.html","date":null,"news_desk":null},{"keywords":[],"headline":{"main":"Tick Paralysis"},"web_url":"http:\/\/health.nytimes.com\/health\/guides\/disease\/tick-paralysis\/overview.html","date":null,"news_desk":null},{"keywords":[],"headline":{"main":"Aicardi Syndrome"},"web_url":"http:\/\/health.nytimes.com\/health\/guides\/disease\/aicardi-syndrome\/overview.html","date":null,"news_desk":null},{"keywords":[],"headline":{"main":"Short Stature"},"web_url":"http:\/\/health.nytimes.com\/health\/guides\/symptoms\/short-stature\/overview.html","date":null,"news_desk":null},{"keywords":[{"rank":"1","is_major":"N","name":"persons","value":"Dresselhaus, Mildred Spiewak"},{"rank":"3","is_major":"N","name":"subject","value":"Women and Girls"},{"rank":"4","is_major":"N","name":"subject","value":"Deaths (Obituaries)"},{"rank":"5","is_major":"N","name":"subject","value":"Science and Technology"},{"rank":"6","is_major":"N","name":"organizations","value":"Massachusetts Institute of Technology"}],"headline":{"main":"Mildred Dresselhaus, the Queen of Carbon, Dies at 86","print_headline":"Mildred Dresselhaus, Who Pioneered Revolution in Carbon Use, Dies at 86"},"web_url":"http:\/\/www.nytimes.com\/2017\/02\/23\/science\/mildred-dresselhaus-dead-queen-of-carbon.html","date":"2017-02-24T01:32:59+0000","news_desk":"National"},{"keywords":[{"rank":"1","is_major":"N","name":"subject","value":"Refugees and Displaced Persons"},{"rank":"2","is_major":"N","name":"subject","value":"Middle East and Africa Migrant Crisis"},{"rank":"3","is_major":"N","name":"subject","value":"Women and Girls"},{"rank":"4","is_major":"N","name":"subject","value":"Humanitarian Aid"},{"rank":"5","is_major":"N","name":"subject","value":"Philanthropy"},{"rank":"6","is_major":"N","name":"organizations","value":"International Rescue Committee"},{"rank":"7","is_major":"N","name":"organizations","value":"New York Times Neediest Cases Fund"},{"rank":"8","is_major":"N","name":"glocations","value":"Syria"},{"rank":"9","is_major":"N","name":"glocations","value":"Lebanon"},{"rank":"10","is_major":"N","name":"glocations","value":"Middle East"}],"headline":{"main":"A Displaced Syrian Woman Realizes a Dream by Aiding Refugees","content_kicker":"The Neediest Cases","kicker":"The Neediest Cases","print_headline":"A Displaced Syrian Woman Realizes a Dream by Aiding Refugees"},"web_url":"http:\/\/www.nytimes.com\/2017\/02\/04\/nyregion\/a-displaced-syrian-woman-realizes-a-dream-by-aiding-refugees.html","date":"2017-02-04T16:00:28+0000","news_desk":"Metro"},{"keywords":[],"headline":{"main":"Reifenstein Syndrome"},"web_url":"http:\/\/health.nytimes.com\/health\/guides\/disease\/reifenstein-syndrome\/overview.html","date":null,"news_desk":null},{"keywords":[{"rank":"1","is_major":"N","name":"subject","value":"Grammy Awards"},{"rank":"2","is_major":"N","name":"subject","value":"Blacks"},{"rank":"3","is_major":"N","name":"subject","value":"Music"},{"rank":"4","is_major":"N","name":"subject","value":"Women and Girls"},{"rank":"5","is_major":"N","name":"persons","value":"Knowles, Beyonce"},{"rank":"6","is_major":"N","name":"creative_works","value":"Lemonade (Album)"}],"headline":{"main":"What Beyonc\u00e9 Won Was Bigger Than a Grammy","content_kicker":"Op-Ed Contributor","kicker":"Op-Ed Contributor"},"web_url":"http:\/\/www.nytimes.com\/2017\/02\/14\/opinion\/what-beyonce-won-was-bigger-than-a-grammy.html","date":"2017-02-14T23:54:44+0000","news_desk":"OpEd"},{"keywords":[{"rank":"4","is_major":"Y","value":"Female Genital Mutilation","name":"subject"},{"rank":"2","is_major":"Y","value":"Marriages","name":"subject"},{"rank":"5","is_major":"Y","value":"United Nations","name":"organizations"},{"rank":"7","is_major":"N","value":"London (England)","name":"glocations"},{"rank":"9","is_major":"N","value":"Africa","name":"glocations"},{"rank":"1","is_major":"Y","value":"Women and Girls","name":"subject"},{"rank":"8","is_major":"N","value":"Far East, South and Southeast Asia and Pacific Areas","name":"glocations"},{"rank":"6","is_major":"N","value":"United Nations Children's Fund","name":"organizations"},{"rank":"3","is_major":"Y","value":"Children and Childhood","name":"subject"}],"headline":{"main":"Study Tracks Millions of Child Brides","print_headline":"Study Tracks Millions of Child Brides","content_kicker":"World Briefing"},"web_url":"http:\/\/www.nytimes.com\/2014\/07\/22\/world\/asia\/united-nations-study-tracks-millions-of-child-brides.html","date":"2014-07-22T00:00:00Z","news_desk":"Foreign"},{"keywords":[{"rank":"1","is_major":"N","name":"subject","value":"Camels"},{"rank":"2","is_major":"N","name":"glocations","value":"Abu Dhabi (United Arab Emirates)"},{"rank":"3","is_major":"N","name":"glocations","value":"United Arab Emirates"},{"rank":"4","is_major":"N","name":"persons","value":"Nahyan, Sultan Bin Zayed al- (1955- )"}],"headline":{"main":"Where Camels Race and Win Beauty Contests"},"web_url":"http:\/\/www.nytimes.com\/2017\/02\/10\/world\/middleeast\/camel-beauty-contest-abu-dhabi.html","date":"2017-02-10T20:02:55+0000","news_desk":"Foreign"},{"keywords":[],"headline":{"main":"Congenital Adrenal Hyperplasia"},"web_url":"http:\/\/health.nytimes.com\/health\/guides\/disease\/congenital-adrenal-hyperplasia\/overview.html","date":null,"news_desk":null},{"keywords":[],"headline":{"main":"Pinworms"},"web_url":"http:\/\/health.nytimes.com\/health\/guides\/disease\/pinworms\/overview.html","date":null,"news_desk":null},{"keywords":[],"headline":{"main":"Ivanka Trump Lays Groundwork for Policy Role in Washington","print_headline":"Ivanka Trump Lays Groundwork for Policy Role in Washington"},"web_url":"http:\/\/www.nytimes.com\/aponline\/2017\/01\/16\/us\/politics\/ap-us-trump-ivanka.html","date":"2017-01-16T08:45:37+0000","news_desk":null},{"keywords":[],"headline":{"main":"Adrenoleukodystrophy"},"web_url":"http:\/\/health.nytimes.com\/health\/guides\/disease\/adrenoleukodystrophy\/overview.html","date":null,"news_desk":null},{"keywords":[],"headline":{"main":"Developmental Dysplasia of the Hip"},"web_url":"http:\/\/health.nytimes.com\/health\/guides\/disease\/developmental-dysplasia-of-the-hip\/overview.html","date":null,"news_desk":null}]