[{"keywords":[{"rank":"1","name":"persons","value":"Brown, Scott P"},{"rank":"2","name":"persons","value":"Bush, George W"},{"rank":"3","name":"persons","value":"Gomez, Gabriel E"},{"rank":"4","name":"persons","value":"King, Carole"},{"rank":"5","name":"persons","value":"Lehane, Chris"},{"rank":"6","name":"persons","value":"Markey, Edward J"},{"rank":"7","name":"persons","value":"Romney, Mitt"},{"rank":"8","name":"persons","value":"Rove, Karl"},{"rank":"9","name":"persons","value":"Warren, Elizabeth"},{"rank":"1","name":"glocations","value":"Boston (Mass)"},{"rank":"2","name":"glocations","value":"Massachusetts"},{"rank":"1","name":"organizations","value":"Boston Globe"},{"rank":"2","name":"organizations","value":"Democratic Party"},{"rank":"3","name":"organizations","value":"Planned Parenthood Federation of America"},{"rank":"4","name":"organizations","value":"Senate"},{"rank":"5","name":"organizations","value":"Suffolk University"},{"rank":"6","name":"organizations","value":"WBUR"},{"rank":"1","name":"subject","value":"Elections, State Legislature"},{"rank":"2","name":"subject","value":"Online Advertising"},{"rank":"3","name":"subject","value":"Political Advertising"},{"rank":"4","name":"subject","value":"United States Politics and Government"},{"rank":"5","name":"subject","value":"Voting and Voters"},{"rank":"6","name":"subject","value":"Women and Girls"}],"headline":{"main":"Scramble for Female Votes in Mass. Senate Race","kicker":"The Caucus"},"web_url":"http:\/\/thecaucus.blogs.nytimes.com\/2013\/05\/31\/scramble-for-female-votes-in-mass-senate-race\/","date":"2013-05-31T23:38:44Z","news_desk":null},{"keywords":[{"rank":"1","is_major":"N","name":"persons","value":"McMahon, Linda E"},{"rank":"11","is_major":"N","name":"subject","value":"Voting and Voters"},{"rank":"12","is_major":"N","name":"subject","value":"Polls and Public Opinion"},{"rank":"2","is_major":"N","name":"persons","value":"Blumenthal, Richard"},{"rank":"3","is_major":"N","name":"glocations","value":"Connecticut"},{"rank":"4","is_major":"N","name":"organizations","value":"Senate"},{"rank":"5","is_major":"N","name":"subject","value":"Women and Girls"},{"rank":"6","is_major":"N","name":"organizations","value":"World Wrestling Entertainment Inc"},{"rank":"7","is_major":"N","name":"organizations","value":"Democratic Party"},{"rank":"8","is_major":"N","name":"organizations","value":"Republican Party"},{"rank":"9","is_major":"N","name":"subject","value":"Elections"},{"rank":"10","is_major":"N","name":"subject","value":"Political Advertising"}],"headline":{"seo":"Linda McMahon\u2019s Trouble With Female Voters in Connecticut","main":"Female Candidate Finds Tough Audience: Women","print_headline":"A Senate Candidate\u2019s Hurdle: Drawing Women to Her Side"},"web_url":"http:\/\/www.nytimes.com\/2010\/10\/14\/nyregion\/14mcmahon.html","date":"2010-10-14T00:00:00Z","news_desk":"Metro"},{"keywords":[],"headline":{"main":"Senate Matchups With Female Democratic Candidates","print_headline":"Senate Matchups With Female Democratic Candidates"},"web_url":"http:\/\/www.nytimes.com\/aponline\/2016\/05\/05\/us\/politics\/ap-us-senate-2016-women-glance.html","date":"2016-05-05T07:32:47Z","news_desk":"None"},{"keywords":[{"name":"organizations","value":"ALBION STATE TRAINING SCHOOL"}],"headline":{"main":"SENATE FAVORS SHIFT OF FEMALE PRISONERS"},"web_url":"http:\/\/query.nytimes.com\/gst\/abstract.html?res=9C00E5DC123BE23BBC4C53DFB5668389649EDE","date":"1952-03-04T00:00:00Z","news_desk":null},{"keywords":[],"headline":{"main":"In Solidarity, Senate Women Help Female Candidates","print_headline":"In Solidarity, Senate Women Help Female Candidates"},"web_url":"http:\/\/www.nytimes.com\/aponline\/2014\/01\/22\/us\/politics\/ap-us-senate-female-solidarity.html","date":"2014-01-22T15:21:31Z","news_desk":null},{"keywords":[],"headline":{"main":"Senate Drops Liability For Its 6 Female Pages","kicker":"1"},"web_url":"http:\/\/query.nytimes.com\/gst\/abstract.html?res=9F0CE6DD1E38E732A25753C2A9639C946890D6CF","date":"1979-05-20T00:00:00Z","news_desk":null},{"keywords":[],"headline":{"main":"Senate Confirms First Female Officer for Warfighting Command","print_headline":"Senate Confirms First Female Officer for Warfighting Command"},"web_url":"http:\/\/www.nytimes.com\/aponline\/2016\/04\/29\/us\/politics\/ap-us-congress-generals-confirmed.html","date":"2016-04-29T13:41:59Z","news_desk":"None"},{"keywords":[{"rank":"1","is_major":"N","name":"persons","value":"Warren, Elizabeth"},{"rank":"2","is_major":"N","name":"subject","value":"Women and Girls"},{"rank":"3","is_major":"N","name":"persons","value":"Trump, Donald J"},{"rank":"4","is_major":"N","name":"persons","value":"McConnell, Mitch"},{"rank":"5","is_major":"N","name":"persons","value":"Sessions, Jefferson B III"},{"rank":"6","is_major":"N","name":"organizations","value":"Senate"},{"rank":"7","is_major":"N","name":"subject","value":"United States Politics and Government"},{"rank":"8","is_major":"N","name":"persons","value":"King, Coretta Scott"}],"headline":{"main":"Elizabeth Warren Was Told to Be Quiet. Women Can Relate.","content_kicker":"Dispatch","kicker":"Dispatch"},"web_url":"http:\/\/www.nytimes.com\/2017\/02\/08\/opinion\/elizabeth-warren-was-told-to-be-quiet-women-can-relate.html","date":"2017-02-08T22:13:24+0000","news_desk":"OpEd"},{"keywords":[],"headline":{"main":"Clinton Rallies With Female Senate Democrats _ Except Warren","print_headline":"Clinton Rallies With Female Senate Democrats _ Except Warren"},"web_url":"http:\/\/www.nytimes.com\/aponline\/2015\/11\/30\/us\/politics\/ap-us-dem-2016-clinton-senate.html","date":"2015-11-30T20:27:27Z","news_desk":"None"},{"keywords":[],"headline":{"main":"Senate Dems, GOP Woo Female Voters for This Fall","print_headline":"Senate Dems, GOP Woo Female Voters for This Fall"},"web_url":"http:\/\/www.nytimes.com\/aponline\/2014\/07\/17\/us\/politics\/ap-us-senate-women-voters.html","date":"2014-07-17T03:20:01Z","news_desk":null},{"keywords":[{"rank":"1","is_major":"Y","value":"McMahon, Linda E","name":"persons"},{"rank":"2","is_major":"Y","value":"Elections, Senate","name":"subject"},{"rank":"3","is_major":"Y","value":"Murphy, Christopher Scott","name":"persons"},{"rank":"4","is_major":"Y","value":"Connecticut","name":"glocations"}],"headline":{"seo":"In Connecticut Senate Race, McMahon Fights for Female Votes","main":"For Woman in Senate Race, Uphill Fight for Female Votes","print_headline":"For Woman in Senate Race, Uphill Fight for Female Votes"},"web_url":"http:\/\/www.nytimes.com\/2012\/10\/06\/nyregion\/for-linda-mcmahon-a-fight-for-female-votes-in-connecticut-senate-race.html","date":"2012-10-06T00:00:00Z","news_desk":"Metro"},{"keywords":[{"rank":"1","is_major":"N","name":"organizations","value":"Senate"},{"rank":"2","is_major":"N","name":"subject","value":"Women and Girls"}],"headline":{"main":"Women in the Senate"},"web_url":"http:\/\/www.nytimes.com\/interactive\/2013\/03\/22\/us\/politics\/women-in-the-senate.html","date":"2013-03-22T00:00:00Z","news_desk":"U.S. \/ Politics"},{"keywords":[{"name":"organizations","value":"NEW YORK STATE LEGISLATURE"}],"headline":{"main":"FEMALE SUFFRAGE HEARING.; Joint Committee Session Held in the Senate Chamber -- Women Argue on Both Sides."},"web_url":"http:\/\/query.nytimes.com\/gst\/abstract.html?res=9E07E0D9153DE633A25750C2A9649C94689ED7CF","date":"1899-02-23T00:00:00Z","news_desk":null},{"keywords":[{"rank":"1","is_major":"Y","name":"persons","value":"Mikulski, Barbara A"},{"rank":"2","is_major":"N","name":"organizations","value":"Senate"},{"rank":"3","is_major":"Y","name":"subject","value":"Bathrooms and Toilets"},{"rank":"4","is_major":"Y","name":"subject","value":"Women and Girls"},{"rank":"5","is_major":"Y","name":"glocations","value":"United States"}],"headline":{"main":"The Senate Bathroom Angle","content_kicker":"Op-Ed Columnist","kicker":"Op-Ed Columnist","print_headline":"The Senate Bathroom Angle"},"web_url":"http:\/\/www.nytimes.com\/2016\/12\/22\/opinion\/the-senate-bathroom-angle.html","date":"2016-12-22T08:21:19+0000","news_desk":"OpEd"},{"keywords":[{"name":"persons","value":"TYDINGS, MILLARD E."},{"name":"persons","value":"BIRMINGHAM, MICHAEL J."},{"name":"glocations","value":"MARYLAND"}],"headline":{"main":"MRS. TYDINGS BIDS FOR SENATE SEAT; Wife of Former Maryland Legislator Decides to Seek Democratic Nomination Female Prerogative"},"web_url":"http:\/\/query.nytimes.com\/gst\/abstract.html?res=9E03E4DA103EE333A05754C2A96E9C946792D6CF","date":"1956-08-27T00:00:00Z","news_desk":null},{"keywords":[],"headline":{"main":"SENATE.; THE RIGHT OF FEMALE SUFFRAGE. THE TAXATION OF BANKS. THE INDIAN SCHOOL FUND. SPECIE PAYMENTS. THE MILITARY IN VIRGINIA.","kicker":"1"},"web_url":"http:\/\/query.nytimes.com\/gst\/abstract.html?res=9D03EFDE103AE63BBC4951DFB766838C669FDE","date":"1877-01-21T00:03:58Z","news_desk":null},{"keywords":[{"name":"organizations","value":"NEW YORK STATE LEGISLATURE"},{"name":"subject","value":"BILLS"},{"name":"subject","value":"WOMEN'S LABOR HOURS"}],"headline":{"main":"WOMAN LABOR BILL CRUSHED.; Senate Voted Down Marshall Measure to Permit Night Work by Female Factory Hands."},"web_url":"http:\/\/query.nytimes.com\/gst\/abstract.html?res=9406EEDC1230E733A25755C2A9659C946397D6CF","date":"1902-03-26T00:00:00Z","news_desk":null},{"keywords":[],"headline":{"main":"STATE LEGISLATURES.; Female Equality in Missouri--Political Disabilities in Kansas--Impeachment of a Judge in the West Virginia Senate--A Hard Fight on Registration in the House.","kicker":"1"},"web_url":"http:\/\/query.nytimes.com\/gst\/abstract.html?res=9B07E2DB133BE63BBC4E53DFB466838B669FDE","date":"1870-02-06T00:03:58Z","news_desk":null},{"keywords":[{"name":"organizations","value":"NEW YORK STATE LEGISLATURE"},{"name":"organizations","value":"NEW YORK STATE LEGISLATURE. BILLS REGARDING NEW YORK CITY"},{"name":"organizations","value":"NEW YORK STATE LEGISLATURE"},{"name":"organizations","value":"NEW YORK STATE LEGISLATURE"},{"name":"organizations","value":"NEW YORK STATE LEGISLATURE"},{"name":"organizations","value":"NEW YORK STATE LEGISLATURE"},{"name":"organizations","value":"NEW YORK STATE LEGISLATURE"},{"name":"subject","value":"RAILROADS"},{"name":"subject","value":"INSURANCE"}],"headline":{"main":"THE STATE LEGISLATURE; FEMALE MUNICIPAL SUFFRAGE INDORSED BY THE SENATE. A BIG LIFT FOR THE FIELD CODE IN THE ASSEMBLY--THE BILL FOR THE RELIEF OF MURDERESSES."},"web_url":"http:\/\/query.nytimes.com\/gst\/abstract.html?res=9F06E3DD153FE432A25754C1A9649C94669FD7CF","date":"1887-02-17T00:00:00Z","news_desk":null},{"keywords":[{"name":"organizations","value":"UNITED STATES CONGRESS"}],"headline":{"main":"SENATE.; FEMALE SUFFRAGE. EXPENDITURES IN THE NAVY. ARMING AND EQUIPPING MILITIA. ELECTION OF PRESIDENT. THE DEFICIENCY BILL. THE NATIONAL CREDIT QUESTION. AN EXECUTIVE SESSION."},"web_url":"http:\/\/query.nytimes.com\/gst\/abstract.html?res=9E0DE5DA173EE73BBC4B52DFB467838C669FDE","date":"1877-12-13T00:03:58Z","news_desk":null}]