[{"keywords":[{"rank":"1","is_major":"N","name":"subject","value":"Longevity"},{"rank":"2","is_major":"N","name":"subject","value":"Women and Girls"},{"rank":"3","is_major":"N","name":"glocations","value":"South Korea"},{"rank":"4","is_major":"N","name":"organizations","value":"Lancet, The (Journal)"}],"headline":{"main":"Life Span of South Korean Women Is Headed Toward 90","content_kicker":"Global Health","kicker":"Global Health","print_headline":"In South Korea, Female Life Span May Hit 90"},"web_url":"http:\/\/www.nytimes.com\/2017\/02\/27\/health\/life-span-south-korea-women.html","date":"2017-02-27T17:58:08+0000","news_desk":"Science"},{"keywords":[{"name":"creative_works","value":"BOOK FREE AND FEMALE"},{"name":"creative_works","value":"BOOK THE EROTIC LIFE OF THE AMERICAN WIFE"},{"name":"creative_works","value":"BOOK THE FEMALE PLEASURE HUNT"},{"name":"creative_works","value":"NEW SEXUALITY"},{"name":"persons","value":"SEAMAN, BARBARA"},{"name":"persons","value":"GITTELSON, NATALIE"},{"name":"persons","value":"MASON, PAMELA"},{"name":"persons","value":"KENNEDY, EUGENE C"},{"name":"subject","value":"SEX"},{"name":"subject","value":"BOOK REVIEWS"},{"name":"subject","value":"BOOK REVIEWS"},{"name":"subject","value":"BOOK REVIEWS"},{"name":"subject","value":"BOOK REVIEWS"}],"headline":{"main":"The Erotic Life Of the American Wife; By Natalie Gittelson. 380 pp. New York: Delacorte Press. $7.95. Free and Female By Barbara Seaman. 288 pp. New York: Coward, McCann & Geoghegan. $6.95. The New Sexuality By Eugene C. Kennedy. 212 pp. New York: Doubleday & Co. $5.95. The Female Pleasure Hunt By Pamela Mason. 214 pp. Englewood Cliffs, N. J.: Prentice-Hall. $6.95. Female"},"web_url":"http:\/\/query.nytimes.com\/gst\/abstract.html?res=9807E1DF123AE73ABC4B52DFBE668389669EDE","date":"1972-08-13T00:00:00Z","news_desk":null},{"keywords":[{"rank":"4","is_major":"Y","value":"Sexual Harassment","name":"subject"},{"rank":"2","is_major":"N","value":"Writing and Writers","name":"subject"},{"rank":"5","is_major":"N","value":"Discrimination","name":"subject"},{"rank":"7","is_major":"N","value":"Harmon, Amy","name":"persons"},{"rank":"1","is_major":"Y","value":"Women and Girls","name":"subject"},{"rank":"8","is_major":"Y","value":"News and News Media","name":"subject"},{"rank":"6","is_major":"N","value":"Hess, Amanda","name":"persons"},{"rank":"3","is_major":"N","value":"Computers and the Internet","name":"subject"}],"headline":{"main":"Life as a Female Journalist: Hot or Not?","kicker":"Op-Ed Contributor","print_headline":"Life as a Female Journalist: Hot or Not?","content_kicker":"Op-Ed Contributor"},"web_url":"http:\/\/www.nytimes.com\/2014\/01\/20\/opinion\/life-as-a-female-journalist-hot-or-not.html","date":"2014-01-20T00:00:00Z","news_desk":"OpEd"},{"keywords":[{"name":"creative_works","value":"THE SEXUAL WILDERNESS. THE CONTEMPORARY UPHEAVAL IN MALE-FEMALE RELATIONSHIPS"},{"name":"creative_works","value":"THE NEW PEOPLE: DESEXUALIZATION IN AMERICAN LIFE"},{"name":"persons","value":"PACKARD, VANCE"},{"name":"persons","value":"WINICK, CHARLES E"},{"name":"subject","value":"BOOK REVIEWS"},{"name":"subject","value":"BOOK REVIEWS"},{"name":"subject","value":"SEX"}],"headline":{"main":"Books of The Times; It's Here to Stay -- Are We?"},"web_url":"http:\/\/query.nytimes.com\/gst\/abstract.html?res=9401E1D7103FE63ABC4E52DFBE668383679EDE","date":"1968-08-16T00:00:00Z","news_desk":null},{"keywords":[],"headline":{"main":"CURIOSITIES OF FEMALE LIFE.","kicker":"1"},"web_url":"http:\/\/query.nytimes.com\/gst\/abstract.html?res=9402E1D9153BEF34BC4153DFB566838E669FDE","date":"1875-03-09T00:03:58Z","news_desk":null},{"keywords":[{"rank":"1","is_major":"Y","value":"Egypt","name":"glocations"},{"rank":"2","is_major":"Y","value":"Muslim Brotherhood (Egypt)","name":"organizations"},{"rank":"3","is_major":"Y","value":"Women and Girls","name":"subject"},{"rank":"4","is_major":"N","value":"Muslims and Islam","name":"subject"},{"rank":"5","is_major":"N","value":"Families and Family Life","name":"subject"}],"headline":{"main":"Family Life According to the Brotherhood","print_headline":"Extolling Female Subservience, And Adding Followers in Egypt","content_kicker":"The Female Factor"},"web_url":"http:\/\/www.nytimes.com\/2012\/09\/05\/world\/middleeast\/05iht-letter05.html","date":"2012-09-05T14:20:00Z","news_desk":"Foreign"},{"keywords":[{"rank":"1","name":"persons","value":"Beal, Endia (1985- )"},{"rank":"1","name":"subject","value":"Careers and Professions"},{"rank":"2","name":"subject","value":"Minorities"},{"rank":"3","name":"subject","value":"Photography"}],"headline":{"main":"Young, Black, Female and Envisioning Corporate Life","kicker":"Lens"},"web_url":"http:\/\/lens.blogs.nytimes.com\/2015\/09\/24\/young-black-female-and-envisioning-corporate\/","date":"2015-09-24T03:00:48Z","news_desk":null},{"keywords":[{"name":"persons","value":"CASTRONOVA, EDWARD"},{"name":"organizations","value":"CALIFORNIA STATE UNIVERSITY"},{"name":"subject","value":"MEN"},{"name":"subject","value":"COMPUTER AND VIDEO GAMES"},{"name":"subject","value":"PRICES (FARES, FEES AND RATES)"},{"name":"subject","value":"WOMEN"},{"name":"subject","value":"RESEARCH"}],"headline":{"main":"In Gaming as in Life, the Undersold Female"},"web_url":"http:\/\/www.nytimes.com\/2003\/09\/04\/technology\/in-gaming-as-in-life-the-undersold-female.html","date":"2003-09-04T00:00:00Z","news_desk":"Circuits"},{"keywords":[{"name":"organizations","value":"BOWDOIN COLLEGE"},{"name":"subject","value":"DISCRIMINATION"},{"name":"subject","value":"WOMEN"},{"name":"subject","value":"FRATERNITIES AND SORORITIES"}],"headline":{"main":"CAMPUS LIFE: Bowdoin; Fraternity Members Give Female Members Equal Standing"},"web_url":"http:\/\/www.nytimes.com\/1991\/09\/29\/nyregion\/campus-life-bowdoin-fraternity-members-give-female-members-equal-standing.html","date":"1991-09-29T00:00:00Z","news_desk":"Metropolitan Desk"},{"keywords":[{"name":"glocations","value":"ENGLAND"}],"headline":{"main":"FEMALE PRISON LIFE.; THE MILLBANK PENITENTIARY IN ENGLAND."},"web_url":"http:\/\/query.nytimes.com\/gst\/abstract.html?res=9402EFDC133EE43BBC4151DFB766838E669FDE","date":"1875-01-29T00:03:58Z","news_desk":null},{"keywords":[{"name":"persons","value":"TUCKER, KARLA FAYE"},{"name":"persons","value":"BURNETT, LINDA MAY"},{"name":"subject","value":"MURDERS AND ATTEMPTED MURDERS"},{"name":"subject","value":"CAPITAL PUNISHMENT"},{"name":"subject","value":"SENTENCES (CRIMINAL)"},{"name":"subject","value":"BIOGRAPHICAL INFORMATION"}],"headline":{"main":"Female Inmate Pleads for the Life of Another"},"web_url":"http:\/\/www.nytimes.com\/1998\/01\/27\/us\/female-inmate-pleads-for-the-life-of-another.html","date":"1998-01-27T00:00:00Z","news_desk":"National Desk"},{"keywords":[{"rank":"1","is_major":"Y","name":"subject","value":"Whales and Whaling"},{"rank":"2","is_major":"Y","name":"organizations","value":"Current Biology (Journal)"},{"rank":"3","is_major":"N","name":"subject","value":"Food"},{"rank":"4","is_major":"N","name":"persons","value":"Brent, Lauren J N"}],"headline":{"main":"After Menopause, Female Killer Whales Take Lead in Finding Food","content_kicker":"Observatory","kicker":"Observatory","print_headline":"Marine Life: To Find Food, Follow the Older Female Whale"},"web_url":"http:\/\/www.nytimes.com\/2015\/03\/10\/science\/to-find-food-follow-the-older-female-whale.html","date":"2015-03-05T18:50:52+0000","news_desk":"Science"},{"keywords":[],"headline":{"main":"Female Jihadist Guide Dispels Myths of Life Under Islamic State: Thinktank","print_headline":"Female Jihadist Guide Dispels Myths of Life Under Islamic State: Thinktank"},"web_url":"http:\/\/www.nytimes.com\/reuters\/2015\/02\/05\/world\/middleeast\/05reuters-women-islamicstate.html","date":"2015-02-05T08:39:34Z","news_desk":"None"},{"keywords":[{"name":"persons","value":"CLARKE, DONALD HENDERSON"},{"name":"glocations","value":"NEW YORK CITY"},{"name":"organizations","value":"VANGUARD PRESS"},{"name":"organizations","value":"NEW YORK SOC FOR SUPPRESSION OF VICE"},{"name":"subject","value":"BOOKS AND LITERATURE"},{"name":"subject","value":"CENSORSHIP"}],"headline":{"main":"COURT CLEARS NEW BOOK.; ' Female,' Novel of Tenement Life, Not Obscene, Van Amringe Rules."},"web_url":"http:\/\/query.nytimes.com\/gst\/abstract.html?res=9A05E1DE1238E333A2575BC0A9609C946294D6CF","date":"1933-06-08T00:00:00Z","news_desk":null},{"keywords":[],"headline":{"main":"LIFE CLASS'S DANCE OF DEATH.; FEMALE ART STUDENTS HAVE FUN WITH A SKELETON.","kicker":"1"},"web_url":"http:\/\/query.nytimes.com\/gst\/abstract.html?res=9D07EEDA153AE033A25750C2A9679C94689FD7CF","date":"1889-01-23T00:00:00Z","news_desk":null},{"keywords":[{"name":"organizations","value":"UNIVERSITY OF MINNESOTA"},{"name":"subject","value":"MEN"},{"name":"subject","value":"COLLEGE ATHLETICS"},{"name":"subject","value":"WOMEN"},{"name":"subject","value":"ATHLETICS AND SPORTS"},{"name":"subject","value":"DANCING"}],"headline":{"main":"Campus Life: Minnesota;   Female Dancers Banned at Games Of Men's Teams"},"web_url":"http:\/\/www.nytimes.com\/1990\/07\/01\/style\/campus-life-minnesota-female-dancers-banned-at-games-of-men-s-teams.html","date":"1990-07-01T00:00:00Z","news_desk":"Style Desk"},{"keywords":[{"name":"organizations","value":"BARNARD COLLEGE"},{"name":"organizations","value":"COLUMBIA UNIVERSITY"},{"name":"subject","value":"BOOKS AND LITERATURE"},{"name":"subject","value":"WOMEN"}],"headline":{"main":"CAMPUS LIFE: Barnard; Student Collective Writes the Book On Being Female"},"web_url":"http:\/\/www.nytimes.com\/1992\/04\/26\/nyregion\/campus-life-barnard-student-collective-writes-the-book-on-being-female.html","date":"1992-04-26T00:00:00Z","news_desk":"Metropolitan Desk"},{"keywords":[{"rank":"1","is_major":"N","value":"Art","name":"subject"},{"rank":"2","is_major":"N","value":"Metropolitan Museum of Art","name":"organizations"},{"rank":"3","is_major":"N","value":"India","name":"glocations"}],"headline":{"seo":"\u2018Mother India\u2019 at Metropolitan Museum - Review","main":"A Life-Affirming Female Force, Ready to Rumble","kicker":"Art Review","print_headline":"A Life-Affirming Female Force, Ready to Rumble","content_kicker":"Art Review"},"web_url":"http:\/\/www.nytimes.com\/2011\/07\/08\/arts\/design\/mother-india-at-metropolitan-museum-review.html","date":"2011-07-08T00:00:00Z","news_desk":"Weekend"},{"keywords":[],"headline":{"main":"FIRE AND LOSS OF LIFE.; A Shoddy Mill Destroyed--Fifteen Female Operatives Burnt to Death."},"web_url":"http:\/\/www.nytimes.com\/1863\/08\/18\/news\/fire-loss-life-shoddy-mill-destroyed-fifteen-female-operatives-burnt-death.html","date":"1863-08-18T00:03:58Z","news_desk":null},{"keywords":[{"name":"persons","value":"KOLLS, MME. H. B."},{"name":"subject","value":"ABORTION"},{"name":"subject","value":"ABORTION"}],"headline":{"main":"MEDICAL MALPRACTICE.; A New-York Lady's Life Endangered by a Female Practioner."},"web_url":"http:\/\/query.nytimes.com\/gst\/abstract.html?res=9903E4DF173BEF34BC4852DFB2668388669FDE","date":"1873-04-10T00:03:58Z","news_desk":null}]