[{"keywords":[{"isMajor":"N","rank":1,"name":"glocations","value":"Europe"},{"isMajor":"N","rank":2,"name":"subject","value":"Politics and Government"},{"isMajor":"N","rank":3,"name":"subject","value":"Fringe Groups and Movements"},{"isMajor":"N","rank":4,"name":"subject","value":"Women and Girls"},{"isMajor":"N","rank":5,"name":"subject","value":"Elections"},{"isMajor":"N","rank":6,"name":"persons","value":"Le Pen, Marine"},{"isMajor":"N","rank":7,"name":"persons","value":"Petry, Frauke (1975- )"},{"isMajor":"N","rank":8,"name":"persons","value":"Jensen,  Siv"},{"isMajor":"N","rank":9,"name":"persons","value":"Kjaersgaard, Pia"},{"isMajor":"N","rank":10,"name":"glocations","value":"Denmark"},{"isMajor":"N","rank":11,"name":"glocations","value":"France"},{"isMajor":"N","rank":12,"name":"glocations","value":"Germany"},{"isMajor":"N","rank":13,"name":"glocations","value":"Norway"}],"headline":{"main":"On Europe\u2019s Far Right, Female Leaders Look to Female Voters","kicker":"Memo From the United Nations","print_headline":"Europe\u2019s Far Right: Female Leaders Wooing Female Voters","content_kicker":"Memo From the United Nations"},"web_url":"https:\/\/www.nytimes.com\/2017\/03\/02\/world\/europe\/political-strategy-for-europes-far-right-female-leaders-wooing-female-voters.html","date":"2017-03-02T14:30:27+0000","news_desk":"Foreign"},{"keywords":[{"rank":"1","is_major":"N","name":"subject","value":"Women and Girls"},{"rank":"2","is_major":"N","name":"subject","value":"Executives and Management"}],"headline":{"main":"Plenty of Suits and Ties at Annual Women\u2019s Business Forum","content_kicker":"Female Factor","kicker":"The Female Factor","print_headline":"Plenty of Suits and Ties at Annual Women's Business Forum"},"web_url":"http:\/\/www.nytimes.com\/2010\/10\/18\/business\/global\/18forum.html","date":"2010-10-18T00:00:00Z","news_desk":"Business"},{"keywords":[{"isMajor":"N","rank":1,"name":"subject","value":"Women and Girls"},{"isMajor":"N","rank":2,"name":"subject","value":"Voter Registration and Requirements"},{"isMajor":"N","rank":3,"name":"subject","value":"Elections"},{"isMajor":"N","rank":4,"name":"subject","value":"Politics and Government"},{"isMajor":"N","rank":5,"name":"persons","value":"Johnson Sirleaf, Ellen"},{"isMajor":"N","rank":6,"name":"persons","value":"Weah, George"},{"isMajor":"N","rank":7,"name":"persons","value":"Clinton, Hillary Rodham"},{"isMajor":"N","rank":8,"name":"glocations","value":"Liberia"}],"headline":{"main":"How Liberian Women Delivered Africa\u2019s First Female President","print_headline":"How Women Delivered Africa\u2019s First Female President"},"web_url":"https:\/\/www.nytimes.com\/2017\/03\/05\/world\/africa\/liberia-president-ellen-johnson-sirleaf-women-voters.html","date":"2017-03-05T22:32:28+0000","news_desk":"Foreign"},{"keywords":[{"rank":"1","is_major":"N","value":"Women and Girls","name":"subject"},{"rank":"2","is_major":"N","value":"Politics and Government","name":"subject"},{"rank":"3","is_major":"N","value":"Great Britain","name":"glocations"},{"rank":"4","is_major":"N","value":"Gender","name":"subject"}],"headline":{"main":"Weak Odds for Women in Britain","print_headline":"Weak Odds for Women in Britain","content_kicker":"The Female Factor"},"web_url":"http:\/\/www.nytimes.com\/2013\/03\/13\/world\/europe\/13iht-letter13.html","date":"2013-03-13T16:45:00Z","news_desk":"Foreign"},{"keywords":[{"rank":"1","is_major":"N","value":"Homeless Persons","name":"subject"},{"rank":"2","is_major":"N","value":"New Delhi (India)","name":"glocations"},{"rank":"3","is_major":"N","value":"India","name":"glocations"},{"rank":"4","is_major":"N","value":"Women and Girls","name":"subject"},{"rank":"5","is_major":"N","value":"Women's Rights","name":"subject"},{"rank":"6","is_major":"N","value":"Poverty","name":"subject"}],"headline":{"main":"Invisible Among the Uncounted","print_headline":"Invisible Among the Uncounted","content_kicker":"The Female Factor"},"web_url":"http:\/\/www.nytimes.com\/2011\/12\/07\/world\/asia\/07iht-letter07.html","date":"2011-12-07T13:20:00Z","news_desk":"Foreign"},{"keywords":[{"rank":"1","is_major":"N","value":"China","name":"glocations"},{"rank":"2","is_major":"N","value":"Art","name":"subject"},{"rank":"3","is_major":"N","value":"Women and Girls","name":"subject"},{"rank":"4","is_major":"N","value":"Museum of Modern Art","name":"organizations"}],"headline":{"main":"Bringing a Woman's Touch to Chinese Art Scene","print_headline":"Bringing a Woman's Touch to Chinese Art Scene","content_kicker":"Female Factor"},"web_url":"http:\/\/www.nytimes.com\/2011\/01\/21\/arts\/21iht-women21.html","date":"2011-01-21T00:00:00Z","news_desk":"Culture"},{"keywords":[{"rank":"1","is_major":"N","name":"glocations","value":"United States"},{"rank":"2","is_major":"N","name":"subject","value":"United States Politics and Government"},{"rank":"3","is_major":"N","name":"organizations","value":"Senate"},{"rank":"4","is_major":"N","name":"organizations","value":"House of Representatives"},{"rank":"5","is_major":"N","name":"subject","value":"Women and Girls"},{"rank":"6","is_major":"N","name":"subject","value":"Feminist Movement"},{"rank":"7","is_major":"N","name":"organizations","value":"Republican Party"},{"rank":"8","is_major":"N","name":"organizations","value":"Democratic Party"}],"headline":{"main":"The Women Who Would Be Ms. Palin","content_kicker":"The Female Factor","print_headline":"The Women Who Would Be Ms. Palin"},"web_url":"http:\/\/www.nytimes.com\/2010\/11\/24\/us\/24iht-letter.html","date":"2010-11-24T00:00:00Z","news_desk":"Foreign"},{"keywords":[{"rank":"1","is_major":"N","name":"glocations","value":"Saudi Arabia"},{"rank":"2","is_major":"N","name":"subject","value":"Women and Girls"},{"rank":"3","is_major":"N","name":"subject","value":"Islam"}],"headline":{"seo":"For Saudi Women, Biggest Challenge Is Getting to Play","main":"For Saudi Women, Biggest Challenge Is Getting to Play","content_kicker":"The Female Factor","kicker":"The Female Factor","print_headline":"Saudi Women\nAnd the Right\nTo Play Sports"},"web_url":"http:\/\/www.nytimes.com\/2010\/11\/18\/sports\/18SAUDISPORTS.html","date":"2010-11-18T00:00:00Z","news_desk":"Sports"},{"keywords":[{"rank":"1","is_major":"N","name":"glocations","value":"India"},{"rank":"2","is_major":"N","name":"subject","value":"Women and Girls"},{"rank":"3","is_major":"N","name":"subject","value":"Athletics and Sports"},{"rank":"4","is_major":"N","name":"subject","value":"Commonwealth Games"},{"rank":"5","is_major":"N","name":"subject","value":"Rural Areas"},{"rank":"6","is_major":"N","name":"subject","value":"Civil Rights and Liberties"},{"rank":"7","is_major":"N","name":"subject","value":"Economic Conditions and Trends"}],"headline":{"main":"In Sports, a Boost for Rural Indian Women","content_kicker":"The Female Factor","kicker":"The Female Factor","print_headline":"In Sports, a Boost for Rural Indian Women"},"web_url":"http:\/\/www.nytimes.com\/2010\/11\/17\/world\/asia\/17iht-letter.html","date":"2010-11-17T00:00:00Z","news_desk":"Foreign"},{"keywords":[{"rank":"1","is_major":"N","name":"glocations","value":"India"},{"rank":"2","is_major":"N","name":"subject","value":"Caste Systems"},{"rank":"3","is_major":"N","name":"subject","value":"Women and Girls"},{"rank":"4","is_major":"N","name":"organizations","value":"World Economic Forum"},{"rank":"5","is_major":"N","name":"persons","value":"Gandhi, Sonia"},{"rank":"6","is_major":"N","name":"persons","value":"Patil, Pratibha"}],"headline":{"main":"Women Spreading Political Wings With Help of India's Quota System","content_kicker":"The Female Factor","kicker":"The Female Factor","print_headline":"Women Spreading Political Wings With Help of India's Quota System"},"web_url":"http:\/\/www.nytimes.com\/2010\/04\/28\/world\/asia\/28iht-quotas.html","date":"2010-04-28T00:00:00Z","news_desk":"Foreign"},{"keywords":[{"rank":"1","is_major":"N","name":"subject","value":"Women and Girls"},{"rank":"2","is_major":"N","name":"glocations","value":"Wall Street (NYC)"},{"rank":"3","is_major":"N","name":"subject","value":"Hiring and Promotion"},{"rank":"4","is_major":"N","name":"subject","value":"Banks and Banking"},{"rank":"5","is_major":"N","name":"subject","value":"Social Conditions and Trends"},{"rank":"6","is_major":"N","name":"subject","value":"Careers and Professions"}],"headline":{"seo":"Setbacks Seen for Women on Wall Street","main":"Where Are the Women on Wall Street?","content_kicker":"The Female Factor","kicker":"The Female Factor","print_headline":"Fewer Women Betting on Wall Street Careers"},"web_url":"http:\/\/www.nytimes.com\/2010\/01\/28\/world\/28sallie.html","date":"2010-01-28T00:00:00Z","news_desk":"Business"},{"keywords":[{"rank":"1","is_major":"N","value":"Latin America","name":"glocations"},{"rank":"2","is_major":"N","value":"Women and Girls","name":"subject"},{"rank":"3","is_major":"N","value":"Women's Rights","name":"subject"},{"rank":"4","is_major":"N","value":"Politics and Government","name":"subject"},{"rank":"5","is_major":"N","value":"Cuba","name":"glocations"},{"rank":"6","is_major":"N","value":"Brazil","name":"glocations"},{"rank":"7","is_major":"N","value":"United Nations","name":"organizations"},{"rank":"8","is_major":"N","value":"Legislatures and Parliaments","name":"subject"}],"headline":{"main":"Latin America Opens Up to Equality","print_headline":"Latin America Opens Up to Equality","content_kicker":"The Female Factor"},"web_url":"http:\/\/www.nytimes.com\/2012\/05\/02\/world\/americas\/02iht-letter02.html","date":"2012-05-02T14:20:00Z","news_desk":"Foreign"},{"keywords":[{"rank":"1","is_major":"N","value":"Muslims and Islam","name":"subject"},{"rank":"2","is_major":"N","value":"France","name":"glocations"},{"rank":"3","is_major":"N","value":"Merah, Mohammed","name":"persons"},{"rank":"4","is_major":"N","value":"Discrimination","name":"subject"},{"rank":"5","is_major":"N","value":"Women and Girls","name":"subject"},{"rank":"6","is_major":"N","value":"Terrorism","name":"subject"}],"headline":{"main":"Muslims in France Waiting for the Backlash","print_headline":"Muslims in France Waiting for the Backlash","content_kicker":"The Female Factor"},"web_url":"http:\/\/www.nytimes.com\/2012\/04\/11\/world\/europe\/11iht-letter11.html","date":"2012-04-11T17:45:00Z","news_desk":"Foreign"},{"keywords":[{"rank":"1","is_major":"N","value":"Abortion","name":"subject"},{"rank":"2","is_major":"N","value":"Ireland","name":"glocations"},{"rank":"3","is_major":"N","value":"European Court of Human Rights","name":"organizations"},{"rank":"4","is_major":"N","value":"Roman Catholic Church","name":"organizations"},{"rank":"5","is_major":"N","value":"Women and Girls","name":"subject"},{"rank":"6","is_major":"N","value":"Politics and Government","name":"subject"}],"headline":{"main":"Irish Poised to Revisit Abortion Law","print_headline":"Irish Poised to Revisit Abortion Law","content_kicker":"The Female Factor"},"web_url":"http:\/\/www.nytimes.com\/2012\/02\/22\/world\/europe\/22iht-letter22.html","date":"2012-02-22T13:20:00Z","news_desk":"Foreign"},{"keywords":[{"rank":"1","is_major":"N","name":"subject","value":"Women and Girls"},{"rank":"2","is_major":"N","name":"glocations","value":"Hong Kong"},{"rank":"3","is_major":"N","name":"subject","value":"Workplace Environment"}],"headline":{"main":"Women Still Face Barriers in Hong Kong","content_kicker":"Female Factor","kicker":"Female Factor","print_headline":"Women Still Face Barriers in Hong Kong"},"web_url":"http:\/\/www.nytimes.com\/2011\/02\/22\/world\/asia\/22iht-women22.html","date":"2011-02-22T00:00:00Z","news_desk":"Foreign"},{"keywords":[{"rank":"1","is_major":"N","name":"glocations","value":"Netherlands"},{"rank":"2","is_major":"N","name":"subject","value":"Labor and Jobs"},{"rank":"3","is_major":"N","name":"subject","value":"Women and Girls"},{"rank":"4","is_major":"N","name":"subject","value":"Families and Family Life"},{"rank":"5","is_major":"N","name":"glocations","value":"Europe"}],"headline":{"main":"Working (Part-Time) in the 21st Century","content_kicker":"The Female Factor","kicker":"The Female Factor","print_headline":"Flexible Workweek Alters\nThe Rhythm of Dutch Life"},"web_url":"http:\/\/www.nytimes.com\/2010\/12\/30\/world\/europe\/30iht-dutch30.html","date":"2010-12-30T00:00:00Z","news_desk":"Foreign"},{"keywords":[{"rank":"1","is_major":"N","name":"subject","value":"Women and Girls"},{"rank":"2","is_major":"N","name":"subject","value":"Sex"},{"rank":"3","is_major":"N","name":"subject","value":"Dating and Courtship"}],"headline":{"main":"Keeping Romance Alive in the Age of Female Empowerment","content_kicker":"The Female Factor","print_headline":"Keeping Romance Alive in the Age of Female Empowerment"},"web_url":"http:\/\/www.nytimes.com\/2010\/12\/01\/world\/europe\/01iht-letter.html","date":"2010-12-01T00:00:00Z","news_desk":"Foreign"},{"keywords":[{"rank":"1","is_major":"N","value":"India","name":"glocations"},{"rank":"2","is_major":"N","value":"Human Rights Watch","name":"organizations"},{"rank":"3","is_major":"N","value":"Feminist Movement","name":"subject"},{"rank":"4","is_major":"N","value":"Mumbai (India)","name":"glocations"},{"rank":"5","is_major":"N","value":"Women and Girls","name":"subject"},{"rank":"6","is_major":"N","value":"Sex Crimes","name":"subject"}],"headline":{"main":"For Indian Rape Laws, Change Is Slow to Come","kicker":"The Female Factor","print_headline":"For Indian Rape Laws, Change Is Slow to Come","content_kicker":"The Female Factor"},"web_url":"http:\/\/www.nytimes.com\/2010\/09\/22\/world\/asia\/22iht-letter.html","date":"2010-09-22T00:00:00Z","news_desk":"Foreign"},{"keywords":[{"rank":"1","is_major":"N","value":"Sex Crimes","name":"subject"},{"rank":"2","is_major":"N","value":"Sexual Harassment","name":"subject"},{"rank":"3","is_major":"N","value":"China","name":"glocations"},{"rank":"4","is_major":"N","value":"India","name":"glocations"},{"rank":"5","is_major":"N","value":"Law and Legislation","name":"subject"},{"rank":"6","is_major":"N","value":"Women and Girls","name":"subject"},{"rank":"7","is_major":"N","value":"Women's Rights","name":"subject"}],"headline":{"main":"2 Countries, 2 Struggles for Justice","print_headline":"2 Countries, 2 Struggles for Justice","content_kicker":"Female Factor"},"web_url":"http:\/\/www.nytimes.com\/2013\/02\/27\/world\/asia\/27iht-letter27.html","date":"2013-02-27T16:45:00Z","news_desk":"Foreign"},{"keywords":[{"rank":"1","is_major":"N","value":"Sex Crimes","name":"subject"},{"rank":"2","is_major":"N","value":"Police Brutality and Misconduct","name":"subject"},{"rank":"3","is_major":"N","value":"Great Britain","name":"glocations"},{"rank":"4","is_major":"N","value":"Savile, Jimmy","name":"persons"},{"rank":"5","is_major":"N","value":"Women and Girls","name":"subject"},{"rank":"6","is_major":"N","value":"Women's Rights","name":"subject"}],"headline":{"main":"New Delhi Only Seems Far Away","print_headline":"New Delhi Only Seems Far Away","content_kicker":"The Female Factor"},"web_url":"http:\/\/www.nytimes.com\/2013\/01\/16\/world\/europe\/16iht-letter16.html","date":"2013-01-16T20:55:00Z","news_desk":"Foreign"},{"keywords":[{"name":"creative_works","value":"FEMALE OF THE SPECIES"},{"name":"creative_works","value":"FEMALE OF THE SPECIES"},{"name":"persons","value":"QUEEN, E"},{"name":"persons","value":"E QUEEN"},{"name":"subject","value":"BOOKS AND LITERATURE"},{"name":"subject","value":"REVIEWS"},{"name":"subject","value":"BOOKS AND LITERATURE"},{"name":"subject","value":"REVIEWS"}],"headline":{"main":"Books of the Times"},"web_url":"http:\/\/query.nytimes.com\/gst\/abstract.html?res=9B00E4D7173EE03BBC4951DFB1668388659EDE","date":"1943-07-21T00:00:00Z","news_desk":null},{"keywords":[{"name":"creative_works","value":"MALE AND FEMALE"},{"name":"persons","value":"MEAD, M"},{"name":"subject","value":"BOOK REVIEWS"}],"headline":{"main":"The Sexes in Differing Cultures; MALE AND FEMALE: A Study of the Sexes in a Changing World. By Margaret Mead. 477 pp. New York: William Morrow & Co. $5."},"web_url":"http:\/\/query.nytimes.com\/gst\/abstract.html?res=9904E1DF153AE53ABC4E52DFB6678382659EDE","date":"1949-10-16T00:00:00Z","news_desk":null},{"keywords":[{"name":"organizations","value":"FEMALE ATHLETE"},{"name":"subject","value":"ATHLETICS AND SPORTS"},{"name":"subject","value":"CORRECTION STORIES"}],"headline":{"main":"Corrections"},"web_url":"http:\/\/www.nytimes.com\/2000\/07\/23\/style\/c-corrections-330710.html","date":"2000-07-23T00:00:00Z","news_desk":"Style Desk"},{"keywords":[{"name":"creative_works","value":"THE FEMALE EUNUCH"},{"name":"persons","value":"GREER, GERMAINE"},{"name":"persons","value":"GREER, GERMAINE"},{"name":"subject","value":"WOMEN"},{"name":"subject","value":"BOOK REVIEWS"}],"headline":{"main":"The Female Eunuch; By Germaine Greer. 349 pp. New York: McGraw-Hill Book Company. $6.95. The Female Eunuch"},"web_url":"http:\/\/query.nytimes.com\/gst\/abstract.html?res=9907E6D71530E73BBC4D51DFB266838A669EDE","date":"1971-04-25T00:00:00Z","news_desk":null},{"keywords":[{"name":"persons","value":"YOUSEF, ROWDHA"},{"name":"glocations","value":"SAUDI ARABIA"},{"name":"subject","value":"DISCRIMINATION"},{"name":"subject","value":"WOMEN AND GIRLS"},{"name":"subject","value":"ISLAM"}],"headline":{"main":"Fighting for the Right to Have Limited Rights","kicker":"THE FEMALE FACTOR"},"web_url":"http:\/\/query.nytimes.com\/gst\/fullpage.html?res=9A01E6DB133CF931A25755C0A9669D8B63","date":"2010-06-12T00:00:00Z","news_desk":"Foreign Desk"},{"keywords":[{"name":"persons","value":"HUTTNER, JAN LISA"},{"name":"subject","value":"MOTION PICTURES"},{"name":"subject","value":"WOMEN"}],"headline":{"main":"Male Critics","kicker":"FEMALE DIRECTORS"},"web_url":"http:\/\/www.nytimes.com\/2002\/06\/30\/movies\/l-female-directors-male-critics-741914.html","date":"2002-06-30T00:00:00Z","news_desk":"Arts and Leisure Desk"},{"keywords":[{"name":"persons","value":"RICH, B RUBY"},{"name":"subject","value":"MOTION PICTURES"},{"name":"subject","value":"WOMEN"}],"headline":{"main":"Daddys' Boys","kicker":"FEMALE FILMMAKERS"},"web_url":"http:\/\/www.nytimes.com\/1999\/02\/21\/movies\/l-female-filmmakers-daddys-boys-399302.html","date":"1999-02-21T00:00:00Z","news_desk":"Arts and Leisure Desk"},{"keywords":[{"name":"glocations","value":"SWEDEN"},{"name":"subject","value":"MEN AND BOYS"},{"name":"subject","value":"LAW AND LEGISLATION"},{"name":"subject","value":"LABOR AND JOBS"},{"name":"subject","value":"FAMILY LEAVES"}],"headline":{"main":"Paternity Leave Law Helps to Redefine Masculinity in Sweden","kicker":"THE FEMALE FACTOR"},"web_url":"http:\/\/query.nytimes.com\/gst\/fullpage.html?res=9F0CE5DD1338F936A25755C0A9669D8B63","date":"2010-06-15T00:00:00Z","news_desk":"Foreign Desk"},{"keywords":[{"name":"creative_works","value":"FEMALE TROUBLE"},{"name":"subject","value":"MOTION PICTURES"},{"name":"subject","value":"REVIEWS AND OTHER DATA ON SPECIFIC PRODUCTIONS"}],"headline":{"main":"FILM VIEW; What's So Good About Bad Taste?"},"web_url":"http:\/\/query.nytimes.com\/gst\/abstract.html?res=9E04E1D91639E136A05750C2A9649C946490D6CF","date":"1975-02-23T00:00:00Z","news_desk":null},{"keywords":[{"name":"creative_works","value":"FEMALE TRANSPORT"},{"name":"subject","value":"THEATER"},{"name":"subject","value":"REVIEWS AND OTHER DATA ON SPECIFIC PRODUCTIONS"},{"name":"subject","value":"THEATER"}],"headline":{"main":"STAGE VIEW; The Danger of Sheltered Productions STAGE VIEW The Danger of Sheltered Productions"},"web_url":"http:\/\/query.nytimes.com\/gst\/abstract.html?res=9F04EEDC173DE034BC4152DFBF66838D669EDE","date":"1976-09-19T00:00:00Z","news_desk":null},{"keywords":[{"rank":"1","is_major":"N","value":"Legislatures and Parliaments","name":"subject"},{"rank":"2","is_major":"N","value":"Great Britain","name":"glocations"},{"rank":"3","is_major":"N","value":"London (England)","name":"glocations"},{"rank":"4","is_major":"N","value":"Cameron, David","name":"persons"},{"rank":"5","is_major":"N","value":"Women and Girls","name":"subject"}],"headline":{"main":"Calm Down, Dear; You\u2019re Being \u2018Butch\u2019","print_headline":"Calm Down, Dear; You're Being 'Butch'","content_kicker":"The Female Factor"},"web_url":"http:\/\/www.nytimes.com\/2012\/09\/26\/world\/europe\/26iht-letter26.html","date":"2012-09-26T14:20:00Z","news_desk":"Foreign"},{"keywords":[{"rank":"1","is_major":"N","value":"Kosovo","name":"glocations"},{"rank":"2","is_major":"N","value":"News and News Media","name":"subject"},{"rank":"3","is_major":"N","value":"Women and Girls","name":"subject"},{"rank":"4","is_major":"N","value":"Television","name":"subject"},{"rank":"5","is_major":"N","value":"Corruption (Institutional)","name":"subject"}],"headline":{"main":"Determined to Bring Out the Truth in Kosovo","print_headline":"Determined to Bring Out the Truth in Kosovo","content_kicker":"The Female Factor"},"web_url":"http:\/\/www.nytimes.com\/2011\/11\/30\/world\/europe\/30iht-letter30.html","date":"2011-11-30T16:45:00Z","news_desk":"Foreign"},{"keywords":[{"rank":"1","is_major":"N","name":"glocations","value":"Tunisia"},{"rank":"2","is_major":"N","name":"subject","value":"Women's Rights"},{"rank":"3","is_major":"N","name":"subject","value":"Middle East and North Africa Unrest (2010- )"},{"rank":"4","is_major":"N","name":"subject","value":"Muslims and Islam"},{"rank":"5","is_major":"N","name":"glocations","value":"Middle East"},{"rank":"6","is_major":"N","name":"subject","value":"Women and Girls"}],"headline":{"main":"Mixed Messages for Tunisian Women","content_kicker":"The Female Factor","print_headline":"Mixed Messages for Tunisian Women"},"web_url":"http:\/\/www.nytimes.com\/2011\/11\/21\/world\/middleeast\/mixed-messages-for-tunisian-women.html","date":"2011-11-21T00:00:00Z","news_desk":"Foreign"},{"keywords":[{"rank":"1","is_major":"N","name":"subject","value":"Women and Girls"},{"rank":"2","is_major":"N","name":"subject","value":"Sex Crimes"},{"rank":"3","is_major":"N","name":"subject","value":"Sexual Harassment"},{"rank":"4","is_major":"N","name":"persons","value":"Strauss-Kahn, Dominique"},{"rank":"5","is_major":"N","name":"glocations","value":"France"}],"headline":{"main":"A Change in French Sexual Views","content_kicker":"The Female Factor","print_headline":"A Change in French Sexual Views"},"web_url":"http:\/\/www.nytimes.com\/2011\/06\/01\/world\/europe\/01iht-letter01.html","date":"2011-06-01T17:45:00Z","news_desk":"Foreign"},{"keywords":[{"rank":"1","is_major":"N","name":"persons","value":"Berlusconi, Silvio"},{"rank":"2","is_major":"N","name":"subject","value":"Women and Girls"},{"rank":"3","is_major":"N","name":"glocations","value":"Italy"},{"rank":"4","is_major":"N","name":"subject","value":"Sex"}],"headline":{"seo":"Berlusconi Sex Scandals Fuel Anger of Italian Women","main":"Sex Scandals in Italy Fuel Discontent of Women","content_kicker":"Female Factor","print_headline":"Sex Scandals In Italy Fuel Discontent Of Women"},"web_url":"http:\/\/www.nytimes.com\/2011\/02\/03\/world\/europe\/03italy.html","date":"2011-02-03T00:00:00Z","news_desk":"Foreign"},{"keywords":[{"rank":"1","is_major":"N","name":"subject","value":"Women and Girls"},{"rank":"2","is_major":"N","name":"subject","value":"Philanthropy"},{"rank":"3","is_major":"N","name":"subject","value":"Freedom and Human Rights"},{"rank":"4","is_major":"N","name":"subject","value":"Feminist Movement"}],"headline":{"main":"Reaching a Sisterhood of the Needy","content_kicker":"The Female Factor","print_headline":"Reaching a Sisterhood of the Needy"},"web_url":"http:\/\/www.nytimes.com\/2010\/06\/30\/us\/30iht-letter.html","date":"2010-06-30T00:00:00Z","news_desk":"Foreign"},{"keywords":[{"rank":"1","is_major":"N","name":"subject","value":"Women and Girls"},{"rank":"2","is_major":"N","name":"subject","value":"Careers and Professions"},{"rank":"3","is_major":"N","name":"subject","value":"Social Conditions and Trends"},{"rank":"4","is_major":"N","name":"glocations","value":"Liberia"},{"rank":"5","is_major":"N","name":"glocations","value":"Nigeria"},{"rank":"6","is_major":"N","name":"organizations","value":"United Nations"},{"rank":"7","is_major":"N","name":"glocations","value":"India"},{"rank":"8","is_major":"N","name":"organizations","value":"United Nations Department of Peacekeeping Operations"}],"headline":{"main":"A Female Approach to Peacekeeping","content_kicker":"The Female Factor","print_headline":"Women Put Own Stamp On Mission In Liberia"},"web_url":"http:\/\/www.nytimes.com\/2010\/03\/06\/world\/africa\/06iht-ffpeace.html","date":"2010-03-06T00:00:00Z","news_desk":"Foreign"},{"keywords":[{"rank":"1","is_major":"N","name":"glocations","value":"Bulgaria"},{"rank":"2","is_major":"N","name":"subject","value":"Politics and Government"},{"rank":"3","is_major":"N","name":"subject","value":"Social Conditions and Trends"},{"rank":"4","is_major":"N","name":"subject","value":"Women and Girls"},{"rank":"5","is_major":"N","name":"glocations","value":"Sofia (Bulgaria)"},{"rank":"6","is_major":"N","name":"subject","value":"Sociology"},{"rank":"7","is_major":"N","name":"subject","value":"Careers and Professions"}],"headline":{"main":"Women\u2019s Influence Grows in Bulgarian Public Life","content_kicker":"The Female Factor","print_headline":"Women Achieving Influence in Bulgarian Public Life"},"web_url":"http:\/\/www.nytimes.com\/2010\/02\/08\/world\/europe\/08iht-bulgwomen.html","date":"2010-02-08T00:00:00Z","news_desk":"Foreign"},{"keywords":[{"rank":"1","is_major":"N","value":"China","name":"glocations"},{"rank":"2","is_major":"N","value":"Women and Girls","name":"subject"},{"rank":"3","is_major":"N","value":"Marriages","name":"subject"}],"headline":{"main":"Rejecting the 'Leftover Women' Label","print_headline":"Rejecting the 'Leftover Women' Label","content_kicker":"The Female Factor"},"web_url":"http:\/\/www.nytimes.com\/2013\/04\/24\/world\/asia\/24iht-letter24.html","date":"2013-04-24T17:45:00Z","news_desk":"Foreign"},{"keywords":[{"rank":"1","is_major":"N","value":"Turkey","name":"glocations"},{"rank":"2","is_major":"N","value":"Istanbul (Turkey)","name":"glocations"},{"rank":"3","is_major":"N","value":"Germany","name":"glocations"},{"rank":"4","is_major":"N","value":"Scarves","name":"subject"},{"rank":"5","is_major":"N","value":"Women and Girls","name":"subject"},{"rank":"6","is_major":"N","value":"Fashion and Apparel","name":"subject"}],"headline":{"main":"Bridging Cultures and Finding Self","print_headline":"Bridging Cultures and Finding Self","content_kicker":"The Female Factor"},"web_url":"http:\/\/www.nytimes.com\/2012\/06\/06\/world\/europe\/06iht-letter06.html","date":"2012-06-06T14:20:00Z","news_desk":"Foreign"},{"keywords":[{"rank":"1","is_major":"N","value":"Gillibrand, Kirsten E","name":"persons"},{"rank":"2","is_major":"N","value":"United States Politics and Government","name":"subject"},{"rank":"3","is_major":"N","value":"Women and Girls","name":"subject"},{"rank":"4","is_major":"N","value":"Senate","name":"organizations"},{"rank":"5","is_major":"N","value":"House of Representatives","name":"organizations"}],"headline":{"main":"A Senator Looks for More Women in Office","print_headline":"A Senator Looks for More Women in Office","content_kicker":"The Female Factor"},"web_url":"http:\/\/www.nytimes.com\/2011\/07\/20\/us\/20iht-letter20.html","date":"2011-07-20T14:30:00Z","news_desk":"Foreign"},{"keywords":[{"rank":"1","is_major":"N","value":"Pakistan","name":"glocations"},{"rank":"2","is_major":"N","value":"Afghanistan","name":"glocations"},{"rank":"3","is_major":"N","value":"Refugees and Displaced Persons","name":"subject"},{"rank":"4","is_major":"N","value":"Women and Girls","name":"subject"},{"rank":"5","is_major":"N","value":"Pashtun (Ethnic Group)","name":"subject"}],"headline":{"main":"Pakistani Women Move Beyond Traditional Roles","print_headline":"Pakistani Women Move Beyond Traditional Roles","content_kicker":"The Female Factor"},"web_url":"http:\/\/www.nytimes.com\/2011\/03\/09\/world\/asia\/09iht-letter09.html","date":"2011-03-09T13:30:00Z","news_desk":"Foreign"},{"keywords":[{"rank":"1","is_major":"N","name":"subject","value":"Women and Girls"},{"rank":"2","is_major":"N","name":"glocations","value":"China"},{"rank":"3","is_major":"N","name":"subject","value":"Executives and Management"},{"rank":"4","is_major":"N","name":"subject","value":"Factories and Manufacturing"},{"rank":"5","is_major":"N","name":"subject","value":"Sales"}],"headline":{"main":"Setting the Pace With Toughness","content_kicker":"The Female Factor","print_headline":"Setting the Pace With Toughness"},"web_url":"http:\/\/www.nytimes.com\/2011\/01\/27\/world\/asia\/27iht-dong27.html","date":"2011-01-27T00:00:00Z","news_desk":"Foreign"},{"keywords":[{"value":"Homosexuality","is_major":"N","rank":"1","name":"subject"},{"value":"Civil Rights and Liberties","is_major":"N","rank":"2","name":"subject"},{"value":"India","is_major":"N","rank":"3","name":"glocations"},{"value":"Same-Sex Marriage, Civil Unions and Domestic Partnerships","is_major":"N","rank":"4","name":"subject"},{"value":"Women and Girls","is_major":"N","rank":"5","name":"subject"}],"headline":{"main":"Gay Women Face Double the Pressure in India","print_headline":"Gay Women Face Double the Pressure in India","content_kicker":"The Female Factor"},"web_url":"http:\/\/www.nytimes.com\/2010\/10\/20\/world\/asia\/20iht-letter.html","date":"2010-10-20T00:00:00Z","news_desk":"Foreign"},{"keywords":[{"rank":"1","is_major":"N","name":"subject","value":"Women and Girls"},{"rank":"2","is_major":"N","name":"subject","value":"Civil Rights and Liberties"},{"rank":"3","is_major":"N","name":"subject","value":"Freedom and Human Rights"},{"rank":"4","is_major":"N","name":"subject","value":"Feminist Movement"},{"rank":"5","is_major":"N","name":"subject","value":"Surveys and Series"}],"headline":{"main":"Equal Rights for Women? Survey Says: Yes, but ...","content_kicker":"The Female Factor","kicker":"The Female Factor","print_headline":"Equal Rights for Women? Survey Says: Yes, but . . ."},"web_url":"http:\/\/www.nytimes.com\/2010\/07\/01\/world\/01iht-poll.html","date":"2010-07-01T00:00:00Z","news_desk":"Foreign"},{"keywords":[{"rank":"1","is_major":"N","name":"persons","value":"Johnson Sirleaf, Ellen"},{"rank":"2","is_major":"N","name":"glocations","value":"Liberia"},{"rank":"3","is_major":"N","name":"subject","value":"Women and Girls"},{"rank":"4","is_major":"N","name":"subject","value":"Social Conditions and Trends"},{"rank":"5","is_major":"N","name":"subject","value":"Careers and Professions"}],"headline":{"main":"The Nation Full of Strong Women","content_kicker":"The Female Factor","print_headline":"The Nation Full of Strong Women"},"web_url":"http:\/\/www.nytimes.com\/2010\/03\/06\/world\/africa\/06iht-ffellen.html","date":"2010-03-06T00:00:00Z","news_desk":"Foreign"},{"keywords":[{"rank":"1","is_major":"N","name":"subject","value":"Women and Girls"},{"rank":"2","is_major":"N","name":"subject","value":"Social Conditions and Trends"},{"rank":"3","is_major":"N","name":"subject","value":"Careers and Professions"},{"rank":"4","is_major":"N","name":"glocations","value":"Afghanistan"},{"rank":"5","is_major":"N","name":"organizations","value":"Defense Department"},{"rank":"6","is_major":"N","name":"subject","value":"Entrepreneurship"},{"rank":"7","is_major":"N","name":"subject","value":"Private Military Contractors"}],"headline":{"main":"U.S. Military Experiments With Empowering Afghan Businesswomen","content_kicker":"The Female Factor","print_headline":"U.S. Military Experiments With Empowering Afghan Businesswomen"},"web_url":"http:\/\/www.nytimes.com\/2010\/01\/30\/world\/asia\/30iht-afwomen.html","date":"2010-01-30T00:00:00Z","news_desk":"Business"},{"keywords":[{"rank":"1","is_major":"N","value":"Women's Rights","name":"subject"},{"rank":"2","is_major":"N","value":"Women and Girls","name":"subject"},{"rank":"3","is_major":"N","value":"Great Britain","name":"glocations"},{"rank":"4","is_major":"N","value":"British Broadcasting Corp","name":"organizations"}],"headline":{"main":"Drawing on the Suffragettes' Legacy","print_headline":"Drawing on the Suffragettes' Legacy","content_kicker":"The Female Factor"},"web_url":"http:\/\/www.nytimes.com\/2013\/06\/12\/world\/europe\/12iht-letter12.html","date":"2013-06-12T20:55:00Z","news_desk":"Foreign"},{"keywords":[{"rank":"1","is_major":"N","value":"Women and Girls","name":"subject"},{"rank":"2","is_major":"N","value":"Abortion","name":"subject"},{"rank":"3","is_major":"N","value":"England","name":"glocations"},{"rank":"4","is_major":"N","value":"Cameron, David","name":"persons"}],"headline":{"main":"British Conservatives Play the Abortion Card","print_headline":"British Conservatives Play the Abortion Card","content_kicker":"The Female Factor"},"web_url":"http:\/\/www.nytimes.com\/2012\/10\/24\/world\/europe\/24iht-letter24.html","date":"2012-10-24T14:20:00Z","news_desk":"Foreign"},{"keywords":[{"rank":"1","is_major":"N","value":"Women and Girls","name":"subject"},{"rank":"2","is_major":"N","value":"Religion and Belief","name":"subject"},{"rank":"3","is_major":"N","value":"Muslims and Islam","name":"subject"},{"rank":"4","is_major":"N","value":"China","name":"glocations"},{"rank":"5","is_major":"N","value":"Terrorism","name":"subject"}],"headline":{"main":"A Model of Inclusion for Muslim Women","print_headline":"A Model of Inclusion for Muslim Women","content_kicker":"Female Factor"},"web_url":"http:\/\/www.nytimes.com\/2012\/10\/10\/world\/asia\/10iht-letter10.html","date":"2012-10-10T14:20:00Z","news_desk":"Foreign"},{"keywords":[{"rank":"1","is_major":"N","value":"Europe","name":"glocations"},{"rank":"2","is_major":"N","value":"European Commission","name":"organizations"},{"rank":"3","is_major":"N","value":"Women and Girls","name":"subject"},{"rank":"4","is_major":"N","value":"European Union","name":"organizations"},{"rank":"5","is_major":"N","value":"Women's Rights","name":"subject"},{"rank":"6","is_major":"N","value":"Boards of Directors","name":"subject"}],"headline":{"seo":"European Commission Official Fights for Women in the Boardroom","main":"European Commission Official Fights for Women in the Boardroom","kicker":"The Female Factor","print_headline":"Fighting for Women in the Boardroom","content_kicker":"The Female Factor"},"web_url":"http:\/\/www.nytimes.com\/2012\/10\/11\/world\/europe\/european-commission-official-fights-for-women-in-the-boardroom.html","date":"2012-10-11T00:00:00Z","news_desk":"Foreign"},{"keywords":[{"rank":"1","is_major":"N","value":"Romney, Mitt","name":"persons"},{"rank":"2","is_major":"N","value":"Ryan, Paul D Jr","name":"persons"},{"rank":"3","is_major":"N","value":"Presidential Elections (US)","name":"subject"},{"rank":"4","is_major":"N","value":"Republican Party","name":"organizations"},{"rank":"5","is_major":"N","value":"Democratic Party","name":"organizations"},{"rank":"6","is_major":"N","value":"Women's Rights","name":"subject"},{"rank":"7","is_major":"N","value":"Abortion","name":"subject"},{"rank":"8","is_major":"N","value":"Women and Girls","name":"subject"}],"headline":{"main":"For Women, It's Not Just About the Economy","print_headline":"For Women, It's Not Just About the Economy","content_kicker":"The Female Factor"},"web_url":"http:\/\/www.nytimes.com\/2012\/08\/22\/us\/22iht-letter22.html","date":"2012-08-22T14:00:00Z","news_desk":"Foreign"},{"keywords":[{"rank":"1","is_major":"N","value":"Malaysia","name":"glocations"},{"rank":"2","is_major":"N","value":"Women and Girls","name":"subject"},{"rank":"3","is_major":"N","value":"Politics and Government","name":"subject"},{"rank":"4","is_major":"N","value":"Human Rights and Human Rights Violations","name":"subject"},{"rank":"5","is_major":"N","value":"Sexual Harassment","name":"subject"}],"headline":{"main":"Halls of Power Narrow for Malaysian Women","kicker":"The Female Factor","print_headline":"Halls of Power Narrow for Malaysian Women","content_kicker":"The Female Factor"},"web_url":"http:\/\/www.nytimes.com\/2011\/08\/29\/world\/asia\/29iht-malay29.html","date":"2011-08-29T00:00:00Z","news_desk":"Foreign"},{"keywords":[{"rank":"1","is_major":"N","value":"India","name":"glocations"},{"rank":"2","is_major":"N","value":"Blogs and Blogging (Internet)","name":"subject"},{"rank":"3","is_major":"N","value":"Computers and the Internet","name":"subject"},{"rank":"4","is_major":"N","value":"Women and Girls","name":"subject"},{"rank":"5","is_major":"N","value":"Language and Languages","name":"subject"}],"headline":{"main":"Indian Women Bloggers Find Their Voice, in Their Own Language","print_headline":"Indian Women Bloggers Find Their Voice, in Their Own Language","content_kicker":"The Female Factor"},"web_url":"http:\/\/www.nytimes.com\/2011\/08\/10\/world\/asia\/10iht-letter10.html","date":"2011-08-10T14:30:00Z","news_desk":"Foreign"},{"keywords":[{"rank":"1","is_major":"N","value":"India","name":"glocations"},{"rank":"2","is_major":"N","value":"Women and Girls","name":"subject"},{"rank":"3","is_major":"N","value":"Domestic Service","name":"subject"},{"rank":"4","is_major":"N","value":"Labor and Jobs","name":"subject"},{"rank":"5","is_major":"N","value":"Minimum Wage","name":"subject"}],"headline":{"main":"In India, Maids Need Protection and Respect","print_headline":"In India, Maids Need Protection and Respect","content_kicker":"The Female Factor"},"web_url":"http:\/\/www.nytimes.com\/2011\/07\/13\/world\/asia\/13iht-letter13.html","date":"2011-07-13T14:30:00Z","news_desk":"Foreign"},{"keywords":[{"rank":"1","is_major":"N","name":"subject","value":"Women and Girls"},{"rank":"2","is_major":"N","name":"subject","value":"Colleges and Universities"},{"rank":"3","is_major":"N","name":"subject","value":"Corporations"},{"rank":"4","is_major":"N","name":"subject","value":"Feminist Movement"},{"rank":"5","is_major":"N","name":"subject","value":"Building (Construction)"}],"headline":{"main":"The Codes That Need to Be Broken","content_kicker":"The Female Factor","print_headline":"The Codes That Need to Be Broken"},"web_url":"http:\/\/www.nytimes.com\/2011\/01\/27\/world\/27iht-rules27.html","date":"2011-01-27T00:00:00Z","news_desk":"Foreign"},{"keywords":[{"rank":"1","is_major":"N","name":"subject","value":"Women and Girls"},{"rank":"2","is_major":"N","name":"subject","value":"Defense and Military Forces"},{"rank":"3","is_major":"N","name":"subject","value":"International Relations"},{"rank":"4","is_major":"N","name":"organizations","value":"North Atlantic Treaty Organization"},{"rank":"5","is_major":"N","name":"organizations","value":"United Nations"}],"headline":{"main":"Waging War and Peace With Women","content_kicker":"The Female Factor","print_headline":"Waging War and Peace With Women"},"web_url":"http:\/\/www.nytimes.com\/2010\/11\/03\/world\/europe\/03iht-letter.html","date":"2010-11-03T00:00:00Z","news_desk":"Foreign"},{"keywords":[{"rank":"1","is_major":"N","name":"subject","value":"Women and Girls"},{"rank":"2","is_major":"N","name":"subject","value":"Social Conditions and Trends"},{"rank":"3","is_major":"N","name":"subject","value":"Science and Technology"},{"rank":"4","is_major":"N","name":"subject","value":"Careers and Professions"}],"headline":{"main":"After Harvard Controversy, Conditions Change but Reputation Lingers","content_kicker":"The Female Factor","print_headline":"After Harvard Controversy, Conditions Change but Reputation Lingers"},"web_url":"http:\/\/www.nytimes.com\/2010\/03\/06\/education\/06iht-ffharvard.html","date":"2010-03-06T00:00:00Z","news_desk":"Foreign"},{"keywords":[{"rank":"1","is_major":"N","name":"glocations","value":"India"},{"rank":"2","is_major":"N","name":"subject","value":"Women and Girls"},{"rank":"3","is_major":"N","name":"subject","value":"Banks and Banking"},{"rank":"4","is_major":"N","name":"subject","value":"Investment Banking"},{"rank":"5","is_major":"N","name":"subject","value":"Social Conditions and Trends"},{"rank":"6","is_major":"N","name":"subject","value":"Careers and Professions"}],"headline":{"main":"Female Bankers in India Earn Chances to Rule","content_kicker":"The Female Factor","print_headline":"Female Bankers in India Earn Opportunities to Rule"},"web_url":"http:\/\/www.nytimes.com\/2010\/01\/28\/world\/asia\/28iht-windia.html","date":"2010-01-28T00:00:00Z","news_desk":"Foreign"},{"keywords":[{"rank":"1","is_major":"N","value":"Women's Rights","name":"subject"},{"rank":"2","is_major":"N","value":"Women and Girls","name":"subject"},{"rank":"3","is_major":"N","value":"Great Britain","name":"glocations"},{"rank":"4","is_major":"N","value":"British Broadcasting Corp","name":"organizations"}],"headline":{"main":"Drawing on the Suffragettes' Legacy","print_headline":"Drawing on the Suffragettes' Legacy","content_kicker":"The Female Factor"},"web_url":"http:\/\/www.nytimes.com\/2013\/06\/12\/world\/europe\/12iht-letter12.html","date":"2013-06-12T20:55:00Z","news_desk":"Foreign"},{"keywords":[{"name":"persons","value":"MALHAS, DALMA"},{"name":"glocations","value":"SAUDI ARABIA"},{"name":"subject","value":"DISCRIMINATION"},{"name":"subject","value":"WOMEN AND GIRLS"},{"name":"subject","value":"YOUTH OLYMPICS"}],"headline":{"main":"Saudi Women And the Right To Play Sports","kicker":"THE FEMALE FACTOR"},"web_url":"http:\/\/query.nytimes.com\/gst\/fullpage.html?res=9B0CE2D6173AF933A15752C1A9669D8B63","date":"2010-11-20T00:00:00Z","news_desk":"Sports Desk"},{"keywords":[{"name":"persons","value":"LIVINGSTON, JENNIE"},{"name":"subject","value":"MOTION PICTURES"},{"name":"subject","value":"FINANCES"},{"name":"subject","value":"WOMEN"}],"headline":{"main":"A Sexist System","kicker":"FEMALE FILMAKERS"},"web_url":"http:\/\/www.nytimes.com\/1999\/02\/14\/movies\/l-female-filmakers-a-sexist-system-310808.html","date":"1999-02-14T00:00:00Z","news_desk":"Arts and Leisure Desk"},{"keywords":[{"name":"glocations","value":"BAHRAIN"},{"name":"glocations","value":"MANAMA (BAHRAIN)"},{"name":"subject","value":"DEMONSTRATIONS, PROTESTS, AND RIOTS"}],"headline":{"main":"Losing Faith With Protesters in Bahrain","kicker":"THE FEMALE FACTOR"},"web_url":"http:\/\/www.nytimes.com\/2012\/05\/09\/world\/middleeast\/09iht-letter09.html","date":"2012-05-08T00:00:00Z","news_desk":"World \/ Middle East"},{"keywords":[{"name":"persons","value":"BENNETT, SUZANNE"},{"name":"persons","value":"JONAS, SUSAN"},{"name":"organizations","value":"WOMEN'S PROJECT"},{"name":"subject","value":"WOMEN"},{"name":"subject","value":"COMPUTERS AND THE INTERNET"},{"name":"subject","value":"THEATER"}],"headline":{"main":"Report on Women","kicker":"FEMALE PLAYWRIGHTS"},"web_url":"http:\/\/www.nytimes.com\/2003\/03\/23\/theater\/l-female-playwrights-report-on-women-864633.html","date":"2003-03-23T00:00:00Z","news_desk":"Arts and Leisure Desk"},{"keywords":[{"rank":"1","is_major":"N","value":"Women and Girls","name":"subject"},{"rank":"2","is_major":"N","value":"Politics and Government","name":"subject"},{"rank":"3","is_major":"N","value":"Great Britain","name":"glocations"},{"rank":"4","is_major":"N","value":"Gender","name":"subject"}],"headline":{"main":"Weak Odds for Women in Britain","print_headline":"Weak Odds for Women in Britain","content_kicker":"The Female Factor"},"web_url":"http:\/\/www.nytimes.com\/2013\/03\/13\/world\/europe\/13iht-letter13.html","date":"2013-03-13T16:45:00Z","news_desk":"Foreign"},{"keywords":[{"rank":"1","is_major":"N","value":"Homeless Persons","name":"subject"},{"rank":"2","is_major":"N","value":"New Delhi (India)","name":"glocations"},{"rank":"3","is_major":"N","value":"India","name":"glocations"},{"rank":"4","is_major":"N","value":"Women and Girls","name":"subject"},{"rank":"5","is_major":"N","value":"Women's Rights","name":"subject"},{"rank":"6","is_major":"N","value":"Poverty","name":"subject"}],"headline":{"main":"Invisible Among the Uncounted","print_headline":"Invisible Among the Uncounted","content_kicker":"The Female Factor"},"web_url":"http:\/\/www.nytimes.com\/2011\/12\/07\/world\/asia\/07iht-letter07.html","date":"2011-12-07T13:20:00Z","news_desk":"Foreign"},{"keywords":[{"rank":"1","is_major":"N","value":"China","name":"glocations"},{"rank":"2","is_major":"N","value":"Art","name":"subject"},{"rank":"3","is_major":"N","value":"Women and Girls","name":"subject"},{"rank":"4","is_major":"N","value":"Museum of Modern Art","name":"organizations"}],"headline":{"main":"Bringing a Woman's Touch to Chinese Art Scene","print_headline":"Bringing a Woman's Touch to Chinese Art Scene","content_kicker":"Female Factor"},"web_url":"http:\/\/www.nytimes.com\/2011\/01\/21\/arts\/21iht-women21.html","date":"2011-01-21T00:00:00Z","news_desk":"Culture"},{"keywords":[{"rank":"1","is_major":"N","name":"glocations","value":"United States"},{"rank":"2","is_major":"N","name":"subject","value":"United States Politics and Government"},{"rank":"3","is_major":"N","name":"organizations","value":"Senate"},{"rank":"4","is_major":"N","name":"organizations","value":"House of Representatives"},{"rank":"5","is_major":"N","name":"subject","value":"Women and Girls"},{"rank":"6","is_major":"N","name":"subject","value":"Feminist Movement"},{"rank":"7","is_major":"N","name":"organizations","value":"Republican Party"},{"rank":"8","is_major":"N","name":"organizations","value":"Democratic Party"}],"headline":{"main":"The Women Who Would Be Ms. Palin","content_kicker":"The Female Factor","print_headline":"The Women Who Would Be Ms. Palin"},"web_url":"http:\/\/www.nytimes.com\/2010\/11\/24\/us\/24iht-letter.html","date":"2010-11-24T00:00:00Z","news_desk":"Foreign"},{"keywords":[{"rank":"1","is_major":"N","name":"glocations","value":"Saudi Arabia"},{"rank":"2","is_major":"N","name":"subject","value":"Women and Girls"},{"rank":"3","is_major":"N","name":"subject","value":"Islam"}],"headline":{"seo":"For Saudi Women, Biggest Challenge Is Getting to Play","main":"For Saudi Women, Biggest Challenge Is Getting to Play","content_kicker":"The Female Factor","kicker":"The Female Factor","print_headline":"Saudi Women\nAnd the Right\nTo Play Sports"},"web_url":"http:\/\/www.nytimes.com\/2010\/11\/18\/sports\/18SAUDISPORTS.html","date":"2010-11-18T00:00:00Z","news_desk":"Sports"},{"keywords":[{"rank":"1","is_major":"N","name":"glocations","value":"India"},{"rank":"2","is_major":"N","name":"subject","value":"Women and Girls"},{"rank":"3","is_major":"N","name":"subject","value":"Athletics and Sports"},{"rank":"4","is_major":"N","name":"subject","value":"Commonwealth Games"},{"rank":"5","is_major":"N","name":"subject","value":"Rural Areas"},{"rank":"6","is_major":"N","name":"subject","value":"Civil Rights and Liberties"},{"rank":"7","is_major":"N","name":"subject","value":"Economic Conditions and Trends"}],"headline":{"main":"In Sports, a Boost for Rural Indian Women","content_kicker":"The Female Factor","kicker":"The Female Factor","print_headline":"In Sports, a Boost for Rural Indian Women"},"web_url":"http:\/\/www.nytimes.com\/2010\/11\/17\/world\/asia\/17iht-letter.html","date":"2010-11-17T00:00:00Z","news_desk":"Foreign"},{"keywords":[{"rank":"1","is_major":"N","value":"Tunisia","name":"glocations"},{"rank":"2","is_major":"N","value":"Islam","name":"subject"},{"rank":"3","is_major":"N","value":"Women and Girls","name":"subject"},{"rank":"4","is_major":"N","value":"Civil Rights and Liberties","name":"subject"},{"rank":"5","is_major":"N","value":"Education","name":"subject"},{"rank":"6","is_major":"N","value":"Demonstrations, Protests, and Riots","name":"subject"},{"rank":"7","is_major":"N","value":"Arabs","name":"subject"}],"headline":{"main":"Women's Rights a Strong Point in Tunisia","print_headline":"Women's Rights a Strong Point in Tunisia","content_kicker":"The Female Factor"},"web_url":"http:\/\/www.nytimes.com\/2011\/02\/23\/world\/middleeast\/23iht-letter23.html","date":"2011-02-23T00:00:00Z","news_desk":"Foreign"},{"keywords":[{"rank":"1","is_major":"N","name":"subject","value":"Women and Girls"},{"rank":"2","is_major":"N","name":"subject","value":"Small Business"},{"rank":"3","is_major":"N","name":"glocations","value":"Afghanistan"}],"headline":{"main":"Women Help Each Other Start Businesses in Afghanistan","content_kicker":"The Female Factor","kicker":"The Female Factor","print_headline":"Women Help Each Other Start Businesses in Afghanistan"},"web_url":"http:\/\/www.nytimes.com\/2011\/01\/29\/business\/global\/29iht-afbiz29.html","date":"2011-01-29T00:00:00Z","news_desk":"Business"},{"keywords":[{"value":"Yemen","is_major":"N","rank":"1","name":"glocations"},{"value":"Women and Girls","is_major":"N","rank":"2","name":"subject"},{"value":"Saleh, Ali Abdullah","is_major":"N","rank":"3","name":"persons"},{"value":"Terrorism","is_major":"N","rank":"4","name":"subject"},{"value":"United Parcel Service Inc","is_major":"N","rank":"5","name":"organizations"}],"headline":{"main":"In Yemen, Cultural Propriety Poses a Security Challenge","print_headline":"In Yemen, Cultural Propriety Poses a Security Challenge","content_kicker":"The Female Factor"},"web_url":"http:\/\/www.nytimes.com\/2010\/11\/10\/world\/middleeast\/10iht-letter.html","date":"2010-11-10T00:00:00Z","news_desk":"Foreign"},{"keywords":[{"value":"Egypt","is_major":"N","rank":"1","name":"glocations"},{"value":"Cairo (Egypt)","is_major":"N","rank":"2","name":"glocations"},{"value":"Women and Girls","is_major":"N","rank":"3","name":"subject"},{"value":"Arabs","is_major":"N","rank":"4","name":"subject"},{"value":"Dubai (United Arab Emirates)","is_major":"N","rank":"5","name":"glocations"}],"headline":{"main":"For Egyptians, Lebanese Pop Star's Murder Was Her Own Fault","print_headline":"For Egyptians, Lebanese Pop Star's Murder Was Her Own Fault","content_kicker":"The Female Factor"},"web_url":"http:\/\/www.nytimes.com\/2010\/10\/13\/world\/middleeast\/13iht-letter.html","date":"2010-10-13T00:00:00Z","news_desk":"Foreign"},{"keywords":[{"rank":"1","is_major":"N","value":"Women and Girls","name":"subject"},{"rank":"2","is_major":"N","value":"India","name":"glocations"},{"rank":"3","is_major":"N","value":"Water","name":"subject"},{"rank":"4","is_major":"N","value":"Infrastructure (Public Works)","name":"subject"}],"headline":{"main":"Leading a Push for Clean Water","print_headline":"Leading a Push for Clean Water","content_kicker":"The Female Factor"},"web_url":"http:\/\/www.nytimes.com\/2013\/05\/22\/world\/asia\/22iht-letter22.html","date":"2013-05-22T14:00:00Z","news_desk":"Foreign"},{"keywords":[{"rank":"1","is_major":"N","value":"China","name":"glocations"},{"rank":"2","is_major":"N","value":"International Relations","name":"subject"},{"rank":"3","is_major":"N","value":"Women and Girls","name":"subject"},{"rank":"4","is_major":"N","value":"Gender","name":"subject"},{"rank":"5","is_major":"N","value":"Xi Jinping","name":"persons"},{"rank":"6","is_major":"N","value":"Sarkozy, Nicolas","name":"persons"},{"rank":"7","is_major":"N","value":"Sarkozy, Carla","name":"persons"},{"rank":"8","is_major":"N","value":"Tanzania","name":"glocations"},{"rank":"9","is_major":"N","value":"Russia","name":"glocations"},{"rank":"10","is_major":"N","value":"Diplomatic Service, Embassies and Consulates","name":"subject"}],"headline":{"main":"Ironic Encore for a Beloved Entertainer","print_headline":"Ironic Encore for a Beloved Entertainer","content_kicker":"The Female Factor"},"web_url":"http:\/\/www.nytimes.com\/2013\/03\/27\/world\/asia\/27iht-letter27.html","date":"2013-03-27T13:00:00Z","news_desk":"Foreign"},{"keywords":[{"rank":"1","is_major":"N","value":"China","name":"glocations"},{"rank":"2","is_major":"N","value":"Prisons and Prisoners","name":"subject"},{"rank":"3","is_major":"N","value":"Women and Girls","name":"subject"},{"rank":"4","is_major":"N","value":"Pregnancy and Childbirth","name":"subject"}],"headline":{"main":"Women in Prison Fare Better in China","print_headline":"Women in Prison Fare Better in China","content_kicker":"The Female Factor"},"web_url":"http:\/\/www.nytimes.com\/2012\/09\/12\/world\/asia\/12iht-letter12.html","date":"2012-09-12T14:20:00Z","news_desk":"Foreign"},{"keywords":[{"rank":"1","is_major":"N","value":"Toys","name":"subject"},{"rank":"2","is_major":"N","value":"Children and Childhood","name":"subject"},{"rank":"3","is_major":"N","value":"Women and Girls","name":"subject"},{"rank":"4","is_major":"N","value":"Gender","name":"subject"}],"headline":{"main":"Toys Start the Gender Equality Rift","print_headline":"Toys Start the Gender Equality Rift","content_kicker":"The Female Factor"},"web_url":"http:\/\/www.nytimes.com\/2012\/08\/01\/world\/europe\/01iht-letter01.html","date":"2012-08-01T14:20:00Z","news_desk":"Foreign"},{"keywords":[{"rank":"1","is_major":"N","value":"India","name":"glocations"},{"rank":"2","is_major":"N","value":"Marriages","name":"subject"},{"rank":"3","is_major":"N","value":"Shariah (Islamic Law)","name":"subject"},{"rank":"4","is_major":"N","value":"Muslims and Islam","name":"subject"},{"rank":"5","is_major":"N","value":"Families and Family Life","name":"subject"},{"rank":"6","is_major":"N","value":"Women and Girls","name":"subject"}],"headline":{"main":"Muslim Women in India Seek Gender Equality in Marriage","print_headline":"Muslim Women in India Seek Gender Equality in Marriage","content_kicker":"The Female Factor"},"web_url":"http:\/\/www.nytimes.com\/2012\/04\/25\/world\/asia\/25iht-letter25.html","date":"2012-04-25T14:20:00Z","news_desk":"Foreign"},{"keywords":[{"rank":"1","is_major":"N","value":"Bachelet, Michelle","name":"persons"},{"rank":"2","is_major":"N","value":"Women and Girls","name":"subject"},{"rank":"3","is_major":"N","value":"Social Conditions and Trends","name":"subject"},{"rank":"4","is_major":"N","value":"Economic Conditions and Trends","name":"subject"},{"rank":"5","is_major":"N","value":"Civil Rights and Liberties","name":"subject"}],"headline":{"main":"Evaluating Challenges Women Face","print_headline":"Evaluating Challenges Women Face","content_kicker":"The Female Factor"},"web_url":"http:\/\/www.nytimes.com\/2012\/03\/07\/us\/07iht-letter07.html","date":"2012-03-07T16:45:00Z","news_desk":"Foreign"},{"keywords":[{"rank":"1","is_major":"Y","value":"Boards of Directors","name":"subject"},{"rank":"2","is_major":"N","value":"Women's Rights","name":"subject"},{"rank":"3","is_major":"N","value":"European Commission","name":"organizations"},{"rank":"4","is_major":"Y","value":"European Union","name":"organizations"},{"rank":"5","is_major":"Y","value":"Women and Girls","name":"subject"}],"headline":{"main":"E.U. Considers Quotas for Women in Boardrooms","print_headline":"Europe to Study Quotas For Women on Boards","content_kicker":"Female Factor"},"web_url":"http:\/\/www.nytimes.com\/2012\/03\/05\/business\/global\/eu-considers-quotas-for-women-in-boardrooms.html","date":"2012-03-05T00:00:00Z","news_desk":"Business"},{"keywords":[{"rank":"1","is_major":"N","value":"India","name":"glocations"},{"rank":"2","is_major":"N","value":"Sex Crimes","name":"subject"},{"rank":"3","is_major":"N","value":"Women and Girls","name":"subject"}],"headline":{"main":"In India, a 'Blame the Victim' Mentality","print_headline":"In India, a 'Blame the Victim' Mentality","content_kicker":"The Female Factor"},"web_url":"http:\/\/www.nytimes.com\/2012\/02\/29\/world\/asia\/29iht-letter29.html","date":"2012-02-29T13:20:00Z","news_desk":"Foreign"},{"keywords":[{"rank":"1","is_major":"N","value":"Women and Girls","name":"subject"},{"rank":"2","is_major":"N","value":"Merkel, Angela","name":"persons"},{"rank":"3","is_major":"N","value":"Lagarde, Christine","name":"persons"}],"headline":{"main":"New Goal for Women? Rising Above Having It All","print_headline":"New Goal for Women? Rising Above Having It All","content_kicker":"The Female Factor"},"web_url":"http:\/\/www.nytimes.com\/2012\/01\/25\/world\/europe\/25iht-letter25.html","date":"2012-01-25T13:20:00Z","news_desk":"Foreign"},{"keywords":[{"rank":"1","is_major":"N","value":"Muslims and Islam","name":"subject"},{"rank":"2","is_major":"N","value":"Hamburg (Germany)","name":"glocations"},{"rank":"3","is_major":"N","value":"September 11 (2001)","name":"subject"},{"rank":"4","is_major":"N","value":"Women and Girls","name":"subject"},{"rank":"5","is_major":"N","value":"Terrorism","name":"subject"}],"headline":{"main":"Stuck Between 2 Sides of Islam","print_headline":"Stuck Between 2 Sides of Islam","content_kicker":"The Female Factor"},"web_url":"http:\/\/www.nytimes.com\/2011\/08\/31\/world\/europe\/31iht-letter31.html","date":"2011-08-31T17:45:00Z","news_desk":"Foreign"},{"keywords":[{"rank":"1","is_major":"N","value":"India","name":"glocations"},{"rank":"2","is_major":"N","value":"Women and Girls","name":"subject"},{"rank":"3","is_major":"N","value":"Honor Killings","name":"subject"},{"rank":"4","is_major":"N","value":"Courts and the Judiciary","name":"subject"}],"headline":{"main":"A Challenge to Doing Gender Justice by Violence","print_headline":"A Challenge to Doing Gender Justice by Violence","content_kicker":"The Female Factor"},"web_url":"http:\/\/www.nytimes.com\/2011\/05\/18\/world\/asia\/18iht-letter18.html","date":"2011-05-18T14:30:00Z","news_desk":"Foreign"},{"keywords":[{"rank":"1","is_major":"N","value":"Abortion","name":"subject"},{"rank":"2","is_major":"N","value":"India","name":"glocations"},{"rank":"3","is_major":"N","value":"Discrimination","name":"subject"},{"rank":"4","is_major":"N","value":"Women and Girls","name":"subject"},{"rank":"5","is_major":"N","value":"Domestic Violence","name":"subject"},{"rank":"6","is_major":"N","value":"Human Rights and Human Rights Violations","name":"subject"},{"rank":"7","is_major":"N","value":"Feminist Movement","name":"subject"}],"headline":{"main":"A Campaign Against Girls in India","print_headline":"A Campaign Against Girls in India","content_kicker":"The Female Factor"},"web_url":"http:\/\/www.nytimes.com\/2011\/04\/13\/world\/asia\/13iht-letter13.html","date":"2011-04-13T13:30:00Z","news_desk":"Foreign"},{"keywords":[{"rank":"2","is_major":"N","name":"glocations","value":"Afghanistan"},{"rank":"3","is_major":"N","name":"subject","value":"Women and Girls"},{"rank":"4","is_major":"N","name":"subject","value":"Afghanistan War (2001- )"},{"rank":"5","is_major":"N","name":"subject","value":"Legislatures and Parliaments"},{"rank":"6","is_major":"N","name":"subject","value":"Freedom and Human Rights"}],"headline":{"main":"An Afghan Politician Pushes for a Comeback","content_kicker":"The Female Factor","print_headline":"Risking Her Life, an Afghan Politician Pushes for a Comeback"},"web_url":"http:\/\/www.nytimes.com\/2010\/03\/15\/world\/asia\/15joya.html","date":"2010-03-15T00:00:00Z","news_desk":"Foreign"},{"keywords":[{"rank":"1","is_major":"N","name":"glocations","value":"South Korea"},{"rank":"2","is_major":"N","name":"glocations","value":"Seoul (South Korea)"},{"rank":"3","is_major":"N","name":"subject","value":"Women and Girls"}],"headline":{"main":"Korean Women Flock to Government","content_kicker":"The Female Factor","kicker":"The Female Factor","print_headline":"Blocked in the Private Sector, Korean Women Flock to Government"},"web_url":"http:\/\/www.nytimes.com\/2010\/03\/02\/world\/asia\/02iht-women.html","date":"2010-03-02T00:00:00Z","news_desk":"Foreign"},{"keywords":[{"rank":"1","is_major":"N","name":"subject","value":"Child Care"},{"rank":"2","is_major":"N","name":"glocations","value":"Germany"},{"rank":"3","is_major":"N","name":"subject","value":"Women and Girls"},{"rank":"4","is_major":"N","name":"subject","value":"Education and Schools"},{"rank":"5","is_major":"N","name":"glocations","value":"Berlin (Germany)"},{"rank":"6","is_major":"N","name":"subject","value":"Parenting"},{"rank":"7","is_major":"N","name":"subject","value":"Careers and Professions"},{"rank":"8","is_major":"N","name":"subject","value":"Social Conditions and Trends"}],"headline":{"main":"In Germany, a Tradition Falls, and Women Rise","content_kicker":"The Female Factor","kicker":"The Female Factor","print_headline":"In Germany, a Tradition Falls, and Women Rise"},"web_url":"http:\/\/www.nytimes.com\/2010\/01\/18\/world\/europe\/18iht-women.html","date":"2010-01-18T00:00:00Z","news_desk":"Foreign"},{"keywords":[{"rank":"1","is_major":"N","value":"Women and Girls","name":"subject"},{"rank":"2","is_major":"N","value":"Women's Rights","name":"subject"},{"rank":"3","is_major":"N","value":"Discrimination","name":"subject"},{"rank":"4","is_major":"N","value":"Sex Crimes","name":"subject"},{"rank":"5","is_major":"N","value":"Sexual Harassment","name":"subject"},{"rank":"6","is_major":"N","value":"Boards of Directors","name":"subject"}],"headline":{"main":"The Internationalization of Women's Issues","kicker":"The Female Factor","print_headline":"The Internationalization of Women's Issues","content_kicker":"The Female Factor"},"web_url":"http:\/\/www.nytimes.com\/2013\/01\/09\/us\/09iht-letter09.html","date":"2013-01-09T13:00:00Z","news_desk":"Foreign"},{"keywords":[{"rank":"1","is_major":"N","value":"TED Conference","name":"subject"},{"rank":"2","is_major":"N","value":"Women and Girls","name":"subject"},{"rank":"3","is_major":"N","value":"Gender","name":"subject"},{"rank":"4","is_major":"N","value":"Discrimination","name":"subject"},{"rank":"5","is_major":"N","value":"Public Speaking","name":"subject"},{"rank":"6","is_major":"N","value":"Social Conditions and Trends","name":"subject"}],"headline":{"main":"Diversity, Minus the Tokenism","print_headline":"Diversity, Minus the Tokenism","content_kicker":"The Female Factor"},"web_url":"http:\/\/www.nytimes.com\/2012\/07\/04\/world\/europe\/04iht-letter04.html","date":"2012-07-04T14:20:00Z","news_desk":"Foreign"},{"keywords":[{"rank":"1","is_major":"N","value":"Congo, Democratic Republic of (Congo-Kinshasa)","name":"glocations"},{"rank":"2","is_major":"N","value":"Women and Girls","name":"subject"},{"rank":"3","is_major":"N","value":"Labor and Jobs","name":"subject"},{"rank":"4","is_major":"N","value":"Female Health Co","name":"organizations"},{"rank":"5","is_major":"N","value":"United Nations Educational, Scientific and Cultural Organization","name":"organizations"}],"headline":{"seo":"Female Bearers in the Democratic Republic of Congo","main":"Women as Human Pack Horses in the Democratic Republic of Congo","kicker":"Female Factor","print_headline":"Women as Human Pack Horses","content_kicker":"Female Factor"},"web_url":"http:\/\/www.nytimes.com\/2012\/06\/29\/world\/africa\/female-bearers-in-the-democratic-republic-of-congo.html","date":"2012-06-29T00:00:00Z","news_desk":"Foreign"},{"keywords":[{"rank":"1","is_major":"N","value":"Women and Girls","name":"subject"},{"rank":"2","is_major":"N","value":"Labor and Jobs","name":"subject"},{"rank":"3","is_major":"N","value":"Economic Conditions and Trends","name":"subject"},{"rank":"4","is_major":"N","value":"Families and Family Life","name":"subject"},{"rank":"5","is_major":"N","value":"Politics and Government","name":"subject"}],"headline":{"main":"Inciting a Debate on Women and Work","print_headline":"Inciting a Debate on Women and Work","content_kicker":"The Female Factor"},"web_url":"http:\/\/www.nytimes.com\/2012\/06\/27\/us\/27iht-letter27.html","date":"2012-06-27T14:20:00Z","news_desk":"Foreign"},{"keywords":[{"rank":"1","is_major":"N","value":"India","name":"glocations"},{"rank":"2","is_major":"N","value":"Cellular Telephones","name":"subject"},{"rank":"3","is_major":"N","value":"Domestic Violence","name":"subject"},{"rank":"4","is_major":"N","value":"Women and Girls","name":"subject"}],"headline":{"main":"Mobile Phones Offer Indian Women a Better Life","print_headline":"Mobile Phones Offer Indian Women a Better Life","content_kicker":"The Female Factor"},"web_url":"http:\/\/www.nytimes.com\/2012\/05\/23\/world\/asia\/23iht-letter23.html","date":"2012-05-23T14:20:00Z","news_desk":"Foreign"},{"keywords":[{"rank":"1","is_major":"N","value":"United States","name":"glocations"},{"rank":"2","is_major":"N","value":"Women and Girls","name":"subject"},{"rank":"3","is_major":"N","value":"United Nations","name":"organizations"}],"headline":{"main":"High Hopes 2012 Will Be a Good Year for Women","print_headline":"High Hopes 2012 Will Be a Good Year for Women","content_kicker":"The Female Factor"},"web_url":"http:\/\/www.nytimes.com\/2012\/01\/11\/us\/11iht-letter11.html","date":"2012-01-11T16:45:00Z","news_desk":"Foreign"},{"keywords":[{"rank":"1","is_major":"N","value":"India","name":"glocations"},{"rank":"2","is_major":"N","value":"Gandhi, Sonia","name":"persons"},{"rank":"3","is_major":"N","value":"Women and Girls","name":"subject"},{"rank":"4","is_major":"N","value":"Women's Rights","name":"subject"}],"headline":{"main":"For Indian Women, a Long Wait for Equality in Parliament","print_headline":"For Indian Women, a Long Wait for Equality in Parliament","content_kicker":"The Female Factor"},"web_url":"http:\/\/www.nytimes.com\/2012\/01\/04\/world\/asia\/04iht-letter04.html","date":"2012-01-04T13:20:00Z","news_desk":"Foreign"},{"keywords":[{"rank":"1","is_major":"N","name":"persons","value":"Rousseff, Dilma"},{"rank":"2","is_major":"N","name":"subject","value":"Women and Girls"},{"rank":"3","is_major":"N","name":"subject","value":"Politics and Government"},{"rank":"4","is_major":"N","name":"glocations","value":"Brazil"}],"headline":{"main":"Paving a Way for Women in Brazil","content_kicker":"The Female Factor","print_headline":"Paving a Way for Women in Brazil"},"web_url":"http:\/\/www.nytimes.com\/2011\/11\/16\/world\/americas\/16iht-letter16.html","date":"2011-11-16T13:20:00Z","news_desk":"Foreign"},{"keywords":[{"rank":"1","is_major":"N","value":"Women and Girls","name":"subject"},{"rank":"2","is_major":"N","value":"Pakistan","name":"glocations"},{"rank":"3","is_major":"N","value":"Islam","name":"subject"},{"rank":"4","is_major":"N","value":"Sikhs (Sect)","name":"subject"},{"rank":"5","is_major":"N","value":"Iraq","name":"glocations"},{"rank":"6","is_major":"N","value":"Far East, South and Southeast Asia and Pacific Areas","name":"glocations"},{"rank":"7","is_major":"N","value":"Civil Rights and Liberties","name":"subject"},{"rank":"8","is_major":"N","value":"Shariah (Islamic Law)","name":"subject"},{"rank":"9","is_major":"N","value":"Bangladesh","name":"glocations"}],"headline":{"main":"In Realm of Religion, Women Lose Out","print_headline":"In Realm of Religion, Women Lose Out","content_kicker":"The Female Factor"},"web_url":"http:\/\/www.nytimes.com\/2011\/01\/12\/world\/asia\/12iht-letter12.html","date":"2011-01-12T13:30:00Z","news_desk":"Foreign"},{"keywords":[{"value":"Women and Girls","is_major":"N","rank":"1","name":"subject"},{"value":"China","is_major":"N","rank":"2","name":"glocations"},{"value":"Beijing (China)","is_major":"N","rank":"3","name":"glocations"},{"value":"Feminist Movement","is_major":"N","rank":"4","name":"subject"}],"headline":{"main":"For China\u2019s Women, More Opportunities, More Pitfalls","print_headline":"Old Biases Hamper Women in China\u2019s New Economy","content_kicker":"The Female Factor"},"web_url":"http:\/\/www.nytimes.com\/2010\/11\/26\/world\/asia\/26iht-china.html","date":"2010-11-26T00:00:00Z","news_desk":"Foreign"},{"keywords":[{"rank":"1","is_major":"N","name":"glocations","value":"Iraq"},{"rank":"2","is_major":"N","name":"subject","value":"Elections"},{"rank":"3","is_major":"N","name":"subject","value":"Women and Girls"},{"rank":"4","is_major":"N","name":"subject","value":"Politics and Government"},{"rank":"5","is_major":"N","name":"subject","value":"Social Conditions and Trends"}],"headline":{"main":"Iraqi Women Are Seeking Greater Political Influence","content_kicker":"The Female Factor","sub":"Organizing to Combat  Cultural Resistance  ;","print_headline":"Iraqi Women Are Seeking Greater Political Influence"},"web_url":"http:\/\/www.nytimes.com\/2010\/02\/17\/world\/middleeast\/17iraqwomen.html","date":"2010-02-17T00:00:00Z","news_desk":"Foreign"}]