[{"keywords":[{"rank":"1","is_major":"N","value":"Female Genital Mutilation","name":"subject"},{"rank":"2","is_major":"N","value":"Women and Girls","name":"subject"},{"rank":"3","is_major":"N","value":"Human Rights and Human Rights Violations","name":"subject"}],"headline":{"main":"Ending Genital Mutilation","kicker":"Letter","print_headline":"Ending Genital Mutilation","content_kicker":"Letter"},"web_url":"http:\/\/www.nytimes.com\/2011\/05\/17\/opinion\/l17kristof.html","date":"2011-05-17T00:00:00Z","news_desk":"Letters"},{"keywords":[{"value":"Deaths (Obituaries)","is_major":"Y","rank":"1","name":"subject"},{"value":"Dorkenoo, Efua (1949-2014)","is_major":"N","rank":"2","name":"persons"},{"value":"Female Genital Mutilation","is_major":"N","rank":"3","name":"subject"},{"value":"Women's Rights","is_major":"N","rank":"4","name":"subject"},{"value":"Women and Girls","is_major":"N","rank":"5","name":"subject"},{"value":"Africa","is_major":"N","rank":"6","name":"glocations"}],"headline":{"main":"Efua Dorkenoo, Who Campaigned Against Genital Cutting, Dies at 65","print_headline":"Efua Dorkenoo Dies at 65; Battled Genital Cutting"},"web_url":"http:\/\/www.nytimes.com\/2014\/10\/28\/health\/efua-dorkenoo-dies-at-65-key-foe-of-genital-cutting.html","date":"2014-10-28T00:00:00Z","news_desk":"Foreign"},{"keywords":[{"rank":"1","is_major":"N","value":"Iraq","name":"glocations"},{"rank":"2","is_major":"N","value":"Kurds","name":"subject"},{"rank":"3","is_major":"N","value":"Women and Girls","name":"subject"},{"rank":"4","is_major":"N","value":"Female Genital Mutilation","name":"subject"},{"rank":"5","is_major":"N","value":"Freedom and Human Rights","name":"subject"},{"rank":"6","is_major":"N","value":"Human Rights Watch","name":"organizations"}],"headline":{"seo":"Group Assails Genital Cutting in Kurdistan","main":"Kurdistan Is Urged to Ban Genital Cutting","print_headline":"Kurdistan Urged to Ban Genital Cutting"},"web_url":"http:\/\/www.nytimes.com\/2010\/06\/17\/world\/middleeast\/17kurd.html","date":"2010-06-17T00:00:00Z","news_desk":"Foreign"},{"keywords":[{"rank":"1","is_major":"N","name":"subject","value":"Female Genital Mutilation"},{"rank":"2","is_major":"N","name":"subject","value":"Women and Girls"},{"rank":"3","is_major":"N","name":"subject","value":"Human Rights and Human Rights Violations"},{"rank":"4","is_major":"N","name":"glocations","value":"Somaliland"},{"rank":"5","is_major":"N","name":"subject","value":"Muslims and Islam"},{"rank":"6","is_major":"N","name":"glocations","value":"Africa"}],"headline":{"seo":"A Rite of Torture for Girls","main":"A Rite of Torture for Girls","content_kicker":"Op-Ed Columnist","kicker":"Op-Ed Columnist","print_headline":"A Rite Of Torture For Girls"},"web_url":"http:\/\/www.nytimes.com\/2011\/05\/12\/opinion\/12kristof.html","date":"2011-05-12T00:00:00Z","news_desk":"Editorial"},{"keywords":[{"rank":"1","is_major":"N","value":"United States Politics and Government","name":"subject"},{"rank":"2","is_major":"N","value":"Law and Legislation","name":"subject"},{"rank":"3","is_major":"Y","value":"Abortion","name":"subject"},{"rank":"4","is_major":"Y","value":"Sex Crimes","name":"subject"},{"rank":"5","is_major":"N","value":"Assaults","name":"subject"},{"rank":"6","is_major":"N","value":"Women and Girls","name":"subject"},{"rank":"7","is_major":"Y","value":"United States Defense and Military Forces","name":"subject"},{"rank":"8","is_major":"Y","value":"Editorials","name":"subject"}],"headline":{"seo":"The Rights of Female Soldiers","main":"The Rights of Female Soldiers","kicker":"Editorial","print_headline":"The Rights of Female Soldiers","content_kicker":"Editorial"},"web_url":"http:\/\/www.nytimes.com\/2012\/06\/01\/opinion\/the-rights-of-female-soldiers.html","date":"2012-06-01T00:00:00Z","news_desk":"Editorial"},{"keywords":[{"rank":"5","is_major":"N","value":"Children and Childhood","name":"subject"},{"rank":"3","is_major":"N","value":"Women and Girls","name":"subject"},{"rank":"6","is_major":"N","value":"Human Rights and Human Rights Violations","name":"subject"},{"rank":"1","is_major":"Y","value":"Female Genital Mutilation","name":"subject"},{"rank":"2","is_major":"Y","value":"Great Britain","name":"glocations"},{"rank":"4","is_major":"N","value":"Cameron, David","name":"persons"}],"headline":{"main":"Britain Moves to Fortify Law to Protect Girls","print_headline":"Britain Moves to Fortify Law to Protect Girls"},"web_url":"http:\/\/www.nytimes.com\/2014\/07\/23\/world\/europe\/britain-plans-to-tighten-laws-designed-to-protect-girls.html","date":"2014-07-23T00:00:00Z","news_desk":"Foreign"},{"keywords":[{"rank":"5","is_major":"N","value":"Female Genital Mutilation","name":"subject"},{"rank":"7","is_major":"Y","value":"Sex Crimes","name":"subject"},{"rank":"3","is_major":"N","value":"Women and Girls","name":"subject"},{"rank":"6","is_major":"N","value":"Sisi, Abdel Fattah el-","name":"persons"},{"rank":"1","is_major":"Y","value":"Egypt","name":"glocations"},{"rank":"2","is_major":"Y","value":"Women's Rights","name":"subject"},{"rank":"4","is_major":"N","value":"Sexual Harassment","name":"subject"}],"headline":{"main":"Egypt Has a Sexual Violence Problem","kicker":"Op-Ed Contributor","print_headline":"Egypt Has a Sexual Violence Problem","content_kicker":"Op-Ed Contributor "},"web_url":"http:\/\/www.nytimes.com\/2014\/06\/21\/opinion\/mona-eltahawy-egypts-sexual-violence.html","date":"2014-06-21T00:00:00Z","news_desk":"OpEd"},{"keywords":[{"value":"Female Genital Mutilation","is_major":"Y","rank":"1","name":"subject"},{"value":"Egypt","is_major":"Y","rank":"2","name":"glocations"},{"value":"Women's Rights","is_major":"Y","rank":"3","name":"subject"}],"headline":{"main":"Fighting Female Genital Mutilation","kicker":"Op-Ed Contributor","print_headline":"Fighting Female Genital Mutilation","content_kicker":"Op-Ed Contributor"},"web_url":"http:\/\/www.nytimes.com\/2014\/11\/17\/opinion\/fighting-female-genital-mutilation.html","date":"2014-11-17T00:00:00Z","news_desk":"OpEd"},{"keywords":[{"rank":"1","is_major":"N","name":"subject","value":"Female Genital Mutilation"},{"rank":"2","is_major":"N","name":"subject","value":"Women"},{"rank":"3","is_major":"N","name":"subject","value":"Freedom and Human Rights"}],"headline":{"seo":"Higher Court Says That Denying Asylum to Victims of Genital Cutting Was Wrong","main":"Court Rejects Decisions of Immigration Board","print_headline":"Court Rejects Decisions Of Immigration Board"},"web_url":"http:\/\/www.nytimes.com\/2008\/06\/12\/nyregion\/12mutilation.html","date":"2008-06-12T00:00:00Z","news_desk":"Metro"},{"keywords":[{"rank":"4","is_major":"N","value":"Honor Killings","name":"subject"},{"rank":"2","is_major":"N","value":"Female Genital Mutilation","name":"subject"},{"rank":"5","is_major":"N","value":"Minorities","name":"subject"},{"rank":"1","is_major":"N","value":"Great Britain","name":"glocations"},{"rank":"3","is_major":"N","value":"Women's Rights","name":"subject"}],"headline":{"main":"Feminism a Good Fit for One 'Good Muslim Boy'","print_headline":"Feminism a Good Fit for One 'Good Muslim Boy'","content_kicker":"The Female Factor"},"web_url":"http:\/\/www.nytimes.com\/2013\/09\/11\/world\/europe\/feminism-a-good-fit-for-one-good-muslim-boy.html","date":"2013-09-11T00:00:00Z","news_desk":"Foreign"},{"keywords":[{"name":"glocations","value":"EGYPT"},{"name":"subject","value":"ISLAM"},{"name":"subject","value":"FREEDOM AND HUMAN RIGHTS"},{"name":"subject","value":"DECISIONS AND VERDICTS"},{"name":"subject","value":"FEMALE GENITAL MUTILATION"}],"headline":{"main":"Egyptian Court Overturns Ban On Cutting of Girls' Genitals"},"web_url":"http:\/\/www.nytimes.com\/1997\/06\/26\/world\/egyptian-court-overturns-ban-on-cutting-of-girls-genitals.html","date":"1997-06-26T00:00:00Z","news_desk":"Foreign Desk"},{"keywords":[{"rank":"1","is_major":"Y","value":"Afghanistan","name":"glocations"},{"rank":"2","is_major":"N","value":"Women's Rights","name":"subject"},{"rank":"3","is_major":"N","value":"Search and Seizure","name":"subject"},{"rank":"4","is_major":"N","value":"Human Rights and Human Rights Violations","name":"subject"},{"rank":"5","is_major":"N","value":"Detainees","name":"subject"},{"rank":"6","is_major":"N","value":"United States International Relations","name":"subject"},{"rank":"7","is_major":"N","value":"Kabul (Afghanistan)","name":"glocations"},{"rank":"8","is_major":"Y","value":"Prisons and Prisoners","name":"subject"},{"rank":"9","is_major":"Y","value":"Women and Girls","name":"subject"}],"headline":{"seo":"At Afghan Prison, Invasive Search of Female Visitors Raises U.S. Objections","main":"Afghan Prison\u2019s Invasive Searches of Female Visitors Stir Fear of Slipping Rights","print_headline":"Afghan Prison\u2019s Invasive Searches of Female Visitors Stir Fear of Slipping Rights"},"web_url":"http:\/\/www.nytimes.com\/2012\/03\/17\/world\/asia\/at-afghan-prison-invasive-search-of-female-visitors-raises-us-objections.html","date":"2012-03-17T00:00:00Z","news_desk":"Foreign"},{"keywords":[{"name":"persons","value":"BENSON, LENNI B"},{"name":"persons","value":"KASSINDJA, FAUZIYA"},{"name":"glocations","value":"TOGO"},{"name":"subject","value":"ASYLUM (POLITICAL)"},{"name":"subject","value":"IMMIGRATION AND REFUGEES"},{"name":"subject","value":"WOMEN"},{"name":"subject","value":"FREEDOM AND HUMAN RIGHTS"},{"name":"subject","value":"FEMALE GENITAL MUTILATION"}],"headline":{"main":"Immigration Bill Flaws"},"web_url":"http:\/\/www.nytimes.com\/1996\/09\/16\/opinion\/l-immigration-bill-flaws-321680.html","date":"1996-09-16T00:00:00Z","news_desk":"Editorial Desk"},{"keywords":[{"rank":"1","is_major":"N","name":"subject","value":"Asylum (Political)"},{"rank":"2","is_major":"N","name":"subject","value":"Female Genital Mutilation"},{"rank":"3","is_major":"N","name":"subject","value":"Courts"},{"rank":"4","is_major":"N","name":"subject","value":"Women"},{"rank":"5","is_major":"N","name":"glocations","value":"Guinea"},{"rank":"6","is_major":"N","name":"glocations","value":"Manhattan (NYC)"},{"rank":"7","is_major":"N","name":"subject","value":"Immigration and Refugees"},{"rank":"8","is_major":"N","name":"subject","value":"Freedom and Human Rights"},{"rank":"9","is_major":"N","name":"subject","value":"Editorials"},{"rank":"10","is_major":"N","name":"persons","value":"Mukasey, Michael B"}],"headline":{"main":"A Victory for Women","content_kicker":"Editorial","print_headline":"A Victory for Women"},"web_url":"http:\/\/www.nytimes.com\/2008\/06\/22\/opinion\/22sun2.html","date":"2008-06-22T00:00:00Z","news_desk":"Editorial"},{"keywords":[{"name":"persons","value":"KASINGA, FAUZIYA"},{"name":"glocations","value":"TOGO"},{"name":"glocations","value":"AFRICA"},{"name":"glocations","value":"UNITED STATES"},{"name":"subject","value":"ASYLUM (POLITICAL)"},{"name":"subject","value":"IMMIGRATION AND REFUGEES"},{"name":"subject","value":"BIOGRAPHICALINFORMATION"},{"name":"subject","value":"WOMEN"},{"name":"subject","value":"FREEDOM AND HUMAN RIGHTS"},{"name":"subject","value":"FEMALE GENITAL MUTILATION"}],"headline":{"main":"U.S. Frees African Fleeing Ritual Mutilation"},"web_url":"http:\/\/www.nytimes.com\/1996\/04\/25\/nyregion\/us-frees-african-fleeing-ritual-mutilation.html","date":"1996-04-25T00:00:00Z","news_desk":"Metropolitan Desk"},{"keywords":[],"headline":{"main":"Prominent Female Saudi Rights Advocate Arrested","print_headline":"Prominent Female Saudi Rights Advocate Arrested"},"web_url":"http:\/\/www.nytimes.com\/aponline\/2016\/01\/12\/world\/middleeast\/ap-ml-saudi-arabia.html","date":"2016-01-12T15:27:26Z","news_desk":"None"},{"keywords":[{"name":"persons","value":"BUSH, GEORGE W"},{"name":"glocations","value":"THIRD WORLD AND DEVELOPING COUNTRIES"},{"name":"subject","value":"PROSTITUTION"},{"name":"subject","value":"ABORTION"},{"name":"subject","value":"PREGNANCY AND OBSTETRICS"},{"name":"subject","value":"EDUCATION AND SCHOOLS"},{"name":"subject","value":"INFANTICIDE"},{"name":"subject","value":"WOMEN"},{"name":"subject","value":"MEDICINE AND HEALTH"},{"name":"subject","value":"FOREIGN AID"},{"name":"subject","value":"FREEDOM AND HUMAN RIGHTS"},{"name":"subject","value":"FEMALE GENITAL MUTILATION"}],"headline":{"main":"Bush vs. Women"},"web_url":"http:\/\/www.nytimes.com\/2002\/08\/16\/opinion\/bush-vs-women.html","date":"2002-08-16T00:00:00Z","news_desk":"Editorial Desk"},{"keywords":[],"headline":{"main":"Sudanese Forces Silence Female Activists With Violence, Rape-Rights Group","print_headline":"Sudanese Forces Silence Female Activists With Violence, Rape-Rights Group"},"web_url":"http:\/\/www.nytimes.com\/reuters\/2016\/03\/24\/world\/africa\/24reuters-sudan-women-rape.html","date":"2016-03-24T00:40:10Z","news_desk":"None"},{"keywords":[],"headline":{"main":"Obama Pays Tribute to Female Civil Rights Leaders","print_headline":"Obama Pays Tribute to Female Civil Rights Leaders"},"web_url":"http:\/\/www.nytimes.com\/aponline\/2015\/09\/19\/us\/politics\/ap-us-obama.html","date":"2015-09-19T09:28:26Z","news_desk":"None"},{"keywords":[{"rank":"1","name":"persons","value":"Atta Mills, John"},{"rank":"2","name":"persons","value":"Banda, Joyce"},{"rank":"3","name":"persons","value":"Cameron, David"},{"rank":"4","name":"persons","value":"Mogae, Festus G"},{"rank":"5","name":"persons","value":"Mutharika, Bingu wa"},{"rank":"6","name":"persons","value":"Obama, Barack"},{"rank":"1","name":"glocations","value":"Africa"},{"rank":"2","name":"glocations","value":"Ghana"},{"rank":"3","name":"glocations","value":"Malawi"},{"rank":"1","name":"subject","value":"Acquired Immune Deficiency Syndrome"},{"rank":"2","name":"subject","value":"Homosexuality"},{"rank":"3","name":"subject","value":"Same-Sex Marriage, Civil Unions and Domestic Partnerships"}],"headline":{"main":"A Female President Demands Equal Rights for Africa's Gays","kicker":"rendezvous"},"web_url":"http:\/\/rendezvous.blogs.nytimes.com\/2012\/05\/20\/a-female-president-demands-equal-rights-for-africas-gays\/","date":"2012-05-20T23:26:56Z","news_desk":null}]