[{"keywords":[{"rank":"1","is_major":"N","name":"subject","value":"Women's Rights"},{"rank":"2","is_major":"N","name":"subject","value":"Celebrities"},{"rank":"3","is_major":"N","name":"subject","value":"Academy Awards (Oscars)"},{"rank":"4","is_major":"N","name":"subject","value":"Movies"},{"rank":"5","is_major":"N","name":"subject","value":"Fashion and Apparel"}],"headline":{"main":"What to Ask a Celebrity Instead of \u2018Are You a Feminist?\u2019","content_kicker":"Opinion","kicker":"Opinion","print_headline":"What to Ask Instead of \u2018Are You a Feminist?\u2019"},"web_url":"http:\/\/www.nytimes.com\/2017\/02\/25\/opinion\/sunday\/what-to-ask-a-celebrity-instead-of-are-you-a-feminist.html","date":"2017-02-25T21:38:09+0000","news_desk":"OpEd"},{"keywords":[{"name":"creative_works","value":"A LITERATURE OF THEIR OWN: BRITISH WOMEN NOVELISTS FROM BRONTE TO LESSING"},{"name":"persons","value":"SHOWALTER, ELAINE"},{"name":"subject","value":"BOOK REVIEWS"}],"headline":{"main":"Feminine to feminist to female; Literature Of Their Own"},"web_url":"http:\/\/query.nytimes.com\/gst\/abstract.html?res=9503E0D8173EE53BBC4F51DFB566838C669EDE","date":"1977-03-27T00:00:00Z","news_desk":null},{"keywords":[{"name":"subject","value":"MOTION PICTURES"},{"name":"subject","value":"FESTIVALS"}],"headline":{"main":"Mideast Feminism: Views of Female Film Makers; Feminist Films Trying to Change Attitudes"},"web_url":"http:\/\/query.nytimes.com\/gst\/abstract.html?res=9A02E4DF1031E632A2575AC0A9609C946990D6CF","date":"1978-06-09T00:00:00Z","news_desk":null},{"keywords":[{"name":"subject","value":"MAGAZINES"}],"headline":{"main":"There's Feminist Editing Behind the Female Form In Top Men's Magazines"},"web_url":"http:\/\/query.nytimes.com\/gst\/abstract.html?res=9800E6DE1239E334BC4E51DFB466838C669EDE","date":"1977-02-26T00:00:00Z","news_desk":null},{"keywords":[{"name":"persons","value":"HEYMANN, LIDA G"},{"name":"subject","value":"DEATHS AND DEATH RATE"}],"headline":{"main":"DR. HEYMANN DIES; FEMINIST LEADER; A Founder of Female Suffrage Movement in Germany -- Succumbs in Zurich"},"web_url":"http:\/\/query.nytimes.com\/gst\/abstract.html?res=9400E6D91738E33BBC4053DFBE668388659EDE","date":"1943-08-08T00:00:00Z","news_desk":null},{"keywords":[{"name":"glocations","value":"UNITED STATES"},{"name":"subject","value":"WOMEN"}],"headline":{"main":"Growing Up Female In a Feminist Family; A Struggle for Identity in a Suffragist's Family"},"web_url":"http:\/\/query.nytimes.com\/gst\/abstract.html?res=9801E1D9123EE732A25752C2A9669D946890D6CF","date":"1979-10-21T00:00:00Z","news_desk":null},{"keywords":[{"rank":"1","is_major":"N","name":"subject","value":"Women and Girls"},{"rank":"2","is_major":"N","name":"subject","value":"Women's Rights"},{"rank":"3","is_major":"N","name":"persons","value":"Obama, Barack"},{"rank":"4","is_major":"N","name":"subject","value":"United States Politics and Government"}],"headline":{"main":"Obama: I\u2019m a Feminist"},"web_url":"http:\/\/www.nytimes.com\/video\/us\/politics\/100000004471953\/obama-im-a-feminist.html","date":"2016-06-14T17:41:43Z","news_desk":"U.S. \/ Politics"},{"keywords":[{"rank":"1","is_major":"N","name":"subject","value":"Women's Rights"},{"rank":"2","is_major":"N","name":"persons","value":"Trump, Donald J"},{"rank":"3","is_major":"N","name":"subject","value":"United States Politics and Government"},{"rank":"4","is_major":"N","name":"persons","value":"Clinton, Hillary Rodham"},{"rank":"5","is_major":"N","name":"subject","value":"Demonstrations, Protests and Riots"},{"rank":"6","is_major":"N","name":"subject","value":"Women and Girls"},{"rank":"7","is_major":"N","name":"subject","value":"Presidential Election of 2016"},{"rank":"8","is_major":"N","name":"subject","value":"Race and Ethnicity"},{"rank":"9","is_major":"N","name":"organizations","value":"Democratic Party"}],"headline":{"main":"How a Fractious Women\u2019s Movement Came to Lead the Left","content_kicker":"Feature","kicker":"Feature","print_headline":"Forces in Opposition"},"web_url":"http:\/\/www.nytimes.com\/2017\/02\/07\/magazine\/how-a-fractious-womens-movement-came-to-lead-the-left.html","date":"2017-02-07T10:00:06+0000","news_desk":"Magazine"},{"keywords":[],"headline":{"main":"Sweden's 'Feminist Government' Takes Swipe at Trump","print_headline":"Sweden's 'Feminist Government' Takes Swipe at Trump"},"web_url":"http:\/\/www.nytimes.com\/aponline\/2017\/02\/03\/world\/europe\/ap-eu-sweden-trump.html","date":"2017-02-03T14:48:52+0000","news_desk":null},{"keywords":[{"name":"persons","value":"STOWE-GULLEN, AUGUSTA"},{"name":"subject","value":"DEATHS AND DEATH RATE"}],"headline":{"main":"DR. STOWE-GULLEN IS DEAD IN TORONTO; First Woman Medical Alumna of a Canadian University Was Feminist Leader PHYSICIAN FOR 60 YEARS Daughter of Canada's First Female Doctor Had Served Toronto Hospital Board"},"web_url":"http:\/\/query.nytimes.com\/gst\/abstract.html?res=9C07EFDC1230E53BBC4E51DFBF668388659EDE","date":"1943-09-26T00:00:00Z","news_desk":null},{"keywords":[{"name":"subject","value":"THANKSGIVING DAY"}],"headline":{"main":"Pilgrim Mothers,; feminist forebears Thanksgiving wasn't always what it now seems. The female essence of the harvest festival must go back to the caves. Whoever heard of Father Earth? Thanksgiving"},"web_url":"http:\/\/query.nytimes.com\/gst\/abstract.html?res=9E06E5D9123CE336A05752C2A9679D946790D6CF","date":"1976-11-21T00:00:00Z","news_desk":null},{"keywords":[{"rank":"1","is_major":"N","name":"subject","value":"Women and Girls"},{"rank":"2","is_major":"N","name":"subject","value":"Women's Rights"},{"rank":"3","is_major":"N","name":"subject","value":"Colleges and Universities"},{"rank":"4","is_major":"N","name":"subject","value":"International Study and Teaching"}],"headline":{"main":"Discovering Feminist Students in the Middle East","content_kicker":"On Campus","kicker":"On Campus","print_headline":"Discovering Feminist Students in the Middle East"},"web_url":"http:\/\/www.nytimes.com\/2017\/01\/23\/opinion\/discovering-feminist-students-in-the-middle-east.html","date":"2017-01-23T08:21:21+0000","news_desk":"OpEd"},{"keywords":[{"rank":"1","is_major":"N","name":"subject","value":"Fashion and Apparel"},{"rank":"2","is_major":"N","name":"persons","value":"Altuzarra, Joseph"},{"rank":"3","is_major":"N","name":"persons","value":"von Furstenberg, Diane"},{"rank":"4","is_major":"N","name":"organizations","value":"Sies Marjan (Fashion Label)"},{"rank":"5","is_major":"N","name":"persons","value":"Gurung, Prabal"},{"rank":"6","is_major":"N","name":"subject","value":"Women and Girls"}],"headline":{"main":"What Does \u2018Dress Like a Woman\u2019 Mean? Designers Tackle the Question","content_kicker":"Fashion Review","kicker":"Fashion Review","print_headline":"What Does It Mean to Dress Like a Woman?"},"web_url":"http:\/\/www.nytimes.com\/2017\/02\/13\/fashion\/new-york-fashion-week-altuzarra-diane-von-furstenberg.html","date":"2017-02-13T13:38:46+0000","news_desk":"Styles"},{"keywords":[{"rank":"1","is_major":"N","name":"persons","value":"Crenn, Dominique"},{"rank":"2","is_major":"N","name":"organizations","value":"Atelier Crenn (San Francisco, Calif, Restaurant)"},{"rank":"3","is_major":"N","name":"subject","value":"Chefs"},{"rank":"4","is_major":"N","name":"subject","value":"Women and Girls"},{"rank":"5","is_major":"N","name":"subject","value":"Restaurants"},{"rank":"6","is_major":"N","name":"glocations","value":"San Francisco (Calif)"}],"headline":{"main":"Does Fame Have a Recipe? Dominique Crenn\u2019s Fast Rise","print_headline":"Here, There  and Rising"},"web_url":"http:\/\/www.nytimes.com\/2017\/02\/14\/dining\/chef-dominique-crenn.html","date":"2017-02-14T18:00:08+0000","news_desk":"Dining"},{"keywords":[{"rank":"1","is_major":"N","name":"creative_works","value":"The Town Hall Affair (Play)"},{"rank":"2","is_major":"N","name":"subject","value":"Theater"},{"rank":"3","is_major":"N","name":"subject","value":"Women's Rights"},{"rank":"4","is_major":"N","name":"organizations","value":"Wooster Group"},{"rank":"5","is_major":"N","name":"persons","value":"Mailer, Norman"},{"rank":"6","is_major":"N","name":"persons","value":"Tierney, Maura"},{"rank":"7","is_major":"N","name":"creative_works","value":"Town Bloody Hall (Movie)"},{"rank":"8","is_major":"N","name":"persons","value":"Pennebaker, D A"}],"headline":{"main":"\u2018The Town Hall Affair\u2019 Recreates a Feminist Firestorm","print_headline":"A Feminist Firestorm Redux"},"web_url":"http:\/\/www.nytimes.com\/2017\/02\/06\/theater\/wooster-group-town-hall-affair.html","date":"2017-02-06T22:50:41+0000","news_desk":"Culture"},{"keywords":[{"name":"persons","value":"FRANKENBERG, BABETTE MEYERS KNOWN TO HER FAMILY AND MANY FRIENDS AS \"BOBBE,\" DIED FEBRUARY 28 AT AGE 98, HAVING LIVED A RICHLY VARIEGATED AND ADVENTUROUS LIFE THAT CHANNELED HER PIONEERING SPIRIT AS A FEMINIST BEFORE HER TIME. BOBBE WAS BORN ON MAY 16, 1916, IN THE HARDSCRABBLE MINING TOWN OF BISBEE, AZ, AND MOVED WITH HER PARENTS TO BEVERLY HILLS WHEN SUNSET BOULEVARD HAD YET TO BE FULLY PAVED. SHE WAS A SUCCESSFUL BUSINESS WOMAN IN THE 1940S, WHEN FEMALE ENTREPRENEURS WERE A RARE BREED, AND THROUGH THE 1980S, AS WOMEN INCREASINGLY ROSE TO PROMINENCE IN CORPORATE AMERICA. SHE FOUND GREAT SUCCESS IN COMMERCIAL AND RESIDENTIAL REAL ESTATE AS WELL IN PUBLIC RELATIONS. IN THE 1950S SHE HANDLED MARK TAPER'S PR FOR HIS AMBITIOUS LAKEWOOD DEVELOPMENT. WITH COLDWELL BANKER, BOBBE SOLD MANY OF THE MORE REMARKABLE LOS ANGELES HOMES OF HER TIME, REMARKABLE BOTH FOR THEIR LAVISHNESS AND THEIR RESIDENTS. BOBBE WAS ALSO AN OUTDOORS WOMAN AND ATHLETE, FISHING AND RIDING HORSES. SHE SKIED AND PLAYED TENNIS COMPETITIVELY, OFTEN AGAINST MEN. SHE RAISED AND TRAINED DOGS AND WAS A SPORTS CAR ENTHUSIAST, WELL, KNOWN FOR THE RAINBOW, PAINTED PORSCHE IN WHICH SHE MADE HER REAL ESTATE ROUNDS. BOBBE TRAVELED WIDELY THROUGHOUT EUROPE, ASIA, AFRICA AND THE AMERICAS. AS A PATRON OF THE ARTS SHE GREATLY ENJOYED CLASSICAL MUSIC AND IN RECENT YEARS, LADY GAGA. HER RAPIER WIT AND PLAYFUL SENSE OF HUMOR WAS MATCHED BY HER CARE AND CONCERN FOR OTHERS. NEVER ONE TO TALK ABOUT HERSELF, BOBBE FOCUSED HER INCANDESCENT PERSONALITY ON WHOMEVER SHE WAS WITH"},{"name":"persons","value":"MOLLY FRANKLIN AND CLARA ZANDER"},{"name":"persons","value":"AND ADENA FRANKLIN. BOBBE WAS PREDECEASED BY HER YOUNGER BROTHERS BENNY"},{"name":"persons","value":"HER GRANDNIECES AND NEPHEWS, ELISSA"},{"name":"persons","value":"AND JASON FRANKLIN, BARRETT FRANKLIN"},{"name":"persons","value":"AS WELL AS BY HER GREAT GRANDNIECES AND NEPHEW, ELLINGTON AND AUGUST MEYERS"},{"name":"persons","value":"HER JOYFUL PRESENCE ABSORBED AS MUCH AS HER QUIET SMILE RADIATED. BOBBE LEAVES BEHIND FRIENDS AND CLASSMATES FROM BEVERLY HILLS HIGH SCHOOL"},{"name":"persons","value":"ZACHARY FRANKLIN"}],"headline":{"main":"Paid Notice: Memorials  FRANKENBERG, BABETTE MEYERS KNOWN TO HER FAMILY AND MANY FRIENDS AS \"BOBBE,\" DIED FEBRUARY 28 AT AGE 98, HAVING LIVED A RICHLY VARIEGATED AND ADVENTUROUS LIFE THAT CHANNELED HER PIONEERING SPIRIT AS A FEMINIST BEFORE HER TIME. BOBBE WAS BORN ON MAY 16, 1916, IN THE HARDSCRABBLE MINING TOWN OF BISBEE, AZ, AND MOVED WITH HER PARENTS TO BEVERLY HILLS WHEN SUNSET BOULEVARD HAD YET TO BE FULLY PAVED. SHE WAS A SUCCESSFUL BUSINESS WOMAN IN THE 1940S, WHEN FEMALE ENTREPRENEURS WERE A RARE BREED, AND THROUGH THE 1980S, AS WOMEN INCREASINGLY ROSE TO PROMINENCE IN CORPORATE AMERICA. SHE FOUND GREAT SUCCESS IN COMMERCIAL AND RESIDENTIAL REAL ESTATE AS WELL IN PUBLIC RELATIONS. IN THE 1950S SHE HANDLED MARK TAPER'S PR FOR HIS AMBITIOUS LAKEWOOD DEVELOPMENT. WITH COLDWELL BANKER, BOBBE SOLD MANY OF THE MORE REMARKABLE LOS ANGELES HOMES OF HER TIME, REMARKABLE BOTH FOR THEIR LAVISHNESS AND THEIR RESIDENTS. BOBBE WAS ALSO AN OUTDOORS WOMAN AND ATHLETE, FISHING AND RIDING HORSES. SHE SKIED AND PLAYED TENNIS COMPETITIVELY, OFTEN AGAINST MEN. SHE RAISED AND TRAINED DOGS AND WAS A SPORTS CAR ENTHUSIAST, WELL, KNOWN FOR THE RAINBOW, PAINTED PORSCHE IN WHICH SHE MADE HER REAL ESTATE ROUNDS. BOBBE TRAVELED WIDELY THROUGHOUT EUROPE, ASIA, AFRICA AND THE AMERICAS. AS A PATRON OF THE ARTS SHE GREATLY ENJOYED CLASSICAL MUSIC AND IN RECENT YEARS, LADY GAGA. HER RAPIER WIT AND PLAYFUL SENSE OF HUMOR WAS MATCHED BY HER CARE AND CONCERN FOR OTHERS. NEVER ONE TO TALK ABOUT HERSELF, BOBBE FOCUSED HER INCANDESCENT PERSONALITY ON WHOMEVER SHE WAS WITH; HER JOYFUL PRESENCE ABSORBED AS MUCH AS HER QUIET SMILE RADIATED. BOBBE LEAVES BEHIND FRIENDS AND CLASSMATES FROM BEVERLY HILLS HIGH SCHOOL (1935, CLASS PRESIDENT), UC BERKELEY AND UCLA (1939, BA EUROPEAN HISTORY). SHE WILL BE DEARLY MISSED BY HER FAMILY, INCLUDING HER NIECE JEANNE MEYERS (RICHARD CARR) AND NEPHEWS CHARLES FRANKLIN (SUSIE) AND WAYNE FRANKLIN (SUSAN); HER GRANDNIECES AND NEPHEWS, ELISSA (CLARK MIDDLETON) AND LUCAS MEYERS (MARGARET); ZACHARY FRANKLIN (SOFIA ZANDER), SETH FRANKLIN (KRISTIN), JUDD FRANKLIN (TYBE GOLDBERG); AND JASON FRANKLIN, BARRETT FRANKLIN (LEA) AND SHANNON HEGARTY (TERRY); AS WELL AS BY HER GREAT GRANDNIECES AND NEPHEW, ELLINGTON AND AUGUST MEYERS; MOLLY FRANKLIN AND CLARA ZANDER; AND ADENA FRANKLIN. BOBBE WAS PREDECEASED BY HER YOUNGER BROTHERS BENNY (BEN JR.) (SAME DAY AS BOBBE, FEBRUARY 28, BUT 1973) AND MAYNARD FRANKLIN (2011). BENEFICIARIES OF BABETTE'S PROFOUNDLY PHILANTHROPIC NATURE INCLUDE SEVERAL HEALTH AND EDUCATIONAL INSTITUTES. SHE AND HER BROTHER MAYNARD LEFT THE GEM AND MINERAL COLLECTION ORIGINALLY AMASSED BY THEIR PARENTS, BEN AND CLARA, IN BISBEE, TO THE LOS ANGELES COUNTY MUSEUM OF NATURAL HISTORY, WHERE IT CAN NOW BE SEEN BY ALL. 1"},"web_url":"http:\/\/query.nytimes.com\/gst\/fullpage.html?res=9A0DE2DB133AF936A35757C0A9639D8B63","date":"2015-04-05T00:00:00Z","news_desk":"Classified"},{"keywords":[{"rank":"1","is_major":"N","name":"subject","value":"Demonstrations, Protests and Riots"},{"rank":"2","is_major":"N","name":"subject","value":"Women and Girls"},{"rank":"3","is_major":"N","name":"glocations","value":"Argentina"},{"rank":"4","is_major":"N","name":"subject","value":"Women's Rights"}],"headline":{"main":"Topless Uprising Against Sexism","content_kicker":"Op-Ed Contributor","kicker":"Op-Ed Contributor","print_headline":"A topless uprising"},"web_url":"http:\/\/www.nytimes.com\/2017\/02\/20\/opinion\/topless-uprising-against-sexism.html","date":"2017-02-20T15:53:24+0000","news_desk":"OpEd"},{"keywords":[{"rank":"1","is_major":"N","name":"subject","value":"Art"},{"rank":"2","is_major":"N","name":"subject","value":"Women's Rights"},{"rank":"3","is_major":"N","name":"subject","value":"Beauty (Concept)"}],"headline":{"main":"Marilyn Minter Finds Art in the Female Form","content_kicker":"Talk","kicker":"Talk","print_headline":"Marilyn Minter Finds Art in the Female Form"},"web_url":"http:\/\/www.nytimes.com\/2017\/02\/15\/magazine\/marilyn-minter-finds-art-in-the-female-form.html","date":"2017-02-15T13:02:00+0000","news_desk":"Magazine"},{"keywords":[{"rank":"1","is_major":"N","name":"subject","value":"Dancing"},{"rank":"2","is_major":"N","name":"subject","value":"Gender"},{"rank":"3","is_major":"N","name":"subject","value":"Women and Girls"}],"headline":{"main":"Of Women, Men and Ballet in the 21st Century","print_headline":"Women, Men and Ballet in the 21st Century"},"web_url":"http:\/\/www.nytimes.com\/2017\/01\/12\/arts\/dance\/of-women-men-and-ballet-in-the-21st-century.html","date":"2017-01-12T21:08:45+0000","news_desk":"Arts&Leisure"},{"keywords":[{"rank":"1","is_major":"N","name":"persons","value":"Moore, Mary Tyler"},{"rank":"2","is_major":"N","name":"subject","value":"Women and Girls"},{"rank":"3","is_major":"N","name":"subject","value":"Demonstrations, Protests and Riots"},{"rank":"4","is_major":"N","name":"subject","value":"Women's Rights"}],"headline":{"main":"The Women\u2019s March in My Living Room","content_kicker":"Opinion","kicker":"Opinion","print_headline":"The Women\u2019s March in My Living Room"},"web_url":"http:\/\/www.nytimes.com\/2017\/02\/04\/opinion\/sunday\/the-womens-march-in-my-living-room.html","date":"2017-02-04T19:30:04+0000","news_desk":"OpEd"}]