[{"keywords":[{"value":"THIS WEEK (PUB)","is_major":"N","rank":"1","name":"subject"},{"value":"WALL STREET JOURNAL","is_major":"N","rank":"2","name":"subject"}],"headline":{"main":"Advertising: Living in a \u2018Female Economy\u2019"},"web_url":"http:\/\/www.nytimes.com\/1964\/02\/13\/advertising-living-in-a-female-economy.html","date":"1964-02-13T00:00:00Z","news_desk":null},{"keywords":[{"name":"glocations","value":"EUROPE"},{"name":"subject","value":"LABOR"}],"headline":{"main":"Female Workers Are Hardest Hit As Unemployment Gains in Europe; Female Workers Are the Hardest Hit as Slump in Europe Brings Big Loss of Jobs Amid a Booming Economy Any Brief Advantage Obliterated Few Allies When Going Gets Tough"},"web_url":"http:\/\/query.nytimes.com\/gst\/abstract.html?res=9E06E6DD1531E632A25753C1A9629C946990D6CF","date":"1978-04-10T00:00:00Z","news_desk":null},{"keywords":[],"headline":{"main":"Women Hardest Hit As Europe Grapples With Unemployment; More Than Half the Jobless Female Workers Are the Hardest Hit as Slump in Europe Brings Big Loss of Jobs Amid a Booming Economy Any Brief Advantage Obliterated Few Allies When Going Gets Tough","kicker":"2"},"web_url":"http:\/\/query.nytimes.com\/gst\/abstract.html?res=9C0CE4DD1531E632A25753C1A9629C946990D6CF","date":"1978-04-10T00:00:00Z","news_desk":null},{"keywords":[{"name":"subject","value":"PRESIDENTIAL ELECTION OF 1980"},{"name":"subject","value":"ISSUES AND PLATFORMS"},{"name":"subject","value":"CAMPAIGN DEBATES"},{"name":"subject","value":"PRESIDENTIAL ELECTION OF 1980"},{"name":"subject","value":"ISSUES AND PLATFORMS"}],"headline":{"main":"Reagan and Carter Stand Nearly Even in Last Polls; Differences on War Issue Reagan and Carter Stand Almost Even in Final Polls Effects of the Debate Male-Female Preferences Catholics and Conservatives Fears About the Economy The New York Times\/CBS News Poll"},"web_url":"http:\/\/query.nytimes.com\/gst\/abstract.html?res=9802E4D81038E432A25750C0A9679D94619FD6CF","date":"1980-11-03T00:00:00Z","news_desk":null},{"keywords":[{"rank":"1","is_major":"Y","name":"glocations","value":"Australia"},{"rank":"2","is_major":"Y","name":"subject","value":"Athletics and Sports"},{"rank":"3","is_major":"Y","name":"subject","value":"Women and Girls"},{"rank":"4","is_major":"N","name":"subject","value":"Gender"}],"headline":{"main":"Australian Groups Warned on Gender Equality","content_kicker":"Sports Briefing | International Sports","print_headline":"Australian Groups Warned"},"web_url":"http:\/\/www.nytimes.com\/2016\/02\/03\/sports\/australian-groups-warned-on-gender-equality.html","date":"2016-02-03T00:00:00Z","news_desk":"Sports"},{"keywords":[{"rank":"1","is_major":"N","name":"subject","value":"Boards of Directors"},{"rank":"2","is_major":"N","name":"subject","value":"Minorities"},{"rank":"3","is_major":"N","name":"subject","value":"Women and Girls"},{"rank":"4","is_major":"N","name":"subject","value":"Blacks"},{"rank":"5","is_major":"N","name":"subject","value":"Hispanic-Americans"},{"rank":"6","is_major":"N","name":"organizations","value":"Alliance for Board Diversity"},{"rank":"7","is_major":"N","name":"organizations","value":"Deloitte Touche Tohmatsu Ltd"}],"headline":{"main":"Study Finds Only Modest Gains by Women and Minorities on Fortune 500 Boards","print_headline":"Study Finds Only Modest Gains by Women and Minorities on Fortune 500 Boards"},"web_url":"http:\/\/www.nytimes.com\/2017\/02\/05\/business\/dealbook\/fortune-500-board-directors-diversity.html","date":"2017-02-05T22:00:25+0000","news_desk":"Business"},{"keywords":[{"rank":"1","is_major":"N","name":"subject","value":"Women and Girls"},{"rank":"2","is_major":"N","name":"subject","value":"Afghanistan War (2001-14)"},{"rank":"3","is_major":"N","name":"organizations","value":"Special Inspector General for Afghanistan Reconstruction"},{"rank":"4","is_major":"N","name":"organizations","value":"Taliban"},{"rank":"5","is_major":"N","name":"glocations","value":"Afghanistan"},{"rank":"6","is_major":"N","name":"glocations","value":"Kandahar (Afghanistan)"}],"headline":{"main":"Gunmen in Afghanistan Kill 5 Female Airport Employees","print_headline":"Gunmen in Kandahar Kill 5 Women"},"web_url":"http:\/\/www.nytimes.com\/2016\/12\/17\/world\/asia\/afghanistan-kandahar-women-in-the-work-force.html","date":"2016-12-17T17:15:39+0000","news_desk":"Foreign"},{"keywords":[],"headline":{"main":"Air India Says Women-Only Seats for Comfort After Reported In-Flight Sex Attacks","print_headline":"Air India Says Women-Only Seats for Comfort After Reported In-Flight Sex Attacks"},"web_url":"http:\/\/www.nytimes.com\/reuters\/2017\/01\/17\/world\/asia\/17reuters-india-women-air-india.html","date":"2017-01-17T12:57:34+0000","news_desk":null},{"keywords":[{"rank":"1","is_major":"N","name":"subject","value":"Watches and Clocks"},{"rank":"2","is_major":"N","name":"subject","value":"Women and Girls"},{"rank":"3","is_major":"N","name":"organizations","value":"IWC Schaffhausen"},{"rank":"4","is_major":"N","name":"organizations","value":"Hublot SA"},{"rank":"5","is_major":"N","name":"organizations","value":"Chanel SA"},{"rank":"6","is_major":"N","name":"organizations","value":"Cartier SA"}],"headline":{"main":"Watchmakers Look to Women in the Middle East","print_headline":"Women take the spotlight"},"web_url":"http:\/\/www.nytimes.com\/2017\/02\/20\/fashion\/watches-women-united-arab-emirates.html","date":"2017-02-20T10:16:45+0000","news_desk":"Styles"},{"keywords":[{"rank":"1","is_major":"N","value":"Female Genital Mutilation","name":"subject"},{"rank":"2","is_major":"N","value":"Women and Girls","name":"subject"},{"rank":"3","is_major":"N","value":"Human Rights and Human Rights Violations","name":"subject"}],"headline":{"main":"Ending Genital Mutilation","kicker":"Letter","print_headline":"Ending Genital Mutilation","content_kicker":"Letter"},"web_url":"http:\/\/www.nytimes.com\/2011\/05\/17\/opinion\/l17kristof.html","date":"2011-05-17T00:00:00Z","news_desk":"Letters"},{"keywords":[{"value":"Women and Girls","is_major":"N","rank":"1","name":"subject"},{"value":"Third World and Developing Countries","is_major":"N","rank":"2","name":"subject"},{"value":"China","is_major":"N","rank":"3","name":"glocations"},{"value":"India","is_major":"N","rank":"4","name":"glocations"}],"headline":{"main":"The Daughter Deficit","print_headline":"The Daughter Deficit","content_kicker":"Letter"},"web_url":"http:\/\/www.nytimes.com\/2009\/09\/06\/magazine\/06letters-t-003.html","date":"2009-09-06T00:00:00Z","news_desk":"Magazine"},{"keywords":[{"rank":"4","is_major":"N","value":"Paid Time Off","name":"subject"},{"rank":"2","is_major":"N","value":"Women and Girls","name":"subject"},{"rank":"5","is_major":"N","value":"Reed Elsevier NV","name":"organizations"},{"rank":"7","is_major":"N","value":"Research","name":"subject"},{"rank":"1","is_major":"N","value":"Work-Life Balance","name":"subject"},{"rank":"6","is_major":"N","value":"United States","name":"glocations"},{"rank":"3","is_major":"N","value":"Science and Technology","name":"subject"}],"headline":{"main":"Women Leaving Jobs","kicker":"Letter","print_headline":"Women Leaving Jobs","content_kicker":"Letter"},"web_url":"http:\/\/www.nytimes.com\/2014\/07\/02\/opinion\/women-leaving-jobs.html","date":"2014-07-02T00:00:00Z","news_desk":"Letters"},{"keywords":[{"rank":"1","is_major":"N","value":"Democratic Party","name":"organizations"},{"rank":"2","is_major":"N","value":"Midterm Elections (2014)","name":"subject"},{"rank":"3","is_major":"N","value":"Elections, Senate","name":"subject"},{"rank":"4","is_major":"N","value":"Women and Girls","name":"subject"},{"rank":"5","is_major":"N","value":"Republican Party","name":"organizations"},{"rank":"6","is_major":"N","value":"Udall, Mark","name":"persons"},{"rank":"7","is_major":"N","value":"Gardner, Cory S","name":"persons"},{"rank":"8","is_major":"N","value":"Ernst, Joni","name":"persons"},{"rank":"9","is_major":"N","value":"Nunn, Michelle","name":"persons"},{"rank":"10","is_major":"N","value":"Perdue, David A Jr","name":"persons"}],"headline":{"main":"Women Hold Vital Votes in Senate Races","kicker":"Letter From Washington","print_headline":"Women Hold Vital Votes in Senate Races","content_kicker":"Letter From Washington"},"web_url":"http:\/\/www.nytimes.com\/2014\/09\/22\/us\/politics\/women-hold-vital-votes-in-senate-races.html","date":"2014-09-22T20:40:00Z","news_desk":"Foreign"},{"keywords":[{"rank":"1","is_major":"N","name":"subject","value":"Camels"},{"rank":"2","is_major":"N","name":"glocations","value":"Abu Dhabi (United Arab Emirates)"},{"rank":"3","is_major":"N","name":"glocations","value":"United Arab Emirates"},{"rank":"4","is_major":"N","name":"persons","value":"Nahyan, Sultan Bin Zayed al- (1955- )"}],"headline":{"main":"Where Camels Race and Win Beauty Contests"},"web_url":"http:\/\/www.nytimes.com\/2017\/02\/10\/world\/middleeast\/camel-beauty-contest-abu-dhabi.html","date":"2017-02-10T20:02:55+0000","news_desk":"Foreign"},{"keywords":[{"rank":"1","is_major":"N","name":"subject","value":"United States Politics and Government"},{"rank":"2","is_major":"N","name":"subject","value":"Women and Girls"},{"rank":"3","is_major":"N","name":"persons","value":"Trump, Donald J"},{"rank":"4","is_major":"N","name":"persons","value":"Obama, Barack"},{"rank":"5","is_major":"N","name":"persons","value":"Clinton, Hillary Rodham"},{"rank":"6","is_major":"N","name":"subject","value":"Presidential Election of 2016"}],"headline":{"main":"\u2018You Focus on the Good\u2019: Women Who Voted for Trump, in Their Own Words","print_headline":"Women Who Voted  for Donald Trump,  in Their Own Words"},"web_url":"http:\/\/www.nytimes.com\/2017\/01\/14\/us\/women-voters-trump.html","date":"2017-01-14T10:00:19+0000","news_desk":"National"},{"keywords":[{"rank":"1","is_major":"N","name":"subject","value":"Labor and Jobs"},{"rank":"2","is_major":"N","name":"subject","value":"Women and Girls"},{"rank":"3","is_major":"N","name":"subject","value":"United States Economy"},{"rank":"4","is_major":"N","name":"subject","value":"Unemployment"},{"rank":"5","is_major":"N","name":"subject","value":"Wages and Salaries"}],"headline":{"main":"Why Women Quit Working: It\u2019s Not for the Reasons Men Do","print_headline":"\u2018Care Chasm\u2019 Forces Women to Forgo Jobs"},"web_url":"http:\/\/www.nytimes.com\/2017\/01\/24\/business\/economy\/women-labor-force.html","date":"2017-01-24T23:07:11+0000","news_desk":"Business"},{"keywords":[],"headline":{"main":"Canada's Trudeau Talks Trade With Trump at White House","print_headline":"Canada's Trudeau Talks Trade With Trump at White House"},"web_url":"http:\/\/www.nytimes.com\/aponline\/2017\/02\/13\/world\/americas\/ap-us-united-states-canada-.html","date":"2017-02-13T05:03:36+0000","news_desk":null},{"keywords":[{"rank":"1","is_major":"Y","name":"subject","value":"Labor and Jobs"},{"rank":"2","is_major":"Y","name":"subject","value":"Women and Girls"},{"rank":"3","is_major":"Y","name":"subject","value":"United States Economy"}],"headline":{"main":"Gender Gaps Appear as Employment Recovers From the Recession","content_kicker":"Off the Charts","kicker":"Off The Charts","print_headline":"Gender Gaps Appear as Employment Recovers From the Recession"},"web_url":"http:\/\/www.nytimes.com\/2013\/07\/13\/business\/economy\/gender-gaps-appear-in-employment-recovery.html","date":"2013-07-13T00:00:00Z","news_desk":"Business"},{"keywords":[{"rank":"4","is_major":"N","value":"Labor and Jobs","name":"subject"},{"rank":"2","is_major":"N","value":"Abe, Shinzo","name":"persons"},{"rank":"5","is_major":"N","value":"Economic Conditions and Trends","name":"subject"},{"rank":"1","is_major":"N","value":"Japan","name":"glocations"},{"rank":"3","is_major":"N","value":"Women and Girls","name":"subject"}],"headline":{"main":"Japan\u2019s Need for Women Workers","kicker":"Editorial","print_headline":"Japan's Need for Women Workers","content_kicker":"Editorial"},"web_url":"http:\/\/www.nytimes.com\/2014\/07\/29\/opinion\/japans-need-for-women-workers.html","date":"2014-07-29T00:00:00Z","news_desk":"Editorial"},{"keywords":[{"rank":"1","name":"persons","value":"Obama, Barack"},{"rank":"2","name":"persons","value":"Trump, Donald J"},{"rank":"3","name":"persons","value":"Trump, Ivanka"},{"rank":"1","name":"glocations","value":"United States"},{"rank":"1","name":"organizations","value":"Democratic Party"},{"rank":"2","name":"organizations","value":"House of Representatives"},{"rank":"3","name":"organizations","value":"Republican Party"},{"rank":"4","name":"organizations","value":"Senate"},{"rank":"1","name":"subject","value":"Birth Control and Family Planning"},{"rank":"2","name":"subject","value":"Family Leaves"},{"rank":"3","name":"subject","value":"Health Insurance and Managed Care"},{"rank":"4","name":"subject","value":"Immigration and Emigration"},{"rank":"5","name":"subject","value":"Law and Legislation"},{"rank":"6","name":"subject","value":"Pregnancy and Childbirth"},{"rank":"7","name":"subject","value":"Presidential Election of 2016"},{"rank":"8","name":"subject","value":"Unemployment Insurance"},{"rank":"9","name":"subject","value":"United States Politics and Government"},{"rank":"10","name":"subject","value":"Women and Girls"}],"headline":{"main":"Donald Trump\u2019s Cynical Play for Women\u2019s Votes","kicker":"Taking Note"},"web_url":"http:\/\/takingnote.blogs.nytimes.com\/2016\/09\/16\/donald-trumps-cynical-play-for-womens-votes\/","date":"2016-09-16T22:38:03Z","news_desk":"OpEd"}]