[{"keywords":[{"rank":"1","is_major":"N","name":"subject","value":"Movies"},{"rank":"2","is_major":"N","name":"subject","value":"Women and Girls"},{"rank":"3","is_major":"N","name":"organizations","value":"Center for the Study of Women in Television and Film"},{"rank":"4","is_major":"N","name":"persons","value":"Jones, Felicity"},{"rank":"5","is_major":"N","name":"creative_works","value":"Rogue One: A Star Wars Story (Movie)"}],"headline":{"main":"More Women Were Protagonists in 2016 Movies","print_headline":"Women Make Gains in Lead Film Roles"},"web_url":"http:\/\/www.nytimes.com\/2017\/02\/21\/movies\/women-protagonists-movies-2016.html","date":"2017-02-21T15:00:02+0000","news_desk":"Culture"},{"keywords":[{"rank":"1","is_major":"N","name":"subject","value":"Academy Awards (Oscars)"},{"rank":"2","is_major":"N","name":"subject","value":"Blacks"},{"rank":"3","is_major":"N","name":"subject","value":"Movies"},{"rank":"4","is_major":"N","name":"subject","value":"Race and Ethnicity"},{"rank":"5","is_major":"N","name":"subject","value":"Golden Globes (Awards)"},{"rank":"6","is_major":"N","name":"creative_works","value":"Fences (Movie)"},{"rank":"7","is_major":"N","name":"creative_works","value":"Hidden Figures (Movie)"},{"rank":"8","is_major":"N","name":"creative_works","value":"Moonlight (Movie)"}],"headline":{"main":"This Year, #OscarsSoBlack?","content_kicker":"Op-Ed Columnist","kicker":"Op-Ed Columnist","print_headline":"A More Diverse  Oscars?"},"web_url":"http:\/\/www.nytimes.com\/2017\/01\/18\/opinion\/this-year-oscarssoblack.html","date":"2017-01-18T08:21:22+0000","news_desk":"OpEd"},{"keywords":[{"rank":"1","is_major":"N","name":"subject","value":"Movies"},{"rank":"2","is_major":"N","name":"persons","value":"Suzuki, Seijun"},{"rank":"3","is_major":"N","name":"subject","value":"Deaths (Obituaries)"},{"rank":"4","is_major":"N","name":"glocations","value":"Japan"}],"headline":{"main":"Seijun Suzuki, Director Who Inspired Tarantino and Jarmusch, Dies at 93","print_headline":"Seijun Suzuki, 93, Innovative and Restless Director"},"web_url":"http:\/\/www.nytimes.com\/2017\/02\/22\/movies\/seijun-suzuki-director-who-inspired-tarantino-and-jarmusch-dies-at-93.html","date":"2017-02-22T19:14:42+0000","news_desk":"Culture"},{"keywords":[{"rank":"1","is_major":"N","name":"subject","value":"Movies"},{"rank":"2","is_major":"N","name":"subject","value":"Academy Awards (Oscars)"},{"rank":"3","is_major":"N","name":"subject","value":"Actors and Actresses"},{"rank":"4","is_major":"N","name":"subject","value":"Blacks"}],"headline":{"main":"\u2018Moonlight,\u2019 \u2018La La Land\u2019 and What an Epic Oscars Fail Really Says","print_headline":"And the Winner Is \u2026 Wrong"},"web_url":"http:\/\/www.nytimes.com\/2017\/02\/27\/movies\/moonlight-la-la-land-academy-awards-conversation.html","date":"2017-02-27T20:49:44+0000","news_desk":"Culture"},{"keywords":[{"rank":"1","is_major":"N","name":"subject","value":"Academy Awards (Oscars)"},{"rank":"2","is_major":"N","name":"persons","value":"de Luca, Michael"},{"rank":"3","is_major":"N","name":"organizations","value":"New Line Cinema"},{"rank":"4","is_major":"N","name":"organizations","value":"Universal Pictures"},{"rank":"5","is_major":"N","name":"subject","value":"Movies"}],"headline":{"main":"Producing the Oscars, and Finding Redemption","print_headline":"Oscars for Good Behavior"},"web_url":"http:\/\/www.nytimes.com\/2017\/02\/14\/movies\/producing-the-oscars-and-finding-redemption.html","date":"2017-02-14T22:54:46+0000","news_desk":"Culture"},{"keywords":[{"rank":"1","is_major":"N","name":"subject","value":"Discrimination"},{"rank":"2","is_major":"N","name":"subject","value":"Movies"},{"rank":"3","is_major":"N","name":"subject","value":"Academy Awards (Oscars)"},{"rank":"4","is_major":"N","name":"subject","value":"Race and Ethnicity"},{"rank":"5","is_major":"N","name":"subject","value":"Minorities"},{"rank":"6","is_major":"N","name":"subject","value":"Speeches and Statements"},{"rank":"7","is_major":"N","name":"persons","value":"Trump, Donald J"},{"rank":"8","is_major":"N","name":"subject","value":"United States Politics and Government"}],"headline":{"main":"Assailing the White House From Hollywood\u2019s Glass House","content_kicker":"Mediator","kicker":"Mediator","print_headline":"Assailing Trump\u2019s White House  From Hollywood\u2019s Glass House"},"web_url":"http:\/\/www.nytimes.com\/2017\/02\/26\/business\/media\/oscars-trump-hollywood.html","date":"2017-02-27T02:26:34+0000","news_desk":"Business"},{"keywords":[{"rank":"1","is_major":"N","name":"subject","value":"Movies"},{"rank":"2","is_major":"N","name":"subject","value":"Women and Girls"}],"headline":{"main":"Hollywood\u2019s Female Directors","content_kicker":"Letter","kicker":"Letter","print_headline":"Women in Hollywood"},"web_url":"http:\/\/www.nytimes.com\/2016\/07\/25\/opinion\/hollywoods-female-directors.html","date":"2016-07-25T00:00:00Z","news_desk":"Letters"},{"keywords":[{"rank":"1","is_major":"N","name":"subject","value":"Television"},{"rank":"2","is_major":"N","name":"organizations","value":"Home Box Office"},{"rank":"3","is_major":"N","name":"creative_works","value":"Girls (TV Program)"},{"rank":"4","is_major":"N","name":"persons","value":"Dunham, Lena"},{"rank":"5","is_major":"N","name":"persons","value":"Mamet, Zosia"},{"rank":"6","is_major":"N","name":"persons","value":"Kirke, Jemima"},{"rank":"7","is_major":"N","name":"persons","value":"Williams, Allison (1988- )"},{"rank":"8","is_major":"N","name":"subject","value":"Women and Girls"},{"rank":"9","is_major":"N","name":"subject","value":"Writing and Writers"}],"headline":{"main":"6 Ways \u2018Girls\u2019 Changed Television. Or Didn\u2019t.","print_headline":"Voice. Vice. Veracity."},"web_url":"http:\/\/www.nytimes.com\/2017\/02\/02\/arts\/television\/girls-season-six.html","date":"2017-02-02T10:00:24+0000","news_desk":"Arts&Leisure"},{"keywords":[{"rank":"1","is_major":"N","name":"subject","value":"United States International Relations"},{"rank":"11","is_major":"N","name":"persons","value":"Lyall, Sarah"},{"rank":"12","is_major":"N","name":"persons","value":"Manjoo, Farhad"},{"rank":"13","is_major":"N","name":"persons","value":"McCain, John"},{"rank":"14","is_major":"N","name":"persons","value":"Perlez, Jane"},{"rank":"15","is_major":"N","name":"persons","value":"Trump, Donald J"},{"rank":"16","is_major":"N","name":"persons","value":"Witherspoon, Reese"},{"rank":"17","is_major":"N","name":"glocations","value":"Australia"},{"rank":"18","is_major":"N","name":"glocations","value":"Beijing (China)"},{"rank":"19","is_major":"N","name":"glocations","value":"Cairns (Australia)"},{"rank":"20","is_major":"N","name":"glocations","value":"Melbourne (Australia)"},{"rank":"2","is_major":"N","name":"subject","value":"Movies"},{"rank":"21","is_major":"N","name":"glocations","value":"China"},{"rank":"22","is_major":"N","name":"glocations","value":"Iran"},{"rank":"23","is_major":"N","name":"creative_works","value":"The Castle (Movie)"},{"rank":"3","is_major":"N","name":"subject","value":"United States Politics and Government"},{"rank":"4","is_major":"N","name":"subject","value":"Television"},{"rank":"5","is_major":"N","name":"subject","value":"Refugees and Displaced Persons"},{"rank":"6","is_major":"N","name":"subject","value":"Newsletters"},{"rank":"7","is_major":"N","name":"subject","value":"Immigration and Emigration"},{"rank":"8","is_major":"N","name":"persons","value":"Dern, Laura"},{"rank":"9","is_major":"N","name":"persons","value":"Gulpilil, David"},{"rank":"10","is_major":"N","name":"persons","value":"Kidman, Nicole"}],"headline":{"main":"Ties that Bind, and Fray","content_kicker":"Australia Newsletter"},"web_url":"http:\/\/www.nytimes.com\/2017\/02\/08\/world\/australia\/newsletter-issue2-trump-turnbull-refugees.html","date":"2017-02-08T22:31:33+0000","news_desk":"Foreign"},{"keywords":[{"rank":"1","is_major":"N","name":"subject","value":"Movies"},{"rank":"2","is_major":"N","name":"subject","value":"Documentary Films and Programs"},{"rank":"3","is_major":"N","name":"organizations","value":"Anthology Film Archives"},{"rank":"4","is_major":"N","name":"creative_works","value":"Woman With a Movie Camera: Female Film Directors Before 1950 (Exhibit)"},{"rank":"5","is_major":"N","name":"organizations","value":"Women Film Pioneers Project at Columbia University"},{"rank":"6","is_major":"N","name":"persons","value":"Weber, Lois (1879-1939)"},{"rank":"7","is_major":"N","name":"creative_works","value":"Shoes (Movie)"}],"headline":{"main":"Where Were Women in Movies? Anthology Film Archives Gives an Early History","print_headline":"Film; Where the Women in Movies Were"},"web_url":"http:\/\/www.nytimes.com\/2016\/09\/11\/movies\/where-were-women-in-movies-anthology-film-archives-gives-an-early-history.html","date":"2016-09-11T04:00:00+0000","news_desk":"Arts&Leisure"},{"keywords":[{"rank":"1","is_major":"N","name":"persons","value":"Hurt, John"},{"rank":"2","is_major":"N","name":"subject","value":"Deaths (Obituaries)"},{"rank":"3","is_major":"N","name":"subject","value":"Movies"},{"rank":"4","is_major":"N","name":"subject","value":"Actors and Actresses"},{"rank":"5","is_major":"N","name":"creative_works","value":"The Elephant Man (Movie)"}],"headline":{"main":"John Hurt, British Actor Hailed for His Shape-Shifting Roles, Dies at 77","print_headline":"John Hurt, British Actor of Shape-Shifting Roles, Dies at 77"},"web_url":"http:\/\/www.nytimes.com\/2017\/01\/27\/movies\/john-hurt-dead.html","date":"2017-01-28T04:45:20+0000","news_desk":"Culture"},{"keywords":[{"rank":"1","is_major":"Y","name":"subject","value":"Movies"},{"rank":"2","is_major":"Y","name":"subject","value":"Women and Girls"},{"rank":"3","is_major":"Y","name":"subject","value":"Discrimination"},{"rank":"4","is_major":"Y","name":"subject","value":"Series"}],"headline":{"main":"In Hollywood, It\u2019s a Men\u2019s, Men\u2019s, Men\u2019s World","content_kicker":"The Director Gap","print_headline":"It\u2019s a Men\u2019s, Men\u2019s, Men\u2019s World"},"web_url":"http:\/\/www.nytimes.com\/2014\/12\/28\/movies\/in-hollywood-its-a-mens-mens-mens-world.html","date":"2014-12-28T00:00:00Z","news_desk":"Arts&Leisure"},{"keywords":[{"rank":"1","is_major":"N","name":"subject","value":"Web-Original Programming"},{"rank":"2","is_major":"N","name":"subject","value":"Movies"},{"rank":"3","is_major":"N","name":"subject","value":"Television"},{"rank":"4","is_major":"N","name":"subject","value":"Sex Crimes"},{"rank":"5","is_major":"N","name":"creative_works","value":"Sweet\/Vicious (TV Program)"},{"rank":"6","is_major":"N","name":"creative_works","value":"Elle (Movie)"},{"rank":"7","is_major":"N","name":"creative_works","value":"Game of Thrones (TV Program)"},{"rank":"8","is_major":"N","name":"creative_works","value":"I Spit on Your Grave (Movie)"},{"rank":"9","is_major":"N","name":"creative_works","value":"Jessica Jones (TV Program)"}],"headline":{"main":"How Movies and TV Address Rape and Revenge","print_headline":"Rape, Revenge and How We Watch"},"web_url":"http:\/\/www.nytimes.com\/2017\/01\/12\/arts\/television\/how-movies-and-tv-address-rape-and-revenge.html","date":"2017-01-12T11:00:26+0000","news_desk":"Arts&Leisure"},{"keywords":[{"rank":"1","is_major":"Y","name":"subject","value":"Women and Girls"},{"rank":"2","is_major":"N","name":"subject","value":"Wonder Woman (Fictional Character)"},{"rank":"3","is_major":"Y","name":"subject","value":"Movies"},{"rank":"4","is_major":"N","name":"subject","value":"Gender"},{"rank":"5","is_major":"N","name":"persons","value":"Lawrence, Jennifer"},{"rank":"6","is_major":"N","name":"creative_works","value":"Gravity (Movie)"},{"rank":"7","is_major":"N","name":"creative_works","value":"The Hunger Games: Catching Fire (Movie)"}],"headline":{"main":"Waiting for Wonder Woman","content_kicker":"Op-Ed Columnist","kicker":"Op-Ed Columnist","print_headline":"Waiting for Wonder Woman"},"web_url":"http:\/\/www.nytimes.com\/2013\/12\/22\/opinion\/sunday\/bruni-waiting-for-wonder-woman.html","date":"2013-12-22T00:00:00Z","news_desk":"Editorial"},{"keywords":[{"rank":"1","name":"subject","value":"Women and Girls"}],"headline":{"main":"Women Make Strong Gains in Depictions on the Big Screen","kicker":"ArtsBeat","print_headline":"Big-Screen Gains"},"web_url":"http:\/\/artsbeat.blogs.nytimes.com\/2016\/02\/09\/women-make-strong-gains-in-depictions-on-the-big-screen\/","date":"2016-02-09T14:56:35Z","news_desk":"Culture"},{"keywords":[{"rank":"1","is_major":"Y","name":"subject","value":"Television"},{"rank":"11","is_major":"N","name":"subject","value":"Movies"},{"rank":"2","is_major":"Y","name":"subject","value":"Web-Original Programming"},{"rank":"3","is_major":"Y","name":"subject","value":"Women and Girls"},{"rank":"4","is_major":"Y","name":"subject","value":"Comic Books and Strips"},{"rank":"5","is_major":"N","name":"subject","value":"Wonder Woman (Fictional Character)"},{"rank":"6","is_major":"N","name":"organizations","value":"CBS Corporation"},{"rank":"7","is_major":"N","name":"organizations","value":"Marvel Entertainment"},{"rank":"8","is_major":"N","name":"organizations","value":"DC Comics"},{"rank":"9","is_major":"N","name":"persons","value":"Ritter, Krysten"},{"rank":"10","is_major":"N","name":"creative_works","value":"Wonder Woman (Movie)"}],"headline":{"main":"\u2018Supergirl\u2019 Leads a Wave of Female Heroes","print_headline":"She\u2019s More Than Ready to Right Wrongs"},"web_url":"http:\/\/www.nytimes.com\/2015\/10\/18\/arts\/television\/supergirl-leads-a-wave-of-female-heroes.html","date":"2015-10-18T00:00:00Z","news_desk":"Arts&Leisure"},{"keywords":[{"rank":"1","is_major":"Y","name":"subject","value":"Movies"},{"rank":"2","is_major":"Y","name":"subject","value":"Women and Girls"}],"headline":{"main":"At the Box Office, It\u2019s No Longer a Man\u2019s World","print_headline":"At the Box Office, It\u2019s No Longer a Man\u2019s World"},"web_url":"http:\/\/www.nytimes.com\/2015\/03\/23\/business\/media\/at-the-box-office-its-no-longer-a-mans-world.html","date":"2015-03-23T00:00:00Z","news_desk":"Business"},{"keywords":[{"rank":"1","name":"type_of_material","value":"News"},{"rank":"10","name":"subject","value":"Writing and Writers"},{"rank":"2","name":"persons","value":"Byrne, Rose"},{"rank":"3","name":"persons","value":"Feig, Paul"},{"rank":"4","name":"persons","value":"Rottenberg, Julie"},{"rank":"5","name":"persons","value":"Traister, Rebecca"},{"rank":"6","name":"persons","value":"Wiig, Kristen"},{"rank":"7","name":"persons","value":"Zuritsky, Elisa"},{"rank":"8","name":"subject","value":"Blogs and Blogging (Internet)"},{"rank":"9","name":"subject","value":"Women and Girls"}],"headline":{"main":"Around the Web, a Push for \u2018Bridesmaids\u2019","kicker":"ArtsBeat"},"web_url":"http:\/\/artsbeat.blogs.nytimes.com\/2011\/05\/13\/around-the-web-a-push-for-bridesmaids\/","date":"2011-05-13T17:26:32Z","news_desk":null},{"keywords":[{"value":"Movies","is_major":"Y","rank":"1","name":"subject"},{"value":"Lauzen, Martha","is_major":"N","rank":"11","name":"persons"},{"value":"Women and Girls","is_major":"Y","rank":"2","name":"subject"},{"value":"Discrimination","is_major":"N","rank":"3","name":"subject"},{"value":"Academy Awards (Oscars)","is_major":"Y","rank":"4","name":"subject"},{"value":"Academy of Motion Picture Arts and Sciences","is_major":"N","rank":"5","name":"organizations"},{"value":"Pascal, Amy","is_major":"N","rank":"6","name":"persons"},{"value":"Bullock, Sandra","is_major":"N","rank":"7","name":"persons"},{"value":"Blanchett, Cate","is_major":"N","rank":"8","name":"persons"},{"value":"Blue Jasmine (Movie)","is_major":"N","rank":"9","name":"creative_works"},{"value":"Gravity (Movie)","is_major":"N","rank":"10","name":"creative_works"}],"headline":{"main":"Frozen in a Niche?","kicker":"Op-Ed Columnist","print_headline":"Frozen in a Niche?","content_kicker":"Op-Ed Columnist"},"web_url":"http:\/\/www.nytimes.com\/2014\/03\/05\/opinion\/dowd-frozen-in-a-niche.html","date":"2014-03-05T00:00:00Z","news_desk":"Editorial"},{"keywords":[{"rank":"1","is_major":"Y","value":"Magazines","name":"subject"},{"rank":"2","is_major":"N","value":"Actors and Actresses","name":"subject"},{"rank":"3","is_major":"Y","value":"Television","name":"subject"},{"rank":"4","is_major":"Y","value":"Movies","name":"subject"},{"rank":"5","is_major":"N","value":"Social Networking (Internet)","name":"subject"},{"rank":"6","is_major":"Y","value":"Celebrities","name":"subject"},{"rank":"7","is_major":"Y","value":"Music","name":"subject"}],"headline":{"main":"On Newsstands, Allure of the Film Actress Fades","print_headline":"On Newsstands, Allure of the Film Actress Fades"},"web_url":"http:\/\/www.nytimes.com\/2013\/06\/06\/business\/media\/on-newsstands-allure-of-the-film-actress-fades.html","date":"2013-06-06T00:00:00Z","news_desk":"Business"}]