[{"keywords":[{"rank":"1","is_major":"N","name":"persons","value":"McCarthy, Melissa"},{"rank":"2","is_major":"N","name":"persons","value":"Spicer, Sean M (1971- )"},{"rank":"3","is_major":"N","name":"creative_works","value":"Saturday Night Live (TV Program)"},{"rank":"4","is_major":"N","name":"subject","value":"Women and Girls"},{"rank":"5","is_major":"N","name":"subject","value":"United States Politics and Government"},{"rank":"6","is_major":"N","name":"subject","value":"Gender"},{"rank":"7","is_major":"N","name":"subject","value":"Comedy and Humor"},{"rank":"8","is_major":"N","name":"subject","value":"Television"},{"rank":"9","is_major":"N","name":"subject","value":"Actors and Actresses"}],"headline":{"main":"Why Melissa McCarthy Had to Play Sean Spicer","content_kicker":"Taking Note","kicker":"Taking Note"},"web_url":"http:\/\/www.nytimes.com\/2017\/02\/06\/opinion\/why-melissa-mccarthy-had-to-play-sean-spicer.html","date":"2017-02-06T05:01:02+0000","news_desk":"Editorial"},{"keywords":[{"rank":"1","name":"type_of_material","value":"News"},{"rank":"10","name":"organizations","value":"New York Times"},{"rank":"11","name":"organizations","value":"World Press Photo Foundation"},{"rank":"12","name":"glocations","value":"Afghanistan"},{"rank":"13","name":"glocations","value":"China"},{"rank":"14","name":"glocations","value":"Europe"},{"rank":"2","name":"persons","value":"Addario, Lynsey"},{"rank":"3","name":"persons","value":"McNally, Michele"},{"rank":"4","name":"persons","value":"Sim Chi Yin (Photographer)"},{"rank":"5","name":"subject","value":"Discrimination"},{"rank":"6","name":"subject","value":"Hiring and Promotion"},{"rank":"7","name":"subject","value":"Photography"},{"rank":"8","name":"subject","value":"Women and Girls"},{"rank":"9","name":"subject","value":"Women&#039;s Rights"}],"headline":{"main":"Highlighting Women in Photojournalism","kicker":"Lens"},"web_url":"https:\/\/lens.blogs.nytimes.com\/2017\/02\/01\/highlighting-women-in-photojournalism\/","date":"2017-02-01T17:16:44+0000","news_desk":null},{"keywords":[{"rank":"1","is_major":"N","name":"persons","value":"Crenn, Dominique"},{"rank":"2","is_major":"N","name":"organizations","value":"Atelier Crenn (San Francisco, Calif, Restaurant)"},{"rank":"3","is_major":"N","name":"subject","value":"Chefs"},{"rank":"4","is_major":"N","name":"subject","value":"Women and Girls"},{"rank":"5","is_major":"N","name":"subject","value":"Restaurants"},{"rank":"6","is_major":"N","name":"glocations","value":"San Francisco (Calif)"}],"headline":{"main":"Does Fame Have a Recipe? Dominique Crenn\u2019s Fast Rise","print_headline":"Here, There  and Rising"},"web_url":"http:\/\/www.nytimes.com\/2017\/02\/14\/dining\/chef-dominique-crenn.html","date":"2017-02-14T18:00:08+0000","news_desk":"Dining"},{"keywords":[{"rank":"1","is_major":"N","name":"subject","value":"Television"},{"rank":"2","is_major":"N","name":"subject","value":"Actors and Actresses"},{"rank":"3","is_major":"N","name":"persons","value":"Janssen, Famke"},{"rank":"4","is_major":"N","name":"creative_works","value":"The Blacklist: Redemption (TV Program)"},{"rank":"5","is_major":"N","name":"subject","value":"Women and Girls"}],"headline":{"main":"Famke Janssen Plays Another Lethal Woman in a \u2018Blacklist\u2019 Spinoff","content_kicker":"A Word With","kicker":"A Word With","print_headline":"Famke Janssen Plays Another Lethal Woman"},"web_url":"http:\/\/www.nytimes.com\/2017\/02\/17\/arts\/television\/famke-janssen-plays-another-lethal-woman-in-a-blacklist-spinoff.html","date":"2017-02-17T15:30:16+0000","news_desk":"Arts&Leisure"},{"keywords":[{"rank":"1","is_major":"N","name":"subject","value":"Labor and Jobs"},{"rank":"2","is_major":"N","name":"subject","value":"Layoffs and Job Reductions"},{"rank":"3","is_major":"N","name":"subject","value":"Men and Boys"},{"rank":"4","is_major":"N","name":"subject","value":"Women and Girls"},{"rank":"5","is_major":"N","name":"subject","value":"United States Economy"}],"headline":{"main":"Why Men Don\u2019t Want the Jobs Done Mostly by Women","content_kicker":"Pink-Collar Work","kicker":"The Upshot","print_headline":"Why Men Don\u2019t Want  Jobs Done Mostly by Women"},"web_url":"http:\/\/www.nytimes.com\/2017\/01\/04\/upshot\/why-men-dont-want-the-jobs-done-mostly-by-women.html","date":"2017-01-04T14:00:27+0000","news_desk":"Upshot"},{"keywords":[{"rank":"1","is_major":"N","name":"subject","value":"Women and Girls"},{"rank":"2","is_major":"N","name":"subject","value":"Mutual Funds"},{"rank":"3","is_major":"N","name":"subject","value":"Discrimination"},{"rank":"4","is_major":"N","name":"subject","value":"Careers and Professions"}],"headline":{"main":"A Trillion-Dollar Question: Why Don\u2019t More Women Run Mutual Funds?","print_headline":"A Trillion-Dollar Puzzle"},"web_url":"http:\/\/www.nytimes.com\/2017\/01\/13\/business\/mutfund\/a-trillion-dollar-question-why-dont-more-women-run-mutual-funds.html","date":"2017-01-13T20:43:16+0000","news_desk":"SundayBusiness"},{"keywords":[{"rank":"1","is_major":"N","name":"persons","value":"Moore, Mary Tyler"},{"rank":"2","is_major":"N","name":"subject","value":"Women and Girls"},{"rank":"3","is_major":"N","name":"subject","value":"Demonstrations, Protests and Riots"},{"rank":"4","is_major":"N","name":"subject","value":"Women's Rights"}],"headline":{"main":"The Women\u2019s March in My Living Room","content_kicker":"Opinion","kicker":"Opinion","print_headline":"The Women\u2019s March in My Living Room"},"web_url":"http:\/\/www.nytimes.com\/2017\/02\/04\/opinion\/sunday\/the-womens-march-in-my-living-room.html","date":"2017-02-04T19:30:04+0000","news_desk":"OpEd"},{"keywords":[{"rank":"1","is_major":"N","name":"persons","value":"Moore, Mary Tyler"},{"rank":"2","is_major":"N","name":"subject","value":"Television"},{"rank":"3","is_major":"N","name":"subject","value":"Actors and Actresses"},{"rank":"4","is_major":"N","name":"creative_works","value":"The Mary Tyler Moore Show (TV Program)"},{"rank":"5","is_major":"N","name":"creative_works","value":"The Dick Van Dyke Show (TV Program)"},{"rank":"6","is_major":"N","name":"subject","value":"Women and Girls"},{"rank":"7","is_major":"N","name":"persons","value":"Silver, Susan"}],"headline":{"main":"Sex and That \u201970s Single Woman, Mary Tyler Moore"},"web_url":"http:\/\/www.nytimes.com\/2017\/01\/25\/arts\/television\/mary-tyler-moore-show-moments.html","date":"2017-01-25T20:05:47+0000","news_desk":"Culture"},{"keywords":[{"rank":"1","is_major":"N","name":"persons","value":"Dresselhaus, Mildred Spiewak"},{"rank":"3","is_major":"N","name":"subject","value":"Women and Girls"},{"rank":"4","is_major":"N","name":"subject","value":"Deaths (Obituaries)"},{"rank":"5","is_major":"N","name":"subject","value":"Science and Technology"},{"rank":"6","is_major":"N","name":"organizations","value":"Massachusetts Institute of Technology"}],"headline":{"main":"Mildred Dresselhaus, the Queen of Carbon, Dies at 86","print_headline":"Mildred Dresselhaus, Who Pioneered Revolution in Carbon Use, Dies at 86"},"web_url":"http:\/\/www.nytimes.com\/2017\/02\/23\/science\/mildred-dresselhaus-dead-queen-of-carbon.html","date":"2017-02-24T01:32:59+0000","news_desk":"National"},{"keywords":[{"rank":"1","is_major":"N","name":"subject","value":"Women and Girls"},{"rank":"2","is_major":"N","name":"organizations","value":"Werk Enterprises Inc"},{"rank":"3","is_major":"N","name":"subject","value":"Work-Life Balance"},{"rank":"4","is_major":"N","name":"subject","value":"Part-Time Employment"},{"rank":"5","is_major":"N","name":"subject","value":"Labor and Jobs"}],"headline":{"main":"How to Close a Gender Gap: Let Employees Control Their Schedules","content_kicker":"Women\u2019s Work","kicker":"The Upshot","print_headline":"How to Close a Gender Gap: True Job Flexibility"},"web_url":"http:\/\/www.nytimes.com\/2017\/02\/07\/upshot\/how-to-close-a-gender-gap-let-employees-control-their-schedules.html","date":"2017-02-07T08:30:14+0000","news_desk":"Upshot"},{"keywords":[],"headline":{"main":"Report: Uber Exec Out After Failing to Disclose Allegation","print_headline":"Report: Uber Exec Out After Failing to Disclose Allegation"},"web_url":"http:\/\/www.nytimes.com\/aponline\/2017\/02\/27\/technology\/ap-us-tec-uber-executive-departure.html","date":"2017-02-27T23:55:06+0000","news_desk":null},{"keywords":[{"rank":"1","name":"persons","value":"Bush, Laura"},{"rank":"2","name":"persons","value":"Clinton, Bill"},{"rank":"3","name":"persons","value":"Clinton, Chelsea"},{"rank":"4","name":"persons","value":"Clinton, Hillary Rodham"},{"rank":"5","name":"persons","value":"Graham, Lindsey"},{"rank":"6","name":"persons","value":"Swain, Susan"},{"rank":"1","name":"subject","value":"First Ladies (US)"},{"rank":"2","name":"subject","value":"Labor and Jobs"},{"rank":"3","name":"subject","value":"Presidential Election of 2016"},{"rank":"4","name":"subject","value":"United States Politics and Government"},{"rank":"5","name":"subject","value":"Women and Girls"}],"headline":{"main":"Hire the Next First Lady","kicker":"Taking Note"},"web_url":"http:\/\/takingnote.blogs.nytimes.com\/2015\/06\/11\/hire-the-next-first-lady\/","date":"2015-06-11T10:47:39Z","news_desk":"OpEd"},{"keywords":[],"headline":{"main":"Grammys Add 1st Man, Transgender Woman as Trophy Presenters","print_headline":"Grammys Add 1st Man, Transgender Woman as Trophy Presenters"},"web_url":"http:\/\/www.nytimes.com\/aponline\/2017\/02\/10\/us\/ap-us-grammywatch-presenters-breakthrough.html","date":"2017-02-10T13:39:46+0000","news_desk":null},{"keywords":[{"rank":"1","is_major":"N","name":"persons","value":"Johansson, Scarlett"},{"rank":"2","is_major":"N","name":"subject","value":"Actors and Actresses"},{"rank":"3","is_major":"N","name":"subject","value":"Movies"},{"rank":"4","is_major":"N","name":"subject","value":"Women and Girls"}],"headline":{"main":"Scarlett Johansson: \u2018Admitting That You\u2019re Vulnerable Is a Very Powerful Thing\u2019","content_kicker":"Turning Points","kicker":"Turning Points","print_headline":"Scarlett Johansson on a changing Hollywood"},"web_url":"http:\/\/www.nytimes.com\/2016\/12\/06\/opinion\/scarlett-johansson-admitting-that-youre-vulnerable-is-a-very-powerful-thing.html","date":"2016-12-06T14:06:22+0000","news_desk":"SpecialSections"},{"keywords":[{"rank":"1","is_major":"N","name":"persons","value":"Madonna"},{"rank":"2","is_major":"N","name":"organizations","value":"Billboard (Magazine)"},{"rank":"3","is_major":"N","name":"subject","value":"Women and Girls"},{"rank":"4","is_major":"N","name":"subject","value":"Discrimination"},{"rank":"5","is_major":"N","name":"subject","value":"Pop and Rock Music"},{"rank":"6","is_major":"N","name":"subject","value":"Awards, Decorations and Honors"},{"rank":"7","is_major":"N","name":"subject","value":"Age, Chronological"}],"headline":{"main":"\u2018To Age Is a Sin\u2019: In Blunt Speech, Madonna Confronts Bias in Various Forms"},"web_url":"http:\/\/www.nytimes.com\/2016\/12\/10\/arts\/music\/madonna-billboard-awards-speech-ageism-sexism.html","date":"2016-12-10T21:08:35+0000","news_desk":"Culture"},{"keywords":[{"rank":"1","is_major":"N","value":"Doctors","name":"subject"},{"rank":"2","is_major":"N","value":"Medicine and Health","name":"subject"},{"rank":"3","is_major":"N","value":"Women and Girls","name":"subject"},{"rank":"4","is_major":"N","value":"Working Hours","name":"subject"},{"rank":"5","is_major":"N","value":"Part-Time Employment","name":"subject"}],"headline":{"main":"Seeking a Balance: Part-Time Doctor and Mom","kicker":"Letters","print_headline":"Seeking a Balance: Part-Time Doctor and Mom","content_kicker":"Letters"},"web_url":"http:\/\/www.nytimes.com\/2011\/06\/17\/opinion\/l17doctors.html","date":"2011-06-17T00:00:00Z","news_desk":"Letters"},{"keywords":[{"rank":"1","name":"persons","value":"Mayer, Marissa"},{"rank":"1","name":"glocations","value":"Silicon Valley (Calif)"},{"rank":"1","name":"organizations","value":"Yahoo Inc"},{"rank":"1","name":"subject","value":"Women and Girls"}],"headline":{"main":"Yahoo Chief's Challenge? Corner Office, New Baby","kicker":"Bits","print_headline":"Yahoo Chief\u2019s Challenge? Corner Office, New Baby"},"web_url":"http:\/\/bits.blogs.nytimes.com\/2012\/07\/17\/marissa-mayer-new-yahoo-chief-is-pregnant\/","date":"2012-07-17T00:33:26Z","news_desk":null},{"keywords":[{"rank":"1","name":"subject","value":"Careers and Professions"},{"rank":"2","name":"subject","value":"Colleges and Universities"},{"rank":"3","name":"subject","value":"Hiring and Promotion"},{"rank":"4","name":"subject","value":"Labor and Jobs"}],"headline":{"main":"College Counseling and Job Prospects","kicker":"Economix"},"web_url":"http:\/\/economix.blogs.nytimes.com\/2013\/07\/22\/college-counseling-and-job-prospects\/","date":"2013-07-22T16:44:30Z","news_desk":null},{"keywords":[{"rank":"1","is_major":"Y","name":"subject","value":"Movies"},{"rank":"2","is_major":"Y","name":"subject","value":"Women and Girls"},{"rank":"3","is_major":"Y","name":"subject","value":"Discrimination"},{"rank":"4","is_major":"Y","name":"subject","value":"Series"}],"headline":{"main":"In Hollywood, It\u2019s a Men\u2019s, Men\u2019s, Men\u2019s World","content_kicker":"The Director Gap","print_headline":"It\u2019s a Men\u2019s, Men\u2019s, Men\u2019s World"},"web_url":"http:\/\/www.nytimes.com\/2014\/12\/28\/movies\/in-hollywood-its-a-mens-mens-mens-world.html","date":"2014-12-28T00:00:00Z","news_desk":"Arts&Leisure"},{"keywords":[{"rank":"1","is_major":"Y","name":"subject","value":"Legal Profession"},{"rank":"2","is_major":"Y","name":"subject","value":"Women and Girls"},{"rank":"3","is_major":"Y","name":"subject","value":"Law Schools"},{"rank":"4","is_major":"N","name":"organizations","value":"American Bar Assn"},{"rank":"5","is_major":"N","name":"subject","value":"Labor and Jobs"}],"headline":{"main":"More Law Degrees for Women, but Fewer Good Jobs","print_headline":"More Women Are Lawyers, but Fewer Find Good Jobs"},"web_url":"http:\/\/www.nytimes.com\/2016\/11\/30\/business\/dealbook\/more-law-degrees-for-women-but-fewer-good-jobs.html","date":"2016-11-30T05:01:23+0000","news_desk":"Business"}]