[{"keywords":[{"rank":"1","is_major":"N","name":"subject","value":"Discrimination"},{"rank":"2","is_major":"N","name":"subject","value":"Colleges and Universities"},{"rank":"3","is_major":"N","name":"subject","value":"Sexual Harassment"},{"rank":"4","is_major":"N","name":"subject","value":"Title IX (Gender Discrimination Legislation)"},{"rank":"5","is_major":"N","name":"subject","value":"Women and Girls"},{"rank":"6","is_major":"N","name":"subject","value":"Civil Rights and Liberties"},{"rank":"7","is_major":"N","name":"subject","value":"Gender"},{"rank":"8","is_major":"N","name":"organizations","value":"Education Department (US)"},{"rank":"9","is_major":"N","name":"persons","value":"DeVos, Elizabeth (1958- )"},{"rank":"10","is_major":"N","name":"persons","value":"Trump, Donald J"}],"headline":{"main":"Fighting College Sexual Assault in the Trump Era","content_kicker":"Op-Ed Contributor","kicker":"Op-Ed Contributor"},"web_url":"http:\/\/www.nytimes.com\/2017\/02\/15\/opinion\/fighting-college-sexual-assault-in-the-trump-era.html","date":"2017-02-15T20:10:26+0000","news_desk":"OpEd"},{"keywords":[{"value":"Feldstein, Ruth","is_major":"Y","rank":"2","name":"persons"},{"value":"Civil Rights and Liberties","is_major":"N","rank":"3","name":"subject"},{"value":"Books and Literature","is_major":"Y","rank":"4","name":"subject"},{"value":"Blacks","is_major":"N","rank":"5","name":"subject"}],"headline":{"seo":"\u2018How It Feels to Be Free\u2019 Salutes Black Female Entertainers","main":"Harnessing Celebrity to Civil Rights Cause","kicker":"Books of The Times","print_headline":"Harnessing Celebrity to Civil Rights Cause","content_kicker":"Books of The Times"},"web_url":"http:\/\/www.nytimes.com\/2014\/01\/16\/books\/how-it-feels-to-be-free-salutes-black-female-entertainers.html","date":"2014-01-16T00:00:00Z","news_desk":"Culture"},{"keywords":[{"rank":"1","is_major":"N","name":"subject","value":"Books and Literature"},{"rank":"2","is_major":"N","name":"persons","value":"Ulrich, Laurel Thatcher"},{"rank":"3","is_major":"N","name":"creative_works","value":"A House Full of Females: Plural Marriage and Women's Rights in Early Mormonism, 1835-1870 (Book)"}],"headline":{"main":"How the Women of the Mormon Church Came to Embrace Polygamy","content_kicker":"Nonfiction","kicker":"Nonfiction","print_headline":"Book of Mormons"},"web_url":"http:\/\/www.nytimes.com\/2017\/01\/26\/books\/review\/house-full-of-females-laurel-thatcher-ulrich.html","date":"2017-01-26T10:00:03+0000","news_desk":"BookReview"},{"keywords":[{"rank":"1","is_major":"N","name":"subject","value":"Women's Rights"},{"rank":"2","is_major":"N","name":"persons","value":"Trump, Donald J"},{"rank":"3","is_major":"N","name":"subject","value":"United States Politics and Government"},{"rank":"4","is_major":"N","name":"persons","value":"Clinton, Hillary Rodham"},{"rank":"5","is_major":"N","name":"subject","value":"Demonstrations, Protests and Riots"},{"rank":"6","is_major":"N","name":"subject","value":"Women and Girls"},{"rank":"7","is_major":"N","name":"subject","value":"Presidential Election of 2016"},{"rank":"8","is_major":"N","name":"subject","value":"Race and Ethnicity"},{"rank":"9","is_major":"N","name":"organizations","value":"Democratic Party"}],"headline":{"main":"How a Fractious Women\u2019s Movement Came to Lead the Left","content_kicker":"Feature","kicker":"Feature","print_headline":"Forces in Opposition"},"web_url":"http:\/\/www.nytimes.com\/2017\/02\/07\/magazine\/how-a-fractious-womens-movement-came-to-lead-the-left.html","date":"2017-02-07T10:00:06+0000","news_desk":"Magazine"},{"keywords":[{"rank":"1","is_major":"N","name":"subject","value":"Discrimination"},{"rank":"2","is_major":"N","name":"subject","value":"Women's Rights"},{"rank":"3","is_major":"N","name":"subject","value":"Deaths (Obituaries)"},{"rank":"4","is_major":"N","name":"organizations","value":"National Organization for Women"},{"rank":"5","is_major":"N","name":"organizations","value":"Equal Employment Opportunity Commission"}],"headline":{"main":"Aileen Hernandez, 90, Ex-NOW President and Feminist Trailblazer, Dies","print_headline":"Aileen Hernandez, Ex-NOW President and Feminist Trailblazer, Dies at 90"},"web_url":"http:\/\/www.nytimes.com\/2017\/02\/28\/us\/aileen-hernandez-dead-womens-rights-champion.html","date":"2017-03-01T02:07:47+0000","news_desk":"National"},{"keywords":[{"rank":"1","name":"glocations","value":"Riyadh (Saudi Arabia)"},{"rank":"2","name":"glocations","value":"Saudi Arabia"},{"rank":"1","name":"organizations","value":"Amnesty International"},{"rank":"2","name":"organizations","value":"Human Rights Watch"},{"rank":"1","name":"subject","value":"Demonstrations, Protests, and Riots"},{"rank":"2","name":"subject","value":"Detainees"},{"rank":"3","name":"subject","value":"Human Rights and Human Rights Violations"},{"rank":"4","name":"subject","value":"Middle East and North Africa Unrest (2010- )"},{"rank":"5","name":"subject","value":"Women and Girls"}],"headline":{"main":"In Saudi Town, Women Protest Detentions, Leading to Their Own ","kicker":"The Lede"},"web_url":"http:\/\/thelede.blogs.nytimes.com\/2013\/01\/10\/in-saudi-town-women-protest-detentions-leading-to-their-own\/","date":"2013-01-10T16:03:49Z","news_desk":null},{"keywords":[{"name":"persons","value":"REHNQUIST, WILLIAM H"},{"name":"persons","value":"HIBBS, WILLIAM"},{"name":"glocations","value":"UNITED STATES"},{"name":"glocations","value":"NEVADA"},{"name":"organizations","value":"SUPREME COURT"},{"name":"subject","value":"SUSPENSIONS, DISMISSALS AND RESIGNATIONS"},{"name":"subject","value":"STATES (US)"},{"name":"subject","value":"LABOR"},{"name":"subject","value":"MEN"},{"name":"subject","value":"SUITS AND LITIGATION"},{"name":"subject","value":"DISCRIMINATION"},{"name":"subject","value":"WOMEN"},{"name":"subject","value":"LAW AND LEGISLATION"},{"name":"subject","value":"FAMILY LEAVES"},{"name":"subject","value":"DECISIONS AND VERDICTS"},{"name":"subject","value":"GOVERNMENT EMPLOYEES"}],"headline":{"main":"JUSTICES, 6-3, RULE WORKERS CAN SUE STATES OVER LEAVE","kicker":"THE SUPREME COURT: STATES' RIGHTS"},"web_url":"http:\/\/www.nytimes.com\/2003\/05\/28\/us\/supreme-court-states-rights-justices-6-3-rule-workers-can-sue-states-over-leave.html","date":"2003-05-28T00:00:00Z","news_desk":"National Desk"},{"keywords":[{"rank":"1","is_major":"N","name":"subject","value":"Same-Sex Marriage, Civil Unions and Domestic Partnerships"},{"rank":"11","is_major":"N","name":"persons","value":"Merkley, Jeffrey A (1956- )"},{"rank":"2","is_major":"Y","name":"subject","value":"Homosexuality and Bisexuality"},{"rank":"3","is_major":"Y","name":"subject","value":"Civil Rights and Liberties"},{"rank":"4","is_major":"Y","name":"subject","value":"Transgender and Transsexuals"},{"rank":"6","is_major":"N","name":"persons","value":"Koch, Edward I"},{"rank":"7","is_major":"N","name":"persons","value":"Abzug, Bella S"},{"rank":"8","is_major":"N","name":"organizations","value":"Human Rights Campaign"},{"rank":"9","is_major":"N","name":"organizations","value":"Family Research Council"},{"rank":"10","is_major":"N","name":"persons","value":"Merkley, Jeff"}],"headline":{"main":"Rights Bill Sought for Lesbian, Gay, Bisexual and Transgender Americans","print_headline":"Rights Bill Sought for Lesbian, Gay, Bisexual and Transgender Americans"},"web_url":"http:\/\/www.nytimes.com\/2014\/12\/05\/us\/advocates-seek-civil-rights-bill-for-lesbian-gay-bisexual-and-transgender-americans.html","date":"2014-12-05T00:00:00Z","news_desk":"National"},{"keywords":[{"rank":"1","is_major":"N","name":"glocations","value":"Afghanistan"},{"rank":"2","is_major":"N","name":"subject","value":"Elections"},{"rank":"3","is_major":"N","name":"subject","value":"Kidnapping"},{"rank":"4","is_major":"N","name":"subject","value":"Afghanistan War (2001- )"},{"rank":"5","is_major":"N","name":"organizations","value":"Taliban"},{"rank":"6","is_major":"N","name":"organizations","value":"United Nations Human Rights Commission"},{"rank":"7","is_major":"N","name":"subject","value":"Women and Girls"}],"headline":{"seo":"Workers for Female Afghan Politician Are Abducted","main":"Afghan Candidate\u2019s Campaign Workers Abducted","print_headline":"Afghan Female Candidate\u2019s Campaign Workers Abducted"},"web_url":"http:\/\/www.nytimes.com\/2010\/08\/27\/world\/asia\/27afghan.html","date":"2010-08-27T00:00:00Z","news_desk":"Foreign"},{"keywords":[{"rank":"1","is_major":"Y","name":"glocations","value":"Houston (Tex)"},{"rank":"11","is_major":"N","name":"organizations","value":"American Civil Liberties Union"},{"rank":"2","is_major":"Y","name":"subject","value":"Transgender and Transsexuals"},{"rank":"3","is_major":"Y","name":"subject","value":"Referendums"},{"rank":"4","is_major":"Y","name":"subject","value":"Discrimination"},{"rank":"5","is_major":"Y","name":"persons","value":"Parker, Annise D"},{"rank":"6","is_major":"N","name":"subject","value":"Same-Sex Marriage, Civil Unions and Domestic Partnerships"},{"rank":"7","is_major":"N","name":"subject","value":"City Councils"},{"rank":"8","is_major":"N","name":"subject","value":"Women and Girls"},{"rank":"9","is_major":"N","name":"subject","value":"Gender"},{"rank":"10","is_major":"N","name":"organizations","value":"Human Rights Campaign"}],"headline":{"main":"Tactics and Antagonists Draw Attention to Houston Rights Vote","print_headline":"Tactics and Antagonists Draw Attention to Houston Vote on Rights Law "},"web_url":"http:\/\/www.nytimes.com\/2015\/11\/01\/us\/tactics-and-antagonists-draw-attention-to-houston-rights-vote.html","date":"2015-11-01T00:00:00Z","news_desk":"National"},{"keywords":[{"rank":"1","is_major":"N","name":"subject","value":"Blacks"},{"rank":"2","is_major":"N","name":"subject","value":"Women's Rights"},{"rank":"3","is_major":"N","name":"subject","value":"Demonstrations, Protests and Riots"},{"rank":"4","is_major":"N","name":"glocations","value":"Washington (DC)"}],"headline":{"main":"Who Didn\u2019t Go to the Women\u2019s March Matters More Than Who Did","content_kicker":"Notebook","kicker":"Notebook"},"web_url":"http:\/\/www.nytimes.com\/2017\/01\/24\/magazine\/who-didnt-go-to-the-womens-march-matters-more-than-who-did.html","date":"2017-01-24T16:27:20+0000","news_desk":"Magazine"},{"keywords":[{"rank":"4","name":"subject","value":"Discrimination"},{"rank":"3","name":"subject","value":"Civil Rights and Liberties"},{"rank":"2","name":"persons","value":"Daragjati, Michael"},{"rank":"5","name":"organizations","value":"Police Department (NYC)"},{"rank":"1","name":"type_of_material","value":"News"},{"rank":"6","name":"glocations","value":"Staten Island (NYC)"}],"headline":{"main":"Plea Deal for Officer Accused of Civil Rights Violation","kicker":"City Room"},"web_url":"http:\/\/cityroom.blogs.nytimes.com\/2012\/01\/12\/plea-agreement-for-officer-accused-of-civil-rights-violation\/","date":"2012-01-12T14:06:15Z","news_desk":null},{"keywords":[{"value":"Southern Christian Leadership Conference","is_major":"N","rank":"1","name":"organizations"},{"value":"Blacks","is_major":"N","rank":"2","name":"subject"},{"value":"Civil Rights and Liberties","is_major":"N","rank":"3","name":"subject"},{"value":"King, Bernice","is_major":"N","rank":"4","name":"persons"},{"value":"King, Martin Luther Jr","is_major":"N","rank":"5","name":"persons"},{"value":"Georgia","is_major":"N","rank":"6","name":"glocations"}],"headline":{"main":"Georgia: King Daughter Is Elected","print_headline":"Georgia: King Daughter Is Elected","content_kicker":"National Briefing | SOUTH"},"web_url":"http:\/\/www.nytimes.com\/2009\/10\/31\/us\/31brfs-KINGDAUGHTER_BRF.html","date":"2009-10-31T00:00:00Z","news_desk":"National"},{"keywords":[{"rank":"4","name":"subject","value":"Civil Rights and Liberties"},{"rank":"3","name":"persons","value":"Fischetti, Ronald P"},{"rank":"2","name":"persons","value":"Daragjati, Michael"},{"rank":"5","name":"organizations","value":"Police Department (NYC)"},{"rank":"1","name":"type_of_material","value":"News"},{"rank":"6","name":"glocations","value":"Staten Island (NYC)"}],"headline":{"main":"Officer Pleads Guilty to Civil Rights Violation","kicker":"City Room"},"web_url":"http:\/\/cityroom.blogs.nytimes.com\/2012\/01\/24\/officer-pleads-guilty-to-civil-rights-violation\/","date":"2012-01-24T14:10:42Z","news_desk":null},{"keywords":[{"rank":"1","is_major":"N","value":"Libya","name":"glocations"},{"rank":"2","is_major":"N","value":"Tripoli (Libya)","name":"glocations"},{"rank":"3","is_major":"N","value":"Qaddafi, Muammar el-","name":"persons"},{"rank":"4","is_major":"N","value":"Women and Girls","name":"subject"},{"rank":"5","is_major":"N","value":"Civil Rights and Liberties","name":"subject"},{"rank":"6","is_major":"N","value":"Women's Rights","name":"subject"}],"headline":{"main":"For Women in Libya, a Long Road to Rights","print_headline":"For Women in Libya, a Long Road to Rights","content_kicker":"The Female Factor"},"web_url":"http:\/\/www.nytimes.com\/2011\/11\/23\/world\/middleeast\/23iht-letter23.html","date":"2011-11-23T16:45:00Z","news_desk":"Foreign"},{"keywords":[{"rank":"1","name":"glocations","value":"Goa (India)"},{"rank":"2","name":"glocations","value":"India"},{"rank":"3","name":"glocations","value":"Portugal"},{"rank":"1","name":"organizations","value":"International Herald Tribune"},{"rank":"1","name":"subject","value":"Women and Girls"},{"rank":"2","name":"subject","value":"Women's Rights"}],"headline":{"main":"Goa Points the Way for Women","kicker":"India Ink"},"web_url":"http:\/\/india.blogs.nytimes.com\/2012\/06\/20\/goa-points-the-way-for-women\/","date":"2012-06-20T03:17:13Z","news_desk":null},{"keywords":[{"rank":"1","is_major":"N","value":"Women and Girls","name":"subject"},{"rank":"2","is_major":"N","value":"Women's Rights","name":"subject"},{"rank":"3","is_major":"N","value":"China","name":"glocations"},{"rank":"4","is_major":"N","value":"Beijing (China)","name":"glocations"},{"rank":"5","is_major":"N","value":"Shanghai (China)","name":"glocations"}],"headline":{"main":"A Merry Band of Rights Pranksters","print_headline":"A Merry Band of Rights Pranksters","content_kicker":"Letter from China"},"web_url":"http:\/\/www.nytimes.com\/2012\/12\/05\/world\/asia\/05iht-letter05.html","date":"2012-12-05T13:00:00Z","news_desk":"Foreign"},{"keywords":[],"headline":{"main":"Obama Pays Tribute to Female Civil Rights Leaders","print_headline":"Obama Pays Tribute to Female Civil Rights Leaders"},"web_url":"http:\/\/www.nytimes.com\/aponline\/2015\/09\/19\/us\/politics\/ap-us-obama.html","date":"2015-09-19T09:28:26Z","news_desk":"None"},{"keywords":[{"name":"glocations","value":"UNITED STATES"},{"name":"organizations","value":"SUPREME COURT"},{"name":"subject","value":"ILLEGAL ALIENS"},{"name":"subject","value":"PRISONS AND PRISONERS"},{"name":"subject","value":"CENSORSHIP"},{"name":"subject","value":"MENTAL RETARDATION"},{"name":"subject","value":"EDUCATION AND SCHOOLS"},{"name":"subject","value":"BOOKS AND LITERATURE"},{"name":"subject","value":"IMMIGRATION AND EMIGRATION"},{"name":"subject","value":"LAW AND LEGISLATION"},{"name":"subject","value":"LIBRARIES AND LIBRARIANS"},{"name":"subject","value":"DECISIONS AND VERDICTS"}],"headline":{"main":"News Analysis","kicker":"SUPREME COURT TERM: DIVISIONS OVER RIGHTS"},"web_url":"http:\/\/www.nytimes.com\/1982\/07\/09\/us\/supreme-court-term-divisions-over-rights-news-analysis.html","date":"1982-07-09T00:00:00Z","news_desk":"National Desk"},{"keywords":[{"rank":"1","is_major":"Y","name":"glocations","value":"China"},{"rank":"2","is_major":"Y","name":"persons","value":"Xi Jinping"},{"rank":"3","is_major":"Y","name":"subject","value":"Women and Girls"},{"rank":"4","is_major":"Y","name":"organizations","value":"United Nations"},{"rank":"5","is_major":"N","name":"subject","value":"Women's Rights"},{"rank":"6","is_major":"N","name":"persons","value":"Ban Ki-moon"},{"rank":"7","is_major":"N","name":"organizations","value":"United Nations Entity for Gender Equality and the Empowerment of Women"}],"headline":{"main":"Xi Jinping Vows to \u2018Reaffirm\u2019 China\u2019s Commitment to Women\u2019s Rights","print_headline":" Xi Vows to &#8216;Reaffirm&#8217; Women&#8217;s Rights Efforts"},"web_url":"http:\/\/www.nytimes.com\/2015\/09\/28\/world\/asia\/china-united-nations-womens-rights.html","date":"2015-09-28T00:00:00Z","news_desk":"Foreign"}]