[{"keywords":[{"rank":"1","is_major":"N","name":"subject","value":"Women and Girls"},{"rank":"2","is_major":"N","name":"subject","value":"Equal Rights Amendment"},{"rank":"3","is_major":"N","name":"glocations","value":"France"}],"headline":{"main":"Female Factor","sub":"French Women Still Await True Equality"},"web_url":"http:\/\/www.nytimes.com\/video\/world\/europe\/1248069166590\/female-factor.html","date":"2010-10-11T20:45:21Z","news_desk":"World \/ Europe"},{"keywords":[{"value":"Music","is_major":"Y","rank":"5","name":"subject"},{"value":"Classical Music","is_major":"N","rank":"1","name":"subject"},{"value":"Women and Girls","is_major":"Y","rank":"3","name":"subject"},{"value":"Opera","is_major":"Y","rank":"4","name":"subject"},{"value":"Glover, Jane","is_major":"N","rank":"2","name":"persons"}],"headline":{"seo":"Female Conductors Search for Equality at Highest Level","main":"Missing From Podiums: Women","print_headline":"Missing From Podiums: Women "},"web_url":"http:\/\/www.nytimes.com\/2013\/12\/22\/arts\/music\/female-conductors-search-for-equality-at-highest-level.html","date":"2013-12-22T00:00:00Z","news_desk":"Arts&Leisure"},{"keywords":[{"name":"glocations","value":"UNITED STATES"},{"name":"subject","value":"LABOR"},{"name":"subject","value":"WOMEN"}],"headline":{"main":"Female Job Equality Urged"},"web_url":"http:\/\/query.nytimes.com\/gst\/abstract.html?res=9D04E2DA173DE63ABC4952DFB767838C679EDE","date":"1967-11-11T00:00:00Z","news_desk":null},{"keywords":[],"headline":{"main":"In Patriarchal Nepal, First Female President Works for Equality","print_headline":"In Patriarchal Nepal, First Female President Works for Equality"},"web_url":"http:\/\/www.nytimes.com\/reuters\/2015\/11\/10\/world\/asia\/10reuters-nepal-woman-president.html","date":"2015-11-10T08:05:18Z","news_desk":"None"},{"keywords":[],"headline":{"main":"Female Fighters Battle for Freedom and Equality in Syria: TRFN","print_headline":"Female Fighters Battle for Freedom and Equality in Syria: TRFN"},"web_url":"http:\/\/www.nytimes.com\/reuters\/2014\/12\/16\/world\/middleeast\/16reuters-syria-women.html","date":"2014-12-16T00:02:27Z","news_desk":"None"},{"keywords":[{"rank":"1","is_major":"N","name":"unknown","value":"Hebron"},{"rank":"2","is_major":"N","name":"glocations","value":"West Bank"},{"rank":"3","is_major":"N","name":"subject","value":"Politics and Government"},{"rank":"4","is_major":"N","name":"organizations","value":"Fatah, Al"},{"rank":"5","is_major":"N","name":"organizations","value":"Hamas"},{"rank":"6","is_major":"N","name":"glocations","value":"Israel"}],"headline":{"main":"Palestinians Go to the Polls","sub":"Female Candidates Push for Equality"},"web_url":"http:\/\/www.nytimes.com\/video\/world\/middleeast\/100000001843542\/palestinians-go-to-the-polls.html","date":"2012-10-13T18:16:12Z","news_desk":"World \/ Middle East"},{"keywords":[],"headline":{"main":"Female Golfers Hope to Score a Birdie for Gender Equality at Rio Olympics","print_headline":"Female Golfers Hope to Score a Birdie for Gender Equality at Rio Olympics"},"web_url":"http:\/\/www.nytimes.com\/reuters\/2016\/08\/04\/sports\/golf\/04reuters-olympics-rio-women-golf.html","date":"2016-08-04T16:01:46Z","news_desk":"None"},{"keywords":[],"headline":{"main":"STATE LEGISLATURES.; Female Equality in Missouri--Political Disabilities in Kansas--Impeachment of a Judge in the West Virginia Senate--A Hard Fight on Registration in the House.","kicker":"1"},"web_url":"http:\/\/query.nytimes.com\/gst\/abstract.html?res=9B07E2DB133BE63BBC4E53DFB466838B669FDE","date":"1870-02-06T00:03:58Z","news_desk":null},{"keywords":[{"rank":"1","is_major":"N","name":"organizations","value":"World Economic Forum"},{"rank":"2","is_major":"N","name":"persons","value":"Bohnet, Iris (1966- )"},{"rank":"3","is_major":"N","name":"subject","value":"Women and Girls"},{"rank":"4","is_major":"N","name":"subject","value":"vis-dispatch"}],"headline":{"main":"A Gathering of the Global Elite, Through a Woman\u2019s Eyes","print_headline":"Global Elite, as Viewed by a Woman"},"web_url":"http:\/\/www.nytimes.com\/2017\/01\/20\/business\/dealbook\/world-economic-forum-davos-women-gender-inequality.html","date":"2017-01-20T10:00:19+0000","news_desk":"Business"},{"keywords":[{"rank":"1","is_major":"N","name":"subject","value":"Women and Girls"},{"rank":"2","is_major":"N","name":"subject","value":"Women's Rights"},{"rank":"3","is_major":"N","name":"subject","value":"Discrimination"},{"rank":"4","is_major":"N","name":"subject","value":"Gender"},{"rank":"5","is_major":"N","name":"subject","value":"Men and Boys"},{"rank":"6","is_major":"N","name":"subject","value":"Sexual Harassment"}],"headline":{"main":"Republican Men Say It\u2019s a Better Time to Be a Woman Than a Man","content_kicker":"Gender Inequality","kicker":"The Upshot","print_headline":"Sexes Differ on Persistence of Sexism"},"web_url":"http:\/\/www.nytimes.com\/2017\/01\/17\/upshot\/republican-men-say-its-a-better-time-to-be-a-woman-than-a-man.html","date":"2017-01-17T15:58:19+0000","news_desk":"Upshot"},{"keywords":[{"rank":"1","is_major":"N","name":"persons","value":"Gibbs, Nicole (1993- )"},{"rank":"2","is_major":"N","name":"subject","value":"Australian Open (Tennis)"},{"rank":"3","is_major":"N","name":"subject","value":"Tennis"},{"rank":"4","is_major":"N","name":"subject","value":"Women and Girls"}],"headline":{"main":"Nicole Gibbs, Serena Williams\u2019s Next Opponent, Speaks Her Mind","print_headline":"Young Player Has Made Her Name by Speaking Her Mind"},"web_url":"http:\/\/www.nytimes.com\/2017\/01\/19\/sports\/tennis\/australian-open-nicole-gibbs-social-issues.html","date":"2017-01-20T01:47:11+0000","news_desk":"Sports"},{"keywords":[{"rank":"1","is_major":"N","name":"organizations","value":"Harvard University"},{"rank":"2","is_major":"N","name":"subject","value":"Women and Girls"}],"headline":{"main":"Women\u2019s Clubs at Harvard","content_kicker":"Letter","kicker":"Letter","print_headline":"Women\u2019s Clubs at Harvard"},"web_url":"http:\/\/www.nytimes.com\/2016\/05\/12\/opinion\/womens-clubs-at-harvard.html","date":"2016-05-12T00:00:00Z","news_desk":"Letters"},{"keywords":[{"rank":"1","is_major":"N","name":"subject","value":"Women and Girls"},{"rank":"2","is_major":"N","name":"subject","value":"Workplace Environment"}],"headline":{"main":"Women Do Like to Compete \u2014 Against Themselves","content_kicker":"Gray Matter","kicker":"Gray Matter","print_headline":"Actually, Women Do Like to Compete"},"web_url":"http:\/\/www.nytimes.com\/2017\/02\/24\/opinion\/sunday\/women-do-like-to-compete-against-themselves.html","date":"2017-02-24T15:26:50+0000","news_desk":"OpEd"},{"keywords":[],"headline":{"main":"Federation Wants Mixed Shooting Events for Tokyo 2020 Games","print_headline":"Federation Wants Mixed Shooting Events for Tokyo 2020 Games"},"web_url":"http:\/\/www.nytimes.com\/reuters\/2017\/02\/23\/sports\/olympics\/23reuters-olympics-shooting-tokyo.html","date":"2017-02-23T14:54:50+0000","news_desk":null},{"keywords":[{"rank":"1","is_major":"N","name":"subject","value":"Discrimination"},{"rank":"2","is_major":"N","name":"subject","value":"Women and Girls"},{"rank":"3","is_major":"N","name":"subject","value":"Workplace Environment"},{"rank":"4","is_major":"N","name":"subject","value":"Labor and Jobs"},{"rank":"5","is_major":"N","name":"glocations","value":"Great Britain"}],"headline":{"main":"Sent Home for Not Wearing Heels, She Ignited a British Rebellion","print_headline":"Ordered to Wear Heels, She Ignited a Rebellion"},"web_url":"http:\/\/www.nytimes.com\/2017\/01\/25\/world\/europe\/high-heels-british-inquiry-dress-codes-women.html","date":"2017-01-25T21:17:49+0000","news_desk":"Foreign"},{"keywords":[],"headline":{"main":"Sweden's 'Feminist Government' Takes Swipe at Trump","print_headline":"Sweden's 'Feminist Government' Takes Swipe at Trump"},"web_url":"http:\/\/www.nytimes.com\/aponline\/2017\/02\/03\/world\/europe\/ap-eu-sweden-trump.html","date":"2017-02-03T14:48:52+0000","news_desk":null},{"keywords":[{"rank":"1","is_major":"N","name":"subject","value":"Women's Rights"},{"rank":"2","is_major":"N","name":"subject","value":"Women and Girls"}],"headline":{"main":"Paths for Feminism After the Election","content_kicker":"Letters","kicker":"Letters","print_headline":"Paths for Feminism After the Election"},"web_url":"http:\/\/www.nytimes.com\/2017\/01\/09\/opinion\/paths-for-feminism-after-the-election.html","date":"2017-01-09T08:21:03+0000","news_desk":"Letters"},{"keywords":[{"rank":"1","is_major":"N","name":"subject","value":"Dancing"},{"rank":"2","is_major":"N","name":"subject","value":"Gender"},{"rank":"3","is_major":"N","name":"subject","value":"Women and Girls"}],"headline":{"main":"Of Women, Men and Ballet in the 21st Century","print_headline":"Women, Men and Ballet in the 21st Century"},"web_url":"http:\/\/www.nytimes.com\/2017\/01\/12\/arts\/dance\/of-women-men-and-ballet-in-the-21st-century.html","date":"2017-01-12T21:08:45+0000","news_desk":"Arts&Leisure"},{"keywords":[{"rank":"1","is_major":"N","name":"subject","value":"Demonstrations, Protests and Riots"},{"rank":"2","is_major":"N","name":"subject","value":"Women and Girls"},{"rank":"3","is_major":"N","name":"glocations","value":"Argentina"},{"rank":"4","is_major":"N","name":"subject","value":"Women's Rights"}],"headline":{"main":"Topless Uprising Against Sexism","content_kicker":"Op-Ed Contributor","kicker":"Op-Ed Contributor","print_headline":"A topless uprising"},"web_url":"http:\/\/www.nytimes.com\/2017\/02\/20\/opinion\/topless-uprising-against-sexism.html","date":"2017-02-20T15:53:24+0000","news_desk":"OpEd"},{"keywords":[{"rank":"1","is_major":"N","name":"subject","value":"Blacks"},{"rank":"2","is_major":"N","name":"subject","value":"Movies"},{"rank":"3","is_major":"N","name":"subject","value":"Women and Girls"},{"rank":"4","is_major":"N","name":"persons","value":"Dash, Julie"},{"rank":"6","is_major":"N","name":"organizations","value":"Brooklyn Academy of Music"}],"headline":{"main":"A Film Series Honors Black Women Directors","print_headline":"Black Daughters of the Movie Camera"},"web_url":"http:\/\/www.nytimes.com\/2017\/01\/27\/movies\/black-women-directors-film-series.html","date":"2017-01-27T17:21:16+0000","news_desk":"Arts&Leisure"}]