[{"keywords":[],"headline":{"main":"U.S. Judge Blocks Transgender, Abortion-Related Obamacare Protections","print_headline":"U.S. Judge Blocks Transgender, Abortion-Related Obamacare Protections"},"web_url":"http:\/\/www.nytimes.com\/reuters\/2016\/12\/31\/us\/politics\/31reuters-usa-obamacare.html","date":"2017-01-01T01:21:28+0000","news_desk":null},{"keywords":[],"headline":{"main":"Health Worker Who Contracted Ebola Wore Protective Gear-Official","print_headline":"Health Worker Who Contracted Ebola Wore Protective Gear-Official"},"web_url":"http:\/\/www.nytimes.com\/reuters\/2014\/10\/12\/us\/12reuters-health-ebola-usa-precautions.html","date":"2014-10-12T09:54:18Z","news_desk":"None"},{"keywords":[{"rank":"1","name":"persons","value":"Conde, Alpha"},{"rank":"1","name":"glocations","value":"Africa"},{"rank":"2","name":"glocations","value":"Conakry (Guinea)"},{"rank":"3","name":"glocations","value":"Guinea"},{"rank":"4","name":"glocations","value":"Indonesia"},{"rank":"1","name":"organizations","value":"United Nations Children's Fund"},{"rank":"2","name":"organizations","value":"World Health Organization"},{"rank":"1","name":"subject","value":"Ebola Virus"},{"rank":"2","name":"subject","value":"Epidemics"},{"rank":"3","name":"subject","value":"Female Genital Mutilation"},{"rank":"4","name":"subject","value":"Women and Girls"}],"headline":{"main":"Leveraging Ebola to Tackle FGM","kicker":"Nicholas Kristof"},"web_url":"http:\/\/kristof.blogs.nytimes.com\/2016\/02\/09\/leveraging-ebola-to-tackle-fgm\/","date":"2016-02-09T17:14:37Z","news_desk":"OpEd"},{"keywords":[{"rank":"1","name":"persons","value":"Dukureh, Jaha"},{"rank":"1","name":"glocations","value":"Africa"},{"rank":"2","name":"glocations","value":"Gambia"},{"rank":"3","name":"glocations","value":"United States"},{"rank":"1","name":"organizations","value":"Centers for Disease Control and Prevention"},{"rank":"2","name":"organizations","value":"Equality Now"},{"rank":"3","name":"organizations","value":"Population Reference Bureau"},{"rank":"1","name":"subject","value":"Female Genital Mutilation"},{"rank":"2","name":"subject","value":"Women and Girls"}],"headline":{"main":"FGM: A Modern-Day Scourge in the United States","kicker":"Nicholas Kristof"},"web_url":"http:\/\/kristof.blogs.nytimes.com\/2015\/05\/22\/fgm-a-modern-day-scourge-in-the-united-states\/","date":"2015-05-22T12:07:34Z","news_desk":"OpEd"},{"keywords":[],"headline":{"main":"U.S. Government to Extend Healthcare Nondiscrimination Law to Transgender People","print_headline":"U.S. Government to Extend Healthcare Nondiscrimination Law to Transgender People"},"web_url":"http:\/\/www.nytimes.com\/reuters\/2015\/09\/03\/us\/03reuters-usa-healthcare-discrimination.html","date":"2015-09-03T13:24:10Z","news_desk":"None"},{"keywords":[],"headline":{"main":"Transgender People Face Challenges for Adequate Health Care-Study","print_headline":"Transgender People Face Challenges for Adequate Health Care-Study"},"web_url":"http:\/\/www.nytimes.com\/reuters\/2016\/06\/17\/world\/asia\/17reuters-world-health-lgbt.html","date":"2016-06-17T04:08:56Z","news_desk":"None"},{"keywords":[],"headline":{"main":"In LGBT 'Paradise', Thai Transgender Activist Breaks Barriers to Education","print_headline":"In LGBT 'Paradise', Thai Transgender Activist Breaks Barriers to Education"},"web_url":"http:\/\/www.nytimes.com\/reuters\/2017\/01\/17\/world\/asia\/17reuters-thailand-lgbt.html","date":"2017-01-18T01:27:28+0000","news_desk":null},{"keywords":[],"headline":{"main":"French Ebola Case to Receive Test Treatment, Minister Says","print_headline":"French Ebola Case to Receive Test Treatment, Minister Says"},"web_url":"http:\/\/www.nytimes.com\/reuters\/2014\/09\/19\/world\/africa\/19reuters-health-ebola-france.html","date":"2014-09-19T03:30:00Z","news_desk":null},{"keywords":[],"headline":{"main":"GlaxoSmithKline Names Insider Emma Walmsley as New CEO","print_headline":"GlaxoSmithKline Names Insider Emma Walmsley as New CEO"},"web_url":"http:\/\/www.nytimes.com\/reuters\/2016\/09\/20\/business\/20reuters-gsk-ceo.html","date":"2016-09-20T06:24:05Z","news_desk":"None"},{"keywords":[],"headline":{"main":"Elections Get Dirty as Adult Filmmakers Set Up Political Action Committee","print_headline":"Elections Get Dirty as Adult Filmmakers Set Up Political Action Committee"},"web_url":"http:\/\/www.nytimes.com\/reuters\/2016\/04\/27\/us\/politics\/27reuters-california-politics-porn.html","date":"2016-04-27T20:49:59Z","news_desk":"None"},{"keywords":[{"rank":"1","is_major":"Y","name":"subject","value":"Veterans"},{"rank":"2","is_major":"Y","name":"subject","value":"Women and Girls"},{"rank":"3","is_major":"Y","name":"subject","value":"Sex Crimes"},{"rank":"4","is_major":"Y","name":"subject","value":"United States Defense and Military Forces"},{"rank":"5","is_major":"N","name":"organizations","value":"Veterans Affairs Department"},{"rank":"6","is_major":"Y","name":"subject","value":"Homeless Persons"},{"rank":"7","is_major":"N","name":"organizations","value":"Volunteers of America"},{"rank":"8","is_major":"N","name":"organizations","value":"Housing and Urban Development Department"},{"rank":"9","is_major":"Y","name":"subject","value":"Series"}],"headline":{"seo":"Female Veterans Face Limbo in Lives on the Street","main":"Trauma Sets Female Veterans Adrift Back Home","content_kicker":"Honor Betrayed","kicker":"Honor Betrayed","print_headline":"Trauma Sets Female Veterans Adrift Back Home"},"web_url":"http:\/\/www.nytimes.com\/2013\/02\/28\/us\/female-veterans-face-limbo-in-lives-on-the-street.html","date":"2013-02-28T00:00:00Z","news_desk":"National"},{"keywords":[],"headline":{"main":"California Inmate Sterilizations Violated Informed Consent Rules: Audit","print_headline":"California Inmate Sterilizations Violated Informed Consent Rules: Audit"},"web_url":"http:\/\/www.nytimes.com\/reuters\/2014\/06\/19\/us\/19reuters-usa-california-prisons.html","date":"2014-06-19T17:52:58Z","news_desk":null},{"keywords":[{"name":"organizations","value":"US HEALTHCARE INC"},{"name":"organizations","value":"AETNA INC"},{"name":"subject","value":"HEALTH INSURANCE"},{"name":"subject","value":"ARTIFICIAL INSEMINATION"},{"name":"subject","value":"REPRODUCTION (BIOLOGICAL)"},{"name":"subject","value":"INFERTILITY"}],"headline":{"main":"AETNA IS REDUCING FERTILITY BENEFITS"},"web_url":"http:\/\/www.nytimes.com\/1998\/01\/10\/us\/aetna-is-reducing-fertility-benefits.html","date":"1998-01-10T00:00:00Z","news_desk":"National Desk"},{"keywords":[{"rank":"1","is_major":"Y","name":"subject","value":"Executive Compensation"},{"rank":"2","is_major":"Y","name":"organizations","value":"Equilar"},{"rank":"3","is_major":"Y","name":"subject","value":"Women and Girls"},{"rank":"4","is_major":"Y","name":"subject","value":"Boards of Directors"}],"headline":{"main":"Where More Women Are on Boards, Executive Pay Is Higher","content_kicker":"Fair Game","kicker":"Fair Game","print_headline":"Boards With More Women Grant Higher Pay"},"web_url":"http:\/\/www.nytimes.com\/2016\/05\/29\/business\/where-more-women-are-on-boards-executive-pay-is-higher.html","date":"2016-05-29T00:00:00Z","news_desk":"SundayBusiness"},{"keywords":[{"name":"persons","value":"DEBUONO, BARBARA A"},{"name":"organizations","value":"NEW YORK AND PRESBYTERIAN HOSPITAL"},{"name":"organizations","value":"NEW YORK PRESBYTERIAN HEALTHCARE SYSTEM"},{"name":"organizations","value":"HEALTH DEPARTMENT"},{"name":"subject","value":"MEDICINE AND HEALTH"}],"headline":{"main":"Health Commissioner Is Leaving"},"web_url":"http:\/\/www.nytimes.com\/1998\/07\/29\/nyregion\/health-commissioner-is-leaving.html","date":"1998-07-29T00:00:00Z","news_desk":"Metropolitan Desk"},{"keywords":[{"name":"glocations","value":"NEW YORK STATE"},{"name":"glocations","value":"HARRISON (NY)"},{"name":"organizations","value":"ST VINCENT'S WESTCHESTER HOSPITAL"},{"name":"subject","value":"SEX CRIMES"},{"name":"subject","value":"CHILDREN AND YOUTH"},{"name":"subject","value":"MENTAL HEALTH AND DISORDERS"},{"name":"subject","value":"DRUG ABUSE AND TRAFFIC"}],"headline":{"main":"Patient-Abuse Charges Under Investigation"},"web_url":"http:\/\/www.nytimes.com\/2004\/05\/22\/nyregion\/patient-abuse-charges-under-investigation.html","date":"2004-05-22T00:00:00Z","news_desk":"Metropolitan Desk"},{"keywords":[],"headline":{"main":"Nicotine and Tobacco"},"web_url":"http:\/\/health.nytimes.com\/health\/guides\/disease\/nicotine-withdrawal\/overview.html","date":null,"news_desk":null},{"keywords":[],"headline":{"main":"Risks of Tobacco"},"web_url":"http:\/\/health.nytimes.com\/health\/guides\/specialtopic\/smoking-and-smokeless-tobacco\/overview.html","date":null,"news_desk":null},{"keywords":[],"headline":{"main":"Dog of Ebola-Infected Dallas Nurse to Be Cared For: Officials Pledge","print_headline":"Dog of Ebola-Infected Dallas Nurse to Be Cared For: Officials Pledge"},"web_url":"http:\/\/www.nytimes.com\/reuters\/2014\/10\/13\/us\/13reuters-health-ebola-usa-dog.html","date":"2014-10-13T14:12:02Z","news_desk":"None"},{"keywords":[],"headline":{"main":"Violence Against Women Rises in Ebola-Hit Nations: Ministers","print_headline":"Violence Against Women Rises in Ebola-Hit Nations: Ministers"},"web_url":"http:\/\/www.nytimes.com\/reuters\/2015\/03\/18\/world\/africa\/18reuters-health-ebola-women.html","date":"2015-03-18T19:21:30Z","news_desk":"None"}]