[{"keywords":[{"rank":"1","is_major":"N","name":"subject","value":"Women's Rights"},{"rank":"2","is_major":"N","name":"persons","value":"Trump, Donald J"},{"rank":"3","is_major":"N","name":"subject","value":"United States Politics and Government"},{"rank":"4","is_major":"N","name":"persons","value":"Clinton, Hillary Rodham"},{"rank":"5","is_major":"N","name":"subject","value":"Demonstrations, Protests and Riots"},{"rank":"6","is_major":"N","name":"subject","value":"Women and Girls"},{"rank":"7","is_major":"N","name":"subject","value":"Presidential Election of 2016"},{"rank":"8","is_major":"N","name":"subject","value":"Race and Ethnicity"},{"rank":"9","is_major":"N","name":"organizations","value":"Democratic Party"}],"headline":{"main":"How a Fractious Women\u2019s Movement Came to Lead the Left","content_kicker":"Feature","kicker":"Feature","print_headline":"Forces in Opposition"},"web_url":"http:\/\/www.nytimes.com\/2017\/02\/07\/magazine\/how-a-fractious-womens-movement-came-to-lead-the-left.html","date":"2017-02-07T10:00:06+0000","news_desk":"Magazine"},{"keywords":[{"rank":"1","is_major":"Y","name":"subject","value":"Muslim Veiling"},{"rank":"2","is_major":"Y","name":"subject","value":"Uighurs (Chinese Ethnic Group)"},{"rank":"3","is_major":"N","name":"organizations","value":"Human Rights Watch"},{"rank":"4","is_major":"Y","name":"glocations","value":"China"},{"rank":"5","is_major":"N","name":"glocations","value":"Urumqi (China)"},{"rank":"6","is_major":"N","name":"glocations","value":"Xinjiang (China)"},{"rank":"7","is_major":"Y","name":"subject","value":"Women and Girls"},{"rank":"8","is_major":"N","name":"subject","value":"Han Chinese (Ethnic Group)"}],"headline":{"main":"Uighurs\u2019 Veils Signal Protest Against China\u2019s Restrictions","sub":"Limits on Religious Dress and Practices Draw Anger, Even Among Assimilated Women","print_headline":"Veils Emerge as Sign of Uighur Protest in China"},"web_url":"http:\/\/www.nytimes.com\/2014\/08\/08\/world\/asia\/uighurs-veils-a-protest-against-chinas-curbs.html","date":"2014-08-08T00:00:00Z","news_desk":"Foreign"},{"keywords":[],"headline":{"main":"Infertility"},"web_url":"http:\/\/health.nytimes.com\/health\/guides\/disease\/infertility-in-men\/overview.html","date":null,"news_desk":null},{"keywords":[{"rank":"1","is_major":"N","name":"persons","value":"Jenner, Caitlyn (1949- )"},{"rank":"2","is_major":"N","name":"subject","value":"Women and Girls"},{"rank":"3","is_major":"N","name":"subject","value":"Gender"},{"rank":"4","is_major":"N","name":"subject","value":"Transgender and Transsexuals"},{"rank":"5","is_major":"N","name":"subject","value":"Social Conditions and Trends"},{"rank":"6","is_major":"N","name":"subject","value":"Discrimination"}],"headline":{"main":"Caitlyn Jenner and Gender Stereotypes","content_kicker":"Letters","kicker":"Letters","print_headline":"Jenner and Gender"},"web_url":"http:\/\/www.nytimes.com\/2015\/06\/14\/opinion\/caitlyn-jenner-and-gender-stereotypes.html","date":"2015-06-14T00:00:00Z","news_desk":"Letters"},{"keywords":[{"value":"Europe","name":"glocations","rank":"1"},{"value":"Japan","name":"glocations","rank":"2"},{"value":"United States","name":"glocations","rank":"3"},{"value":"Divorce, Separations and Annulments","name":"subject","rank":"1"},{"value":"Economic Conditions and Trends","name":"subject","rank":"2"},{"value":"Families and Family Life","name":"subject","rank":"3"},{"value":"Gender","name":"subject","rank":"4"},{"value":"Liberalism (US Politics)","name":"subject","rank":"5"},{"value":"Marriages","name":"subject","rank":"6"},{"value":"Men and Boys","name":"subject","rank":"7"},{"value":"Sex","name":"subject","rank":"8"},{"value":"Social Conditions and Trends","name":"subject","rank":"9"},{"value":"Women and Girls","name":"subject","rank":"10"}],"headline":{"main":"On The Liberal Marriage Hypothesis","kicker":"Ross Douthat"},"web_url":"http:\/\/douthat.blogs.nytimes.com\/2014\/12\/17\/on-the-liberal-marriage-hypothesis\/","date":"2014-12-17T14:46:41Z","news_desk":"OpEd"},{"keywords":[],"headline":{"main":"Infertility in Women"},"web_url":"http:\/\/health.nytimes.com\/health\/guides\/disease\/infertility-in-women\/overview.html","date":null,"news_desk":null},{"keywords":[{"rank":"1","is_major":"N","name":"subject","value":"Art"},{"rank":"2","is_major":"N","name":"subject","value":"Photography"},{"rank":"3","is_major":"N","name":"glocations","value":"New York City"},{"rank":"4","is_major":"N","name":"persons","value":"Charlesworth, Sarah"},{"rank":"5","is_major":"N","name":"persons","value":"Prince, Richard"},{"rank":"6","is_major":"N","name":"persons","value":"Sherman, Cindy"},{"rank":"7","is_major":"N","name":"persons","value":"Salle, David"},{"rank":"8","is_major":"N","name":"persons","value":"Simmons, Laurie"}],"headline":{"main":"These \u201980s Artists Are More Important Than Ever","print_headline":"Back in the Frame"},"web_url":"http:\/\/www.nytimes.com\/2017\/02\/13\/t-magazine\/pictures-generation-new-york-artists-cindy-sherman-robert-longo.html","date":"2017-02-13T09:12:57+0000","news_desk":"TStyle"},{"keywords":[{"rank":"1","is_major":"Y","value":"Matchar, Emily","name":"persons"},{"rank":"2","is_major":"Y","value":"Link, Mardi Jo","name":"persons"},{"rank":"4","is_major":"Y","value":"Books and Literature","name":"subject"},{"rank":"5","is_major":"N","value":"Women and Girls","name":"subject"}],"headline":{"seo":"\u2018Homeward Bound\u2019 and \u2018Bootstrapper\u2019","main":"The Fortress of Solicitude","print_headline":"The Fortress of Solicitude"},"web_url":"http:\/\/www.nytimes.com\/2013\/06\/09\/books\/review\/homeward-bound-and-bootstrapper.html","date":"2013-06-09T00:00:00Z","news_desk":"BookReview"},{"keywords":[{"name":"persons","value":"STEFANI, GWEN"},{"name":"persons","value":"VAN GELDER, LAWRENCE"},{"name":"glocations","value":"KUALA LUMPUR (MALAYSIA)"},{"name":"subject","value":"MUSIC"},{"name":"subject","value":"ISLAM"},{"name":"subject","value":"DEMONSTRATIONS AND RIOTS"}],"headline":{"main":"Muslims In Malaysia Protest Stefani Concert","kicker":"ARTS, BRIEFLY"},"web_url":"http:\/\/query.nytimes.com\/gst\/fullpage.html?res=9D02EFD81630F930A3575BC0A9619C8B63","date":"2007-08-03T00:00:00Z","news_desk":"Movies, Performing Arts\/Weekend Desk"},{"keywords":[],"headline":{"main":"Urinary Tract Infection - Adults"},"web_url":"http:\/\/health.nytimes.com\/health\/guides\/disease\/urinary-tract-infection\/overview.html","date":null,"news_desk":null},{"keywords":[{"rank":"4","is_major":"N","value":"Careers and Professions","name":"subject"},{"rank":"2","is_major":"Y","value":"Women and Girls","name":"subject"},{"rank":"5","is_major":"Y","value":"Women's Media Center","name":"organizations"},{"rank":"1","is_major":"Y","value":"News and News Media","name":"subject"},{"rank":"3","is_major":"N","value":"Newspapers","name":"subject"}],"headline":{"main":"The Media Has a Woman Problem","kicker":"Opinion","print_headline":"The Media Has a Woman Problem","content_kicker":"Opinion"},"web_url":"http:\/\/www.nytimes.com\/2014\/04\/27\/opinion\/sunday\/the-media-has-a-woman-problem.html","date":"2014-04-27T00:00:00Z","news_desk":"OpEd"},{"keywords":[{"rank":"1","is_major":"N","value":"Women and Girls","name":"subject"},{"rank":"2","is_major":"N","value":"Women's Rights","name":"subject"},{"rank":"3","is_major":"N","value":"Marriages","name":"subject"},{"rank":"4","is_major":"N","value":"Same-Sex Marriage, Civil Unions and Domestic Partnerships","name":"subject"},{"rank":"5","is_major":"N","value":"Dating and Courtship","name":"subject"}],"headline":{"main":"They Call It the Reverse Gender Gap","print_headline":"They Call It the Reverse Gender Gap","content_kicker":"The Female Factor"},"web_url":"http:\/\/www.nytimes.com\/2011\/12\/14\/us\/14iht-letter14.html","date":"2011-12-14T13:20:00Z","news_desk":"Foreign"},{"keywords":[],"headline":{"main":"Cystitis - Acute"},"web_url":"http:\/\/health.nytimes.com\/health\/guides\/disease\/cystitis-acute-bacterial\/overview.html","date":null,"news_desk":null},{"keywords":[{"rank":"5","is_major":"N","value":"Cable Television","name":"subject"},{"rank":"7","is_major":"N","value":"NBCUniversal","name":"organizations"},{"rank":"3","is_major":"N","value":"Advertising and Marketing","name":"subject"},{"rank":"6","is_major":"N","value":"Bravo","name":"organizations"},{"rank":"1","is_major":"N","value":"Women and Girls","name":"subject"},{"rank":"2","is_major":"N","value":"Upfronts (Television)","name":"subject"},{"rank":"4","is_major":"N","value":"Oxygen Media","name":"organizations"}],"headline":{"main":"Oxygen Shifts Focus to Millennial Viewers"},"web_url":"http:\/\/www.nytimes.com\/2014\/04\/09\/business\/media\/oxygen-shifts-focus-to-millennial-viewers.html","date":"2014-04-09T00:00:00Z","news_desk":"Business"},{"keywords":[{"rank":"1","is_major":"N","name":"subject","value":"Culture (Arts)"},{"rank":"2","is_major":"N","name":"subject","value":"Celebrities"},{"rank":"3","is_major":"N","name":"persons","value":"Knowles, Beyonce"},{"rank":"4","is_major":"N","name":"persons","value":"Knowles, Solange"},{"rank":"5","is_major":"N","name":"persons","value":"Lawson, Tina Knowles"},{"rank":"6","is_major":"N","name":"subject","value":"Pop and Rock Music"}],"headline":{"main":"The Matriarch Behind Beyonc\u00e9 and Solange","print_headline":"She\u2019s the Mother  of All Pop Mothers"},"web_url":"http:\/\/www.nytimes.com\/2017\/01\/21\/fashion\/tina-knowles-lawson-beyonce-solange-matriarch.html","date":"2017-01-21T11:00:04+0000","news_desk":"Styles"},{"keywords":[{"rank":"1","name":"subject","value":"Legal Profession"},{"rank":"2","name":"subject","value":"Women and Girls"}],"headline":{"main":"A Law Firm Stands Out for Its Work, Not Its Gender Makeup ","kicker":"DealBook","print_headline":"Law Firm Stands Out for Its Work, Not Its Gender Makeup"},"web_url":"http:\/\/dealbook.nytimes.com\/2013\/04\/02\/a-law-firm-stands-out-for-its-work-not-its-gender-makeup\/","date":"2013-04-02T13:24:04Z","news_desk":null},{"keywords":[{"rank":"1","is_major":"Y","name":"subject","value":"Sexual Harassment"},{"rank":"2","is_major":"Y","name":"persons","value":"Baupin, Denis (1962- )"},{"rank":"3","is_major":"Y","name":"glocations","value":"France"},{"rank":"4","is_major":"Y","name":"subject","value":"Women's Rights"},{"rank":"5","is_major":"N","name":"subject","value":"Women and Girls"},{"rank":"6","is_major":"N","name":"subject","value":"Legislatures and Parliaments"}],"headline":{"main":"French Lawmaker\u2019s Fall Over Harassment Claims May Hold Lesson for Men: Behave","content_kicker":"Memo From France","kicker":"Memo From France","print_headline":"Lawmaker\u2019s Downfall May Hold Lesson for Men: Behave"},"web_url":"http:\/\/www.nytimes.com\/2016\/05\/23\/world\/europe\/france-sexual-harassment-denis-baupin-politics.html","date":"2016-05-23T00:00:00Z","news_desk":"Foreign"},{"keywords":[],"headline":{"main":"Urinary Tract Infection - Children"},"web_url":"http:\/\/health.nytimes.com\/health\/guides\/disease\/urinary-tract-infection-chronic-or-recurrent\/overview.html","date":null,"news_desk":null},{"keywords":[{"rank":"1","is_major":"N","value":"Women and Girls","name":"subject"},{"rank":"2","is_major":"N","value":"Books and Literature","name":"subject"},{"rank":"3","is_major":"Y","value":"Comedy and Humor","name":"subject"},{"rank":"4","is_major":"Y","value":"Betches LLC","name":"organizations"},{"rank":"5","is_major":"Y","value":"Abraham, Jordana","name":"persons"},{"rank":"6","is_major":"Y","value":"Fishbein, Samantha","name":"persons"},{"rank":"7","is_major":"Y","value":"Kuperman, Aleen","name":"persons"}],"headline":{"main":"Laughing All the Way to the Bank","print_headline":"Laughing All the Way To the Bank"},"web_url":"http:\/\/www.nytimes.com\/2013\/06\/27\/fashion\/laughing-all-the-way-to-the-bank.html","date":"2013-06-27T00:00:00Z","news_desk":"Styles"},{"keywords":[{"rank":"1","is_major":"Y","name":"subject","value":"Movies"},{"rank":"2","is_major":"N","name":"subject","value":"Jews and Judaism"},{"rank":"3","is_major":"N","name":"subject","value":"Women and Girls"},{"rank":"5","is_major":"Y","name":"persons","value":"Burshtein, Rama"},{"rank":"6","is_major":"N","name":"glocations","value":"Israel"}],"headline":{"seo":"\u2018Fill the Void,\u2019 Directed by Rama Burshtein","main":"An Unconventional Look at Orthodoxy","print_headline":"An Unconventional Look at Orthodoxy"},"web_url":"http:\/\/www.nytimes.com\/2013\/05\/05\/movies\/fill-the-void-directed-by-rama-burshtein.html","date":"2013-05-05T00:00:00Z","news_desk":"Arts&Leisure"}]