[{"keywords":[],"headline":{"main":"Ecuador Transgender People Vote for First Time According to Chosen Gender","print_headline":"Ecuador Transgender People Vote for First Time According to Chosen Gender"},"web_url":"http:\/\/www.nytimes.com\/reuters\/2017\/02\/19\/world\/americas\/19reuters-ecuador-election-transgender.html","date":"2017-02-19T18:24:29+0000","news_desk":null},{"keywords":[],"headline":{"main":"California Lawmakers Want Third-Gender Option on IDs","print_headline":"California Lawmakers Want Third-Gender Option on IDs"},"web_url":"http:\/\/www.nytimes.com\/aponline\/2017\/01\/26\/us\/ap-us-gender-state-ids.html","date":"2017-01-26T22:37:04+0000","news_desk":null},{"keywords":[],"headline":{"main":"Teenage Wrestler Takes Transgender Rights to the Mat in Texas Championship","print_headline":"Teenage Wrestler Takes Transgender Rights to the Mat in Texas Championship"},"web_url":"http:\/\/www.nytimes.com\/reuters\/2017\/02\/24\/sports\/24reuters-texas-lgbt-wrestler.html","date":"2017-02-24T21:24:28+0000","news_desk":null},{"keywords":[],"headline":{"main":"Transgender Nepali Has Her Big Moment on Indian Catwalk","print_headline":"Transgender Nepali Has Her Big Moment on Indian Catwalk"},"web_url":"http:\/\/www.nytimes.com\/aponline\/2017\/02\/02\/world\/asia\/ap-as-india-transgender-model.html","date":"2017-02-03T00:33:55+0000","news_desk":null},{"keywords":[],"headline":{"main":"Basketball Inches Closer to Ending Ban on Religious Headgear","print_headline":"Basketball Inches Closer to Ending Ban on Religious Headgear"},"web_url":"http:\/\/www.nytimes.com\/aponline\/2017\/02\/03\/us\/ap-bko-fiba-headgear-ban.html","date":"2017-02-03T07:39:39+0000","news_desk":null},{"keywords":[],"headline":{"main":"Caroline Kennedy Leaves Japan After 3 Years as US Ambassador","print_headline":"Caroline Kennedy Leaves Japan After 3 Years as US Ambassador"},"web_url":"http:\/\/www.nytimes.com\/aponline\/2017\/01\/17\/world\/asia\/ap-as-japan-us-kennedy.html","date":"2017-01-18T00:48:47+0000","news_desk":null},{"keywords":[],"headline":{"main":"Caroline Kennedy Boosted US-Japan Ties as US Ambassador","print_headline":"Caroline Kennedy Boosted US-Japan Ties as US Ambassador"},"web_url":"http:\/\/www.nytimes.com\/aponline\/2017\/01\/18\/world\/asia\/ap-as-japan-us-kennedy.html","date":"2017-01-18T07:09:34+0000","news_desk":null},{"keywords":[],"headline":{"main":"Families Must End LGBTI Violence and Improve Rights in Asia","print_headline":"Families Must End LGBTI Violence and Improve Rights in Asia"},"web_url":"http:\/\/www.nytimes.com\/reuters\/2015\/02\/24\/world\/asia\/24reuters-asia-lgbt-families.html","date":"2015-02-24T11:05:01Z","news_desk":"None"},{"keywords":[],"headline":{"main":"Myanmar's Abused, Intimidated LGBT People Long for Acceptance in New Era","print_headline":"Myanmar's Abused, Intimidated LGBT People Long for Acceptance in New Era"},"web_url":"http:\/\/www.nytimes.com\/reuters\/2016\/11\/15\/world\/asia\/15reuters-myanmar-gay.html","date":"2016-11-16T00:15:29Z","news_desk":null},{"keywords":[],"headline":{"main":"In LGBT 'Paradise', Thai Transgender Activist Breaks Barriers to Education","print_headline":"In LGBT 'Paradise', Thai Transgender Activist Breaks Barriers to Education"},"web_url":"http:\/\/www.nytimes.com\/reuters\/2017\/01\/17\/world\/asia\/17reuters-thailand-lgbt.html","date":"2017-01-18T01:27:28+0000","news_desk":null},{"keywords":[],"headline":{"main":"Federal Court Weighs Key Decision on LGBT-Workplace Bias","print_headline":"Federal Court Weighs Key Decision on LGBT-Workplace Bias"},"web_url":"http:\/\/www.nytimes.com\/aponline\/2016\/11\/30\/us\/ap-us-discrimination-lawsuit-lesbian.html","date":"2016-11-30T12:48:37+0000","news_desk":null},{"keywords":[],"headline":{"main":"Nepal&#160;to&#160;issue Passports With Third Gender for Sexual Minorities","print_headline":"Nepal&#160;to&#160;issue Passports With Third Gender for Sexual Minorities"},"web_url":"http:\/\/www.nytimes.com\/reuters\/2015\/01\/07\/world\/asia\/07reuters-nepal-lgbt-passports.html","date":"2015-01-07T04:37:38Z","news_desk":"None"},{"keywords":[],"headline":{"main":"Five Good News Stories You Might Have Missed in 2016","print_headline":"Five Good News Stories You Might Have Missed in 2016"},"web_url":"http:\/\/www.nytimes.com\/reuters\/2016\/12\/22\/world\/americas\/22reuters-global-news-2016.html","date":"2016-12-23T00:30:28+0000","news_desk":null},{"keywords":[{"rank":"1","name":"persons","value":"Ban Ki-moon"},{"rank":"1","name":"glocations","value":"Canada"},{"rank":"4","name":"glocations","value":"United States"},{"rank":"3","name":"glocations","value":"Sochi (Russia)"},{"rank":"2","name":"glocations","value":"Russia"},{"rank":"2","name":"organizations","value":"Human Rights Campaign"},{"rank":"3","name":"organizations","value":"International Olympic Committee"},{"rank":"1","name":"organizations","value":"AT&T Inc"},{"rank":"3","name":"subject","value":"Hate Crimes"},{"rank":"2","name":"subject","value":"Discrimination"},{"rank":"5","name":"subject","value":"Olympic Games (2014)"},{"rank":"4","name":"subject","value":"Homosexuality"},{"rank":"1","name":"subject","value":"Advertising and Marketing"},{"rank":"7","name":"subject","value":"Transgender and Transsexual"},{"rank":"6","name":"subject","value":"Social Media"}],"headline":{"main":"As Olympics Open, Social Media Is a Prism for Protests Against Russia's Anti-Gay Law","kicker":"The Lede"},"web_url":"http:\/\/thelede.blogs.nytimes.com\/2014\/02\/07\/as-olympics-open-social-media-is-a-prism-for-protests-against-russias-ant-gay-law\/","date":"2014-02-07T17:14:46Z","news_desk":null},{"keywords":[],"headline":{"main":"What North Carolina's Wide-Ranging 'Bathroom Bill' Covers","print_headline":"What North Carolina's Wide-Ranging 'Bathroom Bill' Covers"},"web_url":"http:\/\/www.nytimes.com\/aponline\/2016\/12\/20\/us\/ap-us-lgbt-rights-north-carolina-news-guide.html","date":"2016-12-20T19:18:47+0000","news_desk":null},{"keywords":[],"headline":{"main":"What North Carolina's Wide-Ranging 'Bathroom Bill' Covers","print_headline":"What North Carolina's Wide-Ranging 'Bathroom Bill' Covers"},"web_url":"http:\/\/www.nytimes.com\/aponline\/2016\/12\/21\/us\/ap-us-lgbt-rights-north-carolina-news-guide.html","date":"2016-12-21T08:48:41+0000","news_desk":null},{"keywords":[{"rank":"1","is_major":"Y","name":"subject","value":"Movies"},{"rank":"2","is_major":"Y","name":"subject","value":"Women and Girls"},{"rank":"3","is_major":"Y","name":"subject","value":"Discrimination"},{"rank":"4","is_major":"Y","name":"subject","value":"Series"}],"headline":{"main":"In Hollywood, It\u2019s a Men\u2019s, Men\u2019s, Men\u2019s World","content_kicker":"The Director Gap","print_headline":"It\u2019s a Men\u2019s, Men\u2019s, Men\u2019s World"},"web_url":"http:\/\/www.nytimes.com\/2014\/12\/28\/movies\/in-hollywood-its-a-mens-mens-mens-world.html","date":"2014-12-28T00:00:00Z","news_desk":"Arts&Leisure"},{"keywords":[],"headline":{"main":"LGBT Indians to Drive Taxis in Mumbai, Sign of Social Acceptance","print_headline":"LGBT Indians to Drive Taxis in Mumbai, Sign of Social Acceptance"},"web_url":"http:\/\/www.nytimes.com\/reuters\/2016\/01\/21\/world\/asia\/21reuters-india-lgbt-cabs.html","date":"2016-01-21T07:14:17Z","news_desk":"None"},{"keywords":[],"headline":{"main":"Study Throws Harsh Light on Inequality in Popular Movies","print_headline":"Study Throws Harsh Light on Inequality in Popular Movies"},"web_url":"http:\/\/www.nytimes.com\/aponline\/2015\/08\/05\/us\/ap-us-film-inequality-study.html","date":"2015-08-05T12:29:45Z","news_desk":"None"},{"keywords":[],"headline":{"main":"North Carolina School System to Allow Pepper Spray","print_headline":"North Carolina School System to Allow Pepper Spray"},"web_url":"http:\/\/www.nytimes.com\/aponline\/2016\/05\/10\/us\/ap-us-pepper-spray-schools.html","date":"2016-05-10T18:22:07Z","news_desk":"None"}]