[{"keywords":[],"headline":{"main":"Gambia's New President, Still in Senegal, Names Female VP","print_headline":"Gambia's New President, Still in Senegal, Names Female VP"},"web_url":"http:\/\/www.nytimes.com\/aponline\/2017\/01\/23\/world\/africa\/ap-af-gambia-crisis.html","date":"2017-01-23T11:54:39+0000","news_desk":null},{"keywords":[{"rank":"1","name":"persons","value":"Weiss, Daniel H"},{"rank":"1","name":"organizations","value":"Haverford College"},{"rank":"2","name":"organizations","value":"Lafayette College"},{"rank":"3","name":"organizations","value":"Middlebury College"},{"rank":"1","name":"subject","value":"Appointments and Executive Changes"},{"rank":"2","name":"subject","value":"Colleges and Universities"},{"rank":"3","name":"subject","value":"Women and Girls"}],"headline":{"main":"Lafayette Selects Its First Female President","kicker":"The Choice"},"web_url":"http:\/\/thechoice.blogs.nytimes.com\/2013\/01\/16\/lafayette-selects-its-first-female-president\/","date":"2013-01-16T09:01:16Z","news_desk":null},{"keywords":[{"rank":"1","is_major":"N","name":"subject","value":"Women and Girls"},{"rank":"2","is_major":"N","name":"subject","value":"Presidential Election of 2016"},{"rank":"3","is_major":"N","name":"subject","value":"Polls and Public Opinion"},{"rank":"4","is_major":"N","name":"persons","value":"Clinton, Hillary Rodham"}],"headline":{"main":"Changing Views on a Female President","content_kicker":"A Woman's Place","kicker":"The Upshot"},"web_url":"http:\/\/www.nytimes.com\/2015\/06\/20\/upshot\/changing-views-on-a-female-president.html","date":"2015-06-20T00:00:00Z","news_desk":"Business"},{"keywords":[{"rank":"1","is_major":"Y","name":"glocations","value":"Afghanistan"},{"rank":"2","is_major":"Y","name":"persons","value":"Ghani, Ashraf"},{"rank":"3","is_major":"Y","name":"persons","value":"Joyenda, Seema"},{"rank":"4","is_major":"Y","name":"subject","value":"Women and Girls"},{"rank":"5","is_major":"N","name":"subject","value":"Appointments and Executive Changes"},{"rank":"6","is_major":"N","name":"subject","value":"Demonstrations, Protests and Riots"}],"headline":{"main":"Afghan President Appoints a Second Female Governor","print_headline":"Afghan President Appoints a Second Female Governor "},"web_url":"http:\/\/www.nytimes.com\/2015\/06\/29\/world\/asia\/afghan-president-appoints-a-second-female-governor.html","date":"2015-06-29T00:00:00Z","news_desk":"Foreign"},{"keywords":[{"rank":"1","is_major":"N","name":"subject","value":"Women and Girls"},{"rank":"2","is_major":"N","name":"persons","value":"Park Geun-hye"},{"rank":"3","is_major":"N","name":"glocations","value":"South Korea"},{"rank":"4","is_major":"N","name":"subject","value":"Presidential Election of 2016"}],"headline":{"main":"Why America Needs a Female President","content_kicker":"Op-Ed Contributor","kicker":"Op-Ed Contributor","print_headline":"America needs a female president"},"web_url":"http:\/\/www.nytimes.com\/2016\/11\/03\/opinion\/why-america-needs-a-female-president.html","date":"2016-11-02T14:10:11Z","news_desk":"OpEd"},{"keywords":[{"rank":"1","is_major":"Y","name":"persons","value":"Grabar-Kitarovic, Kolinda"},{"rank":"2","is_major":"Y","name":"glocations","value":"Croatia"},{"rank":"3","is_major":"Y","name":"persons","value":"Josipovic, Ivo"},{"rank":"4","is_major":"N","name":"subject","value":"Elections"},{"rank":"5","is_major":"N","name":"subject","value":"Women and Girls"}],"headline":{"main":"Croatians Elect Kolinda Grabar-Kitarovic as Their First Female President","print_headline":"Croatians Elect Their First Female President"},"web_url":"http:\/\/www.nytimes.com\/2015\/01\/12\/world\/europe\/croatians-elect-kolinda-grabar-kitarovic-as-their-first-female-president.html","date":"2015-01-12T00:00:00Z","news_desk":"Foreign"},{"keywords":[{"rank":"1","is_major":"N","name":"subject","value":"Appointments and Executive Changes"},{"rank":"2","is_major":"N","name":"persons","value":"Iohannis, Klaus W"},{"rank":"3","is_major":"N","name":"persons","value":"Shhaideh, Sevil"},{"rank":"4","is_major":"N","name":"glocations","value":"Romania"}],"headline":{"main":"Romania\u2019s President Rejects First Female Candidate for Prime Minister"},"web_url":"http:\/\/www.nytimes.com\/2016\/12\/27\/world\/europe\/romania-prime-minister.html","date":"2016-12-28T00:46:17+0000","news_desk":"Foreign"},{"keywords":[{"rank":"1","is_major":"N","name":"subject","value":"Presidential Election of 2016"},{"rank":"2","is_major":"N","name":"subject","value":"Women and Girls"},{"rank":"3","is_major":"N","name":"persons","value":"Clinton, Hillary Rodham"}],"headline":{"main":"Cheering for the First Female President, Until They Weren\u2019t"},"web_url":"http:\/\/www.nytimes.com\/2016\/11\/10\/us\/elections\/shock-women-clinton-supporters.html","date":"2016-11-09T10:06:36Z","news_desk":"National"},{"keywords":[{"rank":"1","is_major":"Y","name":"organizations","value":"Century Assn"},{"rank":"2","is_major":"Y","name":"persons","value":"Morrison, Susan"},{"rank":"3","is_major":"Y","name":"subject","value":"Women and Girls"},{"rank":"4","is_major":"Y","name":"subject","value":"Culture (Arts)"},{"rank":"5","is_major":"Y","name":"subject","value":"Organizations, Societies and Clubs"},{"rank":"6","is_major":"Y","name":"glocations","value":"New York City"},{"rank":"7","is_major":"N","name":"subject","value":"Appointments and Executive Changes"}],"headline":{"main":"Election of a Female President Opens a New Era for a Former Boys Club","print_headline":"Election of Female President Quietly Opens a New Era at a Former Boys Club"},"web_url":"http:\/\/www.nytimes.com\/2016\/02\/22\/nyregion\/century-association-elects-first-female-president.html","date":"2016-02-22T00:00:00Z","news_desk":"Metro"},{"keywords":[{"rank":"1","is_major":"N","name":"subject","value":"Women and Girls"},{"rank":"2","is_major":"N","name":"subject","value":"Voting and Voters"},{"rank":"3","is_major":"N","name":"subject","value":"Presidential Election of 2016"},{"rank":"4","is_major":"N","name":"persons","value":"Clinton, Hillary Rodham"},{"rank":"1","is_major":"Y","name":"subject","value":"Presidential Election of 2016"},{"rank":"2","is_major":"Y","name":"subject","value":"Women and Girls"}],"headline":{"main":"We Asked, You Answered: Is It Important to Elect a Female President?"},"web_url":"http:\/\/www.nytimes.com\/interactive\/2016\/02\/17\/us\/17women-callout.html","date":"2016-02-17T00:00:00Z","news_desk":"U.S."},{"keywords":[{"rank":"1","is_major":"Y","name":"glocations","value":"Nepal"},{"rank":"2","is_major":"Y","name":"persons","value":"Bhandari, Bidhya Devi (1961- )"},{"rank":"3","is_major":"Y","name":"subject","value":"Constitutions"},{"rank":"4","is_major":"Y","name":"subject","value":"Women and Girls"}],"headline":{"main":"Nepal: Lawmakers Elect Nation&#8217;s First Woman President","content_kicker":"World Briefing","print_headline":"Asia; Nepal: Lawmakers Elect Nation\u2019s First Female President"},"web_url":"http:\/\/www.nytimes.com\/2015\/10\/29\/world\/asia\/nepal-lawmakers-elect-nations-first-woman-president.html","date":"2015-10-29T00:00:00Z","news_desk":"Foreign"},{"keywords":[{"rank":"1","is_major":"Y","name":"persons","value":"Garrett, Elizabeth"},{"rank":"2","is_major":"Y","name":"subject","value":"Deaths (Obituaries)"},{"rank":"3","is_major":"N","name":"organizations","value":"Cornell University"},{"rank":"4","is_major":"N","name":"subject","value":"Women and Girls"}],"headline":{"main":"Elizabeth Garrett, First Female President of Cornell, Dies at 52","print_headline":"Elizabeth Garrett, 52, Lawyer and Scholar Who Led Cornell"},"web_url":"http:\/\/www.nytimes.com\/2016\/03\/08\/nyregion\/elizabeth-garrett-first-female-president-of-cornell-dies-at-52.html","date":"2016-03-08T00:00:00Z","news_desk":"Metro"},{"keywords":[{"rank":"1","name":"persons","value":"Banda, Joyce"},{"rank":"2","name":"persons","value":"Lagarde, Christine"},{"rank":"1","name":"glocations","value":"Malawi"},{"rank":"1","name":"organizations","value":"International Monetary Fund"}],"headline":{"main":"Africa's Second Female President Delivers","kicker":"IHT Rendezvous"},"web_url":"http:\/\/rendezvous.blogs.nytimes.com\/2012\/06\/11\/africas-second-female-president-delivers\/","date":"2012-06-11T01:33:16Z","news_desk":null},{"keywords":[{"rank":"1","is_major":"N","name":"subject","value":"Speeches and Statements"},{"rank":"2","is_major":"N","name":"glocations","value":"Taiwan"},{"rank":"3","is_major":"N","name":"glocations","value":"China"}],"headline":{"main":"First Female President Addresses Taiwan"},"web_url":"http:\/\/www.nytimes.com\/video\/world\/asia\/100000004423823\/tsai-ing-wen-inaugural-speech.html","date":"2016-05-20T05:34:35Z","news_desk":"World \/ Asia Pacific"},{"keywords":[{"rank":"1","is_major":"Y","name":"persons","value":"Rousseff, Dilma"},{"rank":"2","is_major":"Y","name":"glocations","value":"Brazil"},{"rank":"3","is_major":"Y","name":"persons","value":"Temer, Michel (1940- )"},{"rank":"4","is_major":"Y","name":"subject","value":"Impeachment"},{"rank":"5","is_major":"Y","name":"subject","value":"Women and Girls"},{"rank":"6","is_major":"N","name":"subject","value":"Discrimination"}],"headline":{"main":"Some See Anti-Women Backlash in Ouster of Brazil\u2019s President","print_headline":"Brazil\u2019s Few Female Politicians Debate Impeachment\u2019s Impact"},"web_url":"http:\/\/www.nytimes.com\/2016\/09\/08\/world\/americas\/some-see-anti-women-backlash-in-ouster-of-brazils-president.html","date":"2016-09-08T04:00:00+0000","news_desk":"Foreign"},{"keywords":[{"rank":"1","is_major":"N","value":"Elections","name":"subject"},{"rank":"2","is_major":"Y","value":"South Korea","name":"glocations"},{"rank":"3","is_major":"Y","value":"Park Geun-hye","name":"persons"},{"rank":"4","is_major":"N","value":"Women and Girls","name":"subject"},{"rank":"5","is_major":"N","value":"Moon Jae-in","name":"persons"}],"headline":{"seo":"Park Geun-hye Is Elected South Korea\u2019s First Female President","main":"Ex-Dictator\u2019s Daughter Elected President as South Korea Rejects Sharp Change","print_headline":"Ex-Dictator\u2019s Daughter Elected President as South Korea Rejects Sharp Change"},"web_url":"http:\/\/www.nytimes.com\/2012\/12\/20\/world\/asia\/south-koreans-vote-in-closely-fought-presidential-race.html","date":"2012-12-20T00:00:00Z","news_desk":"Foreign"},{"keywords":[{"name":"subject","value":"TERMS NOT AVAILABLE"}],"headline":{"main":"A Female Candidate For Vice President"},"web_url":"http:\/\/www.nytimes.com\/1983\/11\/27\/nyregion\/l-a-female-candidate-for-vice-president-070253.html","date":"1983-11-27T00:00:00Z","news_desk":"Connecticut Weekly Desk"},{"keywords":[{"rank":"1","is_major":"Y","name":"subject","value":"Women and Girls"},{"rank":"2","is_major":"Y","name":"persons","value":"Clinton, Hillary Rodham"},{"rank":"3","is_major":"N","name":"organizations","value":"Democratic Party"},{"rank":"4","is_major":"Y","name":"subject","value":"Democratic National Convention"},{"rank":"5","is_major":"Y","name":"subject","value":"Presidential Election of 2016"}],"headline":{"main":"In Hillary Clinton\u2019s Nomination, Women See a Collective Step Up","print_headline":"After 240 Years, Women See a Female President Lifting Them All"},"web_url":"http:\/\/www.nytimes.com\/2016\/07\/29\/us\/politics\/clinton-women-reaction.html","date":"2016-07-29T00:00:00Z","news_desk":"National"},{"keywords":[],"headline":{"main":"Nepal's Parliament Elects Nation's First Female President","print_headline":"Nepal's Parliament Elects Nation's First Female President"},"web_url":"http:\/\/www.nytimes.com\/aponline\/2015\/10\/28\/world\/asia\/ap-as-nepal-new-president.html","date":"2015-10-28T07:34:21Z","news_desk":"None"},{"keywords":[],"headline":{"main":"Johns Hopkins Hospital Appoints First Female President","print_headline":"Johns Hopkins Hospital Appoints First Female President"},"web_url":"http:\/\/www.nytimes.com\/aponline\/2016\/05\/13\/us\/ap-us-johns-hopkins-president.html","date":"2016-05-13T10:07:10Z","news_desk":"None"}]