[{"keywords":[{"rank":"1","is_major":"Y","name":"subject","value":"Soccer"},{"rank":"2","is_major":"Y","name":"organizations","value":"United States Soccer Federation"},{"rank":"3","is_major":"Y","name":"subject","value":"Discrimination"},{"rank":"4","is_major":"N","name":"subject","value":"Wages and Salaries"},{"rank":"5","is_major":"Y","name":"subject","value":"Women and Girls"},{"rank":"6","is_major":"N","name":"persons","value":"Lloyd, Carli (1982- )"},{"rank":"7","is_major":"N","name":"organizations","value":"Equal Employment Opportunity Commission"},{"rank":"8","is_major":"N","name":"persons","value":"Morgan, Alex (1989- )"},{"rank":"9","is_major":"N","name":"persons","value":"Rapinoe, Megan"}],"headline":{"main":"Top Female Players Accuse U.S. Soccer of Wage Discrimination","print_headline":"Five Leading Female Players Allege U.S. Soccer Wage Bias "},"web_url":"http:\/\/www.nytimes.com\/2016\/04\/01\/sports\/soccer\/uswnt-us-women-carli-lloyd-alex-morgan-hope-solo-complain.html","date":"2016-03-31T11:22:46Z","news_desk":"Sports"},{"keywords":[{"rank":"1","name":"glocations","value":"London (England)"},{"rank":"1","name":"organizations","value":"International Olympic Committee"},{"rank":"1","name":"subject","value":"Canoes and Canoeing"},{"rank":"2","name":"subject","value":"Olympic Games (2012)"},{"rank":"3","name":"subject","value":"Women and Girls"}],"headline":{"main":"A Female Canoeist Files a Discrimination Claim","kicker":"2012 London Olympics","print_headline":"Canoeing Case in Court"},"web_url":"http:\/\/london2012.blogs.nytimes.com\/2012\/07\/20\/a-female-canoeist-files-a-discrimination-claim\/","date":"2012-07-20T14:05:55Z","news_desk":null},{"keywords":[{"rank":"1","is_major":"Y","value":"Human Rights Watch","name":"organizations"},{"rank":"2","is_major":"N","value":"International Olympic Committee","name":"organizations"},{"rank":"3","is_major":"Y","value":"Saudi Arabia","name":"glocations"},{"rank":"4","is_major":"Y","value":"Olympic Games (2012)","name":"subject"},{"rank":"5","is_major":"N","value":"Politics and Government","name":"subject"},{"rank":"6","is_major":"Y","value":"Discrimination","name":"subject"},{"rank":"7","is_major":"Y","value":"Women and Girls","name":"subject"}],"headline":{"seo":"Olympic Ban on Saudi Arabia Is Urged Over Lack of Female Athletes","main":"Ban Urged on Saudi Arabia Over Discrimination","print_headline":"Ban Urged on Saudi Arabia Over Discrimination"},"web_url":"http:\/\/www.nytimes.com\/2012\/02\/16\/sports\/olympics\/olympic-ban-on-saudi-arabia-is-urged-over-lack-of-female-athletes.html","date":"2012-02-16T00:00:00Z","news_desk":"Sports"},{"keywords":[{"name":"persons","value":"ALDUENDA, BONI CARR"},{"name":"persons","value":"POWER-ANDERSON, HEATHER"},{"name":"organizations","value":"FEDERAL BUREAU OF INVESTIGATION"},{"name":"subject","value":"DISCRIMINATION"},{"name":"subject","value":"SUITS AND CLAIMS AGAINST GOVERNMENT"},{"name":"subject","value":"WOMEN"},{"name":"subject","value":"SEXUAL HARASSMENT"}],"headline":{"main":"Female Agents Sue F.B.I., Alleging Discrimination"},"web_url":"http:\/\/www.nytimes.com\/1994\/03\/13\/us\/female-agents-sue-fbi-alleging-discrimination.html","date":"1994-03-13T00:00:00Z","news_desk":"National Desk"},{"keywords":[{"name":"persons","value":"VEST, CHARLES M"},{"name":"organizations","value":"AMERICAN ASSN OF UNIVERSITY PROFESSORS"},{"name":"organizations","value":"MASSACHUSETTS INSTITUTE OF TECHNOLOGY"},{"name":"subject","value":"LABOR"},{"name":"subject","value":"WAGES AND SALARIES"},{"name":"subject","value":"COLLEGES AND UNIVERSITIES"},{"name":"subject","value":"BIOGRAPHICAL INFORMATION"},{"name":"subject","value":"DISCRIMINATION"},{"name":"subject","value":"WOMEN"},{"name":"subject","value":"TEACHERS AND SCHOOL EMPLOYEES"}],"headline":{"main":"M.I.T. Admits Discrimination Against Female Professors"},"web_url":"http:\/\/www.nytimes.com\/1999\/03\/23\/us\/mit-admits-discrimination-against-female-professors.html","date":"1999-03-23T00:00:00Z","news_desk":"National Desk"},{"keywords":[],"headline":{"main":"Female Sergeant Major Claims Gender Discrimination","kicker":"atwar"},"web_url":"http:\/\/atwar.blogs.nytimes.com\/2012\/05\/22\/female-sergeant-major-claims-gender-discrimination\/","date":"2012-05-22T19:33:18Z","news_desk":null},{"keywords":[],"headline":{"main":"3 Female Chauffeurs Win $130K Each in Discrimination Case","print_headline":"3 Female Chauffeurs Win $130K Each in Discrimination Case"},"web_url":"http:\/\/www.nytimes.com\/aponline\/2016\/01\/30\/us\/ap-us-chauffeur-discrimination.html","date":"2016-01-30T14:34:08Z","news_desk":"None"},{"keywords":[],"headline":{"main":"Female Senior Partner: No Discrimination at Investment Firm","print_headline":"Female Senior Partner: No Discrimination at Investment Firm"},"web_url":"http:\/\/www.nytimes.com\/aponline\/2015\/03\/17\/us\/ap-us-silicon-valley-sexual-discrimination.html","date":"2015-03-17T09:55:49Z","news_desk":"None"},{"keywords":[],"headline":{"main":"India's Female Scavengers Enslaved by Caste, Gender Discrimination","print_headline":"India's Female Scavengers Enslaved by Caste, Gender Discrimination"},"web_url":"http:\/\/www.nytimes.com\/reuters\/2016\/03\/02\/world\/asia\/02reuters-india-scavenging-women.html","date":"2016-03-02T20:12:30Z","news_desk":"None"},{"keywords":[],"headline":{"main":"Judge Sides With Female Drivers in Discrimination Complaint","print_headline":"Judge Sides With Female Drivers in Discrimination Complaint"},"web_url":"http:\/\/www.nytimes.com\/aponline\/2015\/11\/05\/us\/ap-us-chauffeur-discrimination.html","date":"2015-11-05T09:47:53Z","news_desk":"None"},{"keywords":[],"headline":{"main":"Former New York Mets Female Ticketing Executive Sues Team Over Discrimination","print_headline":"Former New York Mets Female Ticketing Executive Sues Team Over Discrimination"},"web_url":"http:\/\/www.nytimes.com\/reuters\/2014\/09\/11\/sports\/baseball\/11reuters-usa-lawsuit-new-york-mets.html","date":"2014-09-11T01:18:10Z","news_desk":null},{"keywords":[],"headline":{"main":"Signet Tumbles After Report of Harassment at Subsidiary","print_headline":"Signet Tumbles After Report of Harassment at Subsidiary"},"web_url":"http:\/\/www.nytimes.com\/aponline\/2017\/02\/28\/us\/politics\/ap-us-sterling-jewelers-stock.html","date":"2017-02-28T20:51:54+0000","news_desk":null},{"keywords":[{"rank":"1","is_major":"N","name":"subject","value":"Discrimination"},{"rank":"2","is_major":"N","name":"subject","value":"Transgender and Transsexuals"},{"rank":"3","is_major":"N","name":"subject","value":"Title IX (Gender Discrimination Legislation)"},{"rank":"4","is_major":"N","name":"subject","value":"Education (K-12)"},{"rank":"5","is_major":"N","name":"subject","value":"Bathrooms and Toilets"},{"rank":"6","is_major":"N","name":"persons","value":"Trump, Donald J"},{"rank":"7","is_major":"N","name":"subject","value":"United States Politics and Government"},{"rank":"8","is_major":"N","name":"organizations","value":"Education Department (US)"},{"rank":"9","is_major":"N","name":"organizations","value":"Justice Department"}],"headline":{"main":"Trump Will Lose the Fight Over Bathrooms for Transgender Students","content_kicker":"Op-Ed Contributor","kicker":"Op-Ed Contributor","print_headline":"Transgender Students Will Win"},"web_url":"http:\/\/www.nytimes.com\/2017\/02\/23\/opinion\/trump-will-lose-the-fight-over-bathrooms-for-transgender-students.html","date":"2017-02-23T15:04:39+0000","news_desk":"OpEd"},{"keywords":[{"name":"glocations","value":"ENGLAND"},{"name":"subject","value":"PROHIBITION"}],"headline":{"main":"WOMEN SEEK EQUAL RIGHTS OF DRINKING; Object to Discrimination in British Temperance Reform. FEMALE INEBRIETY GROWS Forces the Government to Limit the Hours of Selling Liquor to Women."},"web_url":"http:\/\/query.nytimes.com\/gst\/abstract.html?res=9E06E5D71738E633A2575AC2A9679D946596D6CF","date":"1914-11-29T00:00:00Z","news_desk":null},{"keywords":[{"name":"glocations","value":"PARAGUAY"},{"name":"subject","value":"LABOR"},{"name":"subject","value":"PROSTITUTION"}],"headline":{"main":"World News Briefs; 20 Peasants in Paraguay Reported Killed in Unrest I.L.O. Says Female Workers Face Wide Discrimination 19 Hurt in Riot in England After Police Raid Club"},"web_url":"http:\/\/query.nytimes.com\/gst\/abstract.html?res=9A02E3D91238E732A25750C0A9629C94619FD6CF","date":"1980-04-03T00:00:00Z","news_desk":null},{"keywords":[{"rank":"1","is_major":"N","name":"subject","value":"Discrimination"},{"rank":"2","is_major":"N","name":"subject","value":"Sexual Harassment"},{"rank":"3","is_major":"N","name":"subject","value":"Arbitration, Conciliation and Mediation"},{"rank":"4","is_major":"N","name":"subject","value":"Women and Girls"},{"rank":"5","is_major":"N","name":"organizations","value":"Signet Jewelers Ltd"},{"rank":"6","is_major":"N","name":"organizations","value":"Sterling Jewelers Inc"}],"headline":{"main":"Hundreds of Workers Allege Sex Bias by Jeweler, Files Show","print_headline":"Ex-Employees Say Sex Bias Was Common at a Jeweler"},"web_url":"http:\/\/www.nytimes.com\/2017\/02\/28\/business\/sterling-kay-jewelers-jared.html","date":"2017-03-01T01:32:03+0000","news_desk":"Business"},{"keywords":[{"rank":"1","name":"type_of_material","value":"News"},{"rank":"10","name":"organizations","value":"New York Times"},{"rank":"11","name":"organizations","value":"World Press Photo Foundation"},{"rank":"12","name":"glocations","value":"Afghanistan"},{"rank":"13","name":"glocations","value":"China"},{"rank":"14","name":"glocations","value":"Europe"},{"rank":"2","name":"persons","value":"Addario, Lynsey"},{"rank":"3","name":"persons","value":"McNally, Michele"},{"rank":"4","name":"persons","value":"Sim Chi Yin (Photographer)"},{"rank":"5","name":"subject","value":"Discrimination"},{"rank":"6","name":"subject","value":"Hiring and Promotion"},{"rank":"7","name":"subject","value":"Photography"},{"rank":"8","name":"subject","value":"Women and Girls"},{"rank":"9","name":"subject","value":"Women&#039;s Rights"}],"headline":{"main":"Highlighting Women in Photojournalism","kicker":"Lens"},"web_url":"https:\/\/lens.blogs.nytimes.com\/2017\/02\/01\/highlighting-women-in-photojournalism\/","date":"2017-02-01T17:16:44+0000","news_desk":null},{"keywords":[{"name":"persons","value":"MCNUTT , PAUL VORIES"},{"name":"persons","value":"COES, HAROLD VINTON"},{"name":"glocations","value":"UNITED STATES"},{"name":"glocations","value":"GREAT BRITAIN"},{"name":"glocations","value":"UNITED STATES"},{"name":"glocations","value":"UNITED STATES"},{"name":"organizations","value":"MECHANICAL ENGINEERS, AMER SOC OF"},{"name":"subject","value":"ARMAMENT AND DEFENSE"},{"name":"subject","value":"LABOR"},{"name":"subject","value":"ARMAMENT AND DEFENSE"},{"name":"subject","value":"NEGROES"},{"name":"subject","value":"RAILROADS"},{"name":"subject","value":"EMPLOYES AND OFFICIALS"}],"headline":{"main":"RAIL MEN WARNED BY M'NUTT OF BIAS; Discrimination Against Women and Negroes Must End, Says Manpower Chief BRITISH EXAMPLE IS CITED English War Workers 50 Per Cent Female, ODT Aide Says in Broadcast to Engineers"},"web_url":"http:\/\/query.nytimes.com\/gst\/abstract.html?res=9405E2DB173FE33BBC4C53DFB4678389659EDE","date":"1942-12-04T00:00:00Z","news_desk":null},{"keywords":[{"rank":"1","is_major":"N","name":"subject","value":"Discrimination"},{"rank":"2","is_major":"N","name":"subject","value":"Transgender and Transsexuals"},{"rank":"3","is_major":"N","name":"subject","value":"Bathrooms and Toilets"},{"rank":"4","is_major":"N","name":"subject","value":"Law and Legislation"}],"headline":{"main":"Understanding Transgender Access Laws"},"web_url":"http:\/\/www.nytimes.com\/2017\/02\/24\/us\/transgender-bathroom-law.html","date":"2017-02-25T00:36:26+0000","news_desk":"National"},{"keywords":[],"headline":{"main":"WORDS FROM THE PEOPLE.; Female Impudence--Conduct of Ladies on Ferry-boats. City Railroads. SYSTEM AND DISCRIMINATION WANTED. New-York Railroad to the West. The Central Park. Iran Ladders for Fire Escapes."},"web_url":"http:\/\/www.nytimes.com\/1860\/03\/10\/news\/words-people-female-impudence-conduct-ladies-ferry-boats-city-railroads-system.html","date":"1860-03-10T00:03:58Z","news_desk":null}]