[{"keywords":[{"rank":"1","is_major":"N","name":"subject","value":"Women and Girls"},{"rank":"2","is_major":"N","name":"subject","value":"High Net Worth Individuals"},{"rank":"3","is_major":"N","name":"subject","value":"Executive Compensation"},{"rank":"4","is_major":"N","name":"subject","value":"Income"}],"headline":{"main":"Why Aren\u2019t There More Female Billionaires?","content_kicker":"Inside Wealth","kicker":"Inside Wealth","print_headline":"Plenty of Billionaires, but Few Are Women"},"web_url":"http:\/\/www.nytimes.com\/2016\/12\/30\/business\/why-arent-there-more-female-billionaires.html","date":"2016-12-30T18:57:49+0000","news_desk":"SundayBusiness"},{"keywords":[{"name":"glocations","value":"TEXAS"},{"name":"subject","value":"POLITICAL"}],"headline":{"main":"WASHINGTON.; The San Domingo Resolutions in the House Condition of Affairs in Texas A Dull Morning in the Senate The Women in the Arena on Wednesday Sprague's Contraband Traffic Case The Georgia Senators Repeal of the Income Tax New Registry Law Loss of the Saginaw. A DULL MORNING IN THE SENTATE. THE WOMEN TO HAVE A HEARING. THE FEMALE SUFFRAGE CONVENTION. THE SPRAGUE CONTRABAND TRAFFIC CASE. THE GEORGIA SENATORS. CIVIL SERVICE REFORM. THE INCOME TAX. THE OLD SAN DOMINGO REPORTS."},"web_url":"http:\/\/query.nytimes.com\/gst\/abstract.html?res=9904E2DA133EEE34BC4852DFB766838A669FDE","date":"1871-01-10T00:03:58Z","news_desk":null},{"keywords":[{"rank":"1","is_major":"N","name":"persons","value":"Dresselhaus, Mildred Spiewak"},{"rank":"3","is_major":"N","name":"subject","value":"Women and Girls"},{"rank":"4","is_major":"N","name":"subject","value":"Deaths (Obituaries)"},{"rank":"5","is_major":"N","name":"subject","value":"Science and Technology"},{"rank":"6","is_major":"N","name":"organizations","value":"Massachusetts Institute of Technology"}],"headline":{"main":"Mildred Dresselhaus, the Queen of Carbon, Dies at 86","print_headline":"Mildred Dresselhaus, Who Pioneered Revolution in Carbon Use, Dies at 86"},"web_url":"http:\/\/www.nytimes.com\/2017\/02\/23\/science\/mildred-dresselhaus-dead-queen-of-carbon.html","date":"2017-02-24T01:32:59+0000","news_desk":"National"},{"keywords":[{"value":"Women and Girls","is_major":"N","rank":"1","name":"subject"},{"value":"Wages and Salaries","is_major":"N","rank":"2","name":"subject"},{"value":"Men and Boys","is_major":"N","rank":"3","name":"subject"},{"value":"Marriages","is_major":"N","rank":"4","name":"subject"},{"value":"Adultery","is_major":"N","rank":"5","name":"subject"}],"headline":{"seo":"Studied: By Her Support, Did She Earn His Infidelity?","main":"By Her Support, Does She Earn His Infidelity?","kicker":"Studied","print_headline":"By Her Support, Does She Earn His Infidelity?","content_kicker":"Studied"},"web_url":"http:\/\/www.nytimes.com\/2010\/09\/26\/fashion\/26Studied.html","date":"2010-09-26T00:00:00Z","news_desk":"Styles"},{"keywords":[{"rank":"1","is_major":"N","name":"subject","value":"Women's Rights"},{"rank":"2","is_major":"N","name":"persons","value":"Trump, Donald J"},{"rank":"3","is_major":"N","name":"subject","value":"United States Politics and Government"},{"rank":"4","is_major":"N","name":"persons","value":"Clinton, Hillary Rodham"},{"rank":"5","is_major":"N","name":"subject","value":"Demonstrations, Protests and Riots"},{"rank":"6","is_major":"N","name":"subject","value":"Women and Girls"},{"rank":"7","is_major":"N","name":"subject","value":"Presidential Election of 2016"},{"rank":"8","is_major":"N","name":"subject","value":"Race and Ethnicity"},{"rank":"9","is_major":"N","name":"organizations","value":"Democratic Party"}],"headline":{"main":"How a Fractious Women\u2019s Movement Came to Lead the Left","content_kicker":"Feature","kicker":"Feature","print_headline":"Forces in Opposition"},"web_url":"http:\/\/www.nytimes.com\/2017\/02\/07\/magazine\/how-a-fractious-womens-movement-came-to-lead-the-left.html","date":"2017-02-07T10:00:06+0000","news_desk":"Magazine"},{"keywords":[{"rank":"1","is_major":"N","name":"subject","value":"Women and Girls"},{"rank":"2","is_major":"N","name":"subject","value":"Mutual Funds"},{"rank":"3","is_major":"N","name":"subject","value":"Discrimination"},{"rank":"4","is_major":"N","name":"subject","value":"Careers and Professions"}],"headline":{"main":"A Trillion-Dollar Question: Why Don\u2019t More Women Run Mutual Funds?","print_headline":"A Trillion-Dollar Puzzle"},"web_url":"http:\/\/www.nytimes.com\/2017\/01\/13\/business\/mutfund\/a-trillion-dollar-question-why-dont-more-women-run-mutual-funds.html","date":"2017-01-13T20:43:16+0000","news_desk":"SundayBusiness"},{"keywords":[],"headline":{"main":"Bulgaria&#8217;s Socialists, Preparing for General Election, Promise to Boost Economy","print_headline":"Bulgaria&#8217;s Socialists, Preparing for General Election, Promise to Boost Economy"},"web_url":"http:\/\/www.nytimes.com\/reuters\/2017\/02\/05\/world\/europe\/05reuters-bulgaria-politics.html","date":"2017-02-05T19:36:28+0000","news_desk":null},{"keywords":[],"headline":{"main":"Paid Notice: Deaths  KUAN, SHU-CHUANG "},"web_url":"http:\/\/www.legacy.com\/Link.asp?I=LS000161513389","date":"2012-12-06T01:15:33Z","news_desk":"Classified"},{"keywords":[{"rank":"1","is_major":"Y","name":"subject","value":"Doctors"},{"rank":"2","is_major":"N","name":"subject","value":"Wages and Salaries"},{"rank":"3","is_major":"Y","name":"subject","value":"Women and Girls"},{"rank":"4","is_major":"Y","name":"subject","value":"Medical Schools"},{"rank":"5","is_major":"Y","name":"organizations","value":"JAMA Internal Medicine (Journal)"},{"rank":"6","is_major":"N","name":"persons","value":"Jena, Anupam B"}],"headline":{"main":"Dr. Paid Less: An Old Title Still Fits Female Physicians","print_headline":"A Diagnosis That Hasn\u2019t Changed for Female Physicians: Lower Pay"},"web_url":"http:\/\/www.nytimes.com\/2016\/07\/12\/health\/women-doctors-salaries-pay-gap.html","date":"2016-07-11T15:02:02+0000","news_desk":"National"},{"keywords":[{"rank":"1","name":"type_of_material","value":"News"},{"rank":"2","name":"subject","value":"Families and Family Life"},{"rank":"3","name":"subject","value":"Income"},{"rank":"4","name":"subject","value":"Minimum Wage"},{"rank":"5","name":"subject","value":"Poverty"},{"rank":"6","name":"subject","value":"Tax Credits, Deductions and Exemptions"},{"rank":"7","name":"subject","value":"United States Economy"}],"headline":{"main":"The Minimum Wage Ain\u2019t What It Used to Be","kicker":"Economix"},"web_url":"http:\/\/economix.blogs.nytimes.com\/2013\/12\/09\/the-minimum-wage-aint-what-it-used-to-be\/","date":"2013-12-09T11:00:20Z","news_desk":null},{"keywords":[{"rank":"1","is_major":"N","value":"Women and Girls","name":"subject"},{"rank":"3","is_major":"N","value":"Parenting","name":"subject"},{"rank":"4","is_major":"N","value":"Nineteen Hundred Fifties","name":"subject"}],"headline":{"main":"Mothers in the Work Force","kicker":"Letter","print_headline":"Mothers in the Work Force","content_kicker":"Letter"},"web_url":"http:\/\/www.nytimes.com\/2011\/05\/14\/opinion\/l14mother.html","date":"2011-05-14T00:00:00Z","news_desk":"Letters"},{"keywords":[],"headline":{"main":"Disney Plans Midnight 'Star Wars' Event to Unveil 'Last Jedi' Toys","print_headline":"Disney Plans Midnight 'Star Wars' Event to Unveil 'Last Jedi' Toys"},"web_url":"http:\/\/www.nytimes.com\/reuters\/2017\/02\/16\/arts\/16reuters-disney-starwars.html","date":"2017-02-16T11:06:29+0000","news_desk":null},{"keywords":[],"headline":{"main":"Drivers See Higher Premiums After Not-At-Fault Crashes","print_headline":"Drivers See Higher Premiums After Not-At-Fault Crashes"},"web_url":"http:\/\/www.nytimes.com\/aponline\/2017\/02\/13\/us\/politics\/ap-us-not-at-fault-accidents.html","date":"2017-02-13T16:57:39+0000","news_desk":null},{"keywords":[{"rank":"1","name":"persons","value":"Judge, Mike"},{"rank":"1","name":"glocations","value":"Silicon Valley (Calif)"},{"rank":"1","name":"organizations","value":"Google Inc"},{"rank":"2","name":"organizations","value":"Home Box Office"},{"rank":"1","name":"subject","value":"Computers and the Internet"},{"rank":"2","name":"subject","value":"Start-ups"},{"rank":"3","name":"subject","value":"Television"},{"rank":"4","name":"subject","value":"Women and Girls"},{"rank":"5","name":"subject","value":"Writing and Writers"}],"headline":{"main":"Conversations: Poking Fun at Tech Culture on \u2018Silicon Valley\u2019","kicker":"Taking Note"},"web_url":"http:\/\/takingnote.blogs.nytimes.com\/2016\/06\/20\/conversations-poking-fun-at-tech-culture-on-silicon-valley\/","date":"2016-06-20T12:32:15Z","news_desk":"OpEd"},{"keywords":[{"rank":"1","name":"subject","value":"Careers and Professions"},{"rank":"2","name":"subject","value":"Doctors"},{"rank":"3","name":"subject","value":"Gender"},{"rank":"4","name":"subject","value":"Hiring and Promotion"},{"rank":"5","name":"subject","value":"Income"},{"rank":"6","name":"subject","value":"Wages and Salaries"},{"rank":"7","name":"subject","value":"Women and Girls"}],"headline":{"main":"Among Doctors, Too, Women Are Paid Less","kicker":"Well"},"web_url":"http:\/\/well.blogs.nytimes.com\/2012\/06\/28\/among-doctors-too-women-are-paid-less\/","date":"2012-06-28T15:50:07Z","news_desk":null},{"keywords":[{"rank":"1","is_major":"N","value":"United Arab Emirates","name":"glocations"},{"rank":"2","is_major":"N","value":"Dubai (United Arab Emirates)","name":"glocations"},{"rank":"3","is_major":"N","value":"Abu Dhabi (United Arab Emirates)","name":"glocations"},{"rank":"4","is_major":"N","value":"Women and Girls","name":"subject"},{"rank":"5","is_major":"N","value":"Women's Rights","name":"subject"},{"rank":"6","is_major":"N","value":"Middle East","name":"glocations"}],"headline":{"seo":"U.A.E. Requires Women Board Members","main":"U.A.E. Promotes Women in the Boardroom","kicker":"I.H.T. Special Report","print_headline":"U.A.E. Promotes Women in the Boardroom","content_kicker":"I.H.T. Special Report"},"web_url":"http:\/\/www.nytimes.com\/2012\/12\/20\/world\/middleeast\/uae-requires-women-board-members.html","date":"2012-12-20T00:00:00Z","news_desk":"Foreign"},{"keywords":[{"rank":"1","is_major":"Y","name":"subject","value":"Engineering and Engineers"},{"rank":"2","is_major":"Y","name":"subject","value":"Women and Girls"},{"rank":"3","is_major":"Y","name":"subject","value":"Careers and Professions"},{"rank":"4","is_major":"N","name":"subject","value":"Social Conditions and Trends"},{"rank":"5","is_major":"N","name":"subject","value":"Colleges and Universities"},{"rank":"6","is_major":"N","name":"subject","value":"Research"}],"headline":{"main":"How to Attract Female Engineers","content_kicker":"Op-Ed Contributor","kicker":"Op-Ed Contributor","print_headline":"How to Attract Female Engineers"},"web_url":"http:\/\/www.nytimes.com\/2015\/04\/27\/opinion\/how-to-attract-female-engineers.html","date":"2015-04-27T00:00:00Z","news_desk":"OpEd"},{"keywords":[{"rank":"1","is_major":"Y","name":"subject","value":"Editorials"},{"rank":"2","is_major":"Y","name":"subject","value":"Discrimination"},{"rank":"3","is_major":"Y","name":"subject","value":"Wages and Salaries"},{"rank":"4","is_major":"Y","name":"subject","value":"Presidential Election of 2016"},{"rank":"5","is_major":"N","name":"subject","value":"Men and Boys"},{"rank":"6","is_major":"N","name":"glocations","value":"United States"},{"rank":"7","is_major":"Y","name":"subject","value":"Women and Girls"}],"headline":{"main":"Women Still Earn a Lot Less Than Men","content_kicker":"Editorial","kicker":"Editorial","print_headline":"Women Still Earn a Lot Less Than Men"},"web_url":"http:\/\/www.nytimes.com\/2015\/04\/14\/opinion\/women-still-earn-a-lot-less-than-men.html","date":"2015-04-14T00:00:00Z","news_desk":"Editorial"},{"keywords":[{"rank":"1","is_major":"N","name":"subject","value":"Women and Girls"},{"rank":"2","is_major":"N","name":"subject","value":"Doctors"},{"rank":"3","is_major":"N","name":"subject","value":"Medicine and Health"},{"rank":"4","is_major":"N","name":"subject","value":"Wages and Salaries"}],"headline":{"main":"The Changing Face of Medical Care","content_kicker":"The Female Factor","kicker":"The Female Factor","print_headline":"The Changing Face of Medical Care"},"web_url":"http:\/\/www.nytimes.com\/2011\/03\/08\/world\/europe\/08iht-ffdocs08.html","date":"2011-03-08T00:00:00Z","news_desk":"Foreign"},{"keywords":[{"rank":"1","is_major":"Y","value":"Income Tax","name":"subject"},{"rank":"2","is_major":"N","value":"Federal Taxes (US)","name":"subject"},{"rank":"3","is_major":"N","value":"Child Care","name":"subject"},{"rank":"4","is_major":"Y","value":"Parenting","name":"subject"},{"rank":"5","is_major":"Y","value":"Women and Girls","name":"subject"},{"rank":"6","is_major":"Y","value":"Labor and Jobs","name":"subject"}],"headline":{"seo":"Lean In? What About Child Care?","main":"How the I.R.S. Hurts Mothers","kicker":"Op-Ed Contributor","print_headline":"How the I.R.S. Hurts Mothers","content_kicker":"Op-Ed Contributor"},"web_url":"http:\/\/www.nytimes.com\/2013\/04\/04\/opinion\/lean-in-what-about-child-care.html","date":"2013-04-04T00:00:00Z","news_desk":"OpEd"}]