[{"keywords":[{"value":"Bullies","is_major":"N","rank":"1","name":"subject"},{"value":"Suicides and Suicide Attempts","is_major":"N","rank":"2","name":"subject"},{"value":"Teenagers and Adolescence","is_major":"N","rank":"3","name":"subject"},{"value":"Women and Girls","is_major":"N","rank":"4","name":"subject"}],"headline":{"main":"Mean Girls Aren\u2019t a Myth. They\u2019re All Too Real.","sub":"(4 Letters)","print_headline":"Mean Girls Aren&#8217;t a Myth. They&#8217;re All Too Real.","content_kicker":"Letters"},"web_url":"http:\/\/www.nytimes.com\/2010\/04\/07\/opinion\/l07bully.html","date":"2010-04-07T00:00:00Z","news_desk":"Letters"},{"keywords":[],"headline":{"main":"AP PHOTOS: Brazil's Crowded Prisons Feed Gangs, Violence","print_headline":"AP PHOTOS: Brazil's Crowded Prisons Feed Gangs, Violence"},"web_url":"http:\/\/www.nytimes.com\/aponline\/2017\/02\/22\/world\/americas\/ap-lt-brazil-gangs-and-prisons-photo-gallery.html","date":"2017-02-22T15:09:52+0000","news_desk":null},{"keywords":[],"headline":{"main":"New York Man to Face Murder Charge in Killing of Queens Jogger","print_headline":"New York Man to Face Murder Charge in Killing of Queens Jogger"},"web_url":"http:\/\/www.nytimes.com\/reuters\/2017\/02\/05\/us\/05reuters-new-york-jogger-murder.html","date":"2017-02-05T15:00:29+0000","news_desk":null},{"keywords":[],"headline":{"main":"Gunmen Slay 6 Vendors at Pop-Up Market in Mexico's Acapulco","print_headline":"Gunmen Slay 6 Vendors at Pop-Up Market in Mexico's Acapulco"},"web_url":"http:\/\/www.nytimes.com\/aponline\/2017\/01\/04\/world\/americas\/ap-lt-mexico-violence.html","date":"2017-01-04T23:54:47+0000","news_desk":null},{"keywords":[{"rank":"1","is_major":"N","name":"persons","value":"Dick, Cressida"},{"rank":"2","is_major":"N","name":"organizations","value":"Scotland Yard (Metropolitan Police Service)"},{"rank":"3","is_major":"N","name":"subject","value":"Police"},{"rank":"4","is_major":"N","name":"glocations","value":"London (England)"},{"rank":"5","is_major":"N","name":"subject","value":"Appointments and Executive Changes"}],"headline":{"main":"Cressida Dick Will Be First Woman to Lead Scotland Yard","print_headline":"Woman Leads Scotland Yard for First Time"},"web_url":"http:\/\/www.nytimes.com\/2017\/02\/22\/world\/europe\/scotland-yard-commissioner-cressida-dick.html","date":"2017-02-22T21:48:47+0000","news_desk":"Foreign"},{"keywords":[{"rank":"1","name":"glocations","value":"Egypt"},{"rank":"2","name":"glocations","value":"Tahrir Square (Cairo)"},{"rank":"1","name":"organizations","value":"Muslim Brotherhood (Egypt)"},{"rank":"1","name":"subject","value":"Middle East and North Africa Unrest (2010- )"},{"rank":"2","name":"subject","value":"Sexual Harassment"},{"rank":"3","name":"subject","value":"Women and Girls"}],"headline":{"main":"A History of Mob Violence","kicker":"Latitude"},"web_url":"http:\/\/latitude.blogs.nytimes.com\/2012\/07\/03\/in-egypt-mob-violence-and-sexual-harassment-are-only-too-common\/","date":"2012-07-03T07:37:33Z","news_desk":null},{"keywords":[{"rank":"3","is_major":"N","value":"New York City","name":"glocations"},{"rank":"1","is_major":"N","value":"Domestic Violence","name":"subject"},{"rank":"2","is_major":"N","value":"Women and Girls","name":"subject"}],"headline":{"main":"Domestic Violence","kicker":"Letters","print_headline":"Domestic Violence","content_kicker":"Letters"},"web_url":"http:\/\/www.nytimes.com\/2014\/03\/16\/opinion\/sunday\/domestic-violence.html","date":"2014-03-16T00:00:00Z","news_desk":"Letters"},{"keywords":[{"value":"Sex Crimes","is_major":"Y","rank":"1","name":"subject"},{"value":"Women and Girls","is_major":"Y","rank":"2","name":"subject"},{"value":"Income Inequality","is_major":"N","rank":"3","name":"subject"},{"value":"Poverty","is_major":"N","rank":"4","name":"subject"},{"value":"Colleges and Universities","is_major":"N","rank":"5","name":"subject"},{"value":"Research","is_major":"N","rank":"6","name":"subject"}],"headline":{"seo":"Who Suffers Most From Rape and Sexual Assault in America?","main":"Privilege, Among Rape Victims","kicker":"Op-Ed Contributor","print_headline":"Privilege, Among Rape Victims","content_kicker":"Op-Ed Contributor"},"web_url":"http:\/\/www.nytimes.com\/2014\/12\/22\/opinion\/who-suffers-most-from-rape-and-sexual-assault-in-america.html","date":"2014-12-22T00:00:00Z","news_desk":"OpEd"},{"keywords":[{"rank":"1","is_major":"Y","value":"Women and Girls","name":"subject"},{"rank":"2","is_major":"Y","value":"Sex Crimes","name":"subject"},{"rank":"3","is_major":"N","value":"United Nations","name":"organizations"},{"rank":"4","is_major":"Y","value":"Russia","name":"glocations"},{"rank":"5","is_major":"Y","value":"Iran","name":"glocations"},{"rank":"6","is_major":"Y","value":"Domestic Violence","name":"subject"},{"rank":"7","is_major":"Y","value":"Roman Catholic Church","name":"organizations"},{"rank":"8","is_major":"Y","value":"Editorials","name":"subject"}],"headline":{"seo":"Concerns at U.N. Conference on Violence Against Women","main":"Unholy Alliance","kicker":"Editorial","print_headline":"Unholy Alliance","content_kicker":"Editorial"},"web_url":"http:\/\/www.nytimes.com\/2013\/03\/12\/opinion\/concerns-at-un-conference-on-violence-against-women.html","date":"2013-03-12T00:00:00Z","news_desk":"Editorial"},{"keywords":[{"rank":"1","is_major":"N","value":"Women and Girls","name":"subject"},{"rank":"2","is_major":"N","value":"Domestic Violence","name":"subject"}],"headline":{"main":"Gay Couples Gain Under Violence Against Women Act","print_headline":"Gay Couples Gain Under Violence Against Women Act"},"web_url":"http:\/\/www.nytimes.com\/2010\/06\/11\/us\/politics\/11gender.html","date":"2010-06-11T00:00:00Z","news_desk":"National"},{"keywords":[{"value":"Bullies","is_major":"N","rank":"1","name":"subject"},{"value":"Suicides and Suicide Attempts","is_major":"N","rank":"2","name":"subject"},{"value":"Teenagers and Adolescence","is_major":"N","rank":"3","name":"subject"},{"value":"Women and Girls","is_major":"N","rank":"4","name":"subject"},{"value":"Federal Bureau of Investigation","is_major":"N","rank":"5","name":"organizations"},{"value":"Bureau of Justice Statistics","is_major":"N","rank":"6","name":"organizations"}],"headline":{"main":"The Myth of Mean Girls","print_headline":"The Myth of Mean Girls","content_kicker":"Op-Ed Contributors"},"web_url":"http:\/\/www.nytimes.com\/2010\/04\/02\/opinion\/02males.html","date":"2010-04-02T00:00:00Z","news_desk":"OpEd"},{"keywords":[{"rank":"1","is_major":"N","value":"Women and Girls","name":"subject"},{"rank":"2","is_major":"N","value":"Mexico","name":"glocations"},{"rank":"3","is_major":"N","value":"Drug Abuse and Traffic","name":"subject"},{"rank":"4","is_major":"N","value":"Prisons and Prisoners","name":"subject"}],"headline":{"seo":"In Mexico and U.S., More Women Behind Bars","main":"More Women Behind Bars","kicker":"Letters","print_headline":"More Women Behind Bars","content_kicker":"Letters"},"web_url":"http:\/\/www.nytimes.com\/2011\/08\/20\/opinion\/in-mexico-and-us-more-women-behind-bars.html","date":"2011-08-20T00:00:00Z","news_desk":"Letters"},{"keywords":[{"rank":"1","name":"subject","value":"Sex Crimes"},{"rank":"2","name":"subject","value":"Women and Girls"}],"headline":{"main":"A Global Mission to Fight Sexual Violence Against Women","kicker":"IHT Rendezvous"},"web_url":"http:\/\/rendezvous.blogs.nytimes.com\/2013\/04\/02\/a-global-mission-to-fight-sexual-violence-against-women\/","date":"2013-04-02T11:41:05Z","news_desk":null},{"keywords":[{"rank":"1","name":"glocations","value":"India"},{"rank":"1","name":"subject","value":"Capital Punishment"},{"rank":"2","name":"subject","value":"Sex Crimes"},{"rank":"3","name":"subject","value":"Women and Girls"}],"headline":{"main":"Is Sexual Abuse of Minors Worse in India? Ink Readers Debate","kicker":"India Ink"},"web_url":"http:\/\/india.blogs.nytimes.com\/2013\/05\/02\/is-sexual-abuse-of-minors-worse-in-india-ink-readers-debate\/","date":"2013-05-02T02:41:00Z","news_desk":null},{"keywords":[{"value":"Women and Girls","is_major":"Y","rank":"1","name":"subject"},{"value":"Travel and Vacations","is_major":"Y","rank":"2","name":"subject"},{"value":"Sex Crimes","is_major":"Y","rank":"3","name":"subject"},{"value":"Sexual Harassment","is_major":"N","rank":"4","name":"subject"},{"value":"Americans Abroad","is_major":"N","rank":"5","name":"subject"},{"value":"Sierra, Sarai","is_major":"N","rank":"6","name":"persons"},{"value":"Murders and Attempted Murders","is_major":"N","rank":"7","name":"subject"},{"value":"Assaults","is_major":"Y","rank":"8","name":"subject"}],"headline":{"main":"Women Alert to Travel\u2019s Darker Side","kicker":"Personal Journeys","print_headline":"Women Alert to Travel\u2019s Darker Side","content_kicker":"Personal Journeys"},"web_url":"http:\/\/www.nytimes.com\/2014\/05\/25\/travel\/women-alert-to-travels-darker-side.html","date":"2014-05-25T00:00:00Z","news_desk":"Travel"},{"keywords":[{"rank":"5","is_major":"N","value":"Human Rights and Human Rights Violations","name":"subject"},{"rank":"3","is_major":"N","value":"Women's Rights","name":"subject"},{"rank":"1","is_major":"N","value":"Afghanistan","name":"glocations"},{"rank":"2","is_major":"N","value":"Women and Girls","name":"subject"},{"rank":"4","is_major":"N","value":"Domestic Violence","name":"subject"}],"headline":{"main":"In Afghanistan, Women Betrayed","kicker":"Op-Ed Contributor","print_headline":"In Afghanistan, Women Betrayed","content_kicker":"Op-Ed Contributor"},"web_url":"http:\/\/www.nytimes.com\/2013\/12\/11\/opinion\/in-afghanistan-women-betrayed.html","date":"2013-12-11T00:00:00Z","news_desk":"OpEd"},{"keywords":[{"rank":"1","is_major":"Y","name":"subject","value":"Women and Girls"},{"rank":"2","is_major":"Y","name":"glocations","value":"India"},{"rank":"3","is_major":"Y","name":"subject","value":"Sex Crimes"},{"rank":"4","is_major":"Y","name":"subject","value":"Editorials"}],"headline":{"main":"In India, Women\u2019s Issues Are Finally Out Front","content_kicker":"Editorial Observer","kicker":"Editorial | Sunday Observer","print_headline":"In India, Women\u2019s Issues Are Finally Out Front"},"web_url":"http:\/\/www.nytimes.com\/2013\/03\/24\/opinion\/sunday\/in-india-womens-issues-are-finally-out-front.html","date":"2013-03-24T00:00:00Z","news_desk":"Editorial"},{"keywords":[{"rank":"1","is_major":"N","value":"Abortion","name":"subject"},{"rank":"2","is_major":"N","value":"India","name":"glocations"},{"rank":"3","is_major":"N","value":"Discrimination","name":"subject"},{"rank":"4","is_major":"N","value":"Women and Girls","name":"subject"},{"rank":"5","is_major":"N","value":"Domestic Violence","name":"subject"},{"rank":"6","is_major":"N","value":"Human Rights and Human Rights Violations","name":"subject"},{"rank":"7","is_major":"N","value":"Feminist Movement","name":"subject"}],"headline":{"main":"A Campaign Against Girls in India","print_headline":"A Campaign Against Girls in India","content_kicker":"The Female Factor"},"web_url":"http:\/\/www.nytimes.com\/2011\/04\/13\/world\/asia\/13iht-letter13.html","date":"2011-04-13T13:30:00Z","news_desk":"Foreign"},{"keywords":[{"value":"Murders and Attempted Murders","is_major":"N","rank":"1","name":"subject"},{"value":"Bishop, Amy","is_major":"N","rank":"2","name":"persons"},{"value":"Women and Girls","is_major":"N","rank":"3","name":"subject"},{"value":"Violence","is_major":"N","rank":"4","name":"subject"},{"value":"Television","is_major":"N","rank":"5","name":"subject"},{"value":"Books and Literature","is_major":"N","rank":"6","name":"subject"},{"value":"Domestic Violence","is_major":"N","rank":"7","name":"subject"},{"value":"Movies","is_major":"N","rank":"8","name":"subject"}],"headline":{"seo":"The Amy Bishop Case: Violence That Art Didn\u2019t See Coming","main":"Violence That Art Didn\u2019t See Coming","print_headline":"Violence That Art Didn\u2019t See Coming"},"web_url":"http:\/\/www.nytimes.com\/2010\/02\/28\/arts\/28bishop.html","date":"2010-02-28T00:00:00Z","news_desk":"Arts&Leisure"},{"keywords":[{"rank":"1","is_major":"N","name":"subject","value":"Movies"},{"rank":"2","is_major":"N","name":"subject","value":"Blacks"},{"rank":"3","is_major":"N","name":"organizations","value":"Bounce TV"}],"headline":{"main":"Blaxploitation Movies Are Ready to Stream, Nostalgia Included","content_kicker":"Streaming","print_headline":"Delivering Blaxploitation, and Nostalgia"},"web_url":"http:\/\/www.nytimes.com\/2017\/02\/09\/movies\/blaxploitation-movies-streaming-on-brown-sugar.html","date":"2017-02-09T22:30:09+0000","news_desk":"Arts&Leisure"}]