[{"keywords":[{"rank":"1","is_major":"Y","name":"subject","value":"Female Genital Mutilation"},{"rank":"2","is_major":"Y","name":"glocations","value":"Senegal"},{"rank":"3","is_major":"N","name":"subject","value":"Women and Girls"},{"rank":"4","is_major":"N","name":"subject","value":"Politics and Government"}],"headline":{"seo":"Movement to End Genital Cutting Spreads in Senegal","main":"Senegal Curbs a Bloody Rite for Girls and Women","print_headline":"Senegal Curbs A Bloody Rite, African-Style"},"web_url":"http:\/\/www.nytimes.com\/2011\/10\/16\/world\/africa\/movement-to-end-genital-cutting-spreads-in-senegal.html","date":"2011-10-16T00:00:00Z","news_desk":"Foreign"},{"keywords":[{"rank":"1","is_major":"Y","name":"glocations","value":"Egypt"},{"rank":"2","is_major":"Y","name":"organizations","value":"Muslim Brotherhood (Egypt)"},{"rank":"3","is_major":"N","name":"subject","value":"Politics and Government"},{"rank":"4","is_major":"N","name":"subject","value":"Economic Conditions and Trends"},{"rank":"5","is_major":"N","name":"subject","value":"Muslims and Islam"},{"rank":"6","is_major":"N","name":"subject","value":"Female Genital Mutilation"},{"rank":"7","is_major":"N","name":"subject","value":"Women and Girls"},{"rank":"8","is_major":"N","name":"subject","value":"Religion-State Relations"}],"headline":{"seo":"Joining a Dinner in a Muslim Brotherhood Home","main":"Joining a Dinner in a Muslim Brotherhood Home","content_kicker":"Op-Ed Columnist","kicker":"Op-Ed Columnist","print_headline":"Joining a Dinner in a Muslim Brotherhood Home"},"web_url":"http:\/\/www.nytimes.com\/2011\/12\/08\/opinion\/kristof-joining-a-dinner-in-a-muslim-brotherhood-home.html","date":"2011-12-08T00:00:00Z","news_desk":"Editorial"},{"keywords":[],"headline":{"main":"Female Influence in Politics.","kicker":"1"},"web_url":"http:\/\/query.nytimes.com\/gst\/abstract.html?res=9A0CEEDC1639EF34BC4951DFB767838A669FDE","date":"1871-11-21T00:03:58Z","news_desk":null},{"keywords":[{"rank":"1","is_major":"Y","name":"subject","value":"Women and Girls"},{"rank":"2","is_major":"Y","name":"glocations","value":"Great Britain"},{"rank":"3","is_major":"Y","name":"organizations","value":"European Union"},{"rank":"4","is_major":"Y","name":"subject","value":"Politics and Government"},{"rank":"5","is_major":"N","name":"subject","value":"Great Britain Withdrawal from EU (Brexit)"},{"rank":"6","is_major":"N","name":"persons","value":"May, Theresa M"}],"headline":{"main":"\u2018Glass Cliff,\u2019 Not Just Ceiling, Often Impedes Women Rising in Politics","content_kicker":"Letter From Europe","kicker":"Letter From Europe","print_headline":"Female Leaders May Face \u2018Glass Cliff\u2019"},"web_url":"http:\/\/www.nytimes.com\/2016\/10\/05\/world\/europe\/glass-cliff-uk-women-politics.html","date":"2016-10-07T04:00:00+0000","news_desk":"Foreign"},{"keywords":[{"rank":"1","is_major":"N","name":"unknown","value":"Debates"}],"headline":{"main":"TimesCast Politics","sub":"A Push for a Female Debate Moderator"},"web_url":"http:\/\/www.nytimes.com\/video\/multimedia\/100000001708507\/timescast-politics.html","date":"2012-08-07T18:04:36Z","news_desk":"Multimedia\/Photos"},{"keywords":[],"headline":{"main":"Britain Set to Welcome Female PM but Sexism Still 'Corrodes' Politics, Activists Say","print_headline":"Britain Set to Welcome Female PM but Sexism Still 'Corrodes' Politics, Activists Say"},"web_url":"http:\/\/www.nytimes.com\/reuters\/2016\/07\/12\/world\/europe\/12reuters-britain-politics-women-rights.html","date":"2016-07-12T15:18:13Z","news_desk":"None"},{"keywords":[{"name":"subject","value":"UNITED STATES POLITICS AND GOVERNMENT"},{"name":"subject","value":"PUBLIC OPINION"},{"name":"subject","value":"ELECTION ISSUES"},{"name":"subject","value":"POLITICS AND GOVERNMENT"},{"name":"subject","value":"WOMEN"},{"name":"subject","value":"ELECTIONS"}],"headline":{"main":"MALE-FEMALE SPLIT ON POLITICS FOUND A KEY FACTOR IN POLLS"},"web_url":"http:\/\/www.nytimes.com\/1982\/10\/27\/us\/male-female-split-on-politics-found-a-key-factor-in-polls.html","date":"1982-10-27T00:00:00Z","news_desk":"National Desk"},{"keywords":[{"name":"persons","value":"DALL, CAROLINE H."},{"name":"subject","value":"WOMEN'S SUFFRAGE"}],"headline":{"main":"WOMEN AND POLITICS.; THE SUFFRAGE ISSUE DISCUSSED BY A VETERAN FEMALE ADVOCATE."},"web_url":"http:\/\/query.nytimes.com\/gst\/abstract.html?res=9A0CE2DD1439E533A25751C1A9609C94649FD7CF","date":"1885-06-12T00:00:00Z","news_desk":null},{"keywords":[],"headline":{"main":"Britain Set to Welcome Female PM but Sexism Still 'Corrodes' Politics, Activists Say","print_headline":"Britain Set to Welcome Female PM but Sexism Still 'Corrodes' Politics, Activists Say"},"web_url":"http:\/\/www.nytimes.com\/reuters\/2016\/07\/13\/world\/europe\/13reuters-britain-politics-women-rights.html","date":"2016-07-13T08:36:05Z","news_desk":"None"},{"keywords":[{"isMajor":"N","rank":1,"name":"subject","value":"State Legislatures"},{"isMajor":"N","rank":2,"name":"subject","value":"Women and Girls"},{"isMajor":"N","rank":3,"name":"subject","value":"Local Government"},{"isMajor":"N","rank":4,"name":"subject","value":"United States Politics and Government"}],"headline":{"main":"Why So Few Women in State Politics?","kicker":"Editorial","print_headline":"Too Few Women in the Political Pipeline","content_kicker":"Editorial"},"web_url":"https:\/\/www.nytimes.com\/2017\/02\/25\/opinion\/why-so-few-women-in-state-politics.html","date":"2017-02-25T20:48:15+0000","news_desk":"Editorial"},{"keywords":[{"name":"persons","value":"WALD, LILLIAN D."},{"name":"persons","value":"DAVIS, KATHARINE BEMENT"},{"name":"persons","value":"ROOSEVELT, THEODORE"},{"name":"glocations","value":"UNITED STATES"},{"name":"glocations","value":"NEW YORK STATE"},{"name":"organizations","value":"WOMAN SUFFRAGE"},{"name":"subject","value":"POLITICS"}],"headline":{"main":"ROOSEVELT TALKS POLITICS TO WOMEN; Tells Female Progressives at Colony Club Luncheon That He Is with Them."},"web_url":"http:\/\/query.nytimes.com\/gst\/abstract.html?res=990CEED81F39E633A25755C1A9619C946596D6CF","date":"1914-07-16T00:00:00Z","news_desk":null},{"keywords":[{"name":"persons","value":"SAFIRE, WILLIAM"},{"name":"subject","value":"UNITED STATES POLITICS AND GOVERNMENT"},{"name":"subject","value":"WOMEN"}],"headline":{"main":"Bad Year for Women","kicker":"ESSAY"},"web_url":"http:\/\/www.nytimes.com\/1990\/12\/20\/opinion\/essay-bad-year-for-women.html","date":"1990-12-20T00:00:00Z","news_desk":"Editorial Desk"},{"keywords":[{"name":"glocations","value":"ENGLAND. PARLIAMENT"},{"name":"glocations","value":"ENGLAND. PARLIAMENT"}],"headline":{"main":"THE WOMAN IN THE CASE; A QUESTION THAT AGITATES BRITISH POLITICS. THE PARNELL CHARGES BELIEVED TO HAVE EMANATED FROM A MYSTERIOUS FEMALE."},"web_url":"http:\/\/query.nytimes.com\/gst\/abstract.html?res=9F00EFD6143AE033A25750C2A9619C94699FD7CF","date":"1888-07-23T00:00:00Z","news_desk":null},{"keywords":[{"isMajor":"N","rank":1,"name":"persons","value":"Crenn, Dominique"},{"isMajor":"N","rank":2,"name":"organizations","value":"Atelier Crenn (San Francisco, Calif, Restaurant)"},{"isMajor":"N","rank":3,"name":"subject","value":"Chefs"},{"isMajor":"N","rank":4,"name":"subject","value":"Women and Girls"},{"isMajor":"N","rank":5,"name":"subject","value":"Restaurants"},{"isMajor":"N","rank":6,"name":"glocations","value":"San Francisco (Calif)"}],"headline":{"main":"Does Fame Have a Recipe? Dominique Crenn\u2019s Fast Rise","print_headline":"Here, There  and Rising"},"web_url":"https:\/\/www.nytimes.com\/2017\/02\/14\/dining\/chef-dominique-crenn.html","date":"2017-02-14T18:00:08+0000","news_desk":"Dining"},{"keywords":[{"name":"glocations","value":"COLORADO"}],"headline":{"main":"COLORADO'S WOMEN VOTERS; The Work They Have Accomplished Since Receiving the Right of Suffrage. A STATEMENT OF THE RESULTS Politics Have Been Materially Purified in the State by the Influence of Women -- Female Officeholders Have Proved Efficient."},"web_url":"http:\/\/query.nytimes.com\/gst\/abstract.html?res=9F06E1DB143DE633A25757C1A9639C94669ED7CF","date":"1897-05-14T00:00:00Z","news_desk":null},{"keywords":[],"headline":{"main":"Ideas & Trends; In Summary The Sun Belt Sizzles As Drought Raises Long-Term Fears The Feds Give Firestone a Flat A Female Bishop For Methodists At the Midpoint: Politics and Despair Toxic-Waste Suits Aim at the Source","kicker":"1"},"web_url":"http:\/\/query.nytimes.com\/gst\/abstract.html?res=9A04EFD91F3EE732A25753C2A9619C94619FD6CF","date":"1980-07-20T00:00:00Z","news_desk":null},{"keywords":[],"headline":{"main":"NEW-YORK CITY.; CITY POLITICS. The Republicans. After the Leadership. Female Normal School. Ship to it. Bock Agen.\" American Bible Society. They need to be Strong. The Sheriff After Briggs. of Great Importance. City Mortality. The Prohibitory Law.","kicker":"1"},"web_url":"http:\/\/query.nytimes.com\/gst\/abstract.html?res=9B0CE4D6123DE034BC4852DFBF66838E649FDE","date":"1855-09-10T00:03:58Z","news_desk":null},{"keywords":[{"name":"organizations","value":"NEW YORK LEGISLATURE"},{"name":"subject","value":"WOMAN SUFFRAGE"}],"headline":{"main":"HOME, WOMAN'S SPHERE; Mrs. Francis M. Scott on the Female Suffrage Question. A STRONG PLEA FOR AMERICAN HOMES The True Women of This Country, Mrs. Scott Says, Have No Desire to Assume the Burdens of Politics."},"web_url":"http:\/\/query.nytimes.com\/gst\/abstract.html?res=9901EFD61139E033A25752C1A9629C94649ED7CF","date":"1895-04-11T00:00:00Z","news_desk":null},{"keywords":[{"isMajor":"N","rank":1,"name":"glocations","value":"Europe"},{"isMajor":"N","rank":2,"name":"subject","value":"Politics and Government"},{"isMajor":"N","rank":3,"name":"subject","value":"Fringe Groups and Movements"},{"isMajor":"N","rank":4,"name":"subject","value":"Women and Girls"},{"isMajor":"N","rank":5,"name":"subject","value":"Elections"},{"isMajor":"N","rank":6,"name":"persons","value":"Le Pen, Marine"},{"isMajor":"N","rank":7,"name":"persons","value":"Petry, Frauke (1975- )"},{"isMajor":"N","rank":8,"name":"persons","value":"Jensen,  Siv"},{"isMajor":"N","rank":9,"name":"persons","value":"Kjaersgaard, Pia"},{"isMajor":"N","rank":10,"name":"glocations","value":"Denmark"},{"isMajor":"N","rank":11,"name":"glocations","value":"France"},{"isMajor":"N","rank":12,"name":"glocations","value":"Germany"},{"isMajor":"N","rank":13,"name":"glocations","value":"Norway"}],"headline":{"main":"On Europe\u2019s Far Right, Female Leaders Look to Female Voters","kicker":"Memo From the United Nations","print_headline":"Europe\u2019s Far Right: Female Leaders Wooing Female Voters","content_kicker":"Memo From the United Nations"},"web_url":"https:\/\/www.nytimes.com\/2017\/03\/02\/world\/europe\/political-strategy-for-europes-far-right-female-leaders-wooing-female-voters.html","date":"2017-03-02T14:30:27+0000","news_desk":"Foreign"},{"keywords":[],"headline":{"main":"Legos Ready to Blast Off With 'Women of NASA' Set","print_headline":"Legos Ready to Blast Off With 'Women of NASA' Set"},"web_url":"https:\/\/www.nytimes.com\/aponline\/2017\/03\/01\/us\/ap-us-women-of-nasa-legos.html","date":"2017-03-01T21:52:44+0000","news_desk":"None"},{"keywords":[],"headline":{"main":"Hillary Clinton Releases Video Statement: 'Future Is Female'","print_headline":"Hillary Clinton Releases Video Statement: 'Future Is Female'"},"web_url":"http:\/\/www.nytimes.com\/aponline\/2017\/02\/07\/us\/ap-us-clinton-video-statement.html","date":"2017-02-07T12:18:32+0000","news_desk":null},{"keywords":[],"headline":{"main":"Wanted: Female Candidates for Algeria's Parliament Quota","print_headline":"Wanted: Female Candidates for Algeria's Parliament Quota"},"web_url":"https:\/\/www.nytimes.com\/aponline\/2017\/03\/05\/world\/middleeast\/ap-ml-algeria-women-in-politics.html","date":"2017-03-05T10:24:34+0000","news_desk":"None"},{"keywords":[],"headline":{"main":"NEWS BY TELEGRAPH; Methodist Episcopal Conference The Wisconsin Delegates Appointment of Committees Divorce and Remarriage. Pennsylvania Politics. Virginia-Republican State Convention. Michigan Republican State Convention. Inauguration of Gov. Buckingham. Body of an Unknown Female Found. Railroad Accident. Departure of European Steamers. Navigation on the Canal. Lrtor from Vera Cruz. Fire. Markets by Telegraph."},"web_url":"http:\/\/www.nytimes.com\/1860\/05\/03\/news\/telegraph-methodist-episcopal-conference-wisconsin-delegates-appointment.html","date":"1860-05-03T00:03:58Z","news_desk":null},{"keywords":[{"name":"glocations","value":"CONNECTICUT"},{"name":"organizations","value":"LEGISLATURE"}],"headline":{"main":"POLITICS IN CONNECTICUT.; THE RECORD THE DEMOCRATIC LEGISLATURE IS MAKING. PARTISANSHIP UNDER THE NAME OF REFORM QUARRELS OVER THE SPOILS THE NEW CHARTER FOR NEW-HAVEN. THE NEW CHARTER FOR NEW-HAVEN. THE REGISTRY LAW. RAILROAD LEGISLATION. CONSTITUTIONAL AMENDMENTS. FEMALE SUFFRAGE. SAVINGS BANKS. LIFE INSURANCE COMPANIES. AN INEBRIATE ASYLUM PETITIONS FOR EXEMPTION FROM LICENSE. MISCELLANEOUS."},"web_url":"http:\/\/query.nytimes.com\/gst\/abstract.html?res=9B01E3DA1139EF34BC4053DFB166838F669FDE","date":"1874-07-08T00:03:58Z","news_desk":null},{"keywords":[{"isMajor":"N","rank":1,"name":"subject","value":"Fashion and Apparel"},{"isMajor":"N","rank":2,"name":"subject","value":"New York Fashion Week"},{"isMajor":"N","rank":3,"name":"subject","value":"Women and Girls"},{"isMajor":"N","rank":4,"name":"subject","value":"Immigration and Emigration"}],"headline":{"main":"Wrestling With Politics at New York Fashion Week","print_headline":"Making Their Voices Heard"},"web_url":"https:\/\/www.nytimes.com\/2017\/02\/15\/fashion\/wrestling-with-politics-at-new-york-fashion-week.html","date":"2017-02-15T22:17:10+0000","news_desk":"Styles"},{"keywords":[{"rank":"1","is_major":"N","name":"subject","value":"Women and Girls"},{"rank":"2","is_major":"N","name":"subject","value":"Women's Rights"},{"rank":"3","is_major":"N","name":"subject","value":"Royal Families"},{"rank":"4","is_major":"N","name":"organizations","value":"Liberal Democratic Party (Japan)"},{"rank":"5","is_major":"N","name":"persons","value":"Abe, Shinzo"},{"rank":"6","is_major":"N","name":"persons","value":"Akihito"},{"rank":"7","is_major":"N","name":"persons","value":"Naruhito, Crown Prince of Japan"},{"rank":"8","is_major":"N","name":"persons","value":"Masako, Crown Princess of Japan"},{"rank":"9","is_major":"N","name":"glocations","value":"Japan"}],"headline":{"main":"Many Japanese Look for a Shift to Female Heirs to the Throne","print_headline":"Many in Japan Look for Shift to Allow Female Heirs"},"web_url":"http:\/\/www.nytimes.com\/2017\/01\/28\/world\/asia\/japan-emperor-female-heirs.html","date":"2017-01-28T18:15:23+0000","news_desk":"Foreign"},{"keywords":[],"headline":{"main":"NEW-YORK CITY.; AMERICAN INSTITUTE. THE CITY OF NEW-YORK. NAVAL. CHARGE OF STEALING DIAMONDS. A NOVEL MODE OF RAISING FUNDS. AN ELEVATED POSITION. THE DEMOCRATIC RATIFICATION MEETING, AND TAMMANY HALL IN DARKNESS. CARLESSNESS WITH FIRE. THE RIGGERS AND THEIR WAGES. DEATH BY VIOLENCE. MURDEROUS ATTACK UPON A FEMALE. ATTEMPTED STABBING WITH A KNIFE. EASTERN DISPENSARY. VISIT OF BOSTON MILITARY. FIRE IN FRONT-STREET. WOLFE'S AROMATIC SCHIEDAM SCHNAPPS. City Politics.","kicker":"1"},"web_url":"http:\/\/query.nytimes.com\/gst\/abstract.html?res=9D00EEDD1231E13BBC4F53DFB6678389649FDE","date":"1852-10-07T00:03:58Z","news_desk":null},{"keywords":[{"isMajor":"N","rank":1,"name":"subject","value":"Presidential Election of 2016"},{"isMajor":"N","rank":2,"name":"subject","value":"Social Media"},{"isMajor":"N","rank":3,"name":"persons","value":"Clinton, Hillary Rodham"},{"isMajor":"N","rank":4,"name":"persons","value":"Conway, Kellyanne"},{"isMajor":"N","rank":5,"name":"subject","value":"Women and Girls"},{"isMajor":"N","rank":6,"name":"subject","value":"Discrimination"}],"headline":{"main":"Sexist Political Criticism Finds a New Target: Kellyanne Conway","print_headline":"Another Powerful Woman. Same Sexist Attacks."},"web_url":"https:\/\/www.nytimes.com\/2017\/03\/05\/us\/kellyanne-conway-sexist-political-criticism.html","date":"2017-03-05T23:57:29+0000","news_desk":"National"},{"keywords":[],"headline":{"main":"NEW-YORK CITY.; NEW--YORK STREET-PREACHING. INTENSE EXCITEMENT YESTERDAY. Seizure of Deadly Weapons. Scenes and Incidents. BEFORE THE MAYOR. Street-Prenching in Brooklyn. Street-Prenching in Williamsburg. Mortality of the City. Funeral of Two New-York Volunteers. Free Academy Cricket Club. CITY POLITICS. Whig Delegates to Syracuse. Abuse of Emigrators. The Female Normal School. Fire and Alleged Arson. Fire in Oliver-Street. Fatal Attack by Rowdies. Counterfelt $100 Bank Notes. During Barglary. Return of the Helena Thompson-Steams and Wrecks at Son.","kicker":"1"},"web_url":"http:\/\/query.nytimes.com\/gst\/abstract.html?res=9804EFD61538EE3BBC4052DFBF66838F649FDE","date":"1854-09-18T00:03:58Z","news_desk":null},{"keywords":[{"rank":"1","is_major":"N","name":"subject","value":"Fashion and Apparel"},{"rank":"2","is_major":"N","name":"subject","value":"Demonstrations, Protests and Riots"},{"rank":"3","is_major":"N","name":"subject","value":"Women and Girls"},{"rank":"4","is_major":"N","name":"glocations","value":"Washington (DC)"}],"headline":{"main":"Fashioning Protest for the Women\u2019s March on Washington","print_headline":"Fashioning Protest for the March in Washington"},"web_url":"http:\/\/www.nytimes.com\/2017\/01\/18\/fashion\/womens-march-washington-fashion-protest.html","date":"2017-01-18T10:00:25+0000","news_desk":"Styles"},{"keywords":[{"isMajor":"N","rank":1,"name":"subject","value":"Women and Girls"},{"isMajor":"N","rank":2,"name":"subject","value":"Women's Rights"},{"isMajor":"N","rank":3,"name":"subject","value":"Books and Literature"},{"isMajor":"N","rank":4,"name":"subject","value":"Women's History Month"}],"headline":{"main":"Casting a Literary Lens on Women and Power","print_headline":"A Literary Lens on Women and Power"},"web_url":"https:\/\/www.nytimes.com\/2017\/03\/05\/books\/books-power-national-womens-month.html","date":"2017-03-05T23:05:14+0000","news_desk":"Culture"},{"keywords":[{"rank":"1","is_major":"N","name":"persons","value":"Obama, Barack"},{"rank":"2","is_major":"N","name":"persons","value":"Romney, Mitt"},{"rank":"3","is_major":"N","name":"unknown","value":"Debates"}],"headline":{"main":"The Campaign Moves to the Final Sprint","sub":"TimesCast Politics | October 23, 2012"},"web_url":"http:\/\/www.nytimes.com\/video\/us\/politics\/100000001861602\/timescast-politics-oct-23-2012.html","date":"2012-10-23T13:45:00Z","news_desk":"U.S. \/ Politics"},{"keywords":[],"headline":{"main":"Biographical Notes on Supreme Court Nominee Neil Gorsuch","print_headline":"Biographical Notes on Supreme Court Nominee Neil Gorsuch"},"web_url":"http:\/\/www.nytimes.com\/aponline\/2017\/02\/01\/us\/ap-us-supreme-court-gorsuch-bio-box.html","date":"2017-02-01T08:30:41+0000","news_desk":null},{"keywords":[],"headline":{"main":"Biographical Notes on Supreme Court Nominee Neil Gorsuch","print_headline":"Biographical Notes on Supreme Court Nominee Neil Gorsuch"},"web_url":"http:\/\/www.nytimes.com\/aponline\/2017\/01\/31\/us\/ap-us-supreme-court-gorsuch-bio-box.html","date":"2017-02-01T01:18:58+0000","news_desk":null},{"keywords":[{"rank":"1","is_major":"N","name":"subject","value":"Great Britain Withdrawal from EU (Brexit)"},{"rank":"2","is_major":"N","name":"subject","value":"Women and Girls"},{"rank":"3","is_major":"N","name":"subject","value":"Politics and Government"},{"rank":"4","is_major":"N","name":"organizations","value":"European Union"},{"rank":"5","is_major":"N","name":"persons","value":"May, Theresa M"},{"rank":"6","is_major":"N","name":"persons","value":"Merkel, Angela"},{"rank":"7","is_major":"N","name":"glocations","value":"Germany"},{"rank":"8","is_major":"N","name":"glocations","value":"Great Britain"}],"headline":{"main":"Split by \u2018Brexit,\u2019 May and Merkel Diverge on Wider Issues, Too","print_headline":"\u2018Brexit\u2019 Weighs on the Alliance of May and Merkel"},"web_url":"http:\/\/www.nytimes.com\/2017\/02\/05\/world\/europe\/brexit-theresa-may-angela-merkel.html","date":"2017-02-05T23:55:55+0000","news_desk":"Foreign"},{"keywords":[{"rank":"1","is_major":"N","name":"subject","value":"Women and Girls"},{"rank":"11","is_major":"N","name":"glocations","value":"Europe"},{"rank":"12","is_major":"N","name":"glocations","value":"United States"},{"rank":"13","is_major":"N","name":"glocations","value":"Western Europe"},{"rank":"14","is_major":"N","name":"persons","value":"Johnson Sirleaf, Ellen"},{"rank":"15","is_major":"N","name":"persons","value":"Bandaranaike, Sirimavo"},{"rank":"16","is_major":"N","name":"persons","value":"Clinton, Hillary Rodham"},{"rank":"17","is_major":"N","name":"subject","value":"Presidential Election of 2016"},{"rank":"2","is_major":"N","name":"subject","value":"United States Politics and Government"},{"rank":"3","is_major":"N","name":"subject","value":"Gender"},{"rank":"4","is_major":"N","name":"organizations","value":"United Nations Entity for Gender Equality and the Empowerment of Women"},{"rank":"5","is_major":"N","name":"persons","value":"Bhutto, Benazir"},{"rank":"6","is_major":"N","name":"persons","value":"Gandhi, Indira"},{"rank":"7","is_major":"N","name":"persons","value":"Meir, Golda"},{"rank":"8","is_major":"N","name":"persons","value":"Thatcher, Margaret H"},{"rank":"9","is_major":"N","name":"glocations","value":"Bangladesh"},{"rank":"10","is_major":"N","name":"glocations","value":"Far East, South and Southeast Asia and Pacific Areas"}],"headline":{"main":"Over 70 Nations Have Been Led by Women. So Why Not the U.S.?","print_headline":"Women Have Led Over 70 Nations, but Experts See \u2018Pipeline Problem\u2019 in U.S."},"web_url":"http:\/\/www.nytimes.com\/2016\/11\/11\/world\/europe\/women-world-leaders-clinton-trump.html","date":"2016-11-10T10:00:34Z","news_desk":"National"},{"keywords":[{"rank":"1","is_major":"N","name":"subject","value":"Women and Girls"},{"rank":"2","is_major":"N","name":"subject","value":"Women's Rights"},{"rank":"3","is_major":"N","name":"subject","value":"Colleges and Universities"},{"rank":"4","is_major":"N","name":"subject","value":"International Study and Teaching"}],"headline":{"main":"Discovering Feminist Students in the Middle East","content_kicker":"On Campus","kicker":"On Campus","print_headline":"Discovering Feminist Students in the Middle East"},"web_url":"http:\/\/www.nytimes.com\/2017\/01\/23\/opinion\/discovering-feminist-students-in-the-middle-east.html","date":"2017-01-23T08:21:21+0000","news_desk":"OpEd"},{"keywords":[{"rank":"4","is_major":"N","value":"Senate","name":"organizations"},{"rank":"2","is_major":"N","value":"Politics and Government","name":"subject"},{"rank":"5","is_major":"N","value":"Ferraro, Geraldine A","name":"persons"},{"rank":"7","is_major":"N","value":"Pelosi, Nancy","name":"persons"},{"rank":"1","is_major":"N","value":"Women and Girls","name":"subject"},{"rank":"6","is_major":"N","value":"Clinton, Hillary Rodham","name":"persons"},{"rank":"3","is_major":"N","value":"House of Representatives","name":"organizations"}],"headline":{"main":"Despite Leaps, Women Lag in Politics","kicker":"Letter From Washington","print_headline":"Despite Leaps, Women Lag in Politics","content_kicker":"Letter From Washington"},"web_url":"http:\/\/www.nytimes.com\/2014\/03\/17\/us\/politics\/despite-leaps-women-lag-in-politics.html","date":"2014-03-17T00:00:00Z","news_desk":"Foreign"},{"keywords":[{"rank":"1","is_major":"N","name":"subject","value":"Women's Rights"},{"rank":"2","is_major":"N","name":"persons","value":"Trump, Donald J"},{"rank":"3","is_major":"N","name":"persons","value":"Clinton, Hillary Rodham"},{"rank":"4","is_major":"N","name":"subject","value":"Demonstrations, Protests and Riots"},{"rank":"5","is_major":"N","name":"subject","value":"Women and Girls"},{"rank":"6","is_major":"N","name":"subject","value":"Presidential Election of 2016"},{"rank":"7","is_major":"N","name":"subject","value":"Race and Ethnicity"},{"rank":"8","is_major":"N","name":"organizations","value":"Democratic Party"}],"headline":{"main":"How a Fractious Women\u2019s Movement Came to Lead the Left","content_kicker":"Feature","kicker":"Feature","print_headline":"Forces in Opposition"},"web_url":"http:\/\/www.nytimes.com\/2017\/02\/07\/magazine\/how-a-fractious-womens-movement-came-to-lead-the-left.html","date":"2017-02-07T10:00:06+0000","news_desk":"Magazine"},{"keywords":[{"rank":"1","is_major":"N","name":"subject","value":"Television"},{"rank":"2","is_major":"N","name":"organizations","value":"Home Box Office"},{"rank":"3","is_major":"N","name":"creative_works","value":"Girls (TV Program)"},{"rank":"4","is_major":"N","name":"persons","value":"Dunham, Lena"},{"rank":"5","is_major":"N","name":"persons","value":"Mamet, Zosia"},{"rank":"6","is_major":"N","name":"persons","value":"Kirke, Jemima"},{"rank":"7","is_major":"N","name":"persons","value":"Williams, Allison (1988- )"},{"rank":"8","is_major":"N","name":"subject","value":"Women and Girls"},{"rank":"9","is_major":"N","name":"subject","value":"Writing and Writers"}],"headline":{"main":"6 Ways \u2018Girls\u2019 Changed Television. Or Didn\u2019t.","print_headline":"Voice. Vice. Veracity."},"web_url":"http:\/\/www.nytimes.com\/2017\/02\/02\/arts\/television\/girls-season-six.html","date":"2017-02-02T10:00:24+0000","news_desk":"Arts&Leisure"},{"keywords":[],"headline":{"main":"Putting More Women on a Path to Political Power","print_headline":"Putting more women on a path to power"},"web_url":"http:\/\/www.nytimes.com\/2017\/01\/16\/business\/world-economic-forum-davos-more-women-on-path-to-political-power.html","date":"2017-01-16T17:00:25+0000","news_desk":"SpecialSections"},{"keywords":[{"rank":"1","name":"glocations","value":"India"},{"rank":"1","name":"subject","value":"Legislatures and Parliaments"},{"rank":"2","name":"subject","value":"Sex Crimes"},{"rank":"3","name":"subject","value":"Women and Girls"}],"headline":{"main":"Indian Women Need a Political Party ","kicker":"IHT Rendezvous"},"web_url":"http:\/\/rendezvous.blogs.nytimes.com\/2013\/01\/02\/indian-women-need-a-political-party\/","date":"2013-01-02T06:29:33Z","news_desk":null},{"keywords":[],"headline":{"main":"Morning Agenda: Anti-Globalist or Globe-Trotter, and a Mercantilist Age","print_headline":"Morning Agenda: Anti-Globalist or Globe-Trotter, and a Mercantilist Age"},"web_url":"https:\/\/www.nytimes.com\/2017\/02\/22\/business\/dealbook\/trump-kraft-heinz-unilever.html","date":"2017-02-22T11:16:58+0000","news_desk":"Business"},{"keywords":[{"name":"subject","value":"TERMS NOT AVAILABLE"}],"headline":{"main":"MEDIA CREATORS"},"web_url":"http:\/\/www.nytimes.com\/1983\/10\/02\/books\/media-creators.html","date":"1983-10-02T00:00:00Z","news_desk":"Book Review Desk"},{"keywords":[{"rank":"1","is_major":"N","name":"subject","value":"Women and Girls"},{"rank":"2","is_major":"N","name":"subject","value":"Women's Rights"},{"rank":"3","is_major":"N","name":"subject","value":"Discrimination"},{"rank":"4","is_major":"N","name":"subject","value":"Gender"},{"rank":"5","is_major":"N","name":"subject","value":"Men and Boys"},{"rank":"6","is_major":"N","name":"subject","value":"Sexual Harassment"}],"headline":{"main":"Republican Men Say It\u2019s a Better Time to Be a Woman Than a Man","content_kicker":"Gender Inequality","kicker":"The Upshot","print_headline":"Sexes Differ on Persistence of Sexism"},"web_url":"http:\/\/www.nytimes.com\/2017\/01\/17\/upshot\/republican-men-say-its-a-better-time-to-be-a-woman-than-a-man.html","date":"2017-01-17T15:58:19+0000","news_desk":"Upshot"},{"keywords":[{"rank":"1","is_major":"N","value":"United States Politics and Government","name":"subject"},{"rank":"2","is_major":"Y","value":"Women and Girls","name":"subject"},{"rank":"3","is_major":"N","value":"Democratic Party","name":"organizations"},{"rank":"4","is_major":"N","value":"Republican Party","name":"organizations"},{"rank":"5","is_major":"N","value":"Elections","name":"subject"},{"rank":"6","is_major":"Y","value":"United States","name":"glocations"}],"headline":{"seo":"More Women Than Ever in Senate, but Their Seats Are at Risk","main":"More Women in Senate, but Seats Are at Risk","print_headline":"More Women In Senate, But Seats Are at Risk"},"web_url":"http:\/\/www.nytimes.com\/2011\/10\/21\/us\/politics\/women-could-have-banner-year-in-2012-election.html","date":"2011-10-21T00:00:00Z","news_desk":"National"},{"keywords":[],"headline":{"main":"David Bowie Honors, George Michael Tribute Top Brit Awards","print_headline":"David Bowie Honors, George Michael Tribute Top Brit Awards"},"web_url":"https:\/\/www.nytimes.com\/aponline\/2017\/02\/22\/world\/europe\/ap-eu-britain-brit-awards.html","date":"2017-02-22T15:43:12+0000","news_desk":"None"},{"keywords":[{"rank":"11","is_major":"Y","value":"English Language","name":"subject"},{"rank":"5","is_major":"N","value":"Slogans and Mottoes","name":"subject"},{"rank":"9","is_major":"N","value":"Akin, Todd","name":"persons"},{"rank":"7","is_major":"N","value":"Murray, Patty","name":"persons"},{"rank":"6","is_major":"N","value":"McCaskill, Claire","name":"persons"},{"rank":"3","is_major":"N","value":"Language and Languages","name":"subject"},{"rank":"8","is_major":"N","value":"Emily's List","name":"organizations"},{"rank":"10","is_major":"N","value":"O'Brien, Shannon","name":"persons"},{"rank":"1","is_major":"Y","value":"Women and Girls","name":"subject"},{"rank":"2","is_major":"Y","value":"United States Politics and Government","name":"subject"},{"rank":"4","is_major":"N","value":"Discrimination","name":"subject"}],"headline":{"main":"Reclaiming the Words That Smear","kicker":"News Analysis","print_headline":"Reclaiming the Words That Smear","content_kicker":"News Analysis"},"web_url":"http:\/\/www.nytimes.com\/2014\/04\/13\/sunday-review\/reclaiming-the-words-that-smear.html","date":"2014-04-13T00:00:00Z","news_desk":"OpEd"},{"keywords":[],"headline":{"main":"Death, Diplomatic Spat Could Cost North Korea a Rare Friend","print_headline":"Death, Diplomatic Spat Could Cost North Korea a Rare Friend"},"web_url":"https:\/\/www.nytimes.com\/aponline\/2017\/02\/20\/world\/asia\/ap-as-nkorea-few-friends.html","date":"2017-02-20T13:36:37+0000","news_desk":"None"},{"keywords":[],"headline":{"main":"Turkey's Erdogan Criticises Hurriyet Newspaper, Sends Its Shares Tumbling","print_headline":"Turkey's Erdogan Criticises Hurriyet Newspaper, Sends Its Shares Tumbling"},"web_url":"https:\/\/www.nytimes.com\/reuters\/2017\/02\/28\/world\/europe\/28reuters-turkey-newspaper.html","date":"2017-02-28T14:12:32+0000","news_desk":"None"},{"keywords":[{"isMajor":"N","rank":1,"name":"persons","value":"Kullmann Five, Kaci (1951-2017)"},{"isMajor":"N","rank":2,"name":"subject","value":"Nobel Prizes"},{"isMajor":"N","rank":3,"name":"subject","value":"Deaths (Obituaries)"}],"headline":{"main":"Kaci Kullmann Five, Head of Nobel Peace Prize Committee, Dies at 65","print_headline":"Kaci Kullmann Five, 65; Led Nobel Peace Prize Panel"},"web_url":"https:\/\/www.nytimes.com\/2017\/02\/21\/world\/europe\/kaci-kullmann-five-obituary.html","date":"2017-02-21T15:55:26+0000","news_desk":"Foreign"},{"keywords":[{"rank":"1","is_major":"Y","name":"subject","value":"Olympic Games (2016)"},{"rank":"2","is_major":"Y","name":"subject","value":"Women and Girls"},{"rank":"3","is_major":"Y","name":"glocations","value":"Saudi Arabia"}],"headline":{"main":"Saudi Arabia Will Send Four Women to the Olympics","print_headline":"Saudi Team at Games Will Include 4 Women"},"web_url":"http:\/\/www.nytimes.com\/2016\/07\/18\/sports\/olympics\/saudi-arabia-will-send-four-women-to-the-olympics.html","date":"2016-07-17T23:37:11+0000","news_desk":"Sports"},{"keywords":[{"rank":"1","is_major":"N","value":"Women and Girls","name":"subject"},{"rank":"2","is_major":"N","value":"Elections","name":"subject"},{"rank":"3","is_major":"N","value":"Senate","name":"organizations"},{"rank":"4","is_major":"N","value":"House of Representatives","name":"organizations"}],"headline":{"main":"Women Take Their Case to the Ballot","print_headline":"Women Take Their Case to the Ballot"},"web_url":"http:\/\/www.nytimes.com\/2012\/10\/17\/us\/17iht-letter17.html","date":"2012-10-17T17:45:00Z","news_desk":"Foreign"},{"keywords":[],"headline":{"main":"Fashion Insiders Declare 'I Am an Immigrant' in New Video","print_headline":"Fashion Insiders Declare 'I Am an Immigrant' in New Video"},"web_url":"https:\/\/www.nytimes.com\/aponline\/2017\/02\/17\/us\/ap-us-fashion-immigrant-video.html","date":"2017-02-17T13:06:44+0000","news_desk":"None"},{"keywords":[],"headline":{"main":"Basketball Inches Closer to Ending Ban on Religious Headgear","print_headline":"Basketball Inches Closer to Ending Ban on Religious Headgear"},"web_url":"http:\/\/www.nytimes.com\/aponline\/2017\/02\/03\/us\/ap-bko-fiba-headgear-ban.html","date":"2017-02-03T07:39:39+0000","news_desk":null},{"keywords":[{"rank":"2","is_major":"N","name":"subject","value":"Women and Girls"},{"rank":"3","is_major":"N","name":"subject","value":"United States Politics and Government"}],"headline":{"main":"Why Women Shy Away From Running for Office","content_kicker":"Letter","kicker":"Letter","print_headline":"Why Women Shy Away From Running for Office"},"web_url":"http:\/\/www.nytimes.com\/2016\/10\/28\/opinion\/why-women-shy-away-from-running-for-office.html","date":"2016-10-27T17:32:00+0000","news_desk":"Letters"},{"keywords":[{"rank":"1","is_major":"N","value":"Democratic Party","name":"organizations"},{"rank":"2","is_major":"N","value":"Midterm Elections (2014)","name":"subject"},{"rank":"3","is_major":"N","value":"Elections, Senate","name":"subject"},{"rank":"4","is_major":"N","value":"Women and Girls","name":"subject"},{"rank":"5","is_major":"N","value":"Republican Party","name":"organizations"},{"rank":"6","is_major":"N","value":"Udall, Mark","name":"persons"},{"rank":"7","is_major":"N","value":"Gardner, Cory S","name":"persons"},{"rank":"8","is_major":"N","value":"Ernst, Joni","name":"persons"},{"rank":"9","is_major":"N","value":"Nunn, Michelle","name":"persons"},{"rank":"10","is_major":"N","value":"Perdue, David A Jr","name":"persons"}],"headline":{"main":"Women Hold Vital Votes in Senate Races","kicker":"Letter From Washington","print_headline":"Women Hold Vital Votes in Senate Races","content_kicker":"Letter From Washington"},"web_url":"http:\/\/www.nytimes.com\/2014\/09\/22\/us\/politics\/women-hold-vital-votes-in-senate-races.html","date":"2014-09-22T20:40:00Z","news_desk":"Foreign"},{"keywords":[{"rank":"1","is_major":"Y","name":"glocations","value":"United States"},{"rank":"2","is_major":"Y","name":"subject","value":"Women and Girls"},{"rank":"3","is_major":"N","name":"organizations","value":"Democratic Party"},{"rank":"4","is_major":"N","name":"organizations","value":"Republican Party"},{"rank":"5","is_major":"N","name":"subject","value":"United States Politics and Government"}],"headline":{"main":"G.O.P. Women in Congress: Why So Few?","content_kicker":"Gender Gap","kicker":"The Upshot","print_headline":"G.O.P. Women in Congress: Why So Few?"},"web_url":"http:\/\/www.nytimes.com\/2015\/06\/02\/upshot\/gop-women-in-congress-why-so-few.html","date":"2015-06-02T00:00:00Z","news_desk":"Business"},{"keywords":[],"headline":{"main":"Bulgaria&#8217;s Socialists, Preparing for General Election, Promise to Boost Economy","print_headline":"Bulgaria&#8217;s Socialists, Preparing for General Election, Promise to Boost Economy"},"web_url":"http:\/\/www.nytimes.com\/reuters\/2017\/02\/05\/world\/europe\/05reuters-bulgaria-politics.html","date":"2017-02-05T19:36:28+0000","news_desk":null},{"keywords":[{"rank":"5","is_major":"N","value":"Democratic Party","name":"organizations"},{"rank":"3","is_major":"N","value":"United States Politics and Government","name":"subject"},{"rank":"6","is_major":"N","value":"Davis, Wendy","name":"persons"},{"rank":"1","is_major":"N","value":"Texas","name":"glocations"},{"rank":"2","is_major":"N","value":"Women and Girls","name":"subject"},{"rank":"4","is_major":"N","value":"Republican Party","name":"organizations"}],"headline":{"main":"Pulling Apart the Numbers on Women in the Texas Legislature","print_headline":"Pulling Apart the Numbers on Women in the Texas Legislature","content_kicker":"The Texas Tribune"},"web_url":"http:\/\/www.nytimes.com\/2014\/01\/31\/us\/pulling-apart-the-numbers-on-women-in-the-texas-legislature.html","date":"2014-01-31T00:00:00Z","news_desk":"National"},{"keywords":[{"rank":"1","is_major":"N","value":"Latin America","name":"glocations"},{"rank":"2","is_major":"N","value":"Women and Girls","name":"subject"},{"rank":"3","is_major":"N","value":"Women's Rights","name":"subject"},{"rank":"4","is_major":"N","value":"Politics and Government","name":"subject"},{"rank":"5","is_major":"N","value":"Cuba","name":"glocations"},{"rank":"6","is_major":"N","value":"Brazil","name":"glocations"},{"rank":"7","is_major":"N","value":"United Nations","name":"organizations"},{"rank":"8","is_major":"N","value":"Legislatures and Parliaments","name":"subject"}],"headline":{"main":"Latin America Opens Up to Equality","print_headline":"Latin America Opens Up to Equality","content_kicker":"The Female Factor"},"web_url":"http:\/\/www.nytimes.com\/2012\/05\/02\/world\/americas\/02iht-letter02.html","date":"2012-05-02T14:20:00Z","news_desk":"Foreign"},{"keywords":[{"rank":"1","name":"persons","value":"Prasad, Lalu"},{"rank":"1","name":"glocations","value":"India"},{"rank":"2","name":"organizations","value":"Bharatiya Janata Party"},{"rank":"3","name":"organizations","value":"Indian National Congress"},{"rank":"1","name":"organizations","value":"Aam Aadmi Party (India)"},{"rank":"3","name":"subject","value":"Law and Legislation"},{"rank":"2","name":"subject","value":"Gender"},{"rank":"9","name":"subject","value":"Women's Rights"},{"rank":"8","name":"subject","value":"Women and Girls"},{"rank":"5","name":"subject","value":"Politics and Government"},{"rank":"4","name":"subject","value":"Legislatures and Parliaments"},{"rank":"1","name":"subject","value":"Elections"},{"rank":"7","name":"subject","value":"Voting and Voters"},{"rank":"6","name":"subject","value":"Sex Crimes"}],"headline":{"main":"Rhetoric About Women's Issues Outpaces Political Progress","kicker":"India Ink"},"web_url":"http:\/\/india.blogs.nytimes.com\/2014\/05\/09\/rhetoric-about-womens-issues-outpaces-political-progress\/","date":"2014-05-09T12:10:27Z","news_desk":"Foreign"},{"keywords":[{"rank":"1","is_major":"Y","name":"persons","value":"Mikulski, Barbara A"},{"rank":"2","is_major":"N","name":"organizations","value":"Senate"},{"rank":"3","is_major":"Y","name":"subject","value":"Bathrooms and Toilets"},{"rank":"4","is_major":"Y","name":"subject","value":"Women and Girls"},{"rank":"5","is_major":"Y","name":"glocations","value":"United States"}],"headline":{"main":"The Senate Bathroom Angle","content_kicker":"Op-Ed Columnist","kicker":"Op-Ed Columnist","print_headline":"The Senate Bathroom Angle"},"web_url":"http:\/\/www.nytimes.com\/2016\/12\/22\/opinion\/the-senate-bathroom-angle.html","date":"2016-12-22T08:21:19+0000","news_desk":"OpEd"},{"keywords":[{"rank":"1","is_major":"N","name":"subject","value":"Boards of Directors"},{"rank":"2","is_major":"N","name":"subject","value":"Women and Girls"},{"rank":"3","is_major":"N","name":"organizations","value":"Bank of New York Mellon Corporation"},{"rank":"4","is_major":"N","name":"subject","value":"Hiring and Promotion"},{"rank":"5","is_major":"N","name":"subject","value":"Gender"}],"headline":{"main":"Quotas Not the Best Way to Add and Retain Women for Corporate Boards, Study Finds"},"web_url":"http:\/\/www.nytimes.com\/2015\/04\/09\/business\/dealbook\/quotas-not-the-best-way-to-add-and-retain-women-for-corporate-boards-study-finds.html","date":"2015-04-09T00:00:00Z","news_desk":"Business"},{"keywords":[{"rank":"1","name":"persons","value":"Banda, Joyce"},{"rank":"2","name":"persons","value":"Johnson Sirleaf, Ellen"},{"rank":"1","name":"glocations","value":"Rwanda"},{"rank":"1","name":"subject","value":"Elections"},{"rank":"2","name":"subject","value":"Legislatures and Parliaments"},{"rank":"3","name":"subject","value":"Women and Girls"}],"headline":{"main":"The Fairer Leaders","kicker":"Latitude"},"web_url":"http:\/\/latitude.blogs.nytimes.com\/2012\/07\/10\/african-states-ahead-of-the-west-in-female-political-representation\/","date":"2012-07-10T09:50:42Z","news_desk":null},{"keywords":[],"headline":{"main":"Zoey Deutch Carves Her Own Path in Hollywood","print_headline":"Zoey Deutch Carves Her Own Path in Hollywood"},"web_url":"https:\/\/www.nytimes.com\/aponline\/2017\/03\/02\/us\/ap-us-film-zoey-deutch.html","date":"2017-03-02T19:40:32+0000","news_desk":"None"},{"keywords":[{"rank":"5","is_major":"Y","value":"Bachelet, Michelle","name":"persons"},{"rank":"3","is_major":"N","value":"Politics and Government","name":"subject"},{"rank":"6","is_major":"Y","value":"Matthei, Evelyn","name":"persons"},{"rank":"1","is_major":"Y","value":"Chile","name":"glocations"},{"rank":"2","is_major":"N","value":"Elections","name":"subject"},{"rank":"4","is_major":"Y","value":"Women and Girls","name":"subject"}],"headline":{"main":"On Election Day, Latin America Willingly Trades Machismo for Female Clout","print_headline":"On Election Day, Latin America Willingly Trades Machismo for Female Clout"},"web_url":"http:\/\/www.nytimes.com\/2013\/12\/15\/world\/americas\/on-election-day-latin-america-willingly-trades-machismo-for-female-clout.html","date":"2013-12-15T00:00:00Z","news_desk":"Foreign"},{"keywords":[{"rank":"1","is_major":"N","name":"subject","value":"Presidential Election of 2016"},{"rank":"2","is_major":"N","name":"subject","value":"Women and Girls"},{"rank":"3","is_major":"N","name":"subject","value":"Voting and Voters"},{"rank":"4","is_major":"N","name":"persons","value":"Trump, Donald J"},{"rank":"5","is_major":"N","name":"persons","value":"Clinton, Hillary Rodham"}],"headline":{"main":"Why Women Did Not Unite to Vote Against Donald Trump","content_kicker":"Gender Politics","kicker":"The Upshot"},"web_url":"http:\/\/www.nytimes.com\/2016\/11\/13\/upshot\/why-women-did-not-unite-to-vote-against-donald-trump.html","date":"2016-11-12T14:00:01Z","news_desk":"Upshot"},{"keywords":[{"isMajor":"N","rank":1,"name":"subject","value":"Books and Literature"},{"isMajor":"N","rank":2,"name":"persons","value":"Oates, Joyce Carol"},{"isMajor":"N","rank":3,"name":"creative_works","value":"A Book of American Martyrs (Book)"}],"headline":{"main":"Joyce Carol Oates\u2019s Novel Plumbs the Depths of America\u2019s Abortion War","kicker":"Fiction","print_headline":"Misconceptions","content_kicker":"Fiction"},"web_url":"https:\/\/www.nytimes.com\/2017\/02\/16\/books\/review\/book-of-american-martyrs-joyce-carol-oates.html","date":"2017-02-16T10:00:03+0000","news_desk":"BookReview"},{"keywords":[{"value":"Women and Girls","is_major":"N","rank":"1","name":"subject"},{"value":"Elections","is_major":"N","rank":"2","name":"subject"},{"value":"Paladino, Carl P","is_major":"N","rank":"3","name":"persons"},{"value":"Cuomo, Andrew M","is_major":"N","rank":"4","name":"persons"},{"value":"New York State","is_major":"N","rank":"5","name":"glocations"},{"value":"Governors (US)","is_major":"N","rank":"6","name":"subject"}],"headline":{"seo":"Few Women in Cuomo or Paladino Inner Circles","main":"Few Top Women Aides for Paladino or Cuomo","sub":"Cuomo and Paladino Woo Female Voters, but Have Mostly Men in Their Inner Circles;","print_headline":"Few Women in Inner Circles of Governor\u2019s Race"},"web_url":"http:\/\/www.nytimes.com\/2010\/10\/26\/nyregion\/26women.html","date":"2010-10-26T00:00:00Z","news_desk":"Metro"},{"keywords":[],"headline":{"main":"'Hidden Figures,' 'Fences' Lead Politically Charged SAG Awards","print_headline":"'Hidden Figures,' 'Fences' Lead Politically Charged SAG Awards"},"web_url":"http:\/\/www.nytimes.com\/reuters\/2017\/01\/30\/arts\/30reuters-awards-sag.html","date":"2017-01-30T10:24:32+0000","news_desk":null},{"keywords":[{"value":"United States Politics and Government","is_major":"Y","rank":"1","name":"subject"},{"value":"Nunn, Michelle","is_major":"N","rank":"11","name":"persons"},{"value":"Raimondo, Gina M","is_major":"N","rank":"12","name":"persons"},{"value":"Shaheen, Jeanne","is_major":"N","rank":"13","name":"persons"},{"value":"Women and Girls","is_major":"Y","rank":"2","name":"subject"},{"value":"United States","is_major":"Y","rank":"3","name":"glocations"},{"value":"Midterm Elections (2014)","is_major":"N","rank":"4","name":"subject"},{"value":"Ernst, Joni","is_major":"N","rank":"5","name":"persons"},{"value":"Collins, Susan M","is_major":"N","rank":"6","name":"persons"},{"value":"Grimes, Alison Lundergan","is_major":"N","rank":"7","name":"persons"},{"value":"Hagan, Kay R","is_major":"N","rank":"8","name":"persons"},{"value":"Landrieu, Mary L","is_major":"N","rank":"9","name":"persons"},{"value":"Love, Mia","is_major":"N","rank":"10","name":"persons"}],"headline":{"main":"Women in Both Parties Are Disappointed by Their Modest Election Gains ","print_headline":"Women in Both Parties Are Disappointed by Their Modest Election Gains"},"web_url":"http:\/\/www.nytimes.com\/2014\/11\/06\/us\/politics\/women-in-both-parties-are-disappointed-by-their-modest-election-gains-.html","date":"2014-11-06T00:00:00Z","news_desk":"National"},{"keywords":[],"headline":{"main":"'Hidden Figures,' 'Fences' Lead Politically Charged SAG Awards","print_headline":"'Hidden Figures,' 'Fences' Lead Politically Charged SAG Awards"},"web_url":"http:\/\/www.nytimes.com\/reuters\/2017\/01\/29\/arts\/29reuters-awards-sag.html","date":"2017-01-29T15:12:30+0000","news_desk":null},{"keywords":[{"rank":"1","is_major":"N","value":"Malaysia","name":"glocations"},{"rank":"2","is_major":"N","value":"Women and Girls","name":"subject"},{"rank":"3","is_major":"N","value":"Politics and Government","name":"subject"},{"rank":"4","is_major":"N","value":"Human Rights and Human Rights Violations","name":"subject"},{"rank":"5","is_major":"N","value":"Sexual Harassment","name":"subject"}],"headline":{"main":"Halls of Power Narrow for Malaysian Women","kicker":"The Female Factor","print_headline":"Halls of Power Narrow for Malaysian Women","content_kicker":"The Female Factor"},"web_url":"http:\/\/www.nytimes.com\/2011\/08\/29\/world\/asia\/29iht-malay29.html","date":"2011-08-29T00:00:00Z","news_desk":"Foreign"},{"keywords":[{"rank":"1","is_major":"Y","name":"glocations","value":"Turkey"},{"rank":"2","is_major":"Y","name":"subject","value":"Kurds"},{"rank":"3","is_major":"Y","name":"subject","value":"Women's Rights"},{"rank":"4","is_major":"N","name":"subject","value":"Politics and Government"},{"rank":"5","is_major":"N","name":"subject","value":"Elections"},{"rank":"6","is_major":"N","name":"organizations","value":"People's Democratic Party (Turkey)"},{"rank":"7","is_major":"N","name":"organizations","value":"Kurdistan Workers' Party"},{"rank":"8","is_major":"N","name":"subject","value":"Women and Girls"}],"headline":{"main":"Crackdown in Turkey Threatens a Haven of Gender Equality Built by Kurds","print_headline":"Gender Equality in Kurdish Society Erodes in Turkey"},"web_url":"http:\/\/www.nytimes.com\/2016\/12\/07\/world\/middleeast\/turkey-kurds-womens-rights.html","date":"2016-12-07T18:37:02+0000","news_desk":"Foreign"},{"keywords":[{"rank":"1","is_major":"N","name":"subject","value":"Movies"},{"rank":"11","is_major":"N","name":"creative_works","value":"Beatriz at Dinner (Movie)"},{"rank":"12","is_major":"N","name":"persons","value":"Arteta, Miguel"},{"rank":"13","is_major":"N","name":"creative_works","value":"Patti Cake$ (Movie)"},{"rank":"14","is_major":"N","name":"persons","value":"Macdonald, Danielle (Actor)"},{"rank":"15","is_major":"N","name":"persons","value":"Olshefski, Jonathan"},{"rank":"16","is_major":"N","name":"creative_works","value":"An Inconvenient Sequel (Movie)"},{"rank":"17","is_major":"N","name":"creative_works","value":"Quest (Movie)"},{"rank":"18","is_major":"N","name":"persons","value":"Rees, Dee"},{"rank":"19","is_major":"N","name":"persons","value":"Jasper, Geremy"},{"rank":"2","is_major":"N","name":"subject","value":"Sundance Film Festival (Park City, Utah)"},{"rank":"3","is_major":"N","name":"organizations","value":"Sundance Institute"},{"rank":"4","is_major":"N","name":"persons","value":"Redford, Robert"},{"rank":"5","is_major":"N","name":"creative_works","value":"City of Ghosts (Movie)"},{"rank":"6","is_major":"N","name":"creative_works","value":"Golden Exits (Movie)"},{"rank":"7","is_major":"N","name":"creative_works","value":"Mudbound (Movie)"},{"rank":"8","is_major":"N","name":"creative_works","value":"The Big Sick (Movie)"},{"rank":"9","is_major":"N","name":"persons","value":"Showalter, Michael"},{"rank":"10","is_major":"N","name":"persons","value":"Perry, Alex Ross"}],"headline":{"main":"No Escaping Politics at the Progressive Sundance Film Festival","print_headline":"Political, Whatever Its Label"},"web_url":"http:\/\/www.nytimes.com\/2017\/01\/27\/movies\/no-escaping-politics-at-the-progressive-sundance-festival.html","date":"2017-01-27T22:09:31+0000","news_desk":"Culture"},{"keywords":[{"value":"Women and Girls","is_major":"N","rank":"1","name":"subject"},{"value":"Elections","is_major":"N","rank":"2","name":"subject"}],"headline":{"kicker":"Letter","main":"When a Woman Runs Against a Woman","sub":"(1 Letter)","print_headline":"When a Woman Runs Against a Woman","content_kicker":"Letter"},"web_url":"http:\/\/www.nytimes.com\/2010\/11\/12\/opinion\/lweb12women.html","date":"2010-11-12T00:00:00Z","news_desk":"Letters"},{"keywords":[{"name":"persons","value":"FRIEDMAN, JON"},{"name":"persons","value":"MALCOLM, ELLEN R"},{"name":"glocations","value":"UNITED STATES"},{"name":"organizations","value":"EMILY'S LIST"},{"name":"subject","value":"WOMEN"},{"name":"subject","value":"ELECTIONS"}],"headline":{"main":"THE FOUNDING MOTHER"},"web_url":"http:\/\/www.nytimes.com\/1993\/05\/30\/magazine\/l-the-founding-mother-302193.html","date":"1993-05-30T00:00:00Z","news_desk":"Magazine Desk"},{"keywords":[{"rank":"4","name":"subject","value":"Women's Rights"},{"rank":"3","name":"subject","value":"Women and Girls"},{"rank":"2","name":"subject","value":"Politics and Government"},{"rank":"5","name":"organizations","value":"Fine Gael"},{"rank":"1","name":"type_of_material","value":"News"},{"rank":"6","name":"glocations","value":"Ireland"}],"headline":{"main":"Would Women Have Spared Ireland?","kicker":"IHT Rendezvous"},"web_url":"http:\/\/rendezvous.blogs.nytimes.com\/2012\/02\/08\/would-women-have-spared-ireland\/","date":"2012-02-08T13:44:31Z","news_desk":null},{"keywords":[{"rank":"1","name":"type_of_material","value":"News"}],"headline":{"main":"Who's Who in Obamaworld?","kicker":"Idea of the Day"},"web_url":"http:\/\/ideas.blogs.nytimes.com\/2008\/06\/16\/the-new-democratic-establishment\/","date":"2008-06-16T13:41:40Z","news_desk":null},{"keywords":[{"rank":"1","is_major":"Y","name":"organizations","value":"Davis, Geena, Institute on Gender in Media"},{"rank":"2","is_major":"Y","name":"subject","value":"Women and Girls"},{"rank":"3","is_major":"N","name":"subject","value":"Actors and Actresses"},{"rank":"4","is_major":"Y","name":"subject","value":"Movies"},{"rank":"5","is_major":"Y","name":"organizations","value":"Google.org"},{"rank":"7","is_major":"N","name":"organizations","value":"University of Southern California"},{"rank":"8","is_major":"N","name":"persons","value":"Narayanan, Shrikanth"},{"rank":"9","is_major":"N","name":"organizations","value":"Occidental College"},{"rank":"10","is_major":"Y","name":"subject","value":"Television"}],"headline":{"main":"How Long Is an Actress Onscreen? A New Tool Finds the Answer Faster.","print_headline":"A New Tool to Measure Diversity on the Screen"},"web_url":"http:\/\/www.nytimes.com\/2016\/09\/15\/movies\/geena-davis-inclusion-quotient-research.html","date":"2016-09-14T20:00:03+0000","news_desk":"Business"},{"keywords":[{"rank":"1","is_major":"Y","value":"Rudd, Kevin","name":"persons"},{"rank":"2","is_major":"Y","value":"Australia","name":"glocations"},{"rank":"3","is_major":"N","value":"Legislatures and Parliaments","name":"subject"},{"rank":"4","is_major":"Y","value":"Gillard, Julia","name":"persons"},{"rank":"5","is_major":"N","value":"Women and Girls","name":"subject"}],"headline":{"main":"Australian Leader Announces Cabinet With Record Number of Women","print_headline":"New Cabinet Includes a Record Number of Women"},"web_url":"http:\/\/www.nytimes.com\/2013\/07\/02\/world\/asia\/australian-leader-announces-cabinet-with-record-number-of-women.html","date":"2013-07-02T00:00:00Z","news_desk":"Foreign"},{"keywords":[{"rank":"1","is_major":"N","value":"United States Politics and Government","name":"subject"},{"rank":"2","is_major":"N","value":"Law and Legislation","name":"subject"},{"rank":"3","is_major":"Y","value":"Abortion","name":"subject"},{"rank":"4","is_major":"Y","value":"Sex Crimes","name":"subject"},{"rank":"5","is_major":"N","value":"Assaults","name":"subject"},{"rank":"6","is_major":"N","value":"Women and Girls","name":"subject"},{"rank":"7","is_major":"Y","value":"United States Defense and Military Forces","name":"subject"},{"rank":"8","is_major":"Y","value":"Editorials","name":"subject"}],"headline":{"seo":"The Rights of Female Soldiers","main":"The Rights of Female Soldiers","kicker":"Editorial","print_headline":"The Rights of Female Soldiers","content_kicker":"Editorial"},"web_url":"http:\/\/www.nytimes.com\/2012\/06\/01\/opinion\/the-rights-of-female-soldiers.html","date":"2012-06-01T00:00:00Z","news_desk":"Editorial"},{"keywords":[{"isMajor":"N","rank":1,"name":"subject","value":"Marriages"},{"isMajor":"N","rank":2,"name":"subject","value":"Single Persons"},{"isMajor":"N","rank":3,"name":"organizations","value":"National Bureau of Statistics (China)"},{"isMajor":"N","rank":4,"name":"glocations","value":"China"},{"isMajor":"N","rank":5,"name":"subject","value":"Men and Boys"}],"headline":{"main":"In China, a Lonely Valentine\u2019s Day for Millions of Men","kicker":"Sinosphere","print_headline":"In China, a Lonely Valentine\u2019s Day for Millions of Men","content_kicker":"Sinosphere"},"web_url":"https:\/\/www.nytimes.com\/2017\/02\/14\/world\/asia\/china-men-marriage-gender-gap.html","date":"2017-02-14T11:35:30+0000","news_desk":"Foreign"},{"keywords":[{"rank":"1","is_major":"N","value":"Giffords, Gabrielle","name":"persons"},{"rank":"2","is_major":"N","value":"Palin, Sarah","name":"persons"},{"rank":"3","is_major":"N","value":"Oakley, Annie","name":"persons"},{"rank":"4","is_major":"N","value":"Wayne, John","name":"persons"},{"rank":"5","is_major":"N","value":"Gillibrand, Kirsten E","name":"persons"},{"rank":"6","is_major":"N","value":"Women and Girls","name":"subject"},{"rank":"7","is_major":"N","value":"United States Politics and Government","name":"subject"}],"headline":{"seo":"Only Cowgirls Run for Office","main":"Cowgirl Country","print_headline":"Cowgirl Country","content_kicker":"The Way We Live Now"},"web_url":"http:\/\/www.nytimes.com\/2011\/01\/23\/magazine\/23fob-wwln-t.html","date":"2011-01-23T00:00:00Z","news_desk":"Magazine"},{"keywords":[{"rank":"1","name":"type_of_material","value":"News"}],"headline":{"main":"Egypt's First Female Mayor","kicker":"Times Topics"},"web_url":"http:\/\/topics.blogs.nytimes.com\/2008\/12\/15\/egypts-first-female-mayor\/","date":"2008-12-15T16:59:07Z","news_desk":null},{"keywords":[{"rank":"15","is_major":"Y","value":"Nigeria","name":"glocations"},{"rank":"11","is_major":"N","value":"Republican Party","name":"organizations"},{"rank":"12","is_major":"N","value":"Obama, Barack","name":"persons"},{"rank":"5","is_major":"N","value":"Hostages","name":"subject"},{"rank":"1","is_major":"N","value":"Senate","name":"organizations"},{"rank":"8","is_major":"N","value":"Klobuchar, Amy","name":"persons"},{"rank":"6","is_major":"N","value":"Collins, Susan M","name":"persons"},{"rank":"9","is_major":"N","value":"Landrieu, Mary L","name":"persons"},{"rank":"7","is_major":"N","value":"Mikulski, Barbara A","name":"persons"},{"rank":"3","is_major":"Y","value":"Kidnapping","name":"subject"},{"rank":"2","is_major":"Y","value":"Women and Girls","name":"subject"},{"rank":"14","is_major":"N","value":"Kerry, John","name":"persons"},{"rank":"13","is_major":"N","value":"Jonathan, Goodluck","name":"persons"},{"rank":"10","is_major":"N","value":"Democratic Party","name":"organizations"},{"rank":"4","is_major":"Y","value":"Boko Haram","name":"organizations"}],"headline":{"main":"Women of the Senate Band Together Over Missing Nigerian Girls","print_headline":"Women of the Senate Band Together Over Missing Girls"},"web_url":"http:\/\/www.nytimes.com\/2014\/05\/15\/world\/africa\/women-of-the-senate-band-together-over-missing-nigerian-girls.html","date":"2014-05-15T00:00:00Z","news_desk":"Foreign"},{"keywords":[],"headline":{"main":"Olympic Bid Withdrawal New Setback for Hungarian Leader","print_headline":"Olympic Bid Withdrawal New Setback for Hungarian Leader"},"web_url":"https:\/\/www.nytimes.com\/aponline\/2017\/02\/23\/world\/europe\/ap-eu-hungary-olympics.html","date":"2017-02-23T14:15:38+0000","news_desk":"None"},{"keywords":[{"isMajor":"N","rank":1,"name":"subject","value":"Academy Awards (Oscars)"},{"isMajor":"N","rank":2,"name":"persons","value":"Affleck, Casey"},{"isMajor":"N","rank":3,"name":"persons","value":"Kroll, Nick"},{"isMajor":"N","rank":4,"name":"persons","value":"Mulaney, John"},{"isMajor":"N","rank":5,"name":"creative_works","value":"Moonlight (Movie)"},{"isMajor":"N","rank":6,"name":"subject","value":"Independent Spirit Awards"}],"headline":{"main":"\u2018Moonlight\u2019 Is the Big Winner at the Indie Spirit Awards","print_headline":"\u2018Moonlight\u2019 Is the Big Winner at the Indie Spirit Awards"},"web_url":"https:\/\/www.nytimes.com\/2017\/02\/25\/movies\/moonlight-indie-spirit-awards.html","date":"2017-02-26T02:39:02+0000","news_desk":"Culture"},{"keywords":[{"rank":"1","is_major":"N","name":"subject","value":"Social Conditions and Trends"},{"rank":"2","is_major":"N","name":"subject","value":"Women and Girls"},{"rank":"3","is_major":"N","name":"subject","value":"Politics and Government"},{"rank":"4","is_major":"N","name":"persons","value":"Arroyo, Gloria Macapagal"},{"rank":"5","is_major":"N","name":"persons","value":"Sukarnoputri, Megawati"},{"rank":"6","is_major":"N","name":"persons","value":"Aquino, Corazon C"},{"rank":"7","is_major":"N","name":"persons","value":"Gandhi, Indira"},{"rank":"8","is_major":"N","name":"persons","value":"Wazed, Hasina"},{"rank":"9","is_major":"N","name":"subject","value":"Careers and Professions"}],"headline":{"main":"Family Vaults Women to Leadership in Asia","content_kicker":"The Female Factor","print_headline":"Family Connections Vault Women to Political Leadership in Asia"},"web_url":"http:\/\/www.nytimes.com\/2010\/02\/08\/world\/asia\/08iht-asiawomen.html","date":"2010-02-08T00:00:00Z","news_desk":"Foreign"},{"keywords":[{"rank":"1","is_major":"N","name":"subject","value":"Libertarianism (US Politics)"},{"rank":"2","is_major":"N","name":"persons","value":"Trump, Donald J"},{"rank":"3","is_major":"N","name":"persons","value":"Gorsuch, Neil M"},{"rank":"4","is_major":"N","name":"subject","value":"Abortion"},{"rank":"5","is_major":"N","name":"subject","value":"Conservatism (US Politics)"}],"headline":{"main":"When You\u2019re Famous for 24 Hours a Day","content_kicker":"The Conversation","kicker":"The Conversation"},"web_url":"http:\/\/www.nytimes.com\/2017\/02\/07\/opinion\/when-youre-famous-for-24-hours-a-day.html","date":"2017-02-07T08:21:03+0000","news_desk":"OpEd"},{"keywords":[],"headline":{"main":"Election, Women's March Prompt Women of Color to Seek Office","print_headline":"Election, Women's March Prompt Women of Color to Seek Office"},"web_url":"https:\/\/www.nytimes.com\/aponline\/2017\/02\/13\/us\/ap-us-women-running-for-office-trump.html","date":"2017-02-13T18:27:44+0000","news_desk":"None"},{"keywords":[{"isMajor":"N","rank":1,"name":"subject","value":"Movies"},{"isMajor":"N","rank":2,"name":"subject","value":"Academy Awards (Oscars)"},{"isMajor":"N","rank":3,"name":"subject","value":"Actors and Actresses"},{"isMajor":"N","rank":4,"name":"subject","value":"Blacks"}],"headline":{"main":"\u2018Moonlight,\u2019 \u2018La La Land\u2019 and What an Epic Oscars Fail Really Says","print_headline":"And the Winner Is \u2026 Wrong"},"web_url":"https:\/\/www.nytimes.com\/2017\/02\/27\/movies\/moonlight-la-la-land-academy-awards-conversation.html","date":"2017-02-27T20:49:44+0000","news_desk":"Culture"},{"keywords":[{"rank":"1","is_major":"N","name":"subject","value":"Books and Literature"},{"rank":"2","is_major":"N","name":"persons","value":"Grisham, John"}],"headline":{"main":"The Story Behind This Week\u2019s Best Sellers","print_headline":"Inside the List"},"web_url":"http:\/\/www.nytimes.com\/2016\/12\/30\/books\/review\/the-story-behind-this-weeks-best-sellers.html","date":"2016-12-30T13:30:02+0000","news_desk":"BookReview"},{"keywords":[{"name":"persons","value":"VOLLMER, ANTJE"},{"name":"persons","value":"KELLY, PETRA"},{"name":"glocations","value":"WEST GERMANY"},{"name":"subject","value":"POLITICS AND GOVERNMENT (1983)"},{"name":"subject","value":"WOMEN"}],"headline":{"main":"Green Party in Bonn Demotes Petra Kelly"},"web_url":"http:\/\/www.nytimes.com\/1984\/04\/05\/world\/green-party-in-bonn-demotes-petra-kelly.html","date":"1984-04-05T00:00:00Z","news_desk":"Foreign Desk"},{"keywords":[{"rank":"1","is_major":"N","name":"subject","value":"Computers and the Internet"},{"rank":"2","is_major":"N","name":"subject","value":"Social Media"},{"rank":"3","is_major":"N","name":"subject","value":"Seals (Animals) and Sealing"},{"rank":"4","is_major":"N","name":"subject","value":"Zoos"},{"rank":"5","is_major":"N","name":"subject","value":"Conservation of Resources"},{"rank":"6","is_major":"N","name":"subject","value":"Aquariums"},{"rank":"7","is_major":"N","name":"organizations","value":"International Union for Conservation of Nature"},{"rank":"8","is_major":"N","name":"organizations","value":"London Zoo"},{"rank":"9","is_major":"N","name":"organizations","value":"Smithsonian National Zoological Park"}],"headline":{"main":"The Nation\u2019s Zoos Know You Need to See Cute Animals Right Now"},"web_url":"http:\/\/www.nytimes.com\/2017\/01\/26\/us\/zoo-animals-twitter.html","date":"2017-01-26T19:20:32+0000","news_desk":"National"},{"keywords":[],"headline":{"main":"CHROMOSOMETRICS; Letters","kicker":"2"},"web_url":"http:\/\/query.nytimes.com\/gst\/abstract.html?res=9E03EED6113FE132A05754C1A9679D946991D6CF","date":"1968-11-17T00:00:00Z","news_desk":null},{"keywords":[],"headline":{"main":"Sexist, Vulgar Posts on Women's Marches Rebound on Officials","print_headline":"Sexist, Vulgar Posts on Women's Marches Rebound on Officials"},"web_url":"http:\/\/www.nytimes.com\/aponline\/2017\/01\/25\/us\/ap-us-womens-march-social-media-protest.html","date":"2017-01-25T06:18:38+0000","news_desk":null},{"keywords":[{"name":"persons","value":"WEISSMAN, EVELYN"},{"name":"glocations","value":"NEW YORK STATE"},{"name":"subject","value":"POLITICS AND GOVERNMENT"},{"name":"subject","value":"WOMEN"}],"headline":{"main":"New York Women Active in New York Politics"},"web_url":"http:\/\/www.nytimes.com\/1986\/08\/27\/opinion\/l-new-york-women-active-in-new-york-politics-752186.html","date":"1986-08-27T00:00:00Z","news_desk":"Editorial Desk"},{"keywords":[{"rank":"1","name":"persons","value":"Obama, Barack"},{"rank":"2","name":"persons","value":"Romney, Mitt"},{"rank":"3","name":"persons","value":"Springsteen, Bruce"},{"rank":"1","name":"subject","value":"Presidential Election of 2012"}],"headline":{"main":"TimesCast Politics: A More Intent Focus on Women","kicker":"The Caucus"},"web_url":"http:\/\/thecaucus.blogs.nytimes.com\/2012\/10\/18\/timescast-politics-a-more-intent-focus-on-women\/","date":"2012-10-18T14:35:35Z","news_desk":null}]