[{"keywords":[{"rank":"1","is_major":"Y","name":"glocations","value":"Egypt"},{"rank":"2","is_major":"Y","name":"organizations","value":"Muslim Brotherhood (Egypt)"},{"rank":"3","is_major":"N","name":"subject","value":"Politics and Government"},{"rank":"4","is_major":"N","name":"subject","value":"Economic Conditions and Trends"},{"rank":"5","is_major":"N","name":"subject","value":"Muslims and Islam"},{"rank":"6","is_major":"N","name":"subject","value":"Female Genital Mutilation"},{"rank":"7","is_major":"N","name":"subject","value":"Women and Girls"},{"rank":"8","is_major":"N","name":"subject","value":"Religion-State Relations"}],"headline":{"seo":"Joining a Dinner in a Muslim Brotherhood Home","main":"Joining a Dinner in a Muslim Brotherhood Home","content_kicker":"Op-Ed Columnist","kicker":"Op-Ed Columnist","print_headline":"Joining a Dinner in a Muslim Brotherhood Home"},"web_url":"http:\/\/www.nytimes.com\/2011\/12\/08\/opinion\/kristof-joining-a-dinner-in-a-muslim-brotherhood-home.html","date":"2011-12-08T00:00:00Z","news_desk":"Editorial"},{"keywords":[],"headline":{"main":"National Briefing | Religion: Denomination Elects First Female President"},"web_url":"\/data\/daily\/2005\/07\/28\/666599.sgml","date":"2005-07-28T00:00:00Z","news_desk":"National Desk"},{"keywords":[{"rank":"1","name":"glocations","value":"Europe"},{"rank":"2","name":"glocations","value":"Kiryas Joel (NY)"},{"rank":"3","name":"glocations","value":"Middle East"},{"rank":"1","name":"organizations","value":"Al Qaeda"},{"rank":"2","name":"organizations","value":"Islamic State in Iraq and Syria (ISIS)"},{"rank":"1","name":"subject","value":"Christians and Christianity"},{"rank":"2","name":"subject","value":"Evangelical Movement"},{"rank":"3","name":"subject","value":"Female Genital Mutilation"},{"rank":"4","name":"subject","value":"Hasidism"},{"rank":"5","name":"subject","value":"Honor Killings"},{"rank":"6","name":"subject","value":"Jews and Judaism"},{"rank":"7","name":"subject","value":"Missionaries"},{"rank":"8","name":"subject","value":"Mormons (Church of Jesus Christ of Latter-Day Saints)"},{"rank":"9","name":"subject","value":"Muslims and Islam"},{"rank":"10","name":"subject","value":"Religion and Belief"}],"headline":{"main":"A Conservative Islam For a Liberal Society","kicker":"Ross Douthat"},"web_url":"http:\/\/douthat.blogs.nytimes.com\/2015\/12\/15\/a-conservative-islam-for-a-liberal-society\/","date":"2015-12-15T09:48:43Z","news_desk":"OpEd"},{"keywords":[{"rank":"1","is_major":"N","name":"subject","value":"Defense and Military Forces"},{"rank":"2","is_major":"N","name":"subject","value":"Women and Girls"},{"rank":"3","is_major":"N","name":"subject","value":"Muslim Veiling"},{"rank":"4","is_major":"N","name":"glocations","value":"Turkey"}],"headline":{"main":"Turkey Allows Women in Military to Wear Hijabs, in Cultural Shift","print_headline":"Turkey to Let Women in the Military Wear Head Scarves"},"web_url":"http:\/\/www.nytimes.com\/2017\/02\/22\/world\/middleeast\/hijab-turkey-military.html","date":"2017-02-22T19:17:56+0000","news_desk":"Foreign"},{"keywords":[{"rank":"1","is_major":"N","name":"persons","value":"Crenn, Dominique"},{"rank":"2","is_major":"N","name":"organizations","value":"Atelier Crenn (San Francisco, Calif, Restaurant)"},{"rank":"3","is_major":"N","name":"subject","value":"Chefs"},{"rank":"4","is_major":"N","name":"subject","value":"Women and Girls"},{"rank":"5","is_major":"N","name":"subject","value":"Restaurants"},{"rank":"6","is_major":"N","name":"glocations","value":"San Francisco (Calif)"}],"headline":{"main":"Does Fame Have a Recipe? Dominique Crenn\u2019s Fast Rise","print_headline":"Here, There  and Rising"},"web_url":"http:\/\/www.nytimes.com\/2017\/02\/14\/dining\/chef-dominique-crenn.html","date":"2017-02-14T18:00:08+0000","news_desk":"Dining"},{"keywords":[],"headline":{"main":"Basketball Inches Closer to Ending Ban on Religious Headgear","print_headline":"Basketball Inches Closer to Ending Ban on Religious Headgear"},"web_url":"http:\/\/www.nytimes.com\/aponline\/2017\/02\/03\/us\/ap-bko-fiba-headgear-ban.html","date":"2017-02-03T07:39:39+0000","news_desk":null},{"keywords":[{"rank":"1","is_major":"N","name":"subject","value":"Shariah (Islamic Law)"},{"rank":"2","is_major":"N","name":"subject","value":"Muslims and Islam"},{"rank":"3","is_major":"N","name":"subject","value":"Politics and Government"},{"rank":"4","is_major":"N","name":"subject","value":"Women and Girls"},{"rank":"5","is_major":"N","name":"subject","value":"Law and Legislation"},{"rank":"6","is_major":"N","name":"organizations","value":"Islamic Defenders Front"},{"rank":"7","is_major":"N","name":"glocations","value":"Aceh Province (Indonesia)"},{"rank":"8","is_major":"N","name":"glocations","value":"Sumatra (Indonesia)"}],"headline":{"main":"As Shariah Experiment Becomes a Model, Indonesia\u2019s Secular Face Slips","content_kicker":"Banda Aceh Journal","kicker":"Banda Aceh Journal","print_headline":"A Shariah Experiment Becomes a Model in Indonesia"},"web_url":"http:\/\/www.nytimes.com\/2017\/01\/12\/world\/asia\/indonesia-sharia-law-aceh.html","date":"2017-01-12T15:51:00+0000","news_desk":"Foreign"},{"keywords":[{"rank":"1","is_major":"N","name":"persons","value":"Moore, Mary Tyler"},{"rank":"2","is_major":"N","name":"subject","value":"Television"},{"rank":"3","is_major":"N","name":"subject","value":"Actors and Actresses"},{"rank":"4","is_major":"N","name":"creative_works","value":"The Mary Tyler Moore Show (TV Program)"},{"rank":"5","is_major":"N","name":"creative_works","value":"The Dick Van Dyke Show (TV Program)"},{"rank":"6","is_major":"N","name":"subject","value":"Women and Girls"},{"rank":"7","is_major":"N","name":"persons","value":"Silver, Susan"}],"headline":{"main":"Sex and That \u201970s Single Woman, Mary Tyler Moore"},"web_url":"http:\/\/www.nytimes.com\/2017\/01\/25\/arts\/television\/mary-tyler-moore-show-moments.html","date":"2017-01-25T20:05:47+0000","news_desk":"Culture"},{"keywords":[{"rank":"1","is_major":"N","name":"subject","value":"Women and Girls"},{"rank":"2","is_major":"N","name":"subject","value":"Women's Rights"},{"rank":"3","is_major":"N","name":"subject","value":"Colleges and Universities"},{"rank":"4","is_major":"N","name":"subject","value":"International Study and Teaching"}],"headline":{"main":"Discovering Feminist Students in the Middle East","content_kicker":"On Campus","kicker":"On Campus","print_headline":"Discovering Feminist Students in the Middle East"},"web_url":"http:\/\/www.nytimes.com\/2017\/01\/23\/opinion\/discovering-feminist-students-in-the-middle-east.html","date":"2017-01-23T08:21:21+0000","news_desk":"OpEd"},{"keywords":[],"headline":{"main":"Turkey to Allow Female Soldiers to Wear Headscarves-Ministry Officials","print_headline":"Turkey to Allow Female Soldiers to Wear Headscarves-Ministry Officials"},"web_url":"http:\/\/www.nytimes.com\/reuters\/2017\/02\/22\/world\/europe\/22reuters-turkey-military-headscarves.html","date":"2017-02-22T15:18:33+0000","news_desk":null},{"keywords":[],"headline":{"main":"Quarter of U.S. Tech Workers Perceive Discrimination: Survey","print_headline":"Quarter of U.S. Tech Workers Perceive Discrimination: Survey"},"web_url":"http:\/\/www.nytimes.com\/reuters\/2017\/02\/07\/technology\/07reuters-tech-diversity.html","date":"2017-02-08T01:00:29+0000","news_desk":null},{"keywords":[{"rank":"1","is_major":"N","name":"subject","value":"Books and Literature"},{"rank":"2","is_major":"N","name":"persons","value":"Oates, Joyce Carol"},{"rank":"3","is_major":"N","name":"creative_works","value":"A Book of American Martyrs (Book)"}],"headline":{"main":"Joyce Carol Oates\u2019s Novel Plumbs the Depths of America\u2019s Abortion War","content_kicker":"Fiction","kicker":"Fiction","print_headline":"Misconceptions"},"web_url":"http:\/\/www.nytimes.com\/2017\/02\/16\/books\/review\/book-of-american-martyrs-joyce-carol-oates.html","date":"2017-02-16T10:00:03+0000","news_desk":"BookReview"},{"keywords":[{"rank":"1","is_major":"Y","name":"subject","value":"Swimming Pools"},{"rank":"11","is_major":"N","name":"persons","value":"Hikind, Dov"},{"rank":"12","is_major":"N","name":"organizations","value":"St John's Recreation Center (Brooklyn, NY)"},{"rank":"2","is_major":"N","name":"subject","value":"Women and Girls"},{"rank":"3","is_major":"Y","name":"organizations","value":"Parks and Recreation Department (NYC)"},{"rank":"4","is_major":"N","name":"glocations","value":"Crown Heights (Brooklyn, NY)"},{"rank":"5","is_major":"N","name":"glocations","value":"Williamsburg (Brooklyn, NY)"},{"rank":"6","is_major":"Y","name":"organizations","value":"Metropolitan Recreation Center (Brooklyn, NY)"},{"rank":"8","is_major":"Y","name":"subject","value":"Jews and Judaism"},{"rank":"9","is_major":"Y","name":"glocations","value":"Brooklyn (NYC)"},{"rank":"10","is_major":"N","name":"subject","value":"Hasidism"}],"headline":{"main":"Gender-Segregated Swimming Cut Back at 2 Public Pools Near Brooklyn Hasidic Areas","print_headline":"City Reduces Gender-Segregated Hours at 2 Brooklyn Public Pools"},"web_url":"http:\/\/www.nytimes.com\/2016\/07\/07\/nyregion\/gender-segregated-swimming-cut-back-at-2-public-pools-near-brooklyn-hasidic-areas.html","date":"2016-07-07T00:08:10+0000","news_desk":"Metro"},{"keywords":[],"headline":{"main":"Turkey's Erdogan Criticises Hurriyet Newspaper, Sends Its Shares Tumbling","print_headline":"Turkey's Erdogan Criticises Hurriyet Newspaper, Sends Its Shares Tumbling"},"web_url":"http:\/\/www.nytimes.com\/reuters\/2017\/02\/28\/world\/europe\/28reuters-turkey-newspaper.html","date":"2017-02-28T14:12:32+0000","news_desk":null},{"keywords":[{"rank":"1","is_major":"N","name":"subject","value":"Muslims and Islam"},{"rank":"2","is_major":"N","name":"persons","value":"Erdogan, Recep Tayyip"},{"rank":"3","is_major":"N","name":"glocations","value":"Turkey"},{"rank":"4","is_major":"N","name":"subject","value":"Sex Crimes"},{"rank":"5","is_major":"N","name":"organizations","value":"Justice and Development Party (Turkey)"},{"rank":"6","is_major":"N","name":"subject","value":"Child Abuse and Neglect"},{"rank":"7","is_major":"N","name":"subject","value":"Women and Girls"},{"rank":"8","is_major":"N","name":"persons","value":"Yildirim, Binali (1955- )"}],"headline":{"main":"How Islam Can Fight the Patriarchy","content_kicker":"Op-Ed Contributor","kicker":"Op-Ed Contributor","print_headline":"Islam can fight the patriarchy"},"web_url":"http:\/\/www.nytimes.com\/2016\/12\/11\/opinion\/how-islam-can-fight-the-patriarchy.html","date":"2016-12-11T23:01:22+0000","news_desk":"OpEd"},{"keywords":[],"headline":{"main":"Iranian Duo Make History in Women's Volleyball by Moving to Bulgaria","print_headline":"Iranian Duo Make History in Women's Volleyball by Moving to Bulgaria"},"web_url":"http:\/\/www.nytimes.com\/reuters\/2017\/01\/18\/sports\/18reuters-iran-bulgaria-volleyball.html","date":"2017-01-18T12:42:29+0000","news_desk":null},{"keywords":[{"value":"Women and Girls","is_major":"N","rank":"1","name":"subject"},{"value":"Discrimination","is_major":"N","rank":"2","name":"subject"},{"value":"Freedom and Human Rights","is_major":"N","rank":"3","name":"subject"},{"value":"Religion and Belief","is_major":"N","rank":"4","name":"subject"}],"headline":{"main":"When Religion Oppresses Women","sub":"(4 Letters)","print_headline":"When Religion Oppresses Women","content_kicker":"Letters"},"web_url":"http:\/\/www.nytimes.com\/2010\/01\/13\/opinion\/l13kristof.html","date":"2010-01-13T00:00:00Z","news_desk":"Letters"},{"keywords":[{"rank":"1","name":"glocations","value":"London (England)"},{"rank":"1","name":"organizations","value":"International Olympic Committee"},{"rank":"1","name":"subject","value":"Canoes and Canoeing"},{"rank":"2","name":"subject","value":"Olympic Games (2012)"},{"rank":"3","name":"subject","value":"Women and Girls"}],"headline":{"main":"A Female Canoeist Files a Discrimination Claim","kicker":"2012 London Olympics","print_headline":"Canoeing Case in Court"},"web_url":"http:\/\/london2012.blogs.nytimes.com\/2012\/07\/20\/a-female-canoeist-files-a-discrimination-claim\/","date":"2012-07-20T14:05:55Z","news_desk":null},{"keywords":[{"rank":"1","name":"persons","value":"Bergner, Daniel"},{"rank":"1","name":"subject","value":"Sex"},{"rank":"2","name":"subject","value":"Women and Girls"}],"headline":{"main":"Behind the Cover Story: Daniel Bergner on the Female 'Viagra'","kicker":"The 6th Floor"},"web_url":"http:\/\/6thfloor.blogs.nytimes.com\/2013\/05\/28\/behind-the-cover-story-daniel-bergner-on-the-female-viagra\/","date":"2013-05-28T10:33:41Z","news_desk":null},{"keywords":[{"value":"Israel","is_major":"N","rank":"1","name":"glocations"},{"value":"Marriages","is_major":"N","rank":"2","name":"subject"},{"value":"Women and Girls","is_major":"N","rank":"3","name":"subject"}],"headline":{"main":"Israel's Patriarchal Culture","print_headline":"Israel's Patriarchal Culture","content_kicker":"Letters to the International Herald Tribune"},"web_url":"http:\/\/www.nytimes.com\/2010\/10\/19\/opinion\/19iht-edlet.html","date":"2010-10-19T00:00:00Z","news_desk":"Editorial"}]