[{"keywords":[{"rank":"1","is_major":"N","name":"subject","value":"Science and Technology"},{"rank":"2","is_major":"N","name":"subject","value":"Colleges and Universities"},{"rank":"3","is_major":"N","name":"subject","value":"Women and Girls"},{"rank":"4","is_major":"N","name":"glocations","value":"Japan"}],"headline":{"main":"Making Science Attractive for Women"},"web_url":"http:\/\/www.nytimes.com\/slideshow\/2013\/06\/13\/education\/17educlede.html","date":"2013-06-13T00:00:00Z","news_desk":"Education"},{"keywords":[{"rank":"1","is_major":"N","name":"subject","value":"Women and Girls"},{"rank":"2","is_major":"N","name":"subject","value":"Movies"},{"rank":"3","is_major":"N","name":"organizations","value":"Industrial Light and Magic"},{"rank":"4","is_major":"N","name":"organizations","value":"Lucasfilm Ltd"},{"rank":"5","is_major":"N","name":"persons","value":"Brennan, Lynwen"},{"rank":"6","is_major":"N","name":"persons","value":"Kennedy, Kathleen (1953- )"},{"rank":"7","is_major":"N","name":"creative_works","value":"Rogue One: A Star Wars Story (Movie)"}],"headline":{"main":"The Women of \u2018Star Wars.\u2019 (It\u2019s Not Who You Think.)","print_headline":"The Women Behind the Force"},"web_url":"http:\/\/www.nytimes.com\/2017\/02\/10\/movies\/star-wars-women-visual-effects.html","date":"2017-02-10T12:00:16+0000","news_desk":"Arts&Leisure"},{"keywords":[{"rank":"1","is_major":"N","name":"persons","value":"Crenn, Dominique"},{"rank":"2","is_major":"N","name":"organizations","value":"Atelier Crenn (San Francisco, Calif, Restaurant)"},{"rank":"3","is_major":"N","name":"subject","value":"Chefs"},{"rank":"4","is_major":"N","name":"subject","value":"Women and Girls"},{"rank":"5","is_major":"N","name":"subject","value":"Restaurants"},{"rank":"6","is_major":"N","name":"glocations","value":"San Francisco (Calif)"}],"headline":{"main":"Does Fame Have a Recipe? Dominique Crenn\u2019s Fast Rise","print_headline":"Here, There  and Rising"},"web_url":"http:\/\/www.nytimes.com\/2017\/02\/14\/dining\/chef-dominique-crenn.html","date":"2017-02-14T18:00:08+0000","news_desk":"Dining"},{"keywords":[{"rank":"1","is_major":"N","name":"organizations","value":"World Economic Forum"},{"rank":"2","is_major":"N","name":"persons","value":"Bohnet, Iris (1966- )"},{"rank":"3","is_major":"N","name":"subject","value":"Women and Girls"},{"rank":"4","is_major":"N","name":"subject","value":"vis-dispatch"}],"headline":{"main":"A Gathering of the Global Elite, Through a Woman\u2019s Eyes","print_headline":"Global Elite, as Viewed by a Woman"},"web_url":"http:\/\/www.nytimes.com\/2017\/01\/20\/business\/dealbook\/world-economic-forum-davos-women-gender-inequality.html","date":"2017-01-20T10:00:19+0000","news_desk":"Business"},{"keywords":[],"headline":{"main":"Q & A (Technology Column)"},"web_url":"http:\/\/topics.nytimes.com\/top\/news\/technology\/columns\/q_and_a\/index.html","date":null,"news_desk":null},{"keywords":[{"rank":"1","is_major":"N","name":"subject","value":"Women and Girls"},{"rank":"2","is_major":"N","name":"subject","value":"High Net Worth Individuals"},{"rank":"3","is_major":"N","name":"subject","value":"Executive Compensation"},{"rank":"4","is_major":"N","name":"subject","value":"Income"}],"headline":{"main":"Why Aren\u2019t There More Female Billionaires?","content_kicker":"Inside Wealth","kicker":"Inside Wealth","print_headline":"Plenty of Billionaires, but Few Are Women"},"web_url":"http:\/\/www.nytimes.com\/2016\/12\/30\/business\/why-arent-there-more-female-billionaires.html","date":"2016-12-30T18:57:49+0000","news_desk":"SundayBusiness"},{"keywords":[{"rank":"1","is_major":"N","name":"subject","value":"Boards of Directors"},{"rank":"2","is_major":"N","name":"subject","value":"Minorities"},{"rank":"3","is_major":"N","name":"subject","value":"Women and Girls"},{"rank":"4","is_major":"N","name":"subject","value":"Blacks"},{"rank":"5","is_major":"N","name":"subject","value":"Hispanic-Americans"},{"rank":"6","is_major":"N","name":"organizations","value":"Alliance for Board Diversity"},{"rank":"7","is_major":"N","name":"organizations","value":"Deloitte Touche Tohmatsu Ltd"}],"headline":{"main":"Study Finds Only Modest Gains by Women and Minorities on Fortune 500 Boards","print_headline":"Study Finds Only Modest Gains by Women and Minorities on Fortune 500 Boards"},"web_url":"http:\/\/www.nytimes.com\/2017\/02\/05\/business\/dealbook\/fortune-500-board-directors-diversity.html","date":"2017-02-05T22:00:25+0000","news_desk":"Business"},{"keywords":[{"rank":"1","is_major":"N","name":"persons","value":"Dresselhaus, Mildred Spiewak"},{"rank":"3","is_major":"N","name":"subject","value":"Women and Girls"},{"rank":"4","is_major":"N","name":"subject","value":"Deaths (Obituaries)"},{"rank":"5","is_major":"N","name":"subject","value":"Science and Technology"},{"rank":"6","is_major":"N","name":"organizations","value":"Massachusetts Institute of Technology"}],"headline":{"main":"Mildred Dresselhaus, the Queen of Carbon, Dies at 86","print_headline":"Mildred Dresselhaus, Who Pioneered Revolution in Carbon Use, Dies at 86"},"web_url":"http:\/\/www.nytimes.com\/2017\/02\/23\/science\/mildred-dresselhaus-dead-queen-of-carbon.html","date":"2017-02-24T01:32:59+0000","news_desk":"National"},{"keywords":[{"rank":"1","is_major":"N","name":"subject","value":"Appointments and Executive Changes"},{"rank":"2","is_major":"N","name":"subject","value":"Women and Girls"},{"rank":"3","is_major":"N","name":"organizations","value":"Sequoia Capital"},{"rank":"4","is_major":"N","name":"persons","value":"Moritz, Michael Jonathan"},{"rank":"5","is_major":"N","name":"persons","value":"Lee, Jess"}],"headline":{"main":"Sequoia Capital Hires First Female Investment Partner in U.S."},"web_url":"http:\/\/www.nytimes.com\/2016\/10\/21\/technology\/sequoia-capital-hires-first-female-investment-partner-in-us.html","date":"2016-10-20T23:34:07+0000","news_desk":"Business"},{"keywords":[{"rank":"1","is_major":"N","name":"subject","value":"Women and Girls"},{"rank":"2","is_major":"N","name":"subject","value":"Research"},{"rank":"3","is_major":"N","name":"subject","value":"Medicine and Health"}],"headline":{"main":"Improving Gender Equity in Medical Research","content_kicker":"Letters","kicker":"Letters","print_headline":"Improving Gender Equity in Medical Research"},"web_url":"http:\/\/www.nytimes.com\/2015\/07\/27\/opinion\/improving-gender-equity-in-medical-research.html","date":"2015-07-27T00:00:00Z","news_desk":"Letters"},{"keywords":[],"headline":{"main":"U.S. Sues Oracle, Alleges Salary and Hiring Discrimination","print_headline":"U.S. Sues Oracle, Alleges Salary and Hiring Discrimination"},"web_url":"http:\/\/www.nytimes.com\/reuters\/2017\/01\/18\/business\/18reuters-oracle-usa-labor.html","date":"2017-01-18T18:18:37+0000","news_desk":null},{"keywords":[],"headline":{"main":"Uber Asks Exec to Resign for Not Disclosing Sexual Harassment Allegation","print_headline":"Uber Asks Exec to Resign for Not Disclosing Sexual Harassment Allegation"},"web_url":"http:\/\/www.nytimes.com\/reuters\/2017\/02\/27\/technology\/27reuters-uber-tech-sexual-harassment-singhal.html","date":"2017-02-27T21:12:30+0000","news_desk":null},{"keywords":[],"headline":{"main":"Uber Hires Ex-U.S. Attorney General Holder to Probe Sexual Harassment","print_headline":"Uber Hires Ex-U.S. Attorney General Holder to Probe Sexual Harassment"},"web_url":"http:\/\/www.nytimes.com\/reuters\/2017\/02\/20\/business\/20reuters-uber-tech-sexual-harassment.html","date":"2017-02-20T05:42:30+0000","news_desk":null},{"keywords":[],"headline":{"main":"Australia Must Do More to Protect Indigenous Women: U.N.","print_headline":"Australia Must Do More to Protect Indigenous Women: U.N."},"web_url":"http:\/\/www.nytimes.com\/reuters\/2017\/02\/27\/world\/asia\/27reuters-australia-un-violence-woman.html","date":"2017-02-27T06:51:41+0000","news_desk":null},{"keywords":[],"headline":{"main":"US Sues Oracle, Says It Pays White Men More Than Others","print_headline":"US Sues Oracle, Says It Pays White Men More Than Others"},"web_url":"http:\/\/www.nytimes.com\/aponline\/2017\/01\/18\/technology\/ap-us-tec-oracle-discrimination-suit.html","date":"2017-01-18T20:06:49+0000","news_desk":null},{"keywords":[],"headline":{"main":"Quarter of U.S. Tech Workers Perceive Discrimination: Survey","print_headline":"Quarter of U.S. Tech Workers Perceive Discrimination: Survey"},"web_url":"http:\/\/www.nytimes.com\/reuters\/2017\/02\/07\/technology\/07reuters-tech-diversity.html","date":"2017-02-08T01:00:29+0000","news_desk":null},{"keywords":[{"rank":"1","is_major":"N","name":"subject","value":"Women and Girls"},{"rank":"2","is_major":"N","name":"subject","value":"Mutual Funds"},{"rank":"3","is_major":"N","name":"subject","value":"Discrimination"},{"rank":"4","is_major":"N","name":"subject","value":"Careers and Professions"}],"headline":{"main":"A Trillion-Dollar Question: Why Don\u2019t More Women Run Mutual Funds?","print_headline":"A Trillion-Dollar Puzzle"},"web_url":"http:\/\/www.nytimes.com\/2017\/01\/13\/business\/mutfund\/a-trillion-dollar-question-why-dont-more-women-run-mutual-funds.html","date":"2017-01-13T20:43:16+0000","news_desk":"SundayBusiness"},{"keywords":[{"rank":"4","is_major":"N","value":"Paid Time Off","name":"subject"},{"rank":"2","is_major":"N","value":"Women and Girls","name":"subject"},{"rank":"5","is_major":"N","value":"Reed Elsevier NV","name":"organizations"},{"rank":"7","is_major":"N","value":"Research","name":"subject"},{"rank":"1","is_major":"N","value":"Work-Life Balance","name":"subject"},{"rank":"6","is_major":"N","value":"United States","name":"glocations"},{"rank":"3","is_major":"N","value":"Science and Technology","name":"subject"}],"headline":{"main":"Women Leaving Jobs","kicker":"Letter","print_headline":"Women Leaving Jobs","content_kicker":"Letter"},"web_url":"http:\/\/www.nytimes.com\/2014\/07\/02\/opinion\/women-leaving-jobs.html","date":"2014-07-02T00:00:00Z","news_desk":"Letters"},{"keywords":[{"rank":"1","is_major":"N","value":"Women and Girls","name":"subject"},{"rank":"2","is_major":"N","value":"Agriculture and Farming","name":"subject"}],"headline":{"main":"Women in Agriculture","kicker":"Letter","print_headline":"Women in Agriculture","content_kicker":"Letter"},"web_url":"http:\/\/www.nytimes.com\/2013\/03\/13\/opinion\/women-in-agriculture.html","date":"2013-03-13T00:00:00Z","news_desk":"Letters"},{"keywords":[],"headline":{"main":"Funds From Polish Protest Movement Went to Leader's Firm","print_headline":"Funds From Polish Protest Movement Went to Leader's Firm"},"web_url":"http:\/\/www.nytimes.com\/aponline\/2017\/01\/06\/world\/europe\/ap-eu-poland-politics.html","date":"2017-01-06T18:04:04+0000","news_desk":null}]