[{"keywords":[{"rank":"1","is_major":"N","name":"subject","value":"Fashion and Apparel"},{"rank":"2","is_major":"N","name":"subject","value":"New York Fashion Week"},{"rank":"3","is_major":"N","name":"subject","value":"Design"},{"rank":"4","is_major":"N","name":"subject","value":"London Fashion Week"},{"rank":"5","is_major":"N","name":"subject","value":"Women and Girls"}],"headline":{"main":"5 New Designers to Watch This Season"},"web_url":"http:\/\/www.nytimes.com\/2017\/02\/09\/t-magazine\/fashion\/new-designers-fashion-week-linder-danielle-cathari-asai.html","date":"2017-02-09T19:55:31+0000","news_desk":"TStyle"},{"keywords":[{"rank":"1","is_major":"N","name":"persons","value":"Barrett, Neil"},{"rank":"2","is_major":"N","name":"subject","value":"Fashion and Apparel"},{"rank":"3","is_major":"N","name":"organizations","value":"Central Saint Martins College of Art and Design"},{"rank":"4","is_major":"N","name":"glocations","value":"Milan (Italy)"}],"headline":{"main":"Neil Barrett\u2019s Gender-Blur Army","content_kicker":"Fashion Review","kicker":"Fashion Review","print_headline":"Neil Barrett\u2019s Gender-Blur Army"},"web_url":"http:\/\/www.nytimes.com\/2017\/01\/15\/fashion\/mens-style\/neil-barrett-fashion-show-milan-gender-blur.html","date":"2017-01-15T22:49:47+0000","news_desk":"Styles"},{"keywords":[{"rank":"1","is_major":"N","name":"subject","value":"Fashion and Apparel"},{"rank":"2","is_major":"N","name":"organizations","value":"Christian Dior SA"},{"rank":"3","is_major":"N","name":"organizations","value":"Yves Saint Laurent"}],"headline":{"main":"Ten Looks That Defined Yves Saint Laurent"},"web_url":"http:\/\/www.nytimes.com\/2017\/02\/17\/t-magazine\/fashion\/ten-looks-that-defined-yves-saint-laurent.html","date":"2017-02-17T19:35:36+0000","news_desk":"TStyle"},{"keywords":[{"rank":"1","is_major":"N","name":"subject","value":"Fashion and Apparel"},{"rank":"2","is_major":"N","name":"organizations","value":"Calvin Klein Inc"},{"rank":"3","is_major":"N","name":"persons","value":"Simons, Raf"}],"headline":{"main":"10 Standout Moments of Raf Simons\u2019s Career"},"web_url":"http:\/\/www.nytimes.com\/2017\/02\/09\/t-magazine\/fashion\/raf-simons-calvin-klein-debut-expect.html","date":"2017-02-09T22:53:39+0000","news_desk":"TStyle"},{"keywords":[{"rank":"1","is_major":"N","name":"subject","value":"Art"},{"rank":"2","is_major":"N","name":"persons","value":"Yi, Anicka"}],"headline":{"main":"Anicka Yi Is Inventing a New Kind of Conceptual Art","print_headline":"Burn After Reading"},"web_url":"http:\/\/www.nytimes.com\/2017\/02\/14\/t-magazine\/art\/anicka-yi.html","date":"2017-02-14T16:02:12+0000","news_desk":"TStyle"},{"keywords":[{"value":"Fashion and Apparel","is_major":"N","rank":"1","name":"subject"},{"value":"Shopping and Retail","is_major":"N","rank":"2","name":"subject"},{"value":"New York City","is_major":"N","rank":"3","name":"glocations"}],"headline":{"main":"Holiday Pop-Ups and More in New York City","kicker":"Scouting Report","print_headline":"Holiday Pop-ups","content_kicker":"Scouting Report"},"web_url":"http:\/\/www.nytimes.com\/2014\/12\/11\/fashion\/holiday-pop-ups-and-more-in-new-york-city.html","date":"2014-12-11T00:00:00Z","news_desk":"Styles"},{"keywords":[],"headline":{"main":"Dior Designer Debuts Paris Couture as Dunst Talks Girl Power","print_headline":"Dior Designer Debuts Paris Couture as Dunst Talks Girl Power"},"web_url":"http:\/\/www.nytimes.com\/aponline\/2017\/01\/23\/world\/europe\/ap-eu-france-paris-fashion-week-watch.html","date":"2017-01-23T17:48:53+0000","news_desk":null},{"keywords":[{"rank":"5","is_major":"N","value":"Chairs","name":"subject"},{"rank":"7","is_major":"N","value":"Kitchens","name":"subject"},{"rank":"3","is_major":"Y","value":"Museum of Modern Art","name":"organizations"},{"rank":"6","is_major":"N","value":"Interior Design and Furnishings","name":"subject"},{"rank":"8","is_major":"N","value":"Cookware","name":"subject"},{"rank":"1","is_major":"Y","value":"Design","name":"subject"},{"rank":"2","is_major":"N","value":"Women and Girls","name":"subject"},{"rank":"4","is_major":"Y","value":"Art","name":"subject"}],"headline":{"seo":"\u2018Designing Modern Women 1890-1990,\u2019 at MoMA","main":"Shaping the Future, in the Kitchen and Beyond","kicker":"Art Review","print_headline":"Shaping the Future, in the Kitchen and Beyond","content_kicker":"Art Review"},"web_url":"http:\/\/www.nytimes.com\/2013\/11\/01\/arts\/design\/designing-modern-women-1890-1990-at-moma.html","date":"2013-11-01T00:00:00Z","news_desk":"Weekend"},{"keywords":[{"rank":"1","is_major":"N","name":"persons","value":"Ahrendts, Angela"},{"rank":"2","is_major":"N","name":"subject","value":"Fashion and Apparel"},{"rank":"3","is_major":"N","name":"subject","value":"Computers and the Internet"},{"rank":"4","is_major":"N","name":"organizations","value":"Apple Inc"}],"headline":{"main":"The Mysterious Case of Apple and the Elusive Angela Ahrendts","content_kicker":"On the Runway"},"web_url":"http:\/\/www.nytimes.com\/2015\/10\/27\/fashion\/apple-and-the-elusive-angela-ahrendts.html","date":"2015-10-27T00:00:00Z","news_desk":"Styles"},{"keywords":[{"rank":"1","is_major":"Y","name":"subject","value":"Art"},{"rank":"3","is_major":"N","name":"glocations","value":"TriBeCa (Manhattan, NY)"}],"headline":{"main":"The Independent Art Fair Finds a Sleek Home in TriBeCa","content_kicker":"Inside Art","kicker":"Inside Art","print_headline":"Art Fair Finds a Home in a Sleek TriBeCa Space"},"web_url":"http:\/\/www.nytimes.com\/2015\/06\/26\/arts\/design\/the-independent-art-fair-finds-a-sleek-home-in-tribeca.html","date":"2015-06-26T00:00:00Z","news_desk":"Weekend"},{"keywords":[{"rank":"1","is_major":"N","value":"Fashion and Apparel","name":"subject"},{"rank":"2","is_major":"N","value":"Books and Literature","name":"subject"},{"rank":"3","is_major":"N","value":"Fairy Tales","name":"subject"}],"headline":{"seo":"Lacroix and Blahnik Star in Fashion Fairy Tales","main":"Everyone Wants to Be Cinderella","print_headline":"Everyone Wants to Be Cinderella"},"web_url":"http:\/\/www.nytimes.com\/2012\/03\/01\/fashion\/lacroix-and-blahnik-star-in-fashion-fairy-tales.html","date":"2012-03-01T00:00:00Z","news_desk":"Styles"},{"keywords":[{"rank":"1","is_major":"N","name":"subject","value":"Art"},{"rank":"2","is_major":"N","name":"subject","value":"Museums"},{"rank":"3","is_major":"N","name":"subject","value":"Presidential Election of 2016"}],"headline":{"main":"The Best Art of 2016","print_headline":"Business as Usual? Not for the Best Shows"},"web_url":"http:\/\/www.nytimes.com\/2016\/12\/07\/arts\/design\/best-art.html","date":"2016-12-07T17:54:39+0000","news_desk":"Arts&Leisure"},{"keywords":[{"rank":"1","is_major":"N","value":"Fashion and Apparel","name":"subject"},{"rank":"2","is_major":"N","value":"Couture (Fashion)","name":"subject"},{"rank":"3","is_major":"N","value":"Saint Laurent, Yves","name":"persons"},{"rank":"4","is_major":"N","value":"Mondrian, Piet","name":"persons"}],"headline":{"main":"The Many Stripes of Pattern Power","print_headline":"The Many Stripes of Pattern Power"},"web_url":"http:\/\/www.nytimes.com\/2013\/04\/09\/fashion\/09iht-fpattern09.html","date":"2013-04-09T14:00:00Z","news_desk":"Styles"},{"keywords":[{"rank":"1","is_major":"Y","name":"subject","value":"Museums"},{"rank":"2","is_major":"Y","name":"subject","value":"Women and Girls"},{"rank":"3","is_major":"N","name":"subject","value":"Appointments and Executive Changes"},{"rank":"4","is_major":"N","name":"persons","value":"Morris, Frances (1958- )"},{"rank":"5","is_major":"Y","name":"persons","value":"Roth, Martin (1955- )"},{"rank":"6","is_major":"Y","name":"persons","value":"Serota, Nicholas"},{"rank":"7","is_major":"Y","name":"organizations","value":"Victoria and Albert Museum"},{"rank":"8","is_major":"Y","name":"organizations","value":"Tate Museum Group"}],"headline":{"main":"Taking On the Boys\u2019 Club at the Art Museum","content_kicker":"Op-Ed Contributor","kicker":"Op-Ed Contributor","print_headline":"Taking On the Boys\u2019 Club  at the Art Museum"},"web_url":"http:\/\/www.nytimes.com\/2016\/10\/19\/opinion\/taking-on-the-boys-club-at-the-art-museum.html","date":"2016-10-19T07:21:22+0000","news_desk":"OpEd"},{"keywords":[{"rank":"5","is_major":"N","value":"Fashion and Apparel","name":"subject"},{"rank":"1","is_major":"Y","value":"New York Fashion Week","name":"subject"},{"rank":"3","is_major":"Y","value":"Lim, Phillip","name":"persons"},{"rank":"4","is_major":"Y","value":"Browne, Thom","name":"persons"},{"rank":"2","is_major":"Y","value":"Karan, Donna","name":"persons"}],"headline":{"main":"Donna Karan: Three Decades in Fashion","kicker":"Fashion Review","print_headline":"A 30-Year Affair With the City","content_kicker":"Fashion Review"},"web_url":"http:\/\/www.nytimes.com\/2014\/02\/12\/fashion\/donna-karan-marks-30-years-in-fashion.html","date":"2014-02-12T00:00:00Z","news_desk":"Styles"},{"keywords":[{"value":"Penn, Irving","is_major":"N","rank":"1","name":"persons"},{"value":"Photography","is_major":"N","rank":"2","name":"subject"},{"value":"Deaths (Obituaries)","is_major":"N","rank":"3","name":"subject"},{"value":"Fashion and Apparel","is_major":"N","rank":"4","name":"subject"}],"headline":{"seo":"Irving Penn, Whose Camera Framed Spare Elegance, Dies at 92","main":"Irving Penn, Fashion Photographer, Is Dead at 92","print_headline":"Irving Penn, Whose Camera Framed Spare Elegance, Dies at 92"},"web_url":"http:\/\/www.nytimes.com\/2009\/10\/08\/arts\/design\/08penn.html","date":"2009-10-08T00:00:00Z","news_desk":"Culture"},{"keywords":[{"rank":"1","is_major":"Y","name":"subject","value":"Art"},{"rank":"2","is_major":"Y","name":"subject","value":"Auctions"},{"rank":"3","is_major":"N","name":"subject","value":"London Fashion Week"},{"rank":"4","is_major":"Y","name":"organizations","value":"Sotheby's"},{"rank":"5","is_major":"Y","name":"persons","value":"Hindmarch, Anya"}],"headline":{"main":"Anya Hindmarch Selects Artworks to Sell at Sotheby\u2019s","print_headline":"Sotheby\u2019s Draws in a Designer Curator"},"web_url":"http:\/\/www.nytimes.com\/2016\/08\/25\/fashion\/anya-hindmarch-sothebys-auction-london-fashion-week.html","date":"2016-08-25T04:00:00+0000","news_desk":"Styles"},{"keywords":[{"rank":"1","is_major":"N","name":"subject","value":"Fashion and Apparel"},{"rank":"2","is_major":"N","name":"persons","value":"Alaia, Azzedine"}],"headline":{"main":"Azzedine Ala\u00efa and the Reason Not to Buy Into the \u2018See Now\/Shop Now\u2019 Movement","content_kicker":"On the Runway"},"web_url":"http:\/\/www.nytimes.com\/2016\/10\/26\/fashion\/azzedine-alaia-paris-fashion.html","date":"2016-10-25T11:56:01+0000","news_desk":"Styles"},{"keywords":[{"rank":"1","is_major":"N","name":"persons","value":"Rubin, Ezra (Kingdom)"},{"rank":"2","is_major":"N","name":"creative_works","value":"Tears in the Club (Album)"},{"rank":"3","is_major":"N","name":"subject","value":"Music"}],"headline":{"main":"Kingdom Rises From the Underground With Off-Kilter R&B","print_headline":"Rising From the Underground With Off-Kilter R&amp;B"},"web_url":"http:\/\/www.nytimes.com\/2017\/02\/22\/arts\/music\/kingdom-tears-in-the-club-interview.html","date":"2017-02-22T21:51:28+0000","news_desk":"Culture"},{"keywords":[{"rank":"1","is_major":"Y","name":"organizations","value":"NIKE Inc"},{"rank":"2","is_major":"Y","name":"subject","value":"Fashion and Apparel"},{"rank":"3","is_major":"N","name":"subject","value":"Sneakers"},{"rank":"4","is_major":"N","name":"persons","value":"Parker, Mark G"}],"headline":{"main":"At Nike, Extending the Track to the Runway","print_headline":"Game On"},"web_url":"http:\/\/www.nytimes.com\/2016\/03\/17\/fashion\/nike-fashion-olympics.html","date":"2016-03-17T00:00:00Z","news_desk":"Styles"}]