[{"keywords":[{"rank":"5","is_major":"N","value":"Female Genital Mutilation","name":"subject"},{"rank":"7","is_major":"Y","value":"Sex Crimes","name":"subject"},{"rank":"3","is_major":"N","value":"Women and Girls","name":"subject"},{"rank":"6","is_major":"N","value":"Sisi, Abdel Fattah el-","name":"persons"},{"rank":"1","is_major":"Y","value":"Egypt","name":"glocations"},{"rank":"2","is_major":"Y","value":"Women's Rights","name":"subject"},{"rank":"4","is_major":"N","value":"Sexual Harassment","name":"subject"}],"headline":{"main":"Egypt Has a Sexual Violence Problem","kicker":"Op-Ed Contributor","print_headline":"Egypt Has a Sexual Violence Problem","content_kicker":"Op-Ed Contributor "},"web_url":"http:\/\/www.nytimes.com\/2014\/06\/21\/opinion\/mona-eltahawy-egypts-sexual-violence.html","date":"2014-06-21T00:00:00Z","news_desk":"OpEd"},{"keywords":[{"name":"creative_works","value":"WOMEN AND SEX. SEXUAL EXPERIENCES AND REACTIONS OF A GROUP OF THIRTY WOMEN AS TOLD TO A FEMALE PSYCHOTHERAPIST"},{"name":"persons","value":"L C SCHAEFER"},{"name":"subject","value":"SEX"},{"name":"subject","value":"BOOK REVIEWS"}],"headline":{"main":"Women And Sex; For a better understanding of female sexuality Sexual Experiences and Reactions of a Group of Thirty Women as told to a Female Psychotherapist. By Leah Cahan Schaefer. 269 pp. New York: Pantheon Books. $8.95."},"web_url":"http:\/\/query.nytimes.com\/gst\/abstract.html?res=980DE6DE1639E73ABC4F53DFB6678388669EDE","date":"1973-10-07T00:00:00Z","news_desk":null},{"keywords":[{"rank":"1","is_major":"Y","name":"subject","value":"Prisons and Prisoners"},{"rank":"2","is_major":"Y","name":"subject","value":"Women and Girls"},{"rank":"3","is_major":"Y","name":"subject","value":"Sex Crimes"},{"rank":"4","is_major":"Y","name":"glocations","value":"New York State"},{"rank":"5","is_major":"Y","name":"subject","value":"Prison Guards and Corrections Officers"},{"rank":"6","is_major":"Y","name":"subject","value":"Sexual Harassment"}],"headline":{"main":"Suit Alleges Persistent Sexual Abuse of Female Inmates in New York State Prisons","print_headline":"Female Inmates\u2019 Suit Says Sex Abuse Is Persistent in State Prisons"},"web_url":"http:\/\/www.nytimes.com\/2016\/02\/26\/nyregion\/6-inmates-file-suit-alleging-persistent-sexual-abuse-of-women-in-new-york-state-prisons.html","date":"2016-02-26T00:00:00Z","news_desk":"Metro"},{"keywords":[{"rank":"1","is_major":"N","name":"subject","value":"Discrimination"},{"rank":"2","is_major":"N","name":"subject","value":"Colleges and Universities"},{"rank":"3","is_major":"N","name":"subject","value":"Sexual Harassment"},{"rank":"4","is_major":"N","name":"subject","value":"Title IX (Gender Discrimination Legislation)"},{"rank":"5","is_major":"N","name":"subject","value":"Women and Girls"},{"rank":"6","is_major":"N","name":"subject","value":"Civil Rights and Liberties"},{"rank":"7","is_major":"N","name":"subject","value":"Gender"},{"rank":"8","is_major":"N","name":"organizations","value":"Education Department (US)"},{"rank":"9","is_major":"N","name":"persons","value":"DeVos, Elizabeth (1958- )"},{"rank":"10","is_major":"N","name":"persons","value":"Trump, Donald J"}],"headline":{"main":"Fighting College Sexual Assault in the Trump Era","content_kicker":"Op-Ed Contributor","kicker":"Op-Ed Contributor"},"web_url":"http:\/\/www.nytimes.com\/2017\/02\/15\/opinion\/fighting-college-sexual-assault-in-the-trump-era.html","date":"2017-02-15T20:10:26+0000","news_desk":"OpEd"},{"keywords":[{"rank":"1","is_major":"N","name":"subject","value":"Discrimination"},{"rank":"2","is_major":"N","name":"subject","value":"Sexual Harassment"},{"rank":"3","is_major":"N","name":"subject","value":"Arbitration, Conciliation and Mediation"},{"rank":"4","is_major":"N","name":"subject","value":"Women and Girls"},{"rank":"5","is_major":"N","name":"organizations","value":"Signet Jewelers Ltd"},{"rank":"6","is_major":"N","name":"organizations","value":"Sterling Jewelers Inc"}],"headline":{"main":"Hundreds of Workers Allege Sex Bias by Jeweler, Files Show","print_headline":"Ex-Employees Say Sex Bias Was Common at a Jeweler"},"web_url":"http:\/\/www.nytimes.com\/2017\/02\/28\/business\/sterling-kay-jewelers-jared.html","date":"2017-03-01T01:32:03+0000","news_desk":"Business"},{"keywords":[],"headline":{"main":"Inhibited Sexual Desire"},"web_url":"http:\/\/health.nytimes.com\/health\/guides\/disease\/inhibited-sexual-desire\/overview.html","date":null,"news_desk":null},{"keywords":[{"name":"persons","value":"SAFIRE, WILLIAM"},{"name":"subject","value":"UNITED STATES POLITICS AND GOVERNMENT"},{"name":"subject","value":"WOMEN"}],"headline":{"main":"Bad Year for Women","kicker":"ESSAY"},"web_url":"http:\/\/www.nytimes.com\/1990\/12\/20\/opinion\/essay-bad-year-for-women.html","date":"1990-12-20T00:00:00Z","news_desk":"Editorial Desk"},{"keywords":[],"headline":{"main":"Female Sexual Dysfunction"},"web_url":"http:\/\/health.nytimes.com\/health\/guides\/symptoms\/female-sexual-dysfunction\/overview.html","date":null,"news_desk":null},{"keywords":[],"headline":{"main":"Buccal Smear"},"web_url":"http:\/\/health.nytimes.com\/health\/guides\/test\/buccal-smear\/overview.html","date":null,"news_desk":null},{"keywords":[],"headline":{"main":"Chlamydial Infections - Male"},"web_url":"http:\/\/health.nytimes.com\/health\/guides\/disease\/chlamydial-urethritis-male\/overview.html","date":null,"news_desk":null},{"keywords":[],"headline":{"main":"Sexual Problems Overview"},"web_url":"http:\/\/health.nytimes.com\/health\/guides\/specialtopic\/sexual-problems-overview\/overview.html","date":null,"news_desk":null},{"keywords":[],"headline":{"main":"Ambiguous Genitalia"},"web_url":"http:\/\/health.nytimes.com\/health\/guides\/symptoms\/ambiguous-genitalia\/overview.html","date":null,"news_desk":null},{"keywords":[],"headline":{"main":"Urethritis"},"web_url":"http:\/\/health.nytimes.com\/health\/guides\/disease\/urethritis\/overview.html","date":null,"news_desk":null},{"keywords":[{"name":"creative_works","value":"SEXUAL BEHAVIOR IN THE HUMAN FEMALE"},{"name":"persons","value":"KINSEY, ALFRED C."},{"name":"persons","value":"DR A C KINSEY AND OTHERS"},{"name":"subject","value":"SEX"},{"name":"subject","value":"BOOK REVIEWS"}],"headline":{"main":"The Complex Kinsey Study and What It Attempts to Do; SEXUAL BEHAVIOR IN THE HUMAN FEMALE. By the staff of the Institute for Sex Research, Indiana University: Alfred C. Kinsey, Wardell B. Pomeroy, Clyde E. Martin, Paul H. Gebhard. 842 pp. Philadelphia: W. B. Saunders Company. $8."},"web_url":"http:\/\/query.nytimes.com\/gst\/abstract.html?res=9903E2D8153EE43ABC4B52DFBF668388649EDE","date":"1953-09-13T00:00:00Z","news_desk":null},{"keywords":[{"rank":"1","is_major":"N","name":"subject","value":"Dancing"},{"rank":"2","is_major":"N","name":"subject","value":"Gender"},{"rank":"3","is_major":"N","name":"subject","value":"Women and Girls"}],"headline":{"main":"Of Women, Men and Ballet in the 21st Century","print_headline":"Women, Men and Ballet in the 21st Century"},"web_url":"http:\/\/www.nytimes.com\/2017\/01\/12\/arts\/dance\/of-women-men-and-ballet-in-the-21st-century.html","date":"2017-01-12T21:08:45+0000","news_desk":"Arts&Leisure"},{"keywords":[{"rank":"1","name":"type_of_material","value":"News"},{"rank":"10","name":"organizations","value":"New York Times"},{"rank":"11","name":"organizations","value":"World Press Photo Foundation"},{"rank":"12","name":"glocations","value":"Afghanistan"},{"rank":"13","name":"glocations","value":"China"},{"rank":"14","name":"glocations","value":"Europe"},{"rank":"2","name":"persons","value":"Addario, Lynsey"},{"rank":"3","name":"persons","value":"McNally, Michele"},{"rank":"4","name":"persons","value":"Sim Chi Yin (Photographer)"},{"rank":"5","name":"subject","value":"Discrimination"},{"rank":"6","name":"subject","value":"Hiring and Promotion"},{"rank":"7","name":"subject","value":"Photography"},{"rank":"8","name":"subject","value":"Women and Girls"},{"rank":"9","name":"subject","value":"Women&#039;s Rights"}],"headline":{"main":"Highlighting Women in Photojournalism","kicker":"Lens"},"web_url":"https:\/\/lens.blogs.nytimes.com\/2017\/02\/01\/highlighting-women-in-photojournalism\/","date":"2017-02-01T17:16:44+0000","news_desk":null},{"keywords":[],"headline":{"main":"Lymphogranuloma Venereum"},"web_url":"http:\/\/health.nytimes.com\/health\/guides\/disease\/lymphogranuloma-venereum\/overview.html","date":null,"news_desk":null},{"keywords":[{"rank":"1","is_major":"N","name":"subject","value":"Sleep"},{"rank":"2","is_major":"N","name":"subject","value":"Women and Girls"},{"rank":"3","is_major":"N","name":"subject","value":"Sex"}],"headline":{"main":"Better Sleep for a Better Sex Life","kicker":"Well","print_headline":"Patterns: More Sleep May Improve Sex"},"web_url":"http:\/\/well.blogs.nytimes.com\/2015\/03\/18\/better-sleep-for-a-better-sex-life\/","date":"2015-03-18T11:43:37Z","news_desk":"Science"},{"keywords":[{"rank":"1","is_major":"N","name":"subject","value":"Television"},{"rank":"2","is_major":"N","name":"organizations","value":"Home Box Office"},{"rank":"3","is_major":"N","name":"creative_works","value":"Girls (TV Program)"},{"rank":"4","is_major":"N","name":"persons","value":"Dunham, Lena"},{"rank":"5","is_major":"N","name":"persons","value":"Mamet, Zosia"},{"rank":"6","is_major":"N","name":"persons","value":"Kirke, Jemima"},{"rank":"7","is_major":"N","name":"persons","value":"Williams, Allison (1988- )"},{"rank":"8","is_major":"N","name":"subject","value":"Women and Girls"},{"rank":"9","is_major":"N","name":"subject","value":"Writing and Writers"}],"headline":{"main":"6 Ways \u2018Girls\u2019 Changed Television. Or Didn\u2019t.","print_headline":"Voice. Vice. Veracity."},"web_url":"http:\/\/www.nytimes.com\/2017\/02\/02\/arts\/television\/girls-season-six.html","date":"2017-02-02T10:00:24+0000","news_desk":"Arts&Leisure"},{"keywords":[],"headline":{"main":"3rd Ex-Teacher From Same School Gets Prison for Sex Crimes","print_headline":"3rd Ex-Teacher From Same School Gets Prison for Sex Crimes"},"web_url":"http:\/\/www.nytimes.com\/aponline\/2017\/02\/01\/us\/ap-us-teacher-sex-allegations.html","date":"2017-02-01T21:03:58+0000","news_desk":null}]