[{"keywords":[{"rank":"1","is_major":"Y","name":"subject","value":"Editorials"},{"rank":"2","is_major":"Y","name":"subject","value":"Women and Girls"},{"rank":"3","is_major":"Y","name":"organizations","value":"Nature Neuroscience (Journal)"},{"rank":"4","is_major":"Y","name":"organizations","value":"National Institutes of Health"},{"rank":"5","is_major":"Y","name":"subject","value":"Gender"},{"rank":"6","is_major":"N","name":"subject","value":"Mice"},{"rank":"7","is_major":"Y","name":"subject","value":"Research"}],"headline":{"main":"Why Science Needs Female Mice","content_kicker":"Editorial","kicker":"Editorial","print_headline":"Why Science Needs Female Mice"},"web_url":"http:\/\/www.nytimes.com\/2015\/07\/19\/opinion\/sunday\/why-science-needs-female-mice.html","date":"2015-07-19T00:00:00Z","news_desk":"Editorial"},{"keywords":[{"rank":"1","is_major":"N","name":"subject","value":"Women and Girls"},{"rank":"2","is_major":"N","name":"subject","value":"Science and Technology"}],"headline":{"main":"Women in Science","sub":"Pitfalls for Female Scientists"},"web_url":"http:\/\/www.nytimes.com\/video\/opinion\/1248069620185\/women-in-science.html","date":"2011-02-07T21:20:30Z","news_desk":"Opinion"},{"keywords":[{"rank":"5","is_major":"N","value":"Curie, Marie","name":"persons"},{"rank":"8","is_major":"Y","value":"Grolier Club","name":"organizations"},{"rank":"1","is_major":"Y","value":"Women and Girls","name":"subject"},{"rank":"3","is_major":"N","value":"Nightingale, Florence","name":"persons"},{"rank":"4","is_major":"N","value":"McClintock, Barbara","name":"persons"},{"rank":"7","is_major":"N","value":"Medicine and Health","name":"subject"},{"rank":"2","is_major":"Y","value":"Science and Technology","name":"subject"},{"rank":"6","is_major":"N","value":"Mathematics","name":"subject"}],"headline":{"seo":"\u2018Extraordinary Women in Science and Medicine\u2019 Offers Up Little-Known Details","main":"Honoring Female Pioneers in Science","kicker":"On View","print_headline":"Honoring Female Pioneers in Science","content_kicker":"On View"},"web_url":"http:\/\/www.nytimes.com\/2013\/11\/12\/science\/extraordinary-women-in-science-and-medicine-exhibit-offers-up-little-known-details.html","date":"2013-11-12T00:00:00Z","news_desk":"Science"},{"keywords":[{"value":"Lego Group","is_major":"Y","rank":"1","name":"organizations"},{"value":"Women and Girls","is_major":"N","rank":"2","name":"subject"},{"value":"Toys","is_major":"Y","rank":"3","name":"subject"}],"headline":{"main":"Lego Reissues Popular Science Line for Girls","print_headline":"Lego Resumes Sales of Female-Scientist Set"},"web_url":"http:\/\/www.nytimes.com\/2014\/12\/13\/business\/lego-reissues-popular-science-line-for-girls.html","date":"2014-12-13T00:00:00Z","news_desk":"Business"},{"keywords":[{"name":"organizations","value":"INTERNATIONAL ATHLETIC FEDERATION"},{"name":"organizations","value":"INTERNATIONAL OLYMPIC COMMITTEE"},{"name":"subject","value":"MEN"},{"name":"subject","value":"GENETICS AND HEREDITY"},{"name":"subject","value":"OLYMPIC GAMES"},{"name":"subject","value":"BIOLOGY AND BIOCHEMISTRY"},{"name":"subject","value":"ATHLETICS AND SPORTS"},{"name":"subject","value":"WOMEN"},{"name":"subject","value":"TESTS AND TESTING"}],"headline":{"main":"Who Is Female? Science Can't Say","kicker":"IDEAS & TRENDS"},"web_url":"http:\/\/www.nytimes.com\/1992\/02\/16\/weekinreview\/ideas-trends-who-is-female-science-can-t-say.html","date":"1992-02-16T00:00:00Z","news_desk":"Week in Review Desk"},{"keywords":[],"headline":{"main":"Marvel Studios Invites Female Avengers to a Science Contest","print_headline":"Marvel Studios Invites Female Avengers to a Science Contest"},"web_url":"http:\/\/www.nytimes.com\/aponline\/2016\/03\/11\/us\/ap-us-film-avengers-science-contest.html","date":"2016-03-11T13:44:54Z","news_desk":"None"},{"keywords":[{"rank":"1","name":"persons","value":"Bergner, Daniel"},{"rank":"2","name":"persons","value":"Meyer, Philipp"},{"rank":"1","name":"subject","value":"Books and Literature"},{"rank":"2","name":"subject","value":"Podcasts"}],"headline":{"main":"Book Review Podcast: The Science of Female Desire","kicker":"ArtsBeat"},"web_url":"http:\/\/artsbeat.blogs.nytimes.com\/2013\/06\/14\/book-review-podcast-the-science-of-female-desire\/","date":"2013-06-14T13:57:04Z","news_desk":null},{"keywords":[{"name":"subject","value":"HEART"}],"headline":{"main":"SCIENCE; ATHEROSCLEROSIS Female Hormones Help Lower the Death Rate in a Test on Men"},"web_url":"http:\/\/query.nytimes.com\/gst\/abstract.html?res=9903E7D91F31EE32A2575AC2A9679C946091D6CF","date":"1961-01-29T00:00:00Z","news_desk":null},{"keywords":[],"headline":{"main":"6 Q's About the News | Fun Facts About Female Science Pioneers","kicker":"The Learning Network"},"web_url":"http:\/\/learning.blogs.nytimes.com\/2013\/11\/13\/6-qs-about-the-news-fun-facts-about-female-science-pioneers\/","date":"2013-11-13T04:46:17Z","news_desk":null},{"keywords":[],"headline":{"main":"BOSTON GOSSIP OF LATEST BOOKS; Another Quebec Story by Miss Ray -- A North Pole Burlesque -- Science, Health, and Female Suffrage.","kicker":"1"},"web_url":"http:\/\/query.nytimes.com\/gst\/abstract.html?res=9A05E7DF1430E233A25756C0A9649C946196D6CF","date":"1910-02-05T00:00:00Z","news_desk":null},{"keywords":[{"rank":"1","is_major":"N","name":"subject","value":"Women and Girls"},{"rank":"2","is_major":"N","name":"subject","value":"Movies"},{"rank":"3","is_major":"N","name":"organizations","value":"Industrial Light and Magic"},{"rank":"4","is_major":"N","name":"organizations","value":"Lucasfilm Ltd"},{"rank":"5","is_major":"N","name":"persons","value":"Brennan, Lynwen"},{"rank":"6","is_major":"N","name":"persons","value":"Kennedy, Kathleen (1953- )"},{"rank":"7","is_major":"N","name":"creative_works","value":"Rogue One: A Star Wars Story (Movie)"}],"headline":{"main":"The Women of \u2018Star Wars.\u2019 (It\u2019s Not Who You Think.)","print_headline":"The Women Behind the Force"},"web_url":"http:\/\/www.nytimes.com\/2017\/02\/10\/movies\/star-wars-women-visual-effects.html","date":"2017-02-10T12:00:16+0000","news_desk":"Arts&Leisure"},{"keywords":[{"rank":"1","is_major":"N","name":"subject","value":"Science and Technology"},{"rank":"2","is_major":"N","name":"subject","value":"Colleges and Universities"},{"rank":"3","is_major":"N","name":"subject","value":"Women and Girls"},{"rank":"4","is_major":"N","name":"glocations","value":"Japan"}],"headline":{"main":"Making Science Attractive for Women"},"web_url":"http:\/\/www.nytimes.com\/slideshow\/2013\/06\/13\/education\/17educlede.html","date":"2013-06-13T00:00:00Z","news_desk":"Education"},{"keywords":[{"name":"persons","value":"RIDDLE , OSCAR"},{"name":"persons","value":"CHAMPY"},{"name":"persons","value":"CREW , F A E"},{"name":"subject","value":"ANIMALS"},{"name":"subject","value":"SEX"}],"headline":{"main":"SCIENCE LEARNS HOW ANIMALS CHANGE SEX; Biologists Assert That High Rate of Metabolism, or Conversion of Food Into Living Matter, Produces a Male, Low Rate a Female."},"web_url":"http:\/\/query.nytimes.com\/gst\/abstract.html?res=9A04E3D81F3CE733A2575BC1A9639C946595D6CF","date":"1924-05-18T00:00:00Z","news_desk":null},{"keywords":[{"name":"organizations","value":"AMERICAN SOCIAL SCIENCE ASSOCIATION"},{"name":"organizations","value":"AMERICAN SOCIAL SCIENCE ASSOCIATION"},{"name":"subject","value":"CHINESE IMMIGRATION TO UNITED STATES"}],"headline":{"main":"SOCIAL SCIENCE PROBLEMS; DISCUSSIONS TAKING A WIDE RANGE MEETING OF THE ASSOCIATION PAPERS OF COINAGE, EDUCATION, FEMALE SUFFRAGE AND THE CHINESE IN THIS COUNTRY."},"web_url":"http:\/\/query.nytimes.com\/gst\/abstract.html?res=9A04E2DA1F3FE63BBC4952DFBF668382669FDE","date":"1879-09-11T00:03:58Z","news_desk":null},{"keywords":[],"headline":{"main":"BROOKLYN NEWS.; VIEWS OF LIFE THROUGH THE MEDIUM OF NATURAL SCIENCE.--A course of lectures on this sub- NATURAL SCIENCE. FELONIOUS ASSAULT BY A CAVALRYMAN. ALLEGED RECEIVER OF STOLEN GOODS. ANOTHER FATAL RAILROAD ACCIDENT. FEMALE 'PICKPOCKETS. INFANTICIDE.","kicker":"1"},"web_url":"http:\/\/query.nytimes.com\/gst\/abstract.html?res=9A05EFDC1631EF34BC4B52DFB266838D679FDE","date":"1866-04-13T00:03:58Z","news_desk":null},{"keywords":[{"rank":"1","is_major":"N","name":"persons","value":"Dresselhaus, Mildred Spiewak"},{"rank":"3","is_major":"N","name":"subject","value":"Women and Girls"},{"rank":"4","is_major":"N","name":"subject","value":"Deaths (Obituaries)"},{"rank":"5","is_major":"N","name":"subject","value":"Science and Technology"},{"rank":"6","is_major":"N","name":"organizations","value":"Massachusetts Institute of Technology"}],"headline":{"main":"Mildred Dresselhaus, the Queen of Carbon, Dies at 86","print_headline":"Mildred Dresselhaus, Who Pioneered Revolution in Carbon Use, Dies at 86"},"web_url":"http:\/\/www.nytimes.com\/2017\/02\/23\/science\/mildred-dresselhaus-dead-queen-of-carbon.html","date":"2017-02-24T01:32:59+0000","news_desk":"National"},{"keywords":[{"name":"subject","value":"CAMBRIDGE HISTORY OF AMER LITERATURE"}],"headline":{"main":"STOP SALE OF BOOK DERIDING MRS. EDDY; She Is Called \"Thrice Married Female Trismegistus\" in History of Literature. PUTNAMS RECALL VOLUME Christian Science Official Protests Against Article Written by Vassar Professor."},"web_url":"http:\/\/query.nytimes.com\/gst\/abstract.html?res=9C0CE2DD113FEE3ABC4152DFB266838A639EDE","date":"1921-04-19T00:00:00Z","news_desk":null},{"keywords":[{"rank":"1","is_major":"N","name":"organizations","value":"World Economic Forum"},{"rank":"2","is_major":"N","name":"persons","value":"Bohnet, Iris (1966- )"},{"rank":"3","is_major":"N","name":"subject","value":"Women and Girls"},{"rank":"4","is_major":"N","name":"subject","value":"vis-dispatch"}],"headline":{"main":"A Gathering of the Global Elite, Through a Woman\u2019s Eyes","print_headline":"Global Elite, as Viewed by a Woman"},"web_url":"http:\/\/www.nytimes.com\/2017\/01\/20\/business\/dealbook\/world-economic-forum-davos-women-gender-inequality.html","date":"2017-01-20T10:00:19+0000","news_desk":"Business"},{"keywords":[{"name":"persons","value":"BUTLER, HOWARD RUSSELL"},{"name":"persons","value":"BLAKESLEE , ALBERT FRANCIS"},{"name":"glocations","value":"AMER MUSEUM OF NATURAL HISTORY"},{"name":"organizations","value":"NATL ACADEMY OF SCIENCES"},{"name":"subject","value":"SEX"},{"name":"subject","value":"ASTRONOMY"}],"headline":{"main":"FINDS DIFFERENCES IN SEX OF ORGANISMS; Dr. Blakeslee Tells the Science Academy Female Leads in Chemical Activity. SIMPLE BREAD MOLD STUDIED Tests Showed Sex Distinctions of Fungi Resembled Higher Life, He Says. ASTRONOMY HALL OUTLINED Details of Natural History Museum's Proposed Building Here Announced for the First Time."},"web_url":"http:\/\/query.nytimes.com\/gst\/abstract.html?res=9D04E5D81039EF32A2575BC2A9629C946795D6CF","date":"1926-04-28T00:00:00Z","news_desk":null},{"keywords":[{"rank":"1","is_major":"N","name":"subject","value":"Women and Girls"},{"rank":"2","is_major":"N","name":"subject","value":"High Net Worth Individuals"},{"rank":"3","is_major":"N","name":"subject","value":"Executive Compensation"},{"rank":"4","is_major":"N","name":"subject","value":"Income"}],"headline":{"main":"Why Aren\u2019t There More Female Billionaires?","content_kicker":"Inside Wealth","kicker":"Inside Wealth","print_headline":"Plenty of Billionaires, but Few Are Women"},"web_url":"http:\/\/www.nytimes.com\/2016\/12\/30\/business\/why-arent-there-more-female-billionaires.html","date":"2016-12-30T18:57:49+0000","news_desk":"SundayBusiness"}]