[{"keywords":[{"rank":"1","is_major":"N","value":"Iraq","name":"glocations"},{"rank":"2","is_major":"N","value":"Kurds","name":"subject"},{"rank":"3","is_major":"N","value":"Women and Girls","name":"subject"},{"rank":"4","is_major":"N","value":"Female Genital Mutilation","name":"subject"},{"rank":"5","is_major":"N","value":"Freedom and Human Rights","name":"subject"},{"rank":"6","is_major":"N","value":"Human Rights Watch","name":"organizations"}],"headline":{"seo":"Group Assails Genital Cutting in Kurdistan","main":"Kurdistan Is Urged to Ban Genital Cutting","print_headline":"Kurdistan Urged to Ban Genital Cutting"},"web_url":"http:\/\/www.nytimes.com\/2010\/06\/17\/world\/middleeast\/17kurd.html","date":"2010-06-17T00:00:00Z","news_desk":"Foreign"},{"keywords":[{"rank":"1","is_major":"N","value":"Female Genital Mutilation","name":"subject"},{"rank":"2","is_major":"N","value":"Women and Girls","name":"subject"},{"rank":"3","is_major":"N","value":"Human Rights and Human Rights Violations","name":"subject"}],"headline":{"main":"Ending Genital Mutilation","kicker":"Letter","print_headline":"Ending Genital Mutilation","content_kicker":"Letter"},"web_url":"http:\/\/www.nytimes.com\/2011\/05\/17\/opinion\/l17kristof.html","date":"2011-05-17T00:00:00Z","news_desk":"Letters"},{"keywords":[{"rank":"1","is_major":"N","name":"subject","value":"Female Genital Mutilation"},{"rank":"2","is_major":"N","name":"subject","value":"Women and Girls"},{"rank":"3","is_major":"N","name":"subject","value":"Human Rights and Human Rights Violations"},{"rank":"4","is_major":"N","name":"glocations","value":"Somaliland"},{"rank":"5","is_major":"N","name":"subject","value":"Muslims and Islam"},{"rank":"6","is_major":"N","name":"glocations","value":"Africa"}],"headline":{"seo":"A Rite of Torture for Girls","main":"A Rite of Torture for Girls","content_kicker":"Op-Ed Columnist","kicker":"Op-Ed Columnist","print_headline":"A Rite Of Torture For Girls"},"web_url":"http:\/\/www.nytimes.com\/2011\/05\/12\/opinion\/12kristof.html","date":"2011-05-12T00:00:00Z","news_desk":"Editorial"},{"keywords":[{"rank":"1","is_major":"N","name":"glocations","value":"Iran"},{"rank":"2","is_major":"N","name":"subject","value":"Hunger Strikes"},{"rank":"3","is_major":"N","name":"persons","value":"Rouhani, Hassan"},{"rank":"4","is_major":"N","name":"subject","value":"Human Rights and Human Rights Violations"},{"rank":"5","is_major":"N","name":"persons","value":"Sadeghi, Arash"},{"rank":"6","is_major":"N","name":"persons","value":"Shariati, Ali"}],"headline":{"main":"The Hunger Strike, the Protest Tactic of Gandhi, is Vexing Iran\u2019s Penal Overseers","print_headline":"Hunger Strike, as a Tactic, Is Vexing Iran\u2019s Penal Masters"},"web_url":"http:\/\/www.nytimes.com\/2017\/01\/09\/world\/middleeast\/the-hunger-strike-the-protest-tactic-of-gandhi-is-vexing-irans-penal-overseers.html","date":"2017-01-09T20:32:47+0000","news_desk":"Foreign"},{"keywords":[{"rank":"5","is_major":"N","value":"Children and Childhood","name":"subject"},{"rank":"3","is_major":"N","value":"Women and Girls","name":"subject"},{"rank":"6","is_major":"N","value":"Human Rights and Human Rights Violations","name":"subject"},{"rank":"1","is_major":"Y","value":"Female Genital Mutilation","name":"subject"},{"rank":"2","is_major":"Y","value":"Great Britain","name":"glocations"},{"rank":"4","is_major":"N","value":"Cameron, David","name":"persons"}],"headline":{"main":"Britain Moves to Fortify Law to Protect Girls","print_headline":"Britain Moves to Fortify Law to Protect Girls"},"web_url":"http:\/\/www.nytimes.com\/2014\/07\/23\/world\/europe\/britain-plans-to-tighten-laws-designed-to-protect-girls.html","date":"2014-07-23T00:00:00Z","news_desk":"Foreign"},{"keywords":[{"value":"Soap Operas","is_major":"N","rank":"1","name":"subject"},{"value":"Afghanistan","is_major":"N","rank":"2","name":"glocations"},{"value":"Women and Girls","is_major":"N","rank":"3","name":"subject"},{"value":"Taliban","is_major":"N","rank":"4","name":"organizations"},{"value":"Television","is_major":"N","rank":"6","name":"subject"}],"headline":{"seo":"Female Empowerment on Afghanistan\u2019s First TV Soap Opera","main":"Studio Kabul","kicker":"Advancing Women's Rights | Afghanistan","print_headline":"Studio Kabul","content_kicker":"Advancing Women's Rights | Afghanistan"},"web_url":"http:\/\/www.nytimes.com\/2010\/10\/24\/magazine\/24SoapOpera-t.html","date":"2010-10-24T00:00:00Z","news_desk":"Magazine"},{"keywords":[{"rank":"1","is_major":"N","name":"subject","value":"Demonstrations, Protests and Riots"},{"rank":"2","is_major":"N","name":"subject","value":"Women and Girls"},{"rank":"3","is_major":"N","name":"glocations","value":"Argentina"},{"rank":"4","is_major":"N","name":"subject","value":"Women's Rights"}],"headline":{"main":"Topless Uprising Against Sexism","content_kicker":"Op-Ed Contributor","kicker":"Op-Ed Contributor","print_headline":"A topless uprising"},"web_url":"http:\/\/www.nytimes.com\/2017\/02\/20\/opinion\/topless-uprising-against-sexism.html","date":"2017-02-20T15:53:24+0000","news_desk":"OpEd"},{"keywords":[{"rank":"1","is_major":"N","name":"subject","value":"Women's Rights"},{"rank":"2","is_major":"N","name":"subject","value":"Women and Girls"}],"headline":{"main":"Paths for Feminism After the Election","content_kicker":"Letters","kicker":"Letters","print_headline":"Paths for Feminism After the Election"},"web_url":"http:\/\/www.nytimes.com\/2017\/01\/09\/opinion\/paths-for-feminism-after-the-election.html","date":"2017-01-09T08:21:03+0000","news_desk":"Letters"},{"keywords":[{"rank":"1","is_major":"N","name":"glocations","value":"Afghanistan"},{"rank":"2","is_major":"N","name":"subject","value":"Human Rights and Human Rights Violations"},{"rank":"3","is_major":"N","name":"organizations","value":"Afghanistan Independent Human Rights Commission"},{"rank":"4","is_major":"N","name":"persons","value":"Ghani, Ashraf"},{"rank":"5","is_major":"N","name":"subject","value":"Sex Crimes"},{"rank":"6","is_major":"N","name":"organizations","value":"Women for Afghan Women"},{"rank":"7","is_major":"N","name":"subject","value":"Women's Rights"},{"rank":"8","is_major":"N","name":"organizations","value":"Special Inspector General for Afghanistan Reconstruction"},{"rank":"9","is_major":"N","name":"subject","value":"Women and Girls"},{"rank":"10","is_major":"N","name":"subject","value":"Forensic Science"}],"headline":{"main":"Despite Ban, Invasive Virginity Tests Remain Prevalent in Afghanistan","print_headline":"Invasive Virginity Tests in Afghanistan Defy a Ban"},"web_url":"http:\/\/www.nytimes.com\/2017\/01\/06\/world\/asia\/despite-ban-invasive-virginity-tests-remain-prevalent-in-afghanistan.html","date":"2017-01-06T08:00:24+0000","news_desk":"Foreign"},{"keywords":[{"rank":"1","is_major":"N","name":"subject","value":"Female Genital Mutilation"},{"rank":"2","is_major":"N","name":"subject","value":"Women"},{"rank":"3","is_major":"N","name":"subject","value":"Freedom and Human Rights"}],"headline":{"seo":"Higher Court Says That Denying Asylum to Victims of Genital Cutting Was Wrong","main":"Court Rejects Decisions of Immigration Board","print_headline":"Court Rejects Decisions Of Immigration Board"},"web_url":"http:\/\/www.nytimes.com\/2008\/06\/12\/nyregion\/12mutilation.html","date":"2008-06-12T00:00:00Z","news_desk":"Metro"},{"keywords":[{"rank":"1","is_major":"N","name":"subject","value":"Women's Rights"},{"rank":"2","is_major":"N","name":"persons","value":"Trump, Donald J"},{"rank":"3","is_major":"N","name":"subject","value":"United States Politics and Government"},{"rank":"4","is_major":"N","name":"persons","value":"Clinton, Hillary Rodham"},{"rank":"5","is_major":"N","name":"subject","value":"Demonstrations, Protests and Riots"},{"rank":"6","is_major":"N","name":"subject","value":"Women and Girls"},{"rank":"7","is_major":"N","name":"subject","value":"Presidential Election of 2016"},{"rank":"8","is_major":"N","name":"subject","value":"Race and Ethnicity"},{"rank":"9","is_major":"N","name":"organizations","value":"Democratic Party"}],"headline":{"main":"How a Fractious Women\u2019s Movement Came to Lead the Left","content_kicker":"Feature","kicker":"Feature","print_headline":"Forces in Opposition"},"web_url":"http:\/\/www.nytimes.com\/2017\/02\/07\/magazine\/how-a-fractious-womens-movement-came-to-lead-the-left.html","date":"2017-02-07T10:00:06+0000","news_desk":"Magazine"},{"keywords":[{"value":"Women and Girls","is_major":"Y","rank":"1","name":"subject"},{"value":"Indonesia","is_major":"Y","rank":"2","name":"glocations"},{"value":"Police","is_major":"Y","rank":"3","name":"subject"},{"value":"Tests and Examinations","is_major":"N","rank":"4","name":"subject"},{"value":"Jakarta (Indonesia)","is_major":"N","rank":"5","name":"glocations"},{"value":"Draft and Recruitment (Military)","is_major":"N","rank":"6","name":"subject"},{"value":"Human Rights Watch","is_major":"N","rank":"7","name":"organizations"},{"value":"Careers and Professions","is_major":"N","rank":"8","name":"subject"}],"headline":{"main":"&#8216;Virginity Test&#8217; Stokes Indonesia Debate ","print_headline":"\u2018Virginity Test\u2019 Stokes Indonesia Debate"},"web_url":"http:\/\/www.nytimes.com\/2014\/12\/12\/world\/asia\/for-police-career-in-indonesia-some-women-must-first-pass-virginity-test.html","date":"2014-12-12T00:00:00Z","news_desk":"Foreign"},{"keywords":[{"rank":"1","is_major":"Y","name":"subject","value":"Muslim Veiling"},{"rank":"2","is_major":"Y","name":"subject","value":"Uighurs (Chinese Ethnic Group)"},{"rank":"3","is_major":"N","name":"organizations","value":"Human Rights Watch"},{"rank":"4","is_major":"Y","name":"glocations","value":"China"},{"rank":"5","is_major":"N","name":"glocations","value":"Urumqi (China)"},{"rank":"6","is_major":"N","name":"glocations","value":"Xinjiang (China)"},{"rank":"7","is_major":"Y","name":"subject","value":"Women and Girls"},{"rank":"8","is_major":"N","name":"subject","value":"Han Chinese (Ethnic Group)"}],"headline":{"main":"Uighurs\u2019 Veils Signal Protest Against China\u2019s Restrictions","sub":"Limits on Religious Dress and Practices Draw Anger, Even Among Assimilated Women","print_headline":"Veils Emerge as Sign of Uighur Protest in China"},"web_url":"http:\/\/www.nytimes.com\/2014\/08\/08\/world\/asia\/uighurs-veils-a-protest-against-chinas-curbs.html","date":"2014-08-08T00:00:00Z","news_desk":"Foreign"},{"keywords":[{"rank":"5","is_major":"N","value":"Human Rights Watch","name":"organizations"},{"rank":"1","is_major":"Y","value":"United States International Relations","name":"subject"},{"rank":"6","is_major":"N","value":"Obama, Barack","name":"persons"},{"rank":"3","is_major":"Y","value":"Africa","name":"glocations"},{"rank":"2","is_major":"Y","value":"Human Rights and Human Rights Violations","name":"subject"},{"rank":"4","is_major":"N","value":"United States","name":"glocations"}],"headline":{"main":"African Leaders Coming to Talk Business May Also Be Pressed on Rights","kicker":"Listening Post","print_headline":"African Leaders Coming to Talk Business May Also Be Pressed on Rights","content_kicker":"Listening Post"},"web_url":"http:\/\/www.nytimes.com\/2014\/08\/01\/us\/politics\/african-leaders-coming-to-talk-business-may-also-be-pressed-on-rights.html","date":"2014-08-01T00:00:00Z","news_desk":"Foreign"},{"keywords":[{"rank":"1","name":"persons","value":"Abdullah, King of Saudi Arabia"},{"rank":"1","name":"glocations","value":"Saudi Arabia"},{"rank":"1","name":"organizations","value":"Human Rights Watch"},{"rank":"1","name":"subject","value":"Clergy"},{"rank":"2","name":"subject","value":"Human Rights and Human Rights Violations"},{"rank":"3","name":"subject","value":"Muslims and Islam"},{"rank":"4","name":"subject","value":"Social Media"},{"rank":"5","name":"subject","value":"Women's Rights"}],"headline":{"main":"In Saudi Arabia, Even Writing About Female Drivers Can Mean Trouble","kicker":"The Lede"},"web_url":"http:\/\/thelede.blogs.nytimes.com\/2013\/10\/31\/in-saudi-arabia-even-writing-about-female-drivers-can-mean-trouble\/","date":"2013-10-31T14:30:40Z","news_desk":null},{"keywords":[{"rank":"1","name":"persons","value":"Sharif, Manal al-"},{"rank":"1","name":"glocations","value":"Saudi Arabia"},{"rank":"1","name":"organizations","value":"Human Rights Watch"},{"rank":"1","name":"subject","value":"Child Abuse and Neglect"},{"rank":"2","name":"subject","value":"Courts and the Judiciary"},{"rank":"3","name":"subject","value":"Domestic Violence"},{"rank":"4","name":"subject","value":"Muslims and Islam"},{"rank":"5","name":"subject","value":"Sex Crimes"},{"rank":"6","name":"subject","value":"Shariah (Islamic Law)"},{"rank":"7","name":"subject","value":"Women and Girls"}],"headline":{"main":"Online Campaign Draws Attention to Case of Saudi Father Accused of Rape and Torture","kicker":"The Lede"},"web_url":"http:\/\/thelede.blogs.nytimes.com\/2013\/02\/06\/online-campaign-draws-attention-to-case-of-saudi-father-accused-of-rape-and-torture\/","date":"2013-02-06T17:07:35Z","news_desk":null},{"keywords":[{"rank":"1","is_major":"N","value":"Women and Girls","name":"subject"},{"rank":"2","is_major":"N","value":"Burns","name":"subject"},{"rank":"3","is_major":"N","value":"Suicides and Suicide Attempts","name":"subject"},{"rank":"4","is_major":"N","value":"Domestic Violence","name":"subject"},{"rank":"5","is_major":"N","value":"Depression (Mental)","name":"subject"},{"rank":"6","is_major":"N","value":"Human Rights Watch","name":"organizations"},{"rank":"7","is_major":"N","value":"Afghanistan","name":"glocations"}],"headline":{"main":"For Afghan Wives, a Desperate, Fiery Way Out","sub":"Defiant and Desperate ;","print_headline":"For Afghan Wives, a Desperate, Fiery Way Out"},"web_url":"http:\/\/www.nytimes.com\/2010\/11\/08\/world\/asia\/08burn.html","date":"2010-11-08T00:00:00Z","news_desk":"Foreign"},{"keywords":[{"rank":"1","is_major":"N","name":"subject","value":"Discrimination"},{"rank":"2","is_major":"N","name":"subject","value":"Women's Rights"},{"rank":"3","is_major":"N","name":"subject","value":"Deaths (Obituaries)"},{"rank":"4","is_major":"N","name":"organizations","value":"National Organization for Women"},{"rank":"5","is_major":"N","name":"organizations","value":"Equal Employment Opportunity Commission"}],"headline":{"main":"Aileen Hernandez, 90, Ex-NOW President and Feminist Trailblazer, Dies","print_headline":"Aileen Hernandez, Ex-NOW President and Feminist Trailblazer, Dies at 90"},"web_url":"http:\/\/www.nytimes.com\/2017\/02\/28\/us\/aileen-hernandez-dead-womens-rights-champion.html","date":"2017-03-01T02:07:47+0000","news_desk":"National"},{"keywords":[{"name":"glocations","value":"EGYPT"},{"name":"subject","value":"ISLAM"},{"name":"subject","value":"FREEDOM AND HUMAN RIGHTS"},{"name":"subject","value":"DECISIONS AND VERDICTS"},{"name":"subject","value":"FEMALE GENITAL MUTILATION"}],"headline":{"main":"Egyptian Court Overturns Ban On Cutting of Girls' Genitals"},"web_url":"http:\/\/www.nytimes.com\/1997\/06\/26\/world\/egyptian-court-overturns-ban-on-cutting-of-girls-genitals.html","date":"1997-06-26T00:00:00Z","news_desk":"Foreign Desk"},{"keywords":[{"name":"subject","value":"NEW YORK TIMES"},{"name":"subject","value":"SPECIAL SECTIONS"}],"headline":{"main":"Female Human Beings; Female Human Beings"},"web_url":"http:\/\/query.nytimes.com\/gst\/abstract.html?res=9502E4D6103BE73ABC4951DFB466838A669EDE","date":"1971-02-21T00:00:00Z","news_desk":null}]