[{"keywords":[],"headline":{"main":"Female Athletes Sue Famed U.S. Sports Doctor for Sexual Assault","print_headline":"Female Athletes Sue Famed U.S. Sports Doctor for Sexual Assault"},"web_url":"http:\/\/www.nytimes.com\/reuters\/2017\/01\/10\/us\/10reuters-michigan-sexcrimes.html","date":"2017-01-11T02:24:32+0000","news_desk":null},{"keywords":[{"rank":"1","is_major":"N","value":"Women and Girls","name":"subject"},{"rank":"2","is_major":"N","value":"Advertising and Marketing","name":"subject"},{"rank":"3","is_major":"N","value":"Athletics and Sports","name":"subject"},{"rank":"4","is_major":"N","value":"Sharapova, Maria","name":"persons"},{"rank":"5","is_major":"N","value":"Williams, Serena","name":"persons"},{"rank":"6","is_major":"N","value":"Zaharias, Babe Didrikson","name":"persons"},{"rank":"7","is_major":"N","value":"Oakley, Annie","name":"persons"},{"rank":"8","is_major":"N","value":"Smith, Elinor","name":"persons"},{"rank":"9","is_major":"N","value":"Ederle, Gertrude","name":"persons"},{"rank":"10","is_major":"N","value":"Lenglen, Suzanne","name":"persons"}],"headline":{"seo":"Looking Back for Sports\u2019 First Female Pitchman","main":"Searching for Sports\u2019 First Female Pitchman","print_headline":"Looking Back for Sports\u2019\nFirst Female Pitchman"},"web_url":"http:\/\/www.nytimes.com\/2011\/01\/02\/sports\/02endorse.html","date":"2011-01-02T00:00:00Z","news_desk":"Sports"},{"keywords":[{"rank":"3","is_major":"Y","value":"Women and Girls","name":"subject"},{"rank":"1","is_major":"Y","value":"Television","name":"subject"},{"rank":"2","is_major":"Y","value":"Ratings (Audience Measurement)","name":"subject"},{"rank":"4","is_major":"Y","value":"Athletics and Sports","name":"subject"}],"headline":{"main":"ABC Viewers Tilt Female for a Network Light on Sports","print_headline":"ABC Viewers Tilt Female, Absent Sports"},"web_url":"http:\/\/www.nytimes.com\/2013\/12\/18\/business\/media\/abc-viewers-tilt-female-for-a-network-light-on-sports.html","date":"2013-12-18T00:00:00Z","news_desk":"Business"},{"keywords":[{"value":"Basketball (College)","is_major":"Y","rank":"1","name":"subject"},{"value":"Griner, Brittney","is_major":"Y","rank":"2","name":"persons"},{"value":"Homosexuality","is_major":"Y","rank":"3","name":"subject"},{"value":"Discrimination","is_major":"N","rank":"4","name":"subject"},{"value":"Women and Girls","is_major":"N","rank":"5","name":"subject"},{"value":"Basketball","is_major":"Y","rank":"6","name":"subject"}],"headline":{"seo":"Brittney Griner Comes Out, and Sports World Shrugs","main":"Female Star Comes Out as Gay, and Sports World Shrugs","print_headline":"A Female Star Comes Out, and the Sports World Shrugs"},"web_url":"http:\/\/www.nytimes.com\/2013\/04\/19\/sports\/ncaabasketball\/brittney-griner-comes-out-and-sports-world-shrugs.html","date":"2013-04-19T00:00:00Z","news_desk":"Sports"},{"keywords":[{"rank":"1","is_major":"Y","name":"glocations","value":"Seattle (Wash)"},{"rank":"2","is_major":"Y","name":"subject","value":"Stadiums and Arenas"},{"rank":"3","is_major":"Y","name":"subject","value":"Women and Girls"},{"rank":"4","is_major":"N","name":"subject","value":"City Councils"},{"rank":"5","is_major":"N","name":"subject","value":"Social Media"},{"rank":"6","is_major":"N","name":"organizations","value":"National Basketball Assn"},{"rank":"7","is_major":"N","name":"subject","value":"Basketball"},{"rank":"8","is_major":"N","name":"subject","value":"Discrimination"}],"headline":{"main":"Majority-Female Council in Seattle Faces Backlash After Sports Arena Vote","print_headline":"Majority-Female Council in Seattle Faces Backlash for Rejecting Arena Deal"},"web_url":"http:\/\/www.nytimes.com\/2016\/05\/08\/us\/majority-female-council-in-seattle-faces-backlash-after-sports-arena-vote.html","date":"2016-05-08T00:00:00Z","news_desk":"National"},{"keywords":[{"name":"subject","value":"PROFESSIONAL ATHLETICS"},{"name":"subject","value":"WOMEN"}],"headline":{"main":"Female Sports Are Not Inferior"},"web_url":"http:\/\/www.nytimes.com\/1983\/05\/29\/sports\/l-female-sports-are-not-inferior-198846.html","date":"1983-05-29T00:00:00Z","news_desk":"Sports Desk"},{"keywords":[{"name":"subject","value":"HORSE RACING"},{"name":"subject","value":"002-21-06"},{"name":"subject","value":"PROFESSIONAL ATHLETICS"},{"name":"subject","value":"JOCKEYS, DRIVERS AND TRAINERS"}],"headline":{"main":"Sports People; Top Female Jockey"},"web_url":"http:\/\/www.nytimes.com\/1982\/01\/02\/sports\/sports-people-top-female-jockey.html","date":"1982-01-02T00:00:00Z","news_desk":"Sports Desk"},{"keywords":[{"name":"persons","value":"DAVIDSON, JUDITH"},{"name":"organizations","value":"CENTRAL CONNECTICUT STATE UNIVERSITY"},{"name":"subject","value":"APPOINTMENTS AND EXECUTIVE CHANGES"},{"name":"subject","value":"COLLEGE ATHLETICS"},{"name":"subject","value":"WOMEN"},{"name":"subject","value":"ATHLETICS AND SPORTS"}],"headline":{"main":"Sports People; Female Director Named"},"web_url":"http:\/\/www.nytimes.com\/1988\/03\/22\/sports\/sports-people-female-director-named.html","date":"1988-03-22T00:00:00Z","news_desk":"Sports Desk"},{"keywords":[{"name":"glocations","value":"CALIFORNIA"},{"name":"subject","value":"HORSE RACING"},{"name":"subject","value":"PROFESSIONAL ATHLETICS"},{"name":"subject","value":"JOCKEYS, DRIVERS AND TRAINERS"},{"name":"subject","value":"WOMEN"},{"name":"subject","value":"DEMONSTRATIONS AND RIOTS"}],"headline":{"main":"Sports People; Female Jockeys Angry"},"web_url":"http:\/\/www.nytimes.com\/1981\/09\/12\/sports\/sports-people-female-jockeys-angry.html","date":"1981-09-12T00:00:00Z","news_desk":"Sports Desk"},{"keywords":[{"name":"persons","value":"ASHBURN, RICHIE"},{"name":"organizations","value":"NEW YORK METS"},{"name":"subject","value":"BASEBALL"}],"headline":{"main":"Sports of The Times; Guy Heroes, Female Heroines"},"web_url":"http:\/\/www.nytimes.com\/1997\/09\/12\/sports\/sports-of-the-times-guy-heroes-female-heroines.html","date":"1997-09-12T00:00:00Z","news_desk":"Sports Desk"},{"keywords":[],"headline":{"main":"Fordham Bright Spot: Spirited Female Five; Women in Sports","kicker":"1"},"web_url":"http:\/\/query.nytimes.com\/gst\/abstract.html?res=9C04E2D71F3CE731A25754C0A9659C946790D6CF","date":"1976-03-07T00:00:00Z","news_desk":null},{"keywords":[],"headline":{"main":"Sports of The Times; Female of the Species","kicker":"1"},"web_url":"http:\/\/query.nytimes.com\/gst\/abstract.html?res=940DEEDF113EEF3BBC4C53DFB766838A649EDE","date":"1951-01-04T00:00:00Z","news_desk":null},{"keywords":[],"headline":{"main":"Female Sports Pioneers Carry Message to Vatican Conference","print_headline":"Female Sports Pioneers Carry Message to Vatican Conference"},"web_url":"http:\/\/www.nytimes.com\/aponline\/2016\/10\/07\/sports\/olympics\/ap-oly-vatican-conference-women.html","date":"2016-10-07T15:22:21Z","news_desk":"None"},{"keywords":[{"name":"persons","value":"TARKENTON, FRAN"},{"name":"persons","value":"WEISMULLER, JOHNNY"},{"name":"glocations","value":"NEW YORK CITY"},{"name":"subject","value":"FOOTBALL, SOCCER"},{"name":"subject","value":"FOOTBALL"},{"name":"subject","value":"PROFESSIONAL"},{"name":"subject","value":"MENTAL DEFICIENCY AND DEFECTIVES"},{"name":"subject","value":"DRUG ADDICTION, ABUSE AND TRAFFIC"},{"name":"subject","value":"THERAPY FOR AND REHABILITATION OF ADDICTS"}],"headline":{"main":"People in Sports: King Female Athlete of Year; Previous Winners"},"web_url":"http:\/\/query.nytimes.com\/gst\/abstract.html?res=9D05E0D9153FEF34BC4E52DFB766838F669EDE","date":"1974-01-16T00:00:00Z","news_desk":null},{"keywords":[],"headline":{"main":"People in Sports: King Female Athlete of Year","kicker":"1"},"web_url":"http:\/\/query.nytimes.com\/gst\/abstract.html?res=9906E2D9153FEF34BC4E52DFB766838F669EDE","date":"1974-01-16T00:00:00Z","news_desk":null},{"keywords":[{"name":"creative_works","value":"ADVERTISING (TIMES COLUMN)"},{"name":"organizations","value":"TIME INC"},{"name":"organizations","value":"NIKE INC"},{"name":"organizations","value":"SPORTS ILLUSTRATED FOR KIDS"},{"name":"subject","value":"ADVERTISING"},{"name":"subject","value":"CHILDREN AND YOUTH"},{"name":"subject","value":"ATHLETICS AND SPORTS"},{"name":"subject","value":"WOMEN"}],"headline":{"main":"Sports Illustrated and Nike hope girls just want to read about women's sports and female athletes.","kicker":"THE MEDIA BUSINESS: ADVERTISING"},"web_url":"http:\/\/www.nytimes.com\/1996\/07\/15\/business\/media-business-advertising-sports-illustrated-nike-hope-girls-just-want-read.html","date":"1996-07-15T00:00:00Z","news_desk":"Business\/Financial Desk"},{"keywords":[{"name":"creative_works","value":"ADVERTISING (TIMES COLUMN)"},{"name":"subject","value":"ADVERTISING"},{"name":"subject","value":"WOMEN"},{"name":"subject","value":"ATHLETICS AND SPORTS"}],"headline":{"main":"Sex appeal still overpowers sports skill when it comes to the marketing of female athletes.","kicker":"THE MEDIA BUSINESS: ADVERTISING"},"web_url":"http:\/\/www.nytimes.com\/2000\/08\/09\/business\/media-business-advertising-sex-appeal-still-overpowers-sports-skill-when-it.html","date":"2000-08-09T00:00:00Z","news_desk":"Business\/Financial Desk"},{"keywords":[{"rank":"1","is_major":"N","value":"NCAA Basketball Tournament (Women)","name":"subject"},{"rank":"2","is_major":"Y","value":"University of Connecticut","name":"organizations"},{"rank":"3","is_major":"Y","value":"Sports Injuries","name":"subject"},{"rank":"4","is_major":"N","value":"College Athletics","name":"subject"},{"rank":"5","is_major":"N","value":"Basketball","name":"subject"},{"rank":"7","is_major":"Y","value":"Basketball (College)","name":"subject"},{"rank":"8","is_major":"N","value":"NCAA Basketball Championships (Women)","name":"subject"}],"headline":{"seo":"For Female Athletes, A.C.L. Injuries Take a Toll","main":"For Women in Sports, A.C.L. Injuries Take Toll","print_headline":"For Women in Sports, A.C.L. Injuries Take Toll"},"web_url":"http:\/\/www.nytimes.com\/2011\/03\/27\/sports\/ncaabasketball\/27acl.html","date":"2011-03-27T00:00:00Z","news_desk":"Sports"},{"keywords":[{"name":"creative_works","value":"SPORTS OF THE TIMES (TIMES COLUMN)"},{"name":"persons","value":"ROETHLISBERGER, JOHN"},{"name":"persons","value":"DAWES, DOMINIQUE"},{"name":"glocations","value":"SYDNEY (AUSTRALIA)"},{"name":"subject","value":"OLYMPIC GAMES (2000)"},{"name":"subject","value":"OLYMPIC GAMES"},{"name":"subject","value":"SUMMER GAMES (OLYMPICS)"}],"headline":{"main":"Sports of The Times; Female Gymnasts Braved an Audition, and a Trial"},"web_url":"http:\/\/www.nytimes.com\/2000\/08\/21\/sports\/sports-of-the-times-female-gymnasts-braved-an-audition-and-a-trial.html","date":"2000-08-21T00:00:00Z","news_desk":"Sports Desk"},{"keywords":[{"name":"creative_works","value":"SPORTS OF THE TIMES (TIMES COLUMN)"},{"name":"persons","value":"SATRIANO, GINA"},{"name":"organizations","value":"COLORADO SILVER BULLETS"},{"name":"subject","value":"BASEBALL"},{"name":"subject","value":"BIOGRAPHICAL INFORMATION"},{"name":"subject","value":"WOMEN"}],"headline":{"main":"Sports of The Times; The Trials of a Pro Female Pitcher"},"web_url":"http:\/\/www.nytimes.com\/1995\/06\/15\/sports\/sports-of-the-times-the-trials-of-a-pro-female-pitcher.html","date":"1995-06-15T00:00:00Z","news_desk":"Sports Desk"}]