[{"keywords":[{"rank":"2","is_major":"N","name":"subject","value":"Exercise"},{"rank":"3","is_major":"N","name":"subject","value":"Weight"},{"rank":"4","is_major":"N","name":"subject","value":"Labor and Jobs"}],"headline":{"main":"If These Guys Were Able to Fix Their Lives, You Can, Too","content_kicker":"The Male Animal","kicker":"The Male Animal","print_headline":"Mr. Fix-Its of Their Own Lives"},"web_url":"http:\/\/www.nytimes.com\/2017\/02\/01\/fashion\/mens-style\/self-improvement-how-to-fix-your-life.html","date":"2017-02-01T10:00:04+0000","news_desk":"Styles"},{"keywords":[{"rank":"1","is_major":"N","name":"subject","value":"Athletics and Sports"},{"rank":"2","is_major":"N","name":"subject","value":"Men and Boys"},{"rank":"5","is_major":"N","name":"subject","value":"Football"},{"rank":"6","is_major":"N","name":"subject","value":"Baseball"},{"rank":"7","is_major":"N","name":"subject","value":"Basketball (College)"}],"headline":{"main":"Game Over: These Guys Are No Longer Big Sports Fans","content_kicker":"The Male Animal","kicker":"The Male Animal","print_headline":"Game Over"},"web_url":"http:\/\/www.nytimes.com\/2017\/01\/11\/fashion\/mens-style\/sports-fans-men-identity.html","date":"2017-01-11T17:04:00+0000","news_desk":"Styles"},{"keywords":[],"headline":{"main":"Pale Male (Hawk)"},"web_url":"http:\/\/topics.nytimes.com\/top\/news\/science\/topics\/birds\/hawks\/pale_male\/index.html","date":null,"news_desk":null},{"keywords":[],"headline":{"main":"Pale Male (Hawk)"},"web_url":"http:\/\/topics.nytimes.com\/topic\/subject\/pale-male-hawk","date":null,"news_desk":null},{"keywords":[],"headline":{"main":"Male Pattern Baldness"},"web_url":"http:\/\/health.nytimes.com\/health\/guides\/disease\/male-pattern-baldness\/overview.html","date":null,"news_desk":null},{"keywords":[],"headline":{"main":"Genital Sores - Male"},"web_url":"http:\/\/health.nytimes.com\/health\/guides\/symptoms\/genital-sores-male\/overview.html","date":null,"news_desk":null},{"keywords":[],"headline":{"main":"Chlamydial Infections - Male"},"web_url":"http:\/\/health.nytimes.com\/health\/guides\/disease\/chlamydial-urethritis-male\/overview.html","date":null,"news_desk":null},{"keywords":[{"rank":"1","is_major":"N","name":"subject","value":"Men and Boys"},{"rank":"2","is_major":"N","name":"subject","value":"Gifts"},{"rank":"3","is_major":"N","name":"subject","value":"Christmas"},{"rank":"4","is_major":"N","name":"subject","value":"Anxiety and Stress"},{"rank":"5","is_major":"N","name":"subject","value":"Dating and Relationships"}],"headline":{"main":"Why Are Some Men Such Awkward Gift Givers? Let Them Explain","content_kicker":"The Male Animal","kicker":"The Male Animal","print_headline":"Awkward Exchanges"},"web_url":"http:\/\/www.nytimes.com\/2016\/12\/05\/fashion\/mens-style\/men-awkward-gift-givers-christmas-holidays.html","date":"2016-12-05T19:10:32+0000","news_desk":"Styles"},{"keywords":[{"name":"subject","value":"COMEDY AND HUMOR"},{"name":"subject","value":"MEN"},{"name":"subject","value":"TELEVISION"}],"headline":{"main":"Father Eats Best","kicker":"BETA MALE"},"web_url":"http:\/\/www.nytimes.com\/2004\/09\/26\/fashion\/26BETA.html","date":"2004-09-26T00:00:00Z","news_desk":"Style Desk"},{"keywords":[{"name":"subject","value":"SEX"},{"name":"subject","value":"DRUGS (PHARMACEUTICALS)"}],"headline":{"main":"Losing Your Virility? Tough It Out, Man","kicker":"BETA MALE"},"web_url":"http:\/\/www.nytimes.com\/2004\/07\/11\/style\/beta-male-losing-your-virility-tough-it-out-man.html","date":"2004-07-11T00:00:00Z","news_desk":"Style Desk"},{"keywords":[{"name":"creative_works","value":"QUEER EYE FOR THE STRAIGHT GUY (TV PROGRAM)"},{"name":"creative_works","value":"ESSENTIAL STYLE GUIDE FOR MEN AND THE WOMEN WHO LOVE THEM (BOOK)"},{"name":"persons","value":"KRESSLEY, CARSON"},{"name":"subject","value":"MEN"},{"name":"subject","value":"INTERIOR DESIGN"},{"name":"subject","value":"TELEVISION"},{"name":"subject","value":"BOOKS AND LITERATURE"},{"name":"subject","value":"APPAREL"}],"headline":{"main":"The Chic Simpletons of 'Queer Eye'","kicker":"BETA MALE"},"web_url":"http:\/\/www.nytimes.com\/2004\/09\/05\/fashion\/05BETA.html","date":"2004-09-05T00:00:00Z","news_desk":"Style Desk"},{"keywords":[{"name":"persons","value":"DUVALL, ALICE D"},{"name":"persons","value":"KISSELGOFF, ANNA"},{"name":"subject","value":"MEN"},{"name":"subject","value":"SHORTAGES"},{"name":"subject","value":"DANCING"}],"headline":{"main":"Negative Image","kicker":"MALE DANCERS"},"web_url":"http:\/\/www.nytimes.com\/1989\/02\/26\/arts\/l-male-dancers-negative-image-135889.html","date":"1989-02-26T00:00:00Z","news_desk":"Arts and Leisure Desk"},{"keywords":[{"name":"subject","value":"MALE, JOB"}],"headline":{"main":"FUNERAL OF JOB MALE."},"web_url":"http:\/\/query.nytimes.com\/gst\/abstract.html?res=9F0DE3D91239E033A25751C0A9649C94609ED7CF","date":"1891-02-02T00:00:00Z","news_desk":null},{"keywords":[],"headline":{"main":"Male Passenger's Opinion.","kicker":"1"},"web_url":"http:\/\/query.nytimes.com\/gst\/abstract.html?res=9C02EFD81530E733A25750C2A9649C946397D6CF","date":"1902-02-23T00:00:00Z","news_desk":null},{"keywords":[{"name":"persons","value":"MALE, JAMES"},{"name":"subject","value":"DEATHS AND DEATH RATE"}],"headline":{"main":"JAMES MALE; Former Assemblyman, 51, Once Pelham Manor Official I"},"web_url":"http:\/\/query.nytimes.com\/gst\/abstract.html?res=9505EED8153EEE3BBC4F52DFB766838C659EDE","date":"1947-01-17T00:00:00Z","news_desk":null},{"keywords":[],"headline":{"main":"\"BRAINS VS. BOODLE.\"; Woman Suffrage in Practice.","kicker":"1"},"web_url":"http:\/\/query.nytimes.com\/gst\/abstract.html?res=9E0CEEDE133EE033A2575BC0A9639C946697D6CF","date":"1907-05-08T00:00:00Z","news_desk":null},{"keywords":[],"headline":{"main":"The Men Powerful Enough to Wear the Same Thing Every Day","kicker":"The Male Uniform"},"web_url":"http:\/\/www.nytimes.com\/interactive\/2015\/04\/02\/fashion\/mens-style\/The-Men-Powerful-Enough-to-Wear-the-Same-Thing.html","date":"2015-04-02T00:00:00Z","news_desk":"Fashion & Style \/ Men\u2019s Style"},{"keywords":[],"headline":{"main":"A TIME TO TEACH, NOT FIGHT.; Protest Against the Campaign for Equal Pay, Now Organizing.","kicker":"1"},"web_url":"http:\/\/query.nytimes.com\/gst\/abstract.html?res=9D07EEDE153EE733A25751C1A9649D946697D6CF","date":"1907-12-12T00:00:00Z","news_desk":null},{"keywords":[{"name":"glocations","value":"HAMPTONS (NY)"},{"name":"subject","value":"SOCIAL CONDITIONS AND TRENDS"}],"headline":{"main":"Between the Tool-Belt Set and the Jet Set","kicker":"BETA MALE"},"web_url":"http:\/\/www.nytimes.com\/2004\/08\/08\/style\/beta-male-between-the-tool-belt-set-and-the-jet-set.html","date":"2004-08-08T00:00:00Z","news_desk":"Style Desk"},{"keywords":[{"name":"persons","value":"TRIER, WILLIAM C"},{"name":"persons","value":"GOLDBERG, VICKI"},{"name":"subject","value":"PHOTOGRAPHY"}],"headline":{"main":"An Interesting Choice","kicker":"MALE BEAUTY"},"web_url":"http:\/\/www.nytimes.com\/2000\/08\/27\/arts\/l-male-beauty-an-interesting-choice-825913.html","date":"2000-08-27T00:00:00Z","news_desk":"Arts and Leisure Desk"},{"keywords":[],"headline":{"main":"What's Next?","kicker":"MALE NUDITY"},"web_url":"http:\/\/query.nytimes.com\/gst\/fullpage.html?res=9805EED7173EF937A2575BC0A9639C8B63","date":"2005-08-14T00:00:00Z","news_desk":"Arts and Leisure Desk"},{"keywords":[{"name":"subject","value":"MEN"},{"name":"subject","value":"PREGNANCY AND OBSTETRICS"}],"headline":{"main":"Count Me Out of the Hard Labor","kicker":"BETA MALE"},"web_url":"http:\/\/www.nytimes.com\/2004\/06\/20\/style\/beta-male-count-me-out-of-the-hard-labor.html","date":"2004-06-20T00:00:00Z","news_desk":"Style Desk"},{"keywords":[{"name":"persons","value":"KISSELGOFF, ANNA"},{"name":"persons","value":"BALANCHINE, GEORGE"},{"name":"persons","value":"TURNER, JOHN H"},{"name":"organizations","value":"SCHOOL OF AMERICAN BALLET"},{"name":"subject","value":"MEN"},{"name":"subject","value":"DANCING"}],"headline":{"main":"Predetermined Body Type?","kicker":"MALE DANCERS"},"web_url":"http:\/\/www.nytimes.com\/1989\/02\/26\/arts\/l-male-dancers-predetermined-body-type-136089.html","date":"1989-02-26T00:00:00Z","news_desk":"Arts and Leisure Desk"},{"keywords":[{"rank":"1","is_major":"N","name":"subject","value":"Roommates"},{"rank":"2","is_major":"Y","name":"subject","value":"Men and Boys"},{"rank":"3","is_major":"Y","name":"subject","value":"Age, Chronological"},{"rank":"4","is_major":"Y","name":"subject","value":"Real Estate and Housing (Residential)"},{"rank":"5","is_major":"Y","name":"glocations","value":"New York City"}],"headline":{"main":"Age 31 and Up, With Roommates. You Got a Problem With That?","content_kicker":"The Male Animal","kicker":"The Male Animal","print_headline":"Roommates Forever?"},"web_url":"http:\/\/www.nytimes.com\/2016\/05\/06\/fashion\/mens-style\/adult-men-roommates-new-york.html","date":"2016-05-05T20:36:11+0000","news_desk":"Styles"},{"keywords":[{"name":"subject","value":"MALE, JOB"}],"headline":{"main":"Claims Against the Male Estate."},"web_url":"http:\/\/query.nytimes.com\/gst\/abstract.html?res=9F0DE7DA1538E233A25752C1A9609C94639ED7CF","date":"1892-06-11T00:00:00Z","news_desk":null},{"keywords":[{"name":"persons","value":"MALE, ISAAC"},{"name":"subject","value":"LONGEVITY"},{"name":"subject","value":"DEATHS AND DEATH RATE"}],"headline":{"main":"ISAAC MALE, 99, DIES; President of Bookbinding Firm at Work Until 3 Weeks Ago"},"web_url":"http:\/\/query.nytimes.com\/gst\/abstract.html?res=9506EEDE153CEE3BBC4852DFB3668388659EDE","date":"1943-05-10T00:00:00Z","news_desk":null},{"keywords":[{"name":"persons","value":"MALE, JAS"},{"name":"glocations","value":"N Y C"},{"name":"subject","value":"ROBBERIES"}],"headline":{"main":"ROB PROSECUTOR; LEAVE GLEEFUL NOTE; Thieves Loot His Home While Assistant District Attorney Is Away. TAKE ALL HIS BEST SUITS They Discard the Vest of Each, Then Use His Note Paper to Gloat Over Robbing Him."},"web_url":"http:\/\/query.nytimes.com\/gst\/abstract.html?res=9F02EFD71F3CE33ABC4151DFBE668383639EDE","date":"1928-08-29T00:00:00Z","news_desk":null},{"keywords":[],"headline":{"main":"FOR JUDGE GRAY.; Equal Pay a Delusion.","kicker":"1"},"web_url":"http:\/\/query.nytimes.com\/gst\/abstract.html?res=9E07E5DE133EE033A25757C0A9639C946697D6CF","date":"1907-05-04T00:00:00Z","news_desk":null},{"keywords":[{"name":"creative_works","value":"DESIGNING MALE"},{"name":"persons","value":"GREER, H"},{"name":"subject","value":"BOOK REVIEWS"}],"headline":{"main":"'Fishwife to Her Dressmaker'"},"web_url":"http:\/\/query.nytimes.com\/gst\/abstract.html?res=9D06E7DF143BE333A25753C3A96F9C946092D6CF","date":"1951-09-30T00:00:00Z","news_desk":null},{"keywords":[{"name":"organizations","value":"INTERNATIONAL MALE"},{"name":"subject","value":"MAIL ORDER COMPANIES"},{"name":"subject","value":"CATALOGUES"},{"name":"subject","value":"APPAREL"}],"headline":{"main":"To Dial For","kicker":"PULSE"},"web_url":"http:\/\/www.nytimes.com\/2000\/01\/30\/style\/pulse-to-dial-for.html","date":"2000-01-30T00:00:00Z","news_desk":"Style Desk"},{"keywords":[],"headline":{"main":"What's Next?","kicker":"MALE NUDITY"},"web_url":"http:\/\/query.nytimes.com\/gst\/fullpage.html?res=9805EED7173EF937A2575BC0A9639C8B63","date":"2005-08-14T00:00:00Z","news_desk":"Arts and Leisure Desk"},{"keywords":[{"name":"subject","value":"MEN"},{"name":"subject","value":"PREGNANCY AND OBSTETRICS"}],"headline":{"main":"Count Me Out of the Hard Labor","kicker":"BETA MALE"},"web_url":"http:\/\/www.nytimes.com\/2004\/06\/20\/style\/beta-male-count-me-out-of-the-hard-labor.html","date":"2004-06-20T00:00:00Z","news_desk":"Style Desk"},{"keywords":[],"headline":{"main":"Aging Changes in the Male Reproductive System"},"web_url":"http:\/\/health.nytimes.com\/health\/guides\/specialtopic\/aging-changes-in-the-male-reproductive-system\/overview.html","date":null,"news_desk":null},{"keywords":[{"name":"subject","value":"WOMAN SUFFRAGE"}],"headline":{"main":"Why Suffragists Are Strong."},"web_url":"http:\/\/query.nytimes.com\/gst\/abstract.html?res=9802E7D81439E733A25752C2A9659C946897D6CF","date":"1909-03-21T00:00:00Z","news_desk":null},{"keywords":[{"name":"creative_works","value":"MALE ANIMAL, THE"},{"name":"persons","value":"E NUGENT AND J THURBER"},{"name":"subject","value":"THEATRE"},{"name":"subject","value":"REVIEWS AND NOTES"}],"headline":{"main":"MALE ANIMAL' MUSIC CENTER OF DISPUTE"},"web_url":"http:\/\/query.nytimes.com\/gst\/abstract.html?res=9402E2D8133BE23BBC4D52DFB3668389649EDE","date":"1952-05-15T00:00:00Z","news_desk":null},{"keywords":[{"name":"creative_works","value":"MALE CALL"},{"name":"persons","value":"CANIFF, M"},{"name":"subject","value":"BOOKS AND LITERATURE"},{"name":"subject","value":"REVIEWS"}],"headline":{"main":"The Mad World of the Cartoonists"},"web_url":"http:\/\/query.nytimes.com\/gst\/abstract.html?res=9D0CE6D81331E23ABC4D52DFB166838E659EDE","date":"1945-07-15T00:00:00Z","news_desk":null},{"keywords":[{"rank":"1","is_major":"Y","name":"persons","value":"Rhodes, Alexander"},{"rank":"2","is_major":"Y","name":"subject","value":"Pornography"},{"rank":"3","is_major":"Y","name":"subject","value":"Computers and the Internet"},{"rank":"4","is_major":"N","name":"subject","value":"Addiction (Psychology)"},{"rank":"5","is_major":"N","name":"subject","value":"Sex"},{"rank":"6","is_major":"N","name":"glocations","value":"Pittsburgh (Pa)"}],"headline":{"main":"Internet Porn Nearly Ruined His Life. Now He Wants to Help.","content_kicker":"The Male Animal","kicker":"The Male Animal","print_headline":"The Anti-Porn Purveyor"},"web_url":"http:\/\/www.nytimes.com\/2016\/07\/08\/fashion\/mens-style\/anti-internet-porn-addict.html","date":"2016-07-06T17:44:43+0000","news_desk":"Styles"},{"keywords":[{"name":"persons","value":"MALE, EMILE"},{"name":"subject","value":"DEATHS"}],"headline":{"main":"EMILE MALE DIES; N ART AUTHORITY; Expert on'French Religious Works -- Wr. ote 4 Volumes on Medieval Period"},"web_url":"http:\/\/query.nytimes.com\/gst\/abstract.html?res=9A04E1D9103FE33BBC4F53DFB667838F649EDE","date":"1954-10-07T00:00:00Z","news_desk":null},{"keywords":[{"name":"persons","value":"MALE, MILTON"},{"name":"glocations","value":"UNITED STATES"},{"name":"glocations","value":"UNITED STATES"},{"name":"organizations","value":"STEEL CONSTRUCTION, AMERICAN INSTITUTE OF"},{"name":"subject","value":"STEEL AND IRON"},{"name":"subject","value":"STRUCTURAL STEEL"},{"name":"subject","value":"SHIPBUILDING"}],"headline":{"main":"New Light-Gauge Steel Developed; To Rival Wood in Home Building; Announced by Research Engineer of United States Steel Corporation at Institute Convention in Atlantic City"},"web_url":"http:\/\/query.nytimes.com\/gst\/abstract.html?res=9805E1D6113CE03ABC4A53DFB767838F659EDE","date":"1944-11-02T00:00:00Z","news_desk":null},{"keywords":[{"rank":"1","is_major":"N","name":"subject","value":"Parenting"},{"rank":"2","is_major":"Y","name":"subject","value":"Families and Family Life"},{"rank":"3","is_major":"Y","name":"subject","value":"Men and Boys"},{"rank":"6","is_major":"N","name":"glocations","value":"Brooklyn (NYC)"}],"headline":{"main":"A Bond Forms for Two Stay-at-Home Brooklyn Fathers","content_kicker":"The Male Animal","kicker":"The Male Animal","print_headline":"A Bond Between Brooklyn Dads"},"web_url":"http:\/\/www.nytimes.com\/2016\/03\/04\/fashion\/mens-style\/stay-at-home-brooklyn-dads-friendship.html","date":"2016-03-02T10:00:05+0000","news_desk":"Styles"},{"keywords":[{"name":"persons","value":"MALE, MILTON"},{"name":"glocations","value":"UNITED STATES"},{"name":"glocations","value":"UNITED STATES"},{"name":"organizations","value":"STEEL CONSTRUCTION, AMERICAN INSTITUTE OF"},{"name":"subject","value":"STEEL AND IRON"},{"name":"subject","value":"STRUCTURAL STEEL"},{"name":"subject","value":"SHIPBUILDING"}],"headline":{"main":"New Light-Gauge Steel Developed; To Rival Wood in Home Building; Announced by Research Engineer of United States Steel Corporation at Institute Convention in Atlantic City"},"web_url":"http:\/\/query.nytimes.com\/gst\/abstract.html?res=9805E1D6113CE03ABC4A53DFB767838F659EDE","date":"1944-11-02T00:00:00Z","news_desk":null},{"keywords":[{"rank":"1","is_major":"N","name":"subject","value":"Parenting"},{"rank":"2","is_major":"Y","name":"subject","value":"Families and Family Life"},{"rank":"3","is_major":"Y","name":"subject","value":"Men and Boys"},{"rank":"6","is_major":"N","name":"glocations","value":"Brooklyn (NYC)"}],"headline":{"main":"A Bond Forms for Two Stay-at-Home Brooklyn Fathers","content_kicker":"The Male Animal","kicker":"The Male Animal","print_headline":"A Bond Between Brooklyn Dads"},"web_url":"http:\/\/www.nytimes.com\/2016\/03\/04\/fashion\/mens-style\/stay-at-home-brooklyn-dads-friendship.html","date":"2016-03-02T10:00:05+0000","news_desk":"Styles"},{"keywords":[{"rank":"1","is_major":"Y","name":"subject","value":"Abstinence (Sexual)"},{"rank":"2","is_major":"Y","name":"subject","value":"Football"},{"rank":"3","is_major":"Y","name":"persons","value":"Wilson, Russell (1988- )"},{"rank":"4","is_major":"N","name":"persons","value":"Harris, Ciara Princess"},{"rank":"5","is_major":"N","name":"subject","value":"Sex"},{"rank":"6","is_major":"N","name":"persons","value":"Hemingway, Ernest"},{"rank":"7","is_major":"N","name":"persons","value":"Namath, Joe"},{"rank":"8","is_major":"Y","name":"organizations","value":"Seattle Seahawks"}],"headline":{"main":"No Sex, Please. I Have a Game Tomorrow.","content_kicker":"The Male Animal","kicker":"The Male Animal","print_headline":"Does Celibacy Help Your Game?"},"web_url":"http:\/\/www.nytimes.com\/2015\/12\/04\/fashion\/mens-style\/does-celibacy-help-your-game-no-sex.html","date":"2015-12-04T00:00:00Z","news_desk":"Styles"},{"keywords":[{"name":"creative_works","value":"RELIGIOUS ART: FROM THE TWELFTH TO THE EIGHTEENTH CENTURY"},{"name":"persons","value":"MALE, E"},{"name":"subject","value":"BOOK REVIEWS"}],"headline":{"main":"Art As Dogma; RELIGIOUS ART: From the Twelfth to the Eighteenth Century. By Emile Male. 48 plates. 199 pp. New York: Pantheon Books. $4.50."},"web_url":"http:\/\/query.nytimes.com\/gst\/abstract.html?res=9B06EED7143BE23BBC4E53DFB7678382659EDE","date":"1949-11-06T00:00:00Z","news_desk":null},{"keywords":[{"name":"subject","value":"MALE, JOB"}],"headline":{"main":"Paid for Contesting Job Male's Will."},"web_url":"http:\/\/query.nytimes.com\/gst\/abstract.html?res=9F00E6D71538E233A2575BC2A9609C94639ED7CF","date":"1892-06-28T00:00:00Z","news_desk":null},{"keywords":[{"name":"subject","value":"EDITORIAL"},{"name":"subject","value":"MALE"}],"headline":{"main":"MALE GIRLS."},"web_url":"http:\/\/query.nytimes.com\/gst\/abstract.html?res=9406E2D71F3FE73BBC4A52DFBF66838D669FDE","date":"1876-09-12T00:03:58Z","news_desk":null},{"keywords":[{"name":"subject","value":"MALE, JOB"}],"headline":{"main":"JOB MALE'S ESTATE.; HIS RELATIVES DISPUTE THE PROVISIONS OF THE MILLIONAIRE'S WILL."},"web_url":"http:\/\/query.nytimes.com\/gst\/abstract.html?res=9D03E6DB173AE533A25750C1A9609C94609ED7CF","date":"1891-06-13T00:00:00Z","news_desk":null},{"keywords":[{"name":"creative_works","value":"HE'S JUST NOT THAT INTO YOU (BOOK)"},{"name":"persons","value":"BEHRENDT, GREG"},{"name":"persons","value":"TUCILLO, LIZ"},{"name":"subject","value":"SEX"},{"name":"subject","value":"MEN"},{"name":"subject","value":"BOOKS AND LITERATURE"},{"name":"subject","value":"PSYCHOLOGY AND PSYCHOLOGISTS"},{"name":"subject","value":"WOMEN"}],"headline":{"main":"For Women Who Count on Men to Be Jerks","kicker":"BETA MALE"},"web_url":"http:\/\/www.nytimes.com\/2004\/10\/17\/fashion\/17BETA.html","date":"2004-10-17T00:00:00Z","news_desk":"Style Desk"},{"keywords":[{"rank":"1","is_major":"Y","name":"persons","value":"Clinton, Hillary Rodham"},{"rank":"2","is_major":"Y","name":"subject","value":"Presidential Election of 2016"},{"rank":"3","is_major":"Y","name":"persons","value":"Trump, Donald J"}],"headline":{"main":"Hillary Clinton\u2019s Lonesome White Male Supporters","content_kicker":"The Male Animal","kicker":"The Male Animal","print_headline":"These Guys Are With Her"},"web_url":"http:\/\/www.nytimes.com\/2016\/10\/07\/fashion\/mens-style\/hillary-clinton-white-male-supporters.html","date":"2016-10-04T17:10:32+0000","news_desk":"Styles"},{"keywords":[{"name":"organizations","value":"UNITED STATES CONGRESS - FIFTY-SECOND, FIRST SESSION"},{"name":"subject","value":"MALE, JOB"}],"headline":{"main":"HARLEM RIVER BRIDGES.; AN ADVERSE REPORT IN CONGRESS AS TO PROPOSED CHANGES."},"web_url":"http:\/\/query.nytimes.com\/gst\/abstract.html?res=9502EEDA1538E233A25757C1A9609C94639ED7CF","date":"1892-06-14T00:00:00Z","news_desk":null},{"keywords":[{"name":"persons","value":"MALE, LEE"}],"headline":{"main":"Paid Notice: Deaths  MALE, LEE"},"web_url":"http:\/\/www.nytimes.com\/1997\/04\/30\/classified\/paid-notice-deaths-male-lee.html","date":"1997-04-30T00:00:00Z","news_desk":"Classified"},{"keywords":[{"name":"creative_works","value":"MALE HORMONE"},{"name":"persons","value":"DE KRUIF, P"},{"name":"subject","value":"BOOKS AND LITERATURE"},{"name":"subject","value":"REVIEWS"}],"headline":{"main":"Books of the Times; Proclaims the Organic Chemists Experiments With Human Guinea Pigs"},"web_url":"http:\/\/query.nytimes.com\/gst\/abstract.html?res=9B03E5DC153BEE3BBC4C51DFB366838E659EDE","date":"1945-05-24T00:00:00Z","news_desk":null},{"keywords":[{"name":"persons","value":"MALE , ELEANOR"},{"name":"glocations","value":"N Y C"},{"name":"subject","value":"ASSAULTS"}],"headline":{"main":"REPULSED, STABS WOMAN."},"web_url":"http:\/\/query.nytimes.com\/gst\/abstract.html?res=9503E5D61531EF33A25751C2A9639C946395D6CF","date":"1922-05-22T00:00:00Z","news_desk":null},{"keywords":[{"name":"persons","value":"MALE, JOB"}],"headline":{"main":"HOW JOB MALE'S WILL WAS MADE."},"web_url":"http:\/\/query.nytimes.com\/gst\/abstract.html?res=9A07E2D7173AE533A25754C0A9619C94609ED7CF","date":"1891-07-07T00:00:00Z","news_desk":null},{"keywords":[{"rank":"1","is_major":"N","name":"subject","value":"Road Trips"},{"rank":"2","is_major":"Y","name":"subject","value":"Men and Boys"},{"rank":"3","is_major":"Y","name":"subject","value":"Travel and Vacations"},{"rank":"4","is_major":"N","name":"persons","value":"Silver, Ron"}],"headline":{"main":"A Man Goes on a Journey","content_kicker":"The Male Animal","kicker":"The Male Animal","print_headline":"A Man Goes on a Journey"},"web_url":"http:\/\/www.nytimes.com\/2016\/06\/03\/fashion\/mens-style\/journey-self-discovery.html","date":"2016-06-02T21:18:20+0000","news_desk":"Styles"},{"keywords":[{"name":"creative_works","value":"MALE HORMONE"},{"name":"persons","value":"DE KRUIF, P"},{"name":"subject","value":"BOOKS AND LITERATURE"},{"name":"subject","value":"REVIEWS"}],"headline":{"main":"Testosterone Propionate"},"web_url":"http:\/\/query.nytimes.com\/gst\/abstract.html?res=9500EFDC1331E23ABC4F51DFB366838E659EDE","date":"1945-05-27T00:00:00Z","news_desk":null},{"keywords":[{"name":"subject","value":"MALE, JOB"}],"headline":{"main":"THE ESTATE OF JOB MALE."},"web_url":"http:\/\/query.nytimes.com\/gst\/abstract.html?res=9B05EFDC1F3BE533A25757C0A9649C94609ED7CF","date":"1891-02-04T00:00:00Z","news_desk":null},{"keywords":[{"name":"persons","value":"TAYLOR, PROF. L. C."},{"name":"persons","value":"MCKIM, H."},{"name":"persons","value":"TROWBRIDGE, M. H."},{"name":"subject","value":"MALE, JOB"}],"headline":{"main":"OBITUARY."},"web_url":"http:\/\/query.nytimes.com\/gst\/abstract.html?res=9A0DE5DC1F3BE533A25752C3A9679C94609ED7CF","date":"1891-01-31T00:00:00Z","news_desk":null},{"keywords":[{"name":"creative_works","value":"THE MALE ATTITUDE"},{"name":"persons","value":"FERGUSON, C W"},{"name":"subject","value":"BOOK REVIEWS"}],"headline":{"main":"After Their Fashion; Fashion"},"web_url":"http:\/\/query.nytimes.com\/gst\/abstract.html?res=9E0CE7DD1430E43BBC4E52DFB667838D679EDE","date":"1966-10-16T00:00:00Z","news_desk":null},{"keywords":[{"name":"persons","value":"MALE, MATTHEW"},{"name":"glocations","value":"GARDINERS POINT (NY)"},{"name":"subject","value":"BOMBS AND EXPLOSIVES"},{"name":"subject","value":"ENDANGERED AND EXTINCT SPECIES"},{"name":"subject","value":"TERNS (BIRDS)"},{"name":"subject","value":"BIRDS"}],"headline":{"main":"Saving Birds While Endangering Himself"},"web_url":"http:\/\/www.nytimes.com\/1998\/07\/12\/nyregion\/saving-birds-while-endangering-himself.html","date":"1998-07-12T00:00:00Z","news_desk":"Long Island Weekly Desk"},{"keywords":[{"rank":"1","is_major":"N","name":"subject","value":"Labor and Jobs"},{"rank":"5","is_major":"N","name":"subject","value":"Men and Boys"}],"headline":{"main":"Want to Quit Office Life to Work With Your Hands? Ask These Guys","content_kicker":"The Male Animal","kicker":"The Male Animal","print_headline":"Out-of-Office Response"},"web_url":"http:\/\/www.nytimes.com\/2016\/11\/04\/fashion\/mens-style\/how-to-quit-your-office-job-physical-labor.html","date":"2016-10-31T17:08:18+0000","news_desk":"Styles"},{"keywords":[{"name":"persons","value":"MALE, YOUSSOUF"},{"name":"glocations","value":"MALI"},{"name":"glocations","value":"IVORY COAST"},{"name":"subject","value":"LABOR"},{"name":"subject","value":"SLAVERY"},{"name":"subject","value":"CHILDREN AND YOUTH"}],"headline":{"main":"Is Youssouf Mal\u00e9 A Slave?"},"web_url":"http:\/\/www.nytimes.com\/2001\/11\/18\/magazine\/is-youssouf-male-a-slave.html","date":"2001-11-18T00:00:00Z","news_desk":"Magazine Desk"},{"keywords":[{"name":"persons","value":"MALE, JAS"},{"name":"subject","value":"DEATHS"}],"headline":{"main":"MRS. JAMES MALE"},"web_url":"http:\/\/query.nytimes.com\/gst\/abstract.html?res=9B05EEDC173DE73ABC4052DFB6678383649EDE","date":"1958-10-18T00:00:00Z","news_desk":null},{"keywords":[{"name":"creative_works","value":"MALE ANIMAL, THE"},{"name":"persons","value":"E NUGENT AND J THURBER"},{"name":"subject","value":"THEATRE"},{"name":"subject","value":"REVIEWS AND NOTES"}],"headline":{"main":"THE MEMOIRS OF A COLLABORATOR; Gay Glimpse Into How 'The Male Animal' Was Written"},"web_url":"http:\/\/query.nytimes.com\/gst\/abstract.html?res=9D00E3D9103AE53ABC4F51DFB2668389649EDE","date":"1952-04-27T00:00:00Z","news_desk":null},{"keywords":[{"name":"creative_works","value":"MALE AND FEMALE"},{"name":"persons","value":"MEAD, M"},{"name":"subject","value":"BOOK REVIEWS"}],"headline":{"main":"The Sexes in Differing Cultures; MALE AND FEMALE: A Study of the Sexes in a Changing World. By Margaret Mead. 477 pp. New York: William Morrow & Co. $5."},"web_url":"http:\/\/query.nytimes.com\/gst\/abstract.html?res=9904E1DF153AE53ABC4E52DFB6678382659EDE","date":"1949-10-16T00:00:00Z","news_desk":null},{"keywords":[{"name":"creative_works","value":"MALE ANIMAL"},{"name":"persons","value":"J THURBER AND E NUGENT"},{"name":"subject","value":"PLAYS"},{"name":"subject","value":"REVIEWS AND NOTES"}],"headline":{"main":"THE PLAY; James Thurber and Elliott Nugent's The Male Animal' Begins a New Theatre Year"},"web_url":"http:\/\/query.nytimes.com\/gst\/abstract.html?res=9F01E0DC103EE23ABC4852DFB766838B659EDE","date":"1940-01-10T00:00:00Z","news_desk":null},{"keywords":[{"name":"persons","value":"MALE, JOB"}],"headline":{"main":"FIGHTING FOR JOB MALE'S MONEY."},"web_url":"http:\/\/query.nytimes.com\/gst\/abstract.html?res=9F04E5DB123AE533A25752C2A9669D94609ED7CF","date":"1891-10-21T00:00:00Z","news_desk":null},{"keywords":[{"rank":"1","is_major":"Y","name":"subject","value":"Dating and Relationships"},{"rank":"2","is_major":"Y","name":"subject","value":"Single Persons"},{"rank":"3","is_major":"Y","name":"subject","value":"Men and Boys"},{"rank":"4","is_major":"N","name":"subject","value":"Homosexuality and Bisexuality"}],"headline":{"main":"Meet the New York Bachelors Who Yearn for Something More","content_kicker":"The Male Animal","kicker":"The Male Animal","print_headline":"Single Men Face \u2018the Panic\u2019"},"web_url":"http:\/\/www.nytimes.com\/2016\/01\/08\/fashion\/mens-style\/new-york-bachelors-yearn-for-more.html","date":"2016-01-07T10:00:11+0000","news_desk":"Styles"},{"keywords":[{"name":"creative_works","value":"ARROGANT MALE"},{"name":"persons","value":"KENT, L"},{"name":"persons","value":"AUDUBON, JOHN JAMES"},{"name":"persons","value":"ROBINSON, EIRIE"},{"name":"subject","value":"POEMS"},{"name":"subject","value":"NATL STAMP NEWS (PUB)"}],"headline":{"main":"STAMP PACE SET BY WAR; Deluge of Specials Likely to Follow the Historic Events in Poland Ukrainia's Career Art Ironic Issue St. Francisville Drive Stamp Publication Sold"},"web_url":"http:\/\/query.nytimes.com\/gst\/abstract.html?res=9502E0DC103AE532A25757C2A96F9C946894D6CF","date":"1939-09-24T00:00:00Z","news_desk":null},{"keywords":[{"name":"creative_works","value":"ROGUE MALE"},{"name":"persons","value":"HOUSEHOLD, GEOFFREY"},{"name":"subject","value":"BOOKS AND LITERATURE"},{"name":"subject","value":"REVIEWS"}],"headline":{"main":"The Hunter Who Stalked a Dictator"},"web_url":"http:\/\/query.nytimes.com\/gst\/abstract.html?res=9403E0DA173EE432A25754C2A96E9C946894D6CF","date":"1939-08-27T00:00:00Z","news_desk":null},{"keywords":[{"name":"creative_works","value":"THE FEMINIZED MALE"},{"name":"persons","value":"SEXTON, PATRICIA"},{"name":"glocations","value":"UNITED STATES"},{"name":"glocations","value":"UNITED STATES"},{"name":"subject","value":"EDUCATION AND SCHOOLS"},{"name":"subject","value":"BOOK REVIEWS"},{"name":"subject","value":"TEACHERS AND SCHOOL SYSTEM EMPLOYES"}],"headline":{"main":"Books of The Times; (1) Male (2) Female (3) Other. (Check One.)"},"web_url":"http:\/\/query.nytimes.com\/gst\/abstract.html?res=9F03E5D81739EF3BBC4A52DFBE668382679EDE","date":"1969-08-12T00:00:00Z","news_desk":null},{"keywords":[{"name":"creative_works","value":"MALE ANIMAL"},{"name":"persons","value":"J THURBER AND E NUGENT"},{"name":"subject","value":"THEATRE"},{"name":"subject","value":"REVIEWS AND NOTES"}],"headline":{"main":"FORTY-NINERS OPEN IN WHITE MOUNTAINS; At the Chase Barn Playhouse for Their Eighth Season"},"web_url":"http:\/\/query.nytimes.com\/gst\/abstract.html?res=9E05E3DF123FE13BBC4153DFB166838A659EDE","date":"1941-07-09T00:00:00Z","news_desk":null},{"keywords":[{"name":"creative_works","value":"MALE ANIMAL, THE"},{"name":"organizations","value":"MANHATTAN PUNCH LINE"},{"name":"subject","value":"THEATER"},{"name":"subject","value":"REVIEWS AND OTHER DATA ON SPECIFIC PRODUCTIONS"}],"headline":{"main":"Stage: 'Male Animal' Revived by Manhattan Punch Line; 1939 Thurber-Nugent"},"web_url":"http:\/\/query.nytimes.com\/gst\/abstract.html?res=9806E0D61F3BE732A25750C1A9669D94619FD6CF","date":"1980-10-13T00:00:00Z","news_desk":null},{"keywords":[{"name":"creative_works","value":"A MALE CHILD"},{"name":"persons","value":"SCOTT, P"},{"name":"subject","value":"BOOK REVIEWS"}],"headline":{"main":"Pillar Of Strength"},"web_url":"http:\/\/query.nytimes.com\/gst\/abstract.html?res=9B02EFDE1E30E631A25757C0A96E9C946692D6CF","date":"1957-08-04T00:00:00Z","news_desk":null},{"keywords":[{"name":"organizations","value":"CASUAL MALE"},{"name":"subject","value":"BANKRUPTCIES"}],"headline":{"main":"Casual Male Chapter 11"},"web_url":"http:\/\/www.nytimes.com\/1990\/04\/09\/business\/casual-male-chapter-11.html","date":"1990-04-09T00:00:00Z","news_desk":"Financial Desk"},{"keywords":[{"rank":"1","is_major":"Y","name":"subject","value":"Love (Emotion)"},{"rank":"2","is_major":"Y","name":"subject","value":"Dating and Relationships"},{"rank":"3","is_major":"N","name":"subject","value":"Men and Boys"}],"headline":{"main":"How a Man Falls in Love","content_kicker":"The Male Animal","kicker":"The Male Animal","print_headline":"This Guy\u2019s in Love With You"},"web_url":"http:\/\/www.nytimes.com\/2016\/09\/09\/fashion\/mens-style\/how-a-man-falls-in-love.html","date":"2016-09-07T16:32:37+0000","news_desk":"Styles"},{"keywords":[{"name":"persons","value":"MALE, EMILE"},{"name":"persons","value":"HERMANT, ABEL"},{"name":"organizations","value":"INSTITUTE OF FRANCE"}],"headline":{"main":"NEW 'IMMORTALS' ELECTED.; Abel Hermant and Emile Male Get Seats in French Academy."},"web_url":"http:\/\/query.nytimes.com\/gst\/abstract.html?res=950DE2DE1F3FE733A25752C0A9619C946695D6CF","date":"1927-07-01T00:00:00Z","news_desk":null},{"keywords":[{"name":"creative_works","value":"MALE ANIMAL, THE"},{"name":"persons","value":"E NUGENT AND J THURBER"},{"name":"subject","value":"THEATRE"},{"name":"subject","value":"REVIEWS AND NOTES"}],"headline":{"main":"THE MALE ANIMAL'; Still Very Funny After Twelve Unfunny Years"},"web_url":"http:\/\/query.nytimes.com\/gst\/abstract.html?res=9F03E3DE113AE53ABC4052DFB3668389649EDE","date":"1952-05-18T00:00:00Z","news_desk":null},{"keywords":[{"name":"creative_works","value":"MALE ANIMAL"},{"name":"persons","value":"J THURBER AND E NUGENT"},{"name":"subject","value":"THEATRE"},{"name":"subject","value":"REVIEWS AND NOTES"}],"headline":{"main":"Male Animal' Given at Suffern"},"web_url":"http:\/\/query.nytimes.com\/gst\/abstract.html?res=9D00E7DA1F3BE233A25752C0A9619C946093D6CF","date":"1941-07-01T00:00:00Z","news_desk":null},{"keywords":[{"name":"creative_works","value":"MALE ANIMAL, THE"},{"name":"persons","value":"J THURBER"},{"name":"persons","value":"E NUGENT"},{"name":"subject","value":"THEATRE"},{"name":"subject","value":"REVIEWS AND NOTES"}],"headline":{"main":"COLLEGE GROUP TO TOUR; Brooklyn Actors to Visit U.S. Bases Abroad for 5 Weeks"},"web_url":"http:\/\/query.nytimes.com\/gst\/abstract.html?res=9505E0DA1730EE32A25752C0A9619C946091D6CF","date":"1961-07-01T00:00:00Z","news_desk":null},{"keywords":[{"name":"creative_works","value":"MALE ANIMAL, THE"},{"name":"persons","value":"E NUGENT AND J THURBER"},{"name":"subject","value":"THEATRE"},{"name":"subject","value":"REVIEWS AND NOTES"}],"headline":{"main":"FIRST NIGHT AT THE THEATRE; ' The Male Animal,' by Thurber and Nugent, Put On at the City Center"},"web_url":"http:\/\/query.nytimes.com\/gst\/abstract.html?res=9905E5DB133BE23BBC4953DFB3668389649EDE","date":"1952-05-01T00:00:00Z","news_desk":null},{"keywords":[{"name":"creative_works","value":"MALE ANIMAL"},{"name":"organizations","value":"ROACH, HAL, STUDIOS INC"},{"name":"subject","value":"MOVING PICTURES"},{"name":"subject","value":"REVIEWS AND NOTES"}],"headline":{"main":"Mr. Pasternak's Farewell to Universal -- Short Feature Production Begins"},"web_url":"http:\/\/query.nytimes.com\/gst\/abstract.html?res=940CE4DA143FE13BBC4D52DFB066838A659EDE","date":"1941-06-15T00:00:00Z","news_desk":null},{"keywords":[{"name":"organizations","value":"CHORUS, AMERICAN MALE"}],"headline":{"main":"32 WAR VETERANS IN SONG PROGRAM; American Male Chorus Scores in First Concert Hare With Variety of Compositions"},"web_url":"http:\/\/query.nytimes.com\/gst\/abstract.html?res=9E03EFDC153AEF3ABC4153DFB566838C659EDE","date":"1947-03-09T00:00:00Z","news_desk":null},{"keywords":[{"name":"persons","value":"LAGUARDIA , FIORELLO H"},{"name":"organizations","value":"CHORUS, FINLANDIA MALE"},{"name":"subject","value":"MUSIC"}],"headline":{"main":"MAYOR WELCOMES FINNS; At City Hall He Greets Male Chorus of 70, Here for the Fair"},"web_url":"http:\/\/query.nytimes.com\/gst\/abstract.html?res=9905E3DE113CE73ABC4A51DFB2668382629EDE","date":"1939-04-22T00:00:00Z","news_desk":null},{"keywords":[{"name":"creative_works","value":"MALE ANIMAL"},{"name":"creative_works","value":"KINDRED"},{"name":"persons","value":"J THURBER AND E NUGENT"},{"name":"persons","value":"P V CARROLL"},{"name":"subject","value":"PLAYS"},{"name":"subject","value":"REVIEWS AND NOTES"},{"name":"subject","value":"PLAYS"},{"name":"subject","value":"REVIEWS AND NOTES"}],"headline":{"main":"KINDRED OF ALL NATIONS"},"web_url":"http:\/\/query.nytimes.com\/gst\/abstract.html?res=9805E6D6133EE23ABC4F53DFB766838B659EDE","date":"1940-01-07T00:00:00Z","news_desk":null},{"keywords":[{"name":"organizations","value":"ST PETERSBURG MALE BALLET"},{"name":"subject","value":"REVIEWS"},{"name":"subject","value":"DANCING"}],"headline":{"main":"Male Russian Troupe Tries Drama and Comedy","kicker":"DANCE REVIEW"},"web_url":"http:\/\/www.nytimes.com\/1995\/09\/18\/arts\/dance-review-male-russian-troupe-tries-drama-and-comedy.html","date":"1995-09-18T00:00:00Z","news_desk":"Cultural Desk"},{"keywords":[{"name":"persons","value":"GAYOOM, MAUMOON ABDUL"},{"name":"glocations","value":"MALE (REPUBLIC OF THE MALDIVES)"},{"name":"glocations","value":"MALDIVES"},{"name":"subject","value":"COUPS D'ETAT AND ATTEMPTED COUPS D'ETAT"}],"headline":{"main":"Coup Is Reported in the Maldives"},"web_url":"http:\/\/www.nytimes.com\/1988\/11\/03\/world\/coup-is-reported-in-the-maldives.html","date":"1988-11-03T00:00:00Z","news_desk":"Foreign Desk"},{"keywords":[{"name":"persons","value":"GANZ, RUDOLPH"},{"name":"persons","value":"PADEREWSKI, IGNACE JAN"},{"name":"subject","value":"HELVETIA MALE CHORUS"}],"headline":{"main":"MUSIC; Mr. Paderewski Inspires. Jewish Theatrical Guild's Benefit Jewish Blind to Give Plays. To Aid Repertory Theatre Drive. Rudolph Ganz Plays at Benefit."},"web_url":"http:\/\/query.nytimes.com\/gst\/abstract.html?res=9C06E7DB103CE33ABC4D51DFB5668383639EDE","date":"1928-03-25T00:00:00Z","news_desk":null},{"keywords":[{"name":"persons","value":"ALF, FE"},{"name":"subject","value":"DANCING"},{"name":"subject","value":"MALE ARTISTS"}],"headline":{"main":"THE DANCE: MEN'S SEASON; Theatre Magazine Plans All-Male Series -- Events Ahead"},"web_url":"http:\/\/query.nytimes.com\/gst\/abstract.html?res=9C00E4DE163FE23ABC4951DFB266838E629EDE","date":"1935-04-21T00:00:00Z","news_desk":null},{"keywords":[{"name":"persons","value":"FLEISCHER, EDITHA"},{"name":"organizations","value":"LIEDERKRANZ MALE CHORUS AND ORCHESTRA"}],"headline":{"main":"CONCERT BY LIEDERKRANZ.; Orchestra and Chorus Heard--Mme. Fleischer and Hierapolis Soloists."},"web_url":"http:\/\/query.nytimes.com\/gst\/abstract.html?res=9B02EED8103CE33ABC4D52DFB2668383639EDE","date":"1928-04-15T00:00:00Z","news_desk":null},{"keywords":[{"name":"organizations","value":"NEW ROCHELLE HOSP"},{"name":"subject","value":"DON COSSACK MALE CHORUS"}],"headline":{"main":"CONCERT TO AID HOSPITAL; Russian Chorus to Give Program for New Rochelle Institution. I"},"web_url":"http:\/\/query.nytimes.com\/gst\/abstract.html?res=940DEED7173EEE3BBC4152DFB467838D629EDE","date":"1936-12-19T00:00:00Z","news_desk":null},{"keywords":[{"name":"organizations","value":"ORPHEUS MALE VOICE CHOIR"}],"headline":{"main":"WELSH HEAR ORPHEUS CHOIR; Cleveland Male Singers Impress Listeners at Rehearsal."},"web_url":"http:\/\/query.nytimes.com\/gst\/abstract.html?res=9801E2D91F3DEE3ABC4B53DFBE66838D639EDE","date":"1926-08-03T00:00:00Z","news_desk":null},{"keywords":[{"name":"creative_works","value":"MALE FACTOR, THE (BOOK)"},{"name":"creative_works","value":"MALE BRAIN, THE (BOOK)"},{"name":"persons","value":"FELDHAHN, SHAUNTI"},{"name":"persons","value":"BRIZENDINE, LOUANN"},{"name":"subject","value":"MEN"},{"name":"subject","value":"BOOKS AND LITERATURE"},{"name":"subject","value":"LABOR AND JOBS"}],"headline":{"main":"Its a Guy Thing","kicker":"TALK: BIBLIO FILE"},"web_url":"http:\/\/query.nytimes.com\/gst\/fullpage.html?res=9F06E2DE1F31F937A25750C0A9669D8B63","date":"2010-03-14T00:00:00Z","news_desk":"T: Men's Fashion Magazine"},{"keywords":[],"headline":{"main":"Eastern Libya Ban Women From Traveling Without Male Guardian","print_headline":"Eastern Libya Ban Women From Traveling Without Male Guardian"},"web_url":"https:\/\/www.nytimes.com\/aponline\/2017\/02\/20\/world\/middleeast\/ap-ml-libya-women-travel-ban.html","date":"2017-02-20T15:12:42+0000","news_desk":"None"},{"keywords":[{"name":"persons","value":"DE MILLE, AGNES"},{"name":"subject","value":"DANCING"},{"name":"subject","value":"MALE ARTISTS"}],"headline":{"main":"THE DANCE: A MAN'S ART; Increasing Interest Noted in Masculine Circles -- Programs of the Week"},"web_url":"http:\/\/query.nytimes.com\/gst\/abstract.html?res=9F03EED6123DE53ABC4B53DFB466838E629EDE","date":"1935-02-03T00:00:00Z","news_desk":null},{"keywords":[{"name":"subject","value":"WOMAN'S APPEAL FOR MALE ATTIRE"}],"headline":{"main":"A WOMAN'S APPEAL FOR MALE ATTIRE."},"web_url":"http:\/\/query.nytimes.com\/gst\/abstract.html?res=9907E1D81430E633A2575AC0A96E9C94669FD7CF","date":"1887-08-09T00:00:00Z","news_desk":null},{"keywords":[{"name":"persons","value":"MALE, RAYMOND F."},{"name":"glocations","value":"NEW JERSEY"},{"name":"subject","value":"DEPARTMENTS AND AGENCIES"},{"name":"subject","value":"CIVIL SERVICE"}],"headline":{"main":"MEYNER AIDE GETS CIVIL SERVICE POST"},"web_url":"http:\/\/query.nytimes.com\/gst\/abstract.html?res=9D06E3DD163DE53BBC4052DFB5668383649EDE","date":"1958-03-18T00:00:00Z","news_desk":null},{"keywords":[{"name":"persons","value":"MALE, ARTH F"},{"name":"subject","value":"DEATHS"}],"headline":{"main":"Arthur Frazier Male, 63; Woolworth's Ad Manager"},"web_url":"http:\/\/query.nytimes.com\/gst\/abstract.html?res=9E0DE1DD1F3CE637A25753C3A9679D946691D6CF","date":"1967-11-30T00:00:00Z","news_desk":null},{"keywords":[{"name":"subject","value":"DON COSSACK MALE CHORUS"}],"headline":{"main":"Don Cossack Chorus Gives Recital -- Walter Mills, Baritone, Heard Here After Long Absence."},"web_url":"http:\/\/query.nytimes.com\/gst\/abstract.html?res=9D0DE1D61E39EE3BBC4953DFB467838D629EDE","date":"1936-12-01T00:00:00Z","news_desk":null},{"keywords":[{"name":"organizations","value":"CASUAL MALE CORP"},{"name":"subject","value":"SHUTDOWNS (INSTITUTIONAL)"},{"name":"subject","value":"APPAREL"},{"name":"subject","value":"RETAIL STORES AND TRADE"},{"name":"subject","value":"BANKRUPTCIES"}],"headline":{"main":"CLOTHING RETAILER SEEKS TO CLOSE 48 STORES","kicker":"COMPANY NEWS"},"web_url":"http:\/\/www.nytimes.com\/2001\/12\/29\/business\/company-news-clothing-retailer-seeks-to-close-48-stores.html","date":"2001-12-29T00:00:00Z","news_desk":"Business\/Financial Desk"}]