[{"keywords":[{"name":"subject","value":"TERMS NOT AVAILABLE"}],"headline":{"main":"A Male President?"},"web_url":"http:\/\/www.nytimes.com\/1985\/07\/11\/garden\/l-a-male-president-117050.html","date":"1985-07-11T00:00:00Z","news_desk":"Home Desk"},{"keywords":[{"name":"organizations","value":"ORPHAN ASYLUM SOCIETY IN THE CITY OF NY"}],"headline":{"main":"160-Year-Old Orphanage Gets First Male President"},"web_url":"http:\/\/query.nytimes.com\/gst\/abstract.html?res=9902E6D6133DE43BBC4152DFB066838D679EDE","date":"1966-06-19T00:00:00Z","news_desk":null},{"keywords":[],"headline":{"main":"The Latest: Brazil's Acting President Names All-Male Cabinet","print_headline":"The Latest: Brazil's Acting President Names All-Male Cabinet"},"web_url":"http:\/\/www.nytimes.com\/aponline\/2016\/05\/12\/world\/americas\/ap-lt-brazil-political-crisis-the-latest.html","date":"2016-05-12T01:06:59Z","news_desk":"None"},{"keywords":[{"name":"persons","value":"SHAVER, JUDSON R"},{"name":"organizations","value":"MARYMOUNT MANHATTAN COLLEGE"},{"name":"subject","value":"APPOINTMENTS AND EXECUTIVE CHANGES"}],"headline":{"main":"Marymount Manhattan College Selects Its First Male President"},"web_url":"http:\/\/www.nytimes.com\/2001\/05\/01\/nyregion\/marymount-manhattan-college-selects-its-first-male-president.html","date":"2001-05-01T00:00:00Z","news_desk":"Metropolitan Desk"},{"keywords":[{"name":"persons","value":"MALE, ISAAC"},{"name":"subject","value":"LONGEVITY"},{"name":"subject","value":"DEATHS AND DEATH RATE"}],"headline":{"main":"ISAAC MALE, 99, DIES; President of Bookbinding Firm at Work Until 3 Weeks Ago"},"web_url":"http:\/\/query.nytimes.com\/gst\/abstract.html?res=9506EEDE153CEE3BBC4852DFB3668388659EDE","date":"1943-05-10T00:00:00Z","news_desk":null},{"keywords":[{"name":"persons","value":"HOOTON, ERNEST A"},{"name":"organizations","value":"HARVARD UNIVERSITY"},{"name":"subject","value":"PRESIDENTS, US"},{"name":"subject","value":"WOMEN"},{"name":"subject","value":"GENERAL"},{"name":"subject","value":"GOVERNMENT EMPLOYES AND OFFICIALS"}],"headline":{"main":"WOMAN PRESIDENT IS HOOTON'S HOPE; Harvard Scientist Says Sex Is Less Inclined Than the Male Toward 'Facile Compromise'"},"web_url":"http:\/\/query.nytimes.com\/gst\/abstract.html?res=9906E5DC1E31E03BBC4052DFB667838F659EDE","date":"1944-10-18T00:00:00Z","news_desk":null},{"keywords":[{"name":"persons","value":"DOTY, JNO W"},{"name":"glocations","value":"TOKIO"},{"name":"organizations","value":"FOUNDATION CO"},{"name":"subject","value":"SUBWAYS"}],"headline":{"main":"EXPECTS TO BUILD TOKIO'S SUBWAYS; Agreements for Large Part of Work Already Male With Foundation Company, President Says."},"web_url":"http:\/\/query.nytimes.com\/gst\/abstract.html?res=9B05E3DA1539E233A25751C2A9629C946595D6CF","date":"1924-04-22T00:00:00Z","news_desk":null},{"keywords":[{"name":"persons","value":"KEYES , ROWENA"},{"name":"persons","value":"DICKINSON , LA FELL"},{"name":"persons","value":"WYCKOFF , JOHN"},{"name":"organizations","value":"MOUNT HOLYOKE COLL, SOUTH HADLEY, MASS"}],"headline":{"main":"DR. WOOLLEY JOINS ATTACK ON DR. HAM; Retiring President Opposes a Male Successor as Violating Mt. Holyoke Tradition"},"web_url":"http:\/\/query.nytimes.com\/gst\/abstract.html?res=9400E5DC153AE23ABC4D53DFB466838C629EDE","date":"1937-02-05T00:00:00Z","news_desk":null},{"keywords":[{"name":"subject","value":"PROSTATE GLAND"},{"name":"subject","value":"CANCER"}],"headline":{"main":"MALE TROUBLE; It's probably only a matter of time before a President discusses prostate disorder as freely as a President's wife discusses mastectomy"},"web_url":"http:\/\/query.nytimes.com\/gst\/abstract.html?res=9E04EFD71439E435A75755C1A9649C946490D6CF","date":"1975-02-16T00:00:00Z","news_desk":null},{"keywords":[{"name":"glocations","value":"UNITED STATES"},{"name":"organizations","value":"RADCLIFFE COLLEGE"},{"name":"subject","value":"WOMEN"}],"headline":{"main":"Why Radcliffe women are afraid of success; Research by Matina Horner, now Radcliffe's president, may help explain why. She asked college students, male and female, to write brief stories based on almost identical cues. Below, one typical male Q and A (at left) and four feminine responses."},"web_url":"http:\/\/query.nytimes.com\/gst\/abstract.html?res=9505E3DF153DE73ABC4C52DFB7668388669EDE","date":"1973-01-14T00:00:00Z","news_desk":null},{"keywords":[],"headline":{"main":"JOSEPH B. POLITZ, 63, A MANUFACTURER; President of Samuel W. Peck, Maker of Boys' and Men's Clothing, Dies at Home WAS MALE STYLE EXPERT Authority on Woolens Began as a Window Trimmer in San Francisco Store","kicker":"1"},"web_url":"http:\/\/query.nytimes.com\/gst\/abstract.html?res=9405E5DE123BE33BBC4C53DFB766838A659EDE","date":"1941-01-04T00:00:00Z","news_desk":null},{"keywords":[{"name":"persons","value":"HAM , ROSWELL GRAY"},{"name":"persons","value":"WOOLLEY , MARY EMMA"},{"name":"persons","value":"MORRISON, ALVA"},{"name":"organizations","value":"MOUNT HOLYOKE COLLEGE"}],"headline":{"main":"TRUSTEE EXPLAINS MT. HOLYOKE CHOICE; Declares in Alumnae Quarterly Dr. Ham Was Named Head When 3 Women Declined. MISS WOOLLEY CONSULTED But She Told Board Appointment of Male President Would Be Step Backward."},"web_url":"http:\/\/query.nytimes.com\/gst\/abstract.html?res=9806EFDC1E3FEE3BBC4850DFB166838D629EDE","date":"1936-07-30T00:00:00Z","news_desk":null},{"keywords":[{"name":"persons","value":"ROOSEVELT, THEODORE"},{"name":"persons","value":"ROOSEVELT, THEODORE"},{"name":"glocations","value":"UNITED STATES"},{"name":"glocations","value":"CONNECTICUT"},{"name":"subject","value":"ARMAMENTS"},{"name":"subject","value":"ARMAMENTS"},{"name":"subject","value":"GERMAN CRISIS"}],"headline":{"main":"ROOSEVELT WANTS US TO SEND ARMY; If War Comes \"We Must Strike Hard at Germany,\" He Declares. FOR STATE-CENSUS PLAN Ex-President Praises Connecticut's Move to Enroll All Male Residents."},"web_url":"http:\/\/query.nytimes.com\/gst\/abstract.html?res=9B06E2D7173AE433A25751C0A9659C946696D6CF","date":"1917-03-02T00:00:00Z","news_desk":null},{"keywords":[{"name":"persons","value":"WILSON, WOODROW"},{"name":"subject","value":"ENEMY ALIENS IN THE U. S."},{"name":"subject","value":"WOMEN"},{"name":"subject","value":"ENEMY ALIENS"}],"headline":{"main":"ENEMY WOMEN IN RESTRICTED CLASS; Same Rules as Affect Male Enemy Aliens Applied to Them by President. ACTION BASED ON NEW LAW German Women Must Register, Shun Barred Zones, and Quit Washington City. Attorney General's Statement. Suspected Women Watched."},"web_url":"http:\/\/query.nytimes.com\/gst\/abstract.html?res=9902EEDD1F3FE433A25752C2A9629C946996D6CF","date":"1918-04-21T00:00:00Z","news_desk":null},{"keywords":[{"name":"persons","value":"AVENOL , JOSEPH A C"},{"name":"organizations","value":"GLEE CLUBS OF AMER, ASSOC, INC"}],"headline":{"main":"CHORUS OF 5,000 WILL SING AT FAIR; Male Group, the Largest Ever Assembled, to Give Concerts on July 1 and 2 SITE IS COURT OF PEACE President of Turkey to Send Greetings to Exposition on Radio Today"},"web_url":"http:\/\/query.nytimes.com\/gst\/abstract.html?res=9E07E0DF103EE33ABC4E51DFB4668382629EDE","date":"1939-02-26T00:00:00Z","news_desk":null},{"keywords":[{"name":"creative_works","value":"THE MARRIAGES BETWEEN ZONES THREE, FOUR, AND FIVE"},{"name":"persons","value":"LESSING, DORIS"},{"name":"persons","value":"LESSING, DORIS"},{"name":"organizations","value":"MORMONS"},{"name":"subject","value":"BOOK REVIEWS"}],"headline":{"main":"Mormon Church at 150: Thriving on Traditionalism; Closely Knit Society Mormon Church Gains in Converts and Influence, Espousing Traditional Values Moving Outside Utah Conservative President Reliance on Tithing Carrying God's Message Departures From Chistianity Stress on Home Life Male as the Provider"},"web_url":"http:\/\/query.nytimes.com\/gst\/abstract.html?res=9F05EFDC113EE732A25753C3A9659C94619FD6CF","date":"1980-03-30T00:00:00Z","news_desk":null},{"keywords":[{"name":"persons","value":"WILSON, WOODROW"},{"name":"glocations","value":"PANAMA CANAL"},{"name":"glocations","value":"UNITED STATES"},{"name":"organizations","value":"BOSTON SYMPHONY ORCHESTRA"},{"name":"subject","value":"EUROPEAN WAR"},{"name":"subject","value":"ZONE"},{"name":"subject","value":"EUROPEAN WAR"},{"name":"subject","value":"ALIEN ENEMIES"},{"name":"subject","value":"REGISTRATION AND RESTRICTIONS"}],"headline":{"main":"ALL GERMANS HERE UNDER NEW WATCH; President Wilson Proclaims a Sweeping Surveillance and Plan of Registration. WATERFRONTS WAR ZONES Troops to Guard Piers When Necessary--Enemy Aliens Required to Leave Washington. Text of the Proclamation. Bars Dr. Muck from Washington. 130,000 ARE AFFECTED HERE. Restrictions to Apply, It Is Expected, to Male Germans Above 14."},"web_url":"http:\/\/query.nytimes.com\/gst\/abstract.html?res=940CE1D9113AE433A25753C2A9679D946696D6CF","date":"1917-11-20T00:00:00Z","news_desk":null},{"keywords":[{"name":"glocations","value":"NEW YORK CITY"},{"name":"organizations","value":"PUBLIC SCHOOL ATHLETIC LEAGUE"},{"name":"subject","value":"ATHLETICS, TRACK AND FIELD"},{"name":"subject","value":"PARKS"}],"headline":{"main":"SEWARD PARK BOY WINS FITNESS TEST; Weiner Leads in Field of 28 Selected From 65,000 Male High School Students. HOOVER SENDS TELEGRAM Wires Message of Commendation, Which Is Read by President Kirby of the P.S.A.L. Strassberger Represents Mayor. Dr. Hartwell Is Speaker."},"web_url":"http:\/\/query.nytimes.com\/gst\/abstract.html?res=9406E2DF1338E03ABC4852DFB066838B629EDE","date":"1930-06-10T00:00:00Z","news_desk":null},{"keywords":[{"name":"subject","value":"MUSIC"}],"headline":{"main":"AUSTRIAN SINGERS HERE ON THE OCEANA; Noted Male Choir of Vienna Will Make a Tour of This Country. TO SING FOR PRESIDENT Society Will Be Received at the White House Monday -- Elaborate Plans for Its Entertainment Here. PUPILS' PIANO RECITAL. Five Girls of St. Teresa's Academy Get Gold Medals. Charles Walcott Taken Ill on Tour."},"web_url":"http:\/\/query.nytimes.com\/gst\/abstract.html?res=9C03EEDB163EE233A25756C0A9639C946697D6CF","date":"1907-05-05T00:00:00Z","news_desk":null},{"keywords":[{"name":"persons","value":"STEINWAY, W."},{"name":"persons","value":"URCHS, E."},{"name":"persons","value":"VAN DER STUCKEN, F."},{"name":"glocations","value":"NEW YORK CITY"},{"name":"glocations","value":"BROOKLYN-MISCELLANY"},{"name":"organizations","value":"ZOELLNOR OF BROOKLYN"},{"name":"organizations","value":"GERMAN CHORAL SOCIETIES OF NEW YORK AND BROOKLYN"},{"name":"organizations","value":"BEETHOVEN MAENNERCHOR"},{"name":"subject","value":"MUSIC--MISCELLANY"},{"name":"subject","value":"MUSIC--MISCELLANY"},{"name":"subject","value":"NATIONAL SANEGERFEST AT MADISON SQUARE GARDEN"},{"name":"subject","value":"LIEDERKRANZ"}],"headline":{"main":"HISTORICAL SINGING CLUBS; THE GERMAN CHORAL SOCIETIES OF NEW-YORK AND BROOKLYN. THE FORCES FOR THE SAENGERFEST. Histories of Bodies of Singers Which Are to Appear Next Week. HALF A CENTURY'S WORK FOR ART. A Complete Review of the Record of the German Singing Clubs of New-York and Brooklyn-Enviable Annals of the Famous Male Choruses of Two Cities -- The Liederkranz and Its Favorite President -- How Its Child, the Arion, Grew -- The Beethoven Maennerchor and Its Many Festivals -- The Zoellner of Brooklyn, a Gennine Phoenix -- Other Organizations and Their Historic Achievements."},"web_url":"http:\/\/query.nytimes.com\/gst\/abstract.html?res=9D0CE1D71630E033A25754C1A9609C94659ED7CF","date":"1894-06-17T00:00:00Z","news_desk":null}]