[{"keywords":[],"headline":{"main":"MALE VOTERS IGNORANT.; Small Proportion Know Anything of Political Economy.","kicker":"1"},"web_url":"http:\/\/query.nytimes.com\/gst\/abstract.html?res=9E01E1DB1E3EE733A05757C1A9649C946496D6CF","date":"1915-02-14T00:00:00Z","news_desk":null},{"keywords":[{"name":"subject","value":"PRESIDENTIAL ELECTION OF 1980"},{"name":"subject","value":"ISSUES AND PLATFORMS"},{"name":"subject","value":"CAMPAIGN DEBATES"},{"name":"subject","value":"PRESIDENTIAL ELECTION OF 1980"},{"name":"subject","value":"ISSUES AND PLATFORMS"}],"headline":{"main":"Reagan and Carter Stand Nearly Even in Last Polls; Differences on War Issue Reagan and Carter Stand Almost Even in Final Polls Effects of the Debate Male-Female Preferences Catholics and Conservatives Fears About the Economy The New York Times\/CBS News Poll"},"web_url":"http:\/\/query.nytimes.com\/gst\/abstract.html?res=9802E4D81038E432A25750C0A9679D94619FD6CF","date":"1980-11-03T00:00:00Z","news_desk":null},{"keywords":[],"headline":{"main":"Air India Says Women-Only Seats for Comfort After Reported In-Flight Sex Attacks","print_headline":"Air India Says Women-Only Seats for Comfort After Reported In-Flight Sex Attacks"},"web_url":"http:\/\/www.nytimes.com\/reuters\/2017\/01\/17\/world\/asia\/17reuters-india-women-air-india.html","date":"2017-01-17T12:57:34+0000","news_desk":null},{"keywords":[],"headline":{"main":"After Online Threats, Gaming Engineer Plans Run for Congress","print_headline":"After Online Threats, Gaming Engineer Plans Run for Congress"},"web_url":"http:\/\/www.nytimes.com\/aponline\/2016\/12\/23\/us\/ap-us-gamer-for-congress.html","date":"2016-12-23T15:45:37+0000","news_desk":null},{"keywords":[],"headline":{"main":"U.S., Japan First Ladies: Both Unconventional Yet Poles Apart","print_headline":"U.S., Japan First Ladies: Both Unconventional Yet Poles Apart"},"web_url":"http:\/\/www.nytimes.com\/reuters\/2017\/02\/11\/us\/politics\/11reuters-usa-trump-japan-firstladies.html","date":"2017-02-11T16:24:29+0000","news_desk":null},{"keywords":[],"headline":{"main":"U.S., Japan First Ladies: Both Unconventional Yet Poles Apart","print_headline":"U.S., Japan First Ladies: Both Unconventional Yet Poles Apart"},"web_url":"http:\/\/www.nytimes.com\/reuters\/2017\/02\/10\/us\/politics\/10reuters-usa-trump-japan-firstladies.html","date":"2017-02-10T23:21:29+0000","news_desk":null},{"keywords":[{"rank":"1","is_major":"N","name":"subject","value":"Camels"},{"rank":"2","is_major":"N","name":"glocations","value":"Abu Dhabi (United Arab Emirates)"},{"rank":"3","is_major":"N","name":"glocations","value":"United Arab Emirates"},{"rank":"4","is_major":"N","name":"persons","value":"Nahyan, Sultan Bin Zayed al- (1955- )"}],"headline":{"main":"Where Camels Race and Win Beauty Contests"},"web_url":"http:\/\/www.nytimes.com\/2017\/02\/10\/world\/middleeast\/camel-beauty-contest-abu-dhabi.html","date":"2017-02-10T20:02:55+0000","news_desk":"Foreign"},{"keywords":[],"headline":{"main":"Morning Agenda: Snap\u2019s I.P.O., Scaramucci\u2019s Job Withdrawn, Struggles at Deutsche Bank"},"web_url":"http:\/\/www.nytimes.com\/2017\/02\/02\/business\/dealbook\/snap-spiegel-scaramucci-deutsche.html","date":"2017-02-02T11:12:35+0000","news_desk":"Business"},{"keywords":[],"headline":{"main":"Inflatable Doll 'Gift' to Minister Sparks Anger in Chile","print_headline":"Inflatable Doll 'Gift' to Minister Sparks Anger in Chile"},"web_url":"http:\/\/www.nytimes.com\/reuters\/2016\/12\/14\/world\/americas\/14reuters-chile-politics-doll.html","date":"2016-12-14T15:39:33+0000","news_desk":null},{"keywords":[{"rank":"1","is_major":"N","name":"subject","value":"United States Economy"},{"rank":"2","is_major":"N","name":"subject","value":"Interest Rates"},{"rank":"3","is_major":"N","name":"organizations","value":"Federal Reserve System"},{"rank":"4","is_major":"N","name":"persons","value":"Yellen, Janet L"}],"headline":{"main":"Janet Yellen Gives an Economic Short Course, Beyond Interest Rates","print_headline":"Chairwoman of Fed Gives an Economics Short Course, Beyond Interest Rates"},"web_url":"http:\/\/www.nytimes.com\/2017\/01\/12\/business\/janet-yellen-interest-rates.html","date":"2017-01-13T04:21:08+0000","news_desk":"Business"},{"keywords":[{"rank":"1","is_major":"N","name":"subject","value":"Labor and Jobs"},{"rank":"2","is_major":"N","name":"subject","value":"Women and Girls"},{"rank":"3","is_major":"N","name":"subject","value":"United States Economy"},{"rank":"4","is_major":"N","name":"subject","value":"Unemployment"},{"rank":"5","is_major":"N","name":"subject","value":"Wages and Salaries"}],"headline":{"main":"Why Women Quit Working: It\u2019s Not for the Reasons Men Do","print_headline":"\u2018Care Chasm\u2019 Forces Women to Forgo Jobs"},"web_url":"http:\/\/www.nytimes.com\/2017\/01\/24\/business\/economy\/women-labor-force.html","date":"2017-01-24T23:07:11+0000","news_desk":"Business"},{"keywords":[{"rank":"1","is_major":"N","name":"persons","value":"Apple, Fiona"},{"rank":"2","is_major":"N","name":"persons","value":"Trump, Donald J"},{"rank":"3","is_major":"N","name":"subject","value":"Demonstrations, Protests and Riots"},{"rank":"4","is_major":"N","name":"subject","value":"Inaugurations"}],"headline":{"main":"Fiona Apple Releases a Trump Protest Chant"},"web_url":"http:\/\/www.nytimes.com\/2017\/01\/18\/arts\/music\/fiona-apple-tiny-hands-womens-march.html","date":"2017-01-18T19:46:48+0000","news_desk":"Arts&Leisure"},{"keywords":[{"rank":"1","is_major":"N","name":"subject","value":"Dow Jones Stock Average"},{"rank":"2","is_major":"N","name":"subject","value":"Stocks and Bonds"},{"rank":"3","is_major":"N","name":"subject","value":"Banking and Financial Institutions"},{"rank":"4","is_major":"N","name":"subject","value":"United States Economy"}],"headline":{"main":"The Dow\u2019s Record Rise Sends a Former Wall Street Stock Broker Back in Time"},"web_url":"http:\/\/www.nytimes.com\/2017\/01\/25\/insider\/the-dows-record-rise-sends-a-former-wall-street-stock-broker-back-in-time.html","date":"2017-01-25T21:59:37+0000","news_desk":"Business"},{"keywords":[],"headline":{"main":"Inflatable Love Doll Gift to Minister Sparks Furor in Chile","print_headline":"Inflatable Love Doll Gift to Minister Sparks Furor in Chile"},"web_url":"http:\/\/www.nytimes.com\/aponline\/2016\/12\/14\/world\/americas\/ap-lt-chile-sex-doll-uproar.html","date":"2016-12-14T22:22:10+0000","news_desk":null},{"keywords":[{"rank":"1","is_major":"Y","name":"glocations","value":"Australia"},{"rank":"2","is_major":"Y","name":"subject","value":"Athletics and Sports"},{"rank":"3","is_major":"Y","name":"subject","value":"Women and Girls"},{"rank":"4","is_major":"N","name":"subject","value":"Gender"}],"headline":{"main":"Australian Groups Warned on Gender Equality","content_kicker":"Sports Briefing | International Sports","print_headline":"Australian Groups Warned"},"web_url":"http:\/\/www.nytimes.com\/2016\/02\/03\/sports\/australian-groups-warned-on-gender-equality.html","date":"2016-02-03T00:00:00Z","news_desk":"Sports"},{"keywords":[],"headline":{"main":"FEW SERVANTS UNDER WAR.; Economy Urges Britons to Modify Their Scale of Living.","kicker":"1"},"web_url":"http:\/\/query.nytimes.com\/gst\/abstract.html?res=9A0CE3D9103FE233A25757C2A9649C946796D6CF","date":"1916-02-24T00:00:00Z","news_desk":null},{"keywords":[{"name":"persons","value":"WILSON, MARIE C"},{"name":"persons","value":"TOWNSEND, KATHLEEN KENNEDY"},{"name":"glocations","value":"MARYLAND"},{"name":"organizations","value":"WHITE HOUSE PROJECT"},{"name":"subject","value":"GOVERNORS (US)"},{"name":"subject","value":"WOMEN"},{"name":"subject","value":"ELECTIONS"}],"headline":{"main":"The Rules for Women"},"web_url":"http:\/\/www.nytimes.com\/2002\/08\/13\/opinion\/l-the-rules-for-women-366323.html","date":"2002-08-13T00:00:00Z","news_desk":"Editorial Desk"},{"keywords":[{"name":"persons","value":"SULLIVAN, EDWARD C"},{"name":"persons","value":"TIERNEY, JOHN"},{"name":"glocations","value":"NEW YORK CITY"},{"name":"subject","value":"ADULTERY"},{"name":"subject","value":"MARRIAGES"}],"headline":{"main":"New Yorkers: Naughty and Nice; The Male Ethos"},"web_url":"http:\/\/www.nytimes.com\/1998\/12\/24\/opinion\/l-new-yorkers-naughty-and-nice-the-male-ethos-580570.html","date":"1998-12-24T00:00:00Z","news_desk":"Editorial Desk"},{"keywords":[{"rank":"1","is_major":"N","name":"subject","value":"Outsourcing"},{"rank":"2","is_major":"N","name":"subject","value":"Foreign Workers"},{"rank":"3","is_major":"N","name":"subject","value":"Computers and the Internet"},{"rank":"4","is_major":"N","name":"subject","value":"Visas"},{"rank":"5","is_major":"N","name":"organizations","value":"University of California"},{"rank":"6","is_major":"N","name":"glocations","value":"United States"},{"rank":"7","is_major":"N","name":"organizations","value":"HCL Technologies"}],"headline":{"main":"Not Everyone in Tech Cheers Visa Program for Foreign Workers","print_headline":"Some Tech Workers See Visas as Threat"},"web_url":"http:\/\/www.nytimes.com\/2017\/02\/05\/business\/h-1b-visa-tech-cheers-for-foreign-workers.html","date":"2017-02-06T00:57:58+0000","news_desk":"Business"},{"keywords":[{"rank":"1","is_major":"N","name":"subject","value":"Art"},{"rank":"2","is_major":"N","name":"subject","value":"Photography"},{"rank":"3","is_major":"N","name":"glocations","value":"New York City"},{"rank":"4","is_major":"N","name":"persons","value":"Charlesworth, Sarah"},{"rank":"5","is_major":"N","name":"persons","value":"Prince, Richard"},{"rank":"6","is_major":"N","name":"persons","value":"Sherman, Cindy"},{"rank":"7","is_major":"N","name":"persons","value":"Salle, David"},{"rank":"8","is_major":"N","name":"persons","value":"Simmons, Laurie"}],"headline":{"main":"These \u201980s Artists Are More Important Than Ever","print_headline":"Back in the Frame"},"web_url":"http:\/\/www.nytimes.com\/2017\/02\/13\/t-magazine\/pictures-generation-new-york-artists-cindy-sherman-robert-longo.html","date":"2017-02-13T09:12:57+0000","news_desk":"TStyle"}]