[{"keywords":[{"name":"glocations","value":"SOUTH KOREA"},{"name":"subject","value":"SOCIAL CONDITIONS AND TRENDS"},{"name":"subject","value":"DIVING AND DIVERS"},{"name":"subject","value":"WOMEN"}],"headline":{"main":"IN MALE-DOMINATED KOREA, AN ISLAND OF SEXUAL EQUALITY"},"web_url":"http:\/\/www.nytimes.com\/1987\/07\/09\/garden\/in-male-dominated-korea-an-island-of-sexual-equality.html","date":"1987-07-09T00:00:00Z","news_desk":"Home Desk"},{"keywords":[{"name":"glocations","value":"UNITED STATES"},{"name":"subject","value":"LABOR"},{"name":"subject","value":"DISCRIMINATION"}],"headline":{"main":"GUIDELINES OFFERED FOR EQUALITY IN JOBS; U.S. Agency Acts to Aid Employers in Meeting White Male Complaints"},"web_url":"http:\/\/query.nytimes.com\/gst\/abstract.html?res=9D04E5DB1E3AE03BBC4A51DFB467838C669EDE","date":"1977-12-22T00:00:00Z","news_desk":null},{"keywords":[{"name":"glocations","value":"NEW YORK CITY"},{"name":"subject","value":"HOTELS, BARS, NIGHT CLUBS AND RESTAURANTS"},{"name":"subject","value":"LABOR"}],"headline":{"main":"BARTENDERS LOSE MALE SUPERIORITY; Labor Board, in Effect, Backs Women in Their Battle for Pub Job Equality"},"web_url":"http:\/\/query.nytimes.com\/gst\/abstract.html?res=9D00E3DC103BE23ABC4F51DFB366838B649EDE","date":"1950-05-27T00:00:00Z","news_desk":null},{"keywords":[],"headline":{"main":"CHILD-CARE LEAVE FOR MEN BACKED; U.S. Panel Supports Male 'Teacher in Case Here Equality Is Issue Rejection was Brusque","kicker":"1"},"web_url":"http:\/\/query.nytimes.com\/gst\/abstract.html?res=9F07E0DE1531EF34BC4E53DFB7668388669EDE","date":"1973-01-06T00:00:00Z","news_desk":null},{"keywords":[{"name":"persons","value":"ANDERSON, MARY"},{"name":"persons","value":"SPENCER, WILLIAM H"},{"name":"glocations","value":"UNITED STATES"},{"name":"organizations","value":"INDUSTRIAL UNION COUNCIL, CHICAGO"},{"name":"subject","value":"LABOR"},{"name":"subject","value":"WOMEN"}],"headline":{"main":"WOMEN FOUND ABLE IN IDUSTRIAL JOBS; Labor Department Official Says That Male Opposition to Them Is Collapsing GAINING EQUALITY IN PAY Shaping of Post-War Pattern of Occupations Is Urged Now to Forestall Want"},"web_url":"http:\/\/query.nytimes.com\/gst\/abstract.html?res=9407E6DB1139E33BBC4D52DFB4668388659EDE","date":"1943-02-15T00:00:00Z","news_desk":null},{"keywords":[{"name":"persons","value":"BERRIEN, LURA"},{"name":"persons","value":"FROMEN, JUANITA"},{"name":"subject","value":"CITIZENSHIP"},{"name":"subject","value":"WOMEN"}],"headline":{"main":"WOMEN URGE PARITY WITH MALE CITIZENS; Speakers at Havana Conference Ask Equal Rights in Choice of Their Nationality.APPEAL TO HAGUE VOTEDResolution Asks Incorporation inProposed International Codeof Citizenship Rules. Equality Set as Goal."},"web_url":"http:\/\/query.nytimes.com\/gst\/abstract.html?res=9F01E3DC1339E03ABC4152DFB466838B629EDE","date":"1930-02-19T00:00:00Z","news_desk":null},{"keywords":[],"headline":{"main":"Sweden's 'Feminist Government' Takes Swipe at Trump","print_headline":"Sweden's 'Feminist Government' Takes Swipe at Trump"},"web_url":"http:\/\/www.nytimes.com\/aponline\/2017\/02\/03\/world\/europe\/ap-eu-sweden-trump.html","date":"2017-02-03T14:48:52+0000","news_desk":null},{"keywords":[],"headline":{"main":"Federation Wants Mixed Shooting Events for Tokyo 2020 Games","print_headline":"Federation Wants Mixed Shooting Events for Tokyo 2020 Games"},"web_url":"http:\/\/www.nytimes.com\/reuters\/2017\/02\/23\/sports\/olympics\/23reuters-olympics-shooting-tokyo.html","date":"2017-02-23T14:54:50+0000","news_desk":null},{"keywords":[],"headline":{"main":"California Lawmakers Want Third-Gender Option on IDs","print_headline":"California Lawmakers Want Third-Gender Option on IDs"},"web_url":"http:\/\/www.nytimes.com\/aponline\/2017\/01\/26\/us\/ap-us-gender-state-ids.html","date":"2017-01-26T22:37:04+0000","news_desk":null},{"keywords":[],"headline":{"main":"US Withdraws Stay Request in Transgender Bathroom Case","print_headline":"US Withdraws Stay Request in Transgender Bathroom Case"},"web_url":"http:\/\/www.nytimes.com\/aponline\/2017\/02\/11\/us\/ap-us-lgbt-rights.html","date":"2017-02-11T23:45:36+0000","news_desk":null},{"keywords":[],"headline":{"main":"Boy Scouts of America to Begin Accepting Transgender Boys","print_headline":"Boy Scouts of America to Begin Accepting Transgender Boys"},"web_url":"http:\/\/www.nytimes.com\/reuters\/2017\/01\/30\/us\/30reuters-usa-boyscouts.html","date":"2017-01-31T00:45:29+0000","news_desk":null},{"keywords":[],"headline":{"main":"Article 12 -- No Title","kicker":"1"},"web_url":"http:\/\/query.nytimes.com\/gst\/abstract.html?res=980DE5D9153BE533A2575AC2A9659C94619ED7CF","date":"1890-03-29T00:00:00Z","news_desk":null},{"keywords":[{"name":"persons","value":"KNAPLUND, VIRGINIA"},{"name":"glocations","value":"NEW YORK STATE"},{"name":"subject","value":"EDUCATION AND SCHOOLS"},{"name":"subject","value":"DISCRIMINATION"},{"name":"subject","value":"WOMEN"},{"name":"subject","value":"ATHLETICS AND SPORTS"}],"headline":{"main":"CONFRONTING STEREOTYPES IN YONKERS FOOTBALL SUIT","kicker":"WESTCHESTER OPINION"},"web_url":"http:\/\/www.nytimes.com\/1985\/11\/17\/nyregion\/westchester-opinion-confronting-stereotypes-in-yonkers-football-suit.html","date":"1985-11-17T00:00:00Z","news_desk":"Westchester Weekly Desk"},{"keywords":[{"name":"glocations","value":"UNITED STATES"},{"name":"subject","value":"MEDICINE AND HEALTH"},{"name":"subject","value":"MIL FORCES"}],"headline":{"main":"House Votes Commissions For Male Nurses in Services"},"web_url":"http:\/\/query.nytimes.com\/gst\/abstract.html?res=9B02E4D91E3BE433A25755C1A96E9C946791D6CF","date":"1966-08-16T00:00:00Z","news_desk":null},{"keywords":[{"rank":"1","is_major":"N","name":"subject","value":"Women and Girls"},{"rank":"2","is_major":"N","name":"subject","value":"Women's Rights"},{"rank":"3","is_major":"N","name":"subject","value":"Discrimination"},{"rank":"4","is_major":"N","name":"subject","value":"Gender"},{"rank":"5","is_major":"N","name":"subject","value":"Men and Boys"},{"rank":"6","is_major":"N","name":"subject","value":"Sexual Harassment"}],"headline":{"main":"Republican Men Say It\u2019s a Better Time to Be a Woman Than a Man","content_kicker":"Gender Inequality","kicker":"The Upshot","print_headline":"Sexes Differ on Persistence of Sexism"},"web_url":"http:\/\/www.nytimes.com\/2017\/01\/17\/upshot\/republican-men-say-its-a-better-time-to-be-a-woman-than-a-man.html","date":"2017-01-17T15:58:19+0000","news_desk":"Upshot"},{"keywords":[{"name":"subject","value":"WOMEN"},{"name":"subject","value":"GOLF"}],"headline":{"main":"Equality for Women On the Golf Course"},"web_url":"http:\/\/www.nytimes.com\/1990\/06\/17\/nyregion\/l-equality-for-women-on-the-golf-course-953190.html","date":"1990-06-17T00:00:00Z","news_desk":"New Jersey Weekly Desk"},{"keywords":[],"headline":{"main":"Trump Administration Working on Trans Bathroom Guidelines","print_headline":"Trump Administration Working on Trans Bathroom Guidelines"},"web_url":"http:\/\/www.nytimes.com\/aponline\/2017\/02\/21\/us\/politics\/ap-us-trump-transgender-bathrooms.html","date":"2017-02-21T21:51:58+0000","news_desk":null},{"keywords":[{"name":"persons","value":"CROSSNER, KENNETH ALAN"},{"name":"subject","value":"COOKING AND COOKBOOKS"},{"name":"subject","value":"MEAT"}],"headline":{"main":"Taboos and Sexuality"},"web_url":"http:\/\/www.nytimes.com\/1990\/11\/14\/garden\/l-taboos-and-sexuality-997390.html","date":"1990-11-14T00:00:00Z","news_desk":"Living Desk"},{"keywords":[],"headline":{"main":"More Women Lawmakers Needed in UK as Numbers 'Shockingly Low': Report","print_headline":"More Women Lawmakers Needed in UK as Numbers 'Shockingly Low': Report"},"web_url":"http:\/\/www.nytimes.com\/reuters\/2017\/01\/09\/world\/europe\/09reuters-britain-politics-women.html","date":"2017-01-10T00:42:32+0000","news_desk":null},{"keywords":[],"headline":{"main":"No Muslims, No Single Women: Housing Bias Turning Indian Cities Into Ghettos","print_headline":"No Muslims, No Single Women: Housing Bias Turning Indian Cities Into Ghettos"},"web_url":"http:\/\/www.nytimes.com\/reuters\/2017\/01\/23\/world\/asia\/23reuters-india-cities-ghettos.html","date":"2017-01-23T16:03:32+0000","news_desk":null}]