[{"keywords":[{"rank":"1","is_major":"N","name":"glocations","value":"Afghanistan"},{"rank":"2","is_major":"N","name":"subject","value":"Human Rights and Human Rights Violations"},{"rank":"3","is_major":"N","name":"organizations","value":"Afghanistan Independent Human Rights Commission"},{"rank":"4","is_major":"N","name":"persons","value":"Ghani, Ashraf"},{"rank":"5","is_major":"N","name":"subject","value":"Sex Crimes"},{"rank":"6","is_major":"N","name":"organizations","value":"Women for Afghan Women"},{"rank":"7","is_major":"N","name":"subject","value":"Women's Rights"},{"rank":"8","is_major":"N","name":"organizations","value":"Special Inspector General for Afghanistan Reconstruction"},{"rank":"9","is_major":"N","name":"subject","value":"Women and Girls"},{"rank":"10","is_major":"N","name":"subject","value":"Forensic Science"}],"headline":{"main":"Despite Ban, Invasive Virginity Tests Remain Prevalent in Afghanistan","print_headline":"Invasive Virginity Tests in Afghanistan Defy a Ban"},"web_url":"http:\/\/www.nytimes.com\/2017\/01\/06\/world\/asia\/despite-ban-invasive-virginity-tests-remain-prevalent-in-afghanistan.html","date":"2017-01-06T08:00:24+0000","news_desk":"Foreign"},{"keywords":[{"rank":"1","is_major":"N","name":"glocations","value":"Philippines"},{"rank":"2","is_major":"N","name":"persons","value":"Duterte, Rodrigo"},{"rank":"3","is_major":"N","name":"subject","value":"Corruption (Institutional)"},{"rank":"4","is_major":"N","name":"subject","value":"Vigilantes"},{"rank":"5","is_major":"N","name":"subject","value":"Drug Abuse and Traffic"},{"rank":"6","is_major":"N","name":"subject","value":"Police Brutality, Misconduct and Shootings"},{"rank":"7","is_major":"N","name":"subject","value":"Murders, Attempted Murders and Homicides"},{"rank":"8","is_major":"N","name":"organizations","value":"Human Rights Watch"}],"headline":{"main":"President Duterte\u2019s List","content_kicker":"Feature","kicker":"Feature","print_headline":"The List"},"web_url":"http:\/\/www.nytimes.com\/2017\/01\/10\/magazine\/president-dutertes-list.html","date":"2017-01-10T10:00:24+0000","news_desk":"Magazine"},{"keywords":[{"name":"creative_works","value":"HUMAN RIGHTS"},{"name":"subject","value":"BOOK REVIEWS"}],"headline":{"main":"ON TELEVISION"},"web_url":"http:\/\/query.nytimes.com\/gst\/abstract.html?res=9F06EFD81238E133A25755C2A9649C946192D6CF","date":"1950-02-26T00:00:00Z","news_desk":null},{"keywords":[{"rank":"1","is_major":"N","name":"glocations","value":"Canada"},{"rank":"2","is_major":"N","name":"glocations","value":"North America"},{"rank":"3","is_major":"N","name":"glocations","value":"British Columbia (Canada)"},{"rank":"4","is_major":"N","name":"subject","value":"Christmas Trees"},{"rank":"5","is_major":"N","name":"subject","value":"Marijuana"},{"rank":"6","is_major":"N","name":"subject","value":"Human Rights and Human Rights Violations"}],"headline":{"main":"Canada Today: Energy Project Clash, Christmas Tree Scorn and Rules on Marijuana"},"web_url":"http:\/\/www.nytimes.com\/2016\/12\/16\/world\/canada\/canada-today-energy-project-clash-christmas-tree-scorn-and-rules-on-marijuana.html","date":"2016-12-16T21:46:05+0000","news_desk":"Foreign"},{"keywords":[{"rank":"1","is_major":"Y","name":"subject","value":"Movies"},{"rank":"2","is_major":"Y","name":"persons","value":"Kauffman, Ross"},{"rank":"3","is_major":"Y","name":"persons","value":"Chevigny, Katy"},{"rank":"4","is_major":"N","name":"subject","value":"Human Rights and Human Rights Violations"},{"rank":"5","is_major":"N","name":"glocations","value":"Syria"},{"rank":"6","is_major":"N","name":"organizations","value":"Human Rights Watch"},{"rank":"7","is_major":"Y","name":"creative_works","value":"E-Team (Movie)"}],"headline":{"seo":"&#8216;E-Team&#8217; Examines Human Rights Watch Investigators","main":"Gallantry and Glamour in a War Zone","content_kicker":"Movie Review","kicker":"Movie Review | 'E-Team'","print_headline":"Gallantry and Glamour in a War Zone"},"web_url":"http:\/\/www.nytimes.com\/2014\/10\/22\/movies\/e-team-examines-human-rights-watch-investigators.html","date":"2014-10-21T18:30:01+0000","news_desk":"Culture"},{"keywords":[{"rank":"1","is_major":"Y","value":"Women's Rights","name":"subject"},{"rank":"2","is_major":"Y","value":"Saudi Arabia","name":"glocations"},{"rank":"3","is_major":"Y","value":"Abdullah, King of Saudi Arabia","name":"persons"},{"rank":"4","is_major":"N","value":"Human Rights and Human Rights Violations","name":"subject"},{"rank":"5","is_major":"N","value":"United Nations","name":"organizations"}],"headline":{"seo":"Saudi Arabia\u2019s King Lets Women Sit on Advisory Council","main":"Saudi Arabia\u2019s King Allows Women to Join National Advisory Council","print_headline":"Saudi Arabia: King Allows Women\r\nTo Join a Royal Advisory Body"},"web_url":"http:\/\/www.nytimes.com\/2013\/01\/12\/world\/middleeast\/saudi-arabias-king-lets-women-sit-on-advisory-council.html","date":"2013-01-12T00:00:00Z","news_desk":"Foreign"},{"keywords":[{"value":"Soap Operas","is_major":"N","rank":"1","name":"subject"},{"value":"Afghanistan","is_major":"N","rank":"2","name":"glocations"},{"value":"Women and Girls","is_major":"N","rank":"3","name":"subject"},{"value":"Taliban","is_major":"N","rank":"4","name":"organizations"},{"value":"Television","is_major":"N","rank":"6","name":"subject"}],"headline":{"seo":"Female Empowerment on Afghanistan\u2019s First TV Soap Opera","main":"Studio Kabul","kicker":"Advancing Women's Rights | Afghanistan","print_headline":"Studio Kabul","content_kicker":"Advancing Women's Rights | Afghanistan"},"web_url":"http:\/\/www.nytimes.com\/2010\/10\/24\/magazine\/24SoapOpera-t.html","date":"2010-10-24T00:00:00Z","news_desk":"Magazine"},{"keywords":[{"name":"glocations","value":"IRAQ"},{"name":"subject","value":"UNITED STATES INTERNATIONAL RELATIONS"},{"name":"subject","value":"POLITICS AND GOVERNMENT"},{"name":"subject","value":"DISCRIMINATION"},{"name":"subject","value":"WOMEN"},{"name":"subject","value":"CONSTITUTIONS"},{"name":"subject","value":"LAW AND LEGISLATION"},{"name":"subject","value":"ISLAM"},{"name":"subject","value":"ELECTIONS"},{"name":"subject","value":"FREEDOM AND HUMAN RIGHTS"},{"name":"subject","value":"UNITED STATES ARMAMENT AND DEFENSE"}],"headline":{"main":"Iraqi Women's Window of Opportunity for Political Gains Is Closing","kicker":"THE STRUGGLE FOR IRAQ: EQUAL RIGHTS"},"web_url":"http:\/\/www.nytimes.com\/2004\/02\/26\/world\/struggle-for-iraq-equal-rights-iraqi-women-s-window-opportunity-for-political.html","date":"2004-02-26T00:00:00Z","news_desk":"Foreign Desk"},{"keywords":[{"rank":"1","is_major":"N","name":"subject","value":"Demonstrations, Protests and Riots"},{"rank":"2","is_major":"N","name":"subject","value":"Women and Girls"},{"rank":"3","is_major":"N","name":"glocations","value":"Argentina"},{"rank":"4","is_major":"N","name":"subject","value":"Women's Rights"}],"headline":{"main":"Topless Uprising Against Sexism","content_kicker":"Op-Ed Contributor","kicker":"Op-Ed Contributor","print_headline":"A topless uprising"},"web_url":"http:\/\/www.nytimes.com\/2017\/02\/20\/opinion\/topless-uprising-against-sexism.html","date":"2017-02-20T15:53:24+0000","news_desk":"OpEd"},{"keywords":[{"rank":"1","is_major":"N","value":"Park Geun-hye","name":"persons"},{"rank":"2","is_major":"N","value":"North Korea","name":"glocations"},{"rank":"3","is_major":"N","value":"South Korea","name":"glocations"},{"rank":"4","is_major":"N","value":"Human Rights and Human Rights Violations","name":"subject"}],"headline":{"seo":"South Korea\u2019s New President Must Challenge the North on Human Rights","main":"South Korea\u2019s New President Must Challenge the North","kicker":"Op-Ed Contributor","print_headline":"South Korea\u2019s New President Must Challenge the North","content_kicker":"Op-Ed Contributor"},"web_url":"http:\/\/www.nytimes.com\/2012\/12\/20\/opinion\/south-koreas-new-president-must-challenge-the-north-on-human-rights.html","date":"2012-12-20T00:00:00Z","news_desk":"OpEd"},{"keywords":[{"name":"creative_works","value":"HUMAN RIGHTS WATCH"},{"name":"creative_works","value":"UNITED NATIONS (UN)HUMAN RIGHTS WATCH"},{"name":"glocations","value":"AFRICA"},{"name":"organizations","value":"HUMAN RIGHTS WATCH"},{"name":"organizations","value":"UNITED NATIONS"},{"name":"subject","value":"INTERNATIONAL RELATIONS"},{"name":"subject","value":"CIRCUMCISION"},{"name":"subject","value":"WOMEN"},{"name":"subject","value":"FREEDOM AND HUMAN RIGHTS"}],"headline":{"main":"On My Mind; Female Genital Mutilation"},"web_url":"http:\/\/www.nytimes.com\/1993\/12\/24\/opinion\/on-my-mind-female-genital-mutilation.html","date":"1993-12-24T00:00:00Z","news_desk":"Editorial Desk"},{"keywords":[{"rank":"1","is_major":"Y","value":"Afghanistan","name":"glocations"},{"rank":"2","is_major":"Y","value":"Women and Girls","name":"subject"},{"rank":"3","is_major":"N","value":"Domestic Violence","name":"subject"},{"rank":"4","is_major":"N","value":"United Nations","name":"organizations"},{"rank":"5","is_major":"N","value":"Discrimination","name":"subject"},{"rank":"6","is_major":"N","value":"Human Rights and Human Rights Violations","name":"subject"},{"rank":"7","is_major":"N","value":"Afghanistan Independent Human Rights Commission","name":"organizations"},{"rank":"8","is_major":"N","value":"Suits and Litigation","name":"subject"}],"headline":{"seo":"Afghan Law Offering Abused Women Redress Makes Slow Gains","main":"Slow Gains in Justice for Afghan Women","print_headline":"Slow Gains in Justice for Afghan Women"},"web_url":"http:\/\/www.nytimes.com\/2012\/12\/12\/world\/asia\/afghan-law-offering-abused-women-redress-makes-slow-gains.html","date":"2012-12-12T00:00:00Z","news_desk":"Foreign"},{"keywords":[{"rank":"1","is_major":"Y","name":"glocations","value":"Saudi Arabia"},{"rank":"2","is_major":"Y","name":"persons","value":"Badawi, Samar (1981- )"},{"rank":"3","is_major":"N","name":"subject","value":"Human Rights and Human Rights Violations"},{"rank":"4","is_major":"N","name":"subject","value":"Political Prisoners"},{"rank":"5","is_major":"N","name":"organizations","value":"Amnesty International"},{"rank":"6","is_major":"N","name":"persons","value":"Nimr, Nimr al-"}],"headline":{"main":"Saudi Arabia Arrests Samar Badawi, Human Rights Advocate","print_headline":"Saudi Arabia Arrests a Prominent Rights Advocate"},"web_url":"http:\/\/www.nytimes.com\/2016\/01\/13\/world\/middleeast\/saudi-arabia-arrests-samar-badawi-human-rights-advocate.html","date":"2016-01-13T00:00:00Z","news_desk":"Foreign"},{"keywords":[{"rank":"1","is_major":"Y","name":"glocations","value":"China"},{"rank":"2","is_major":"Y","name":"subject","value":"Women's Rights"},{"rank":"3","is_major":"N","name":"subject","value":"Women and Girls"},{"rank":"4","is_major":"N","name":"subject","value":"Human Rights and Human Rights Violations"},{"rank":"5","is_major":"N","name":"persons","value":"Li Tingting"},{"rank":"6","is_major":"N","name":"persons","value":"Wang Man (Activist)"},{"rank":"7","is_major":"N","name":"persons","value":"Wei Tingting"},{"rank":"8","is_major":"N","name":"persons","value":"Wu Rongrong"},{"rank":"9","is_major":"N","name":"persons","value":"Zheng Churan"}],"headline":{"main":"Taking Feminist Battle to China\u2019s Streets, and Landing in Jail","print_headline":"Taking Feminist Battle to China\u2019s Streets, and Landing in Jail"},"web_url":"http:\/\/www.nytimes.com\/2015\/04\/06\/world\/asia\/chinese-womens-rights-activists-fall-afoul-of-officials.html","date":"2015-04-06T00:00:00Z","news_desk":"Foreign"},{"keywords":[{"rank":"1","name":"glocations","value":"West Village (NYC)"},{"rank":"1","name":"organizations","value":"Taglit-Birthright Israel"},{"rank":"1","name":"subject","value":"Homosexuality"},{"rank":"2","name":"subject","value":"Human Rights and Human Rights Violations"}],"headline":{"main":"A West Village Mural Weighs Gay Rights in the Middle East","kicker":"cityroom"},"web_url":"http:\/\/cityroom.blogs.nytimes.com\/2012\/05\/17\/a-west-village-mural-weighs-gay-rights-in-the-middle-east\/","date":"2012-05-17T08:00:33Z","news_desk":null},{"keywords":[{"rank":"1","is_major":"N","value":"Morocco","name":"glocations"},{"rank":"2","is_major":"N","value":"Women and Girls","name":"subject"},{"rank":"3","is_major":"N","value":"Marrakesh (Morocco)","name":"glocations"},{"rank":"4","is_major":"N","value":"Human Rights and Human Rights Violations","name":"subject"}],"headline":{"main":"Morocco Slow to Enforce Laws on Women's Rights","kicker":"IHT Special","print_headline":"Morocco Slow to Enforce Laws on Women's Rights","content_kicker":"IHT Special"},"web_url":"http:\/\/www.nytimes.com\/2013\/04\/11\/world\/middleeast\/morocco-slow-to-enforce-laws-on-womens-rights.html","date":"2013-04-11T00:00:00Z","news_desk":"Foreign"},{"keywords":[{"rank":"1","is_major":"Y","name":"glocations","value":"Maldives"},{"rank":"2","is_major":"N","name":"subject","value":"Politics and Government"},{"rank":"3","is_major":"N","name":"persons","value":"Nasheed, Mohamed"},{"rank":"4","is_major":"N","name":"subject","value":"Human Rights and Human Rights Violations"},{"rank":"5","is_major":"N","name":"persons","value":"Yameen, Abdulla"},{"rank":"6","is_major":"N","name":"persons","value":"Adeeb, Ahmed"}],"headline":{"main":"Maldives\u2019 Transition to Democracy Appears Increasingly Precarious","print_headline":"Transition to Democracy in Maldives Appears to Be Increasingly at Risk"},"web_url":"http:\/\/www.nytimes.com\/2015\/04\/07\/world\/asia\/maldives-transition-to-democracy-appears-increasingly-precarious.html","date":"2015-04-07T00:00:00Z","news_desk":"Foreign"},{"keywords":[],"headline":{"main":"WORDS FROM THE PEOPLE.; Female Impudence--Conduct of Ladies on Ferry-boats. City Railroads. SYSTEM AND DISCRIMINATION WANTED. New-York Railroad to the West. The Central Park. Iran Ladders for Fire Escapes."},"web_url":"http:\/\/www.nytimes.com\/1860\/03\/10\/news\/words-people-female-impudence-conduct-ladies-ferry-boats-city-railroads-system.html","date":"1860-03-10T00:03:58Z","news_desk":null},{"keywords":[{"rank":"1","is_major":"N","name":"subject","value":"Prison Guards and Corrections Officers"},{"rank":"11","is_major":"Y","name":"subject","value":"Editorials"},{"rank":"2","is_major":"N","name":"subject","value":"Probation and Parole"},{"rank":"3","is_major":"N","name":"subject","value":"Race and Ethnicity"},{"rank":"4","is_major":"Y","name":"subject","value":"Discrimination"},{"rank":"5","is_major":"Y","name":"subject","value":"Prisons and Prisoners"},{"rank":"6","is_major":"Y","name":"glocations","value":"New York State"},{"rank":"7","is_major":"N","name":"subject","value":"Human Rights and Human Rights Violations"},{"rank":"8","is_major":"N","name":"persons","value":"Cuomo, Andrew M"},{"rank":"9","is_major":"N","name":"subject","value":"Blacks"},{"rank":"10","is_major":"N","name":"subject","value":"Hispanic-Americans"}],"headline":{"main":"The Stain of Racism in New York\u2019s Prisons","content_kicker":"Editorial","kicker":"Editorial","print_headline":"The Stain of Racism in New York\u2019s Prisons"},"web_url":"http:\/\/www.nytimes.com\/2016\/12\/06\/opinion\/the-stain-of-racism-in-new-yorks-prisons.html","date":"2016-12-06T08:21:25+0000","news_desk":"Editorial"},{"keywords":[{"rank":"1","is_major":"Y","name":"subject","value":"Prostitution"},{"rank":"2","is_major":"Y","name":"organizations","value":"Amnesty International"},{"rank":"3","is_major":"Y","name":"glocations","value":"France"},{"rank":"4","is_major":"Y","name":"glocations","value":"Great Britain"},{"rank":"5","is_major":"Y","name":"glocations","value":"Ireland"},{"rank":"6","is_major":"N","name":"subject","value":"Human Rights and Human Rights Violations"},{"rank":"7","is_major":"N","name":"subject","value":"Fines (Penalties)"}],"headline":{"main":"Amnesty International Considers Pushing for Decriminalization of Prostitution","print_headline":"Rights Group Weighs New Stance on Prostitution"},"web_url":"http:\/\/www.nytimes.com\/2015\/08\/01\/world\/europe\/amnesty-international-weighs-decriminalization-of-prostitution.html","date":"2015-08-02T00:00:00Z","news_desk":"Foreign"}]