[{"keywords":[{"rank":"1","is_major":"N","name":"subject","value":"Labor and Jobs"},{"rank":"2","is_major":"N","name":"subject","value":"Layoffs and Job Reductions"},{"rank":"3","is_major":"N","name":"subject","value":"Men and Boys"},{"rank":"4","is_major":"N","name":"subject","value":"Women and Girls"},{"rank":"5","is_major":"N","name":"subject","value":"United States Economy"}],"headline":{"main":"Why Men Don\u2019t Want the Jobs Done Mostly by Women","content_kicker":"Pink-Collar Work","kicker":"The Upshot","print_headline":"Why Men Don\u2019t Want  Jobs Done Mostly by Women"},"web_url":"http:\/\/www.nytimes.com\/2017\/01\/04\/upshot\/why-men-dont-want-the-jobs-done-mostly-by-women.html","date":"2017-01-04T14:00:27+0000","news_desk":"Upshot"},{"keywords":[{"rank":"1","is_major":"N","name":"subject","value":"Women and Girls"},{"rank":"2","is_major":"N","name":"organizations","value":"Werk Enterprises Inc"},{"rank":"3","is_major":"N","name":"subject","value":"Work-Life Balance"},{"rank":"4","is_major":"N","name":"subject","value":"Part-Time Employment"},{"rank":"5","is_major":"N","name":"subject","value":"Labor and Jobs"}],"headline":{"main":"How to Close a Gender Gap: Let Employees Control Their Schedules","content_kicker":"Women\u2019s Work","kicker":"The Upshot","print_headline":"How to Close a Gender Gap: True Job Flexibility"},"web_url":"http:\/\/www.nytimes.com\/2017\/02\/07\/upshot\/how-to-close-a-gender-gap-let-employees-control-their-schedules.html","date":"2017-02-07T08:30:14+0000","news_desk":"Upshot"},{"keywords":[{"rank":"1","is_major":"N","name":"subject","value":"Television"},{"rank":"2","is_major":"N","name":"organizations","value":"Home Box Office"},{"rank":"3","is_major":"N","name":"creative_works","value":"Crashing (TV Program)"},{"rank":"4","is_major":"N","name":"persons","value":"Holmes, Pete (1979- )"}],"headline":{"main":"Review: The Predictable Tears of a Clown Flow in \u2018Crashing\u2019","print_headline":"Predictable Tears  of a Clown"},"web_url":"http:\/\/www.nytimes.com\/2017\/02\/17\/arts\/television\/review-crashing-hbo-judd-apatow.html","date":"2017-02-17T18:30:08+0000","news_desk":"Culture"},{"keywords":[{"rank":"1","name":"type_of_material","value":"News"},{"rank":"10","name":"organizations","value":"New York Times"},{"rank":"11","name":"organizations","value":"World Press Photo Foundation"},{"rank":"12","name":"glocations","value":"Afghanistan"},{"rank":"13","name":"glocations","value":"China"},{"rank":"14","name":"glocations","value":"Europe"},{"rank":"2","name":"persons","value":"Addario, Lynsey"},{"rank":"3","name":"persons","value":"McNally, Michele"},{"rank":"4","name":"persons","value":"Sim Chi Yin (Photographer)"},{"rank":"5","name":"subject","value":"Discrimination"},{"rank":"6","name":"subject","value":"Hiring and Promotion"},{"rank":"7","name":"subject","value":"Photography"},{"rank":"8","name":"subject","value":"Women and Girls"},{"rank":"9","name":"subject","value":"Women&#039;s Rights"}],"headline":{"main":"Highlighting Women in Photojournalism","kicker":"Lens"},"web_url":"https:\/\/lens.blogs.nytimes.com\/2017\/02\/01\/highlighting-women-in-photojournalism\/","date":"2017-02-01T17:16:44+0000","news_desk":null},{"keywords":[],"headline":{"main":"Grammys Add 1st Man, Transgender Woman as Trophy Presenters","print_headline":"Grammys Add 1st Man, Transgender Woman as Trophy Presenters"},"web_url":"http:\/\/www.nytimes.com\/aponline\/2017\/02\/10\/us\/ap-us-grammywatch-presenters-breakthrough.html","date":"2017-02-10T13:39:46+0000","news_desk":null},{"keywords":[{"rank":"1","is_major":"N","name":"persons","value":"Crenn, Dominique"},{"rank":"2","is_major":"N","name":"organizations","value":"Atelier Crenn (San Francisco, Calif, Restaurant)"},{"rank":"3","is_major":"N","name":"subject","value":"Chefs"},{"rank":"4","is_major":"N","name":"subject","value":"Women and Girls"},{"rank":"5","is_major":"N","name":"subject","value":"Restaurants"},{"rank":"6","is_major":"N","name":"glocations","value":"San Francisco (Calif)"}],"headline":{"main":"Does Fame Have a Recipe? Dominique Crenn\u2019s Fast Rise","print_headline":"Here, There  and Rising"},"web_url":"http:\/\/www.nytimes.com\/2017\/02\/14\/dining\/chef-dominique-crenn.html","date":"2017-02-14T18:00:08+0000","news_desk":"Dining"},{"keywords":[],"headline":{"main":"Mary Tyler Moore Brought More Than Funny to Her Sitcom Roles","print_headline":"Mary Tyler Moore Brought More Than Funny to Her Sitcom Roles"},"web_url":"http:\/\/www.nytimes.com\/aponline\/2017\/01\/25\/us\/ap-us-obit-mary-tyler-moore-appreciation.html","date":"2017-01-26T00:19:10+0000","news_desk":null},{"keywords":[{"rank":"1","is_major":"N","name":"persons","value":"McCarthy, Melissa"},{"rank":"2","is_major":"N","name":"persons","value":"Spicer, Sean M (1971- )"},{"rank":"3","is_major":"N","name":"creative_works","value":"Saturday Night Live (TV Program)"},{"rank":"4","is_major":"N","name":"subject","value":"Women and Girls"},{"rank":"5","is_major":"N","name":"subject","value":"United States Politics and Government"},{"rank":"6","is_major":"N","name":"subject","value":"Gender"},{"rank":"7","is_major":"N","name":"subject","value":"Comedy and Humor"},{"rank":"8","is_major":"N","name":"subject","value":"Television"},{"rank":"9","is_major":"N","name":"subject","value":"Actors and Actresses"}],"headline":{"main":"Why Melissa McCarthy Had to Play Sean Spicer","content_kicker":"Taking Note","kicker":"Taking Note"},"web_url":"http:\/\/www.nytimes.com\/2017\/02\/06\/opinion\/why-melissa-mccarthy-had-to-play-sean-spicer.html","date":"2017-02-06T05:01:02+0000","news_desk":"Editorial"},{"keywords":[{"rank":"1","is_major":"N","name":"subject","value":"Television"},{"rank":"2","is_major":"N","name":"subject","value":"Actors and Actresses"},{"rank":"3","is_major":"N","name":"persons","value":"Janssen, Famke"},{"rank":"4","is_major":"N","name":"creative_works","value":"The Blacklist: Redemption (TV Program)"},{"rank":"5","is_major":"N","name":"subject","value":"Women and Girls"}],"headline":{"main":"Famke Janssen Plays Another Lethal Woman in a \u2018Blacklist\u2019 Spinoff","content_kicker":"A Word With","kicker":"A Word With","print_headline":"Famke Janssen Plays Another Lethal Woman"},"web_url":"http:\/\/www.nytimes.com\/2017\/02\/17\/arts\/television\/famke-janssen-plays-another-lethal-woman-in-a-blacklist-spinoff.html","date":"2017-02-17T15:30:16+0000","news_desk":"Arts&Leisure"},{"keywords":[{"rank":"1","is_major":"N","name":"subject","value":"Theater"},{"rank":"2","is_major":"N","name":"organizations","value":"La MaMa ETC"},{"rank":"3","is_major":"N","name":"persons","value":"Buchaca, Marta"},{"rank":"4","is_major":"N","name":"persons","value":"Calvani, Marco"},{"rank":"5","is_major":"N","name":"persons","value":"LaBute, Neil"},{"rank":"6","is_major":"N","name":"creative_works","value":"After the Dark (Play)"},{"rank":"7","is_major":"N","name":"creative_works","value":"Summit (Play)"},{"rank":"8","is_major":"N","name":"creative_works","value":"I Don't Know What I Can Save You From (Play)"}],"headline":{"main":"Review: Three-Ring Dread in La MaMa\u2019s One-Act Series","print_headline":"Three-Ring Dread in a One-Act Series"},"web_url":"http:\/\/www.nytimes.com\/2017\/01\/27\/theater\/review-three-ring-dread-in-la-mamas-one-act-series.html","date":"2017-01-27T18:47:32+0000","news_desk":"Culture"},{"keywords":[{"value":"Unemployment","is_major":"Y","rank":"1","name":"subject"},{"value":"Fashion and Apparel","is_major":"Y","rank":"2","name":"subject"},{"value":"Suited for Work","is_major":"Y","rank":"3","name":"organizations"},{"value":"Philanthropy","is_major":"Y","rank":"4","name":"subject"},{"value":"Homeless Persons","is_major":"N","rank":"5","name":"subject"},{"value":"Labor and Jobs","is_major":"N","rank":"6","name":"subject"},{"value":"New York City","is_major":"Y","rank":"7","name":"glocations"},{"value":"FEGS Health and Human Services","is_major":"N","rank":"8","name":"organizations"},{"value":"Men and Boys","is_major":"N","rank":"9","name":"subject"}],"headline":{"main":"Nonprofits Provide Jobless Men With a Fitting for a Second Chance","kicker":"The Working Life","print_headline":"Nonprofits Provide Jobless Men With a Fitting for a Second Chance","content_kicker":"The Working Life"},"web_url":"http:\/\/www.nytimes.com\/2014\/08\/04\/nyregion\/a-fitting-for-a-second-chance.html","date":"2014-08-04T00:00:00Z","news_desk":"Metro"},{"keywords":[{"rank":"1","name":"organizations","value":"Organization for Economic Cooperation and Development"},{"rank":"1","name":"subject","value":"Discrimination"},{"rank":"2","name":"subject","value":"Family Leaves"},{"rank":"3","name":"subject","value":"Labor and Jobs"},{"rank":"4","name":"subject","value":"Part-Time Employment"},{"rank":"5","name":"subject","value":"United States Economy"},{"rank":"6","name":"subject","value":"Women and Girls"},{"rank":"7","name":"subject","value":"Work-Life Balance"}],"headline":{"main":"Comparing the World's Glass Ceilings ","kicker":"Economix"},"web_url":"http:\/\/economix.blogs.nytimes.com\/2013\/04\/02\/comparing-the-worlds-glass-ceilings\/","date":"2013-04-02T12:58:44Z","news_desk":null},{"keywords":[{"rank":"1","is_major":"N","name":"subject","value":"Jazz"},{"rank":"2","is_major":"N","name":"subject","value":"Deaths (Obituaries)"},{"rank":"3","is_major":"N","name":"persons","value":"Jarreau, Al"}],"headline":{"main":"Al Jarreau, Singer Who Spanned Jazz, Pop and R&amp;B Worlds, Dies at 76","print_headline":"Al Jarreau, Singer Who Spanned Worlds of Jazz, Pop and R&amp;B, Is Dead at 76"},"web_url":"http:\/\/www.nytimes.com\/2017\/02\/12\/arts\/music\/al-jarreau-singer-who-spanned-jazz-pop-and-rb-worlds-dies-at-76.html","date":"2017-02-12T19:31:51+0000","news_desk":"Culture"},{"keywords":[{"rank":"1","is_major":"Y","name":"subject","value":"Women and Girls"},{"rank":"2","is_major":"Y","name":"subject","value":"Labor and Jobs"},{"rank":"3","is_major":"Y","name":"subject","value":"Work-Life Balance"}],"headline":{"main":"How Can We Jump-Start the Struggle for Gender Equality? ","kicker":"The Great Divide","print_headline":"Jump-Starting the Struggle for Equality"},"web_url":"http:\/\/opinionator.blogs.nytimes.com\/2013\/11\/23\/how-can-we-jump-start-the-struggle-for-gender-equality\/","date":"2013-11-23T14:25:49Z","news_desk":null},{"keywords":[{"name":"persons","value":"MURPHY, ANNE T"},{"name":"subject","value":"LABOR"},{"name":"subject","value":"WAGES AND SALARIES"},{"name":"subject","value":"BLACKS"},{"name":"subject","value":"DISCRIMINATION"},{"name":"subject","value":"WOMEN"}],"headline":{"main":"No Excuse for Sex Bias"},"web_url":"http:\/\/www.nytimes.com\/1998\/10\/27\/opinion\/l-no-excuse-for-sex-bias-546313.html","date":"1998-10-27T00:00:00Z","news_desk":"Editorial Desk"},{"keywords":[{"rank":"1","is_major":"Y","name":"subject","value":"Women and Girls"},{"rank":"2","is_major":"Y","name":"subject","value":"Wages and Salaries"},{"rank":"3","is_major":"N","name":"subject","value":"Discrimination"},{"rank":"4","is_major":"N","name":"subject","value":"Labor and Jobs"}],"headline":{"main":"As Women Take Over a Male-Dominated Field, the Pay Drops","content_kicker":"Economic View","kicker":"The Upshot","print_headline":"Why Women Still Get the Short End of the Dollar"},"web_url":"http:\/\/www.nytimes.com\/2016\/03\/20\/upshot\/as-women-take-over-a-male-dominated-field-the-pay-drops.html","date":"2016-03-20T00:00:00Z","news_desk":"SundayBusiness"},{"keywords":[{"name":"creative_works","value":"DISCLOSURE (MOVIE)"},{"name":"persons","value":"JAMES, CARYN"},{"name":"subject","value":"MOTION PICTURES"}],"headline":{"main":"Career Move","kicker":"'DISCLOSURE'"},"web_url":"http:\/\/www.nytimes.com\/1994\/12\/25\/movies\/l-disclosure-career-move-192040.html","date":"1994-12-25T00:00:00Z","news_desk":"Arts & Leisure Desk"},{"keywords":[{"rank":"1","is_major":"Y","value":"Teachers and School Employees","name":"subject"},{"rank":"2","is_major":"Y","value":"Education (K-12)","name":"subject"},{"rank":"3","is_major":"N","value":"Men and Boys","name":"subject"},{"rank":"4","is_major":"N","value":"Women and Girls","name":"subject"},{"rank":"5","is_major":"N","value":"Labor and Jobs","name":"subject"},{"rank":"6","is_major":"N","value":"Wages and Salaries","name":"subject"}],"headline":{"main":"Why Don\u2019t More Men Go Into Teaching?","kicker":"News Analysis","print_headline":"Why Don\u2019t More Men Go Into Teaching?","content_kicker":"News Analysis"},"web_url":"http:\/\/www.nytimes.com\/2014\/09\/07\/sunday-review\/why-dont-more-men-go-into-teaching.html","date":"2014-09-07T00:00:00Z","news_desk":"OpEd"},{"keywords":[{"rank":"1","is_major":"Y","value":"Labor and Jobs","name":"subject"},{"rank":"2","is_major":"Y","value":"Women and Girls","name":"subject"},{"rank":"3","is_major":"N","value":"Economic Conditions and Trends","name":"subject"},{"rank":"4","is_major":"N","value":"United States Economy","name":"subject"},{"rank":"5","is_major":"Y","value":"Colleges and Universities","name":"subject"}],"headline":{"seo":"Young Women Go Back to School Instead of Work","main":"Instead of Work, Younger Women Head to School","print_headline":"Instead of Work, Younger Women Head to School"},"web_url":"http:\/\/www.nytimes.com\/2011\/12\/29\/business\/young-women-go-back-to-school-instead-of-work.html","date":"2011-12-29T00:00:00Z","news_desk":"Business"},{"keywords":[{"rank":"1","is_major":"N","name":"subject","value":"Women and Girls"},{"rank":"2","is_major":"N","name":"subject","value":"Men and Boys"},{"rank":"3","is_major":"N","name":"subject","value":"Labor and Jobs"},{"rank":"4","is_major":"N","name":"subject","value":"Economic Conditions and Trends"}],"headline":{"main":"Don\u2019t Write Off Men Just Yet","content_kicker":"Op-Ed Columnist","print_headline":"Don\u2019t Write Off Men Just Yet"},"web_url":"http:\/\/www.nytimes.com\/2010\/07\/22\/opinion\/22kristof.html","date":"2010-07-22T00:00:00Z","news_desk":"Editorial"}]