[{"keywords":[{"name":"creative_works","value":"THE SEXUAL WILDERNESS. THE CONTEMPORARY UPHEAVAL IN MALE-FEMALE RELATIONSHIPS"},{"name":"creative_works","value":"THE NEW PEOPLE: DESEXUALIZATION IN AMERICAN LIFE"},{"name":"persons","value":"PACKARD, VANCE"},{"name":"persons","value":"WINICK, CHARLES E"},{"name":"subject","value":"BOOK REVIEWS"},{"name":"subject","value":"BOOK REVIEWS"},{"name":"subject","value":"SEX"}],"headline":{"main":"Books of The Times; It's Here to Stay -- Are We?"},"web_url":"http:\/\/query.nytimes.com\/gst\/abstract.html?res=9401E1D7103FE63ABC4E52DFBE668383679EDE","date":"1968-08-16T00:00:00Z","news_desk":null},{"keywords":[{"name":"creative_works","value":"THE HORRORS OF THE HALF-KNOWN LIFE. MALE ATTITUDES TOWARD WOMEN AND SEXUALITY IN NINETEENTH-CENTURY AMERICA"},{"name":"persons","value":"BARKER-BENFIELD, G J"},{"name":"subject","value":"BOOK REVIEWS"},{"name":"subject","value":"SEX"}],"headline":{"main":"The Horrors Of the Half-Known Life; Some facts of life in the 19th century Half-Known"},"web_url":"http:\/\/query.nytimes.com\/gst\/abstract.html?res=9E0CE4DF133EEF34BC4052DFB766838D669EDE","date":"1976-01-18T00:00:00Z","news_desk":null},{"keywords":[{"name":"creative_works","value":"MALE SEXUALITY. A GUIDE TO SEXUAL FULFILLMENT"},{"name":"persons","value":"ZILBERGELD, BERNIE"},{"name":"subject","value":"MEN"},{"name":"subject","value":"BOOK REVIEWS"},{"name":"subject","value":"SEX"}],"headline":{"main":"The Male Animal; BEYOND THE MALE MYTH MALE SEXUALITY THE SEASONS OF A MAN'S LIFE"},"web_url":"http:\/\/query.nytimes.com\/gst\/abstract.html?res=9F04E2DF1631E632A25751C1A9659C946990D6CF","date":"1978-03-12T00:00:00Z","news_desk":null},{"keywords":[{"name":"creative_works","value":"BYE BYE, LOVE (MOVIE)"},{"name":"subject","value":"REVIEWS"},{"name":"subject","value":"MOTION PICTURES"}],"headline":{"main":"The Male Perspective On Life After Marriage","kicker":"FILM REVIEW"},"web_url":"http:\/\/www.nytimes.com\/1995\/03\/17\/movies\/film-review-the-male-perspective-on-life-after-marriage.html","date":"1995-03-17T00:00:00Z","news_desk":"Weekend Desk"},{"keywords":[{"name":"persons","value":"BELL, JOHN W"}],"headline":{"main":"Male Nurse Shoots 2, Ends Life"},"web_url":"http:\/\/query.nytimes.com\/gst\/abstract.html?res=9400E3DE1439E731A25757C0A9639C946193D6CF","date":"1940-05-04T00:00:00Z","news_desk":null},{"keywords":[{"name":"glocations","value":"UNITED STATES"},{"name":"subject","value":"COLLEGES AND UNIVERSITIES"}],"headline":{"main":"Male Coeds-- How They Cope at Ole Ms.; The Male Coed: His Life at Ole Ms."},"web_url":"http:\/\/query.nytimes.com\/gst\/abstract.html?res=9A00E0D81330E631A25755C0A9679C94619FD6CF","date":"1980-01-06T00:00:00Z","news_desk":null},{"keywords":[{"name":"persons","value":"CREACH, TERRY"},{"name":"persons","value":"KOESTER, STEPHEN"},{"name":"subject","value":"REVIEWS"},{"name":"subject","value":"DANCING"}],"headline":{"main":"Exploring Male Bonding, On the Stage and in Life","kicker":"DANCE REVIEW"},"web_url":"http:\/\/www.nytimes.com\/1995\/09\/09\/arts\/dance-review-exploring-male-bonding-on-the-stage-and-in-life.html","date":"1995-09-09T00:00:00Z","news_desk":"Cultural Desk"},{"keywords":[{"name":"organizations","value":"MEN'S HEALTH NETWORK"},{"name":"subject","value":"MEN"},{"name":"subject","value":"WOMEN"},{"name":"subject","value":"MEDICINE AND HEALTH"}],"headline":{"main":"Doctors Tie Male Mentality to Shorter Life Span"},"web_url":"http:\/\/www.nytimes.com\/1995\/06\/14\/us\/doctors-tie-male-mentality-to-shorter-life-span.html","date":"1995-06-14T00:00:00Z","news_desk":"National Desk;"},{"keywords":[{"name":"subject","value":"FISHING AND FISH"},{"name":"subject","value":"GENERAL"}],"headline":{"main":"Life in the Antarctic Rough on Male Fish"},"web_url":"http:\/\/query.nytimes.com\/gst\/abstract.html?res=9D00E0DF1630EF3BBC4852DFB4678389679EDE","date":"1962-12-10T00:00:00Z","news_desk":null},{"keywords":[],"headline":{"main":"Study: Mexico Violence Caused Drop in Male Life Expectancy","print_headline":"Study: Mexico Violence Caused Drop in Male Life Expectancy"},"web_url":"http:\/\/www.nytimes.com\/aponline\/2016\/01\/06\/world\/americas\/ap-lt-mexico-violence.html","date":"2016-01-06T10:24:07Z","news_desk":"None"},{"keywords":[{"name":"glocations","value":"NYS"},{"name":"subject","value":"CHILDREN"},{"name":"subject","value":"PSYCHOLOGY AND TRAINING"},{"name":"subject","value":"FAMILIES AND FAMILY LIFE"}],"headline":{"main":"FATHERS 'SHUTOUT,' PEDIATRICIAN SAYS; Family Life Conference Told Male Parents Are Excluded From Children's Life"},"web_url":"http:\/\/query.nytimes.com\/gst\/abstract.html?res=9406E2DA173DEE3BBC4A53DFB767838B649EDE","date":"1950-11-02T00:00:00Z","news_desk":null},{"keywords":[{"rank":"1","is_major":"Y","name":"subject","value":"Dancing"},{"rank":"2","is_major":"Y","name":"subject","value":"American Realness Festival"},{"rank":"3","is_major":"Y","name":"persons","value":"Ellsworth, Michelle"},{"rank":"4","is_major":"Y","name":"persons","value":"Wade, Jeremy"}],"headline":{"seo":"Michelle Ellsworth and Jeremy Wade at American Realness","main":"Preparing for a Life Without the Male Gaze ","content_kicker":"Dance Review","kicker":"Dance Review","print_headline":"Preparing for a Life Without the Male Gaze"},"web_url":"http:\/\/www.nytimes.com\/2015\/01\/14\/arts\/dance\/michelle-ellsworth-and-jeremy-wade-at-american-realness.html","date":"2015-01-14T00:00:00Z","news_desk":"Culture"},{"keywords":[{"name":"organizations","value":"GEORGETOWN UNIVERSITY"},{"name":"subject","value":"MEN"},{"name":"subject","value":"COLLEGES AND UNIVERSITIES"},{"name":"subject","value":"BOOKS AND LITERATURE"},{"name":"subject","value":"BLACKS (IN US)"},{"name":"subject","value":"MINORITIES (ETHNIC, RACIAL, RELIGIOUS)"},{"name":"subject","value":"RACIAL RELATIONS"},{"name":"subject","value":"WOMEN"}],"headline":{"main":"Campus Life: Georgetown; 'White Male Writers' Is the Title of English 112"},"web_url":"http:\/\/www.nytimes.com\/1991\/03\/03\/nyregion\/campus-life-georgetown-white-male-writers-is-the-title-of-english-112.html","date":"1991-03-03T00:00:00Z","news_desk":"Metropolitan Desk"},{"keywords":[{"rank":"1","is_major":"Y","name":"subject","value":"Models (Professional)"},{"rank":"2","is_major":"Y","name":"persons","value":"Kroenig, Brad (1979- )"},{"rank":"3","is_major":"Y","name":"subject","value":"Fashion and Apparel"},{"rank":"4","is_major":"Y","name":"persons","value":"Lagerfeld, Karl"},{"rank":"5","is_major":"N","name":"organizations","value":"Chanel SA"},{"rank":"6","is_major":"N","name":"organizations","value":"Fendi SpA"},{"rank":"1","is_major":"Y","name":"persons","value":"Kroenig, Brad (1979- )"},{"rank":"2","is_major":"Y","name":"subject","value":"Models (Professional)"}],"headline":{"main":"The Jet Set Life of Karl Lagerfeld\u2019s Favorite Male Model \u2014 for Now","print_headline":"Karl\u2019s Boy"},"web_url":"http:\/\/www.nytimes.com\/2015\/01\/18\/magazine\/the-jet-set-life-of-karl-lagerfelds-favorite-male-model-for-now.html","date":"2015-01-18T00:00:00Z","news_desk":"Magazine"},{"keywords":[{"name":"organizations","value":"ILLINOIS, UNIVERSITY OF"},{"name":"subject","value":"MEN"},{"name":"subject","value":"ASSAULTS"},{"name":"subject","value":"WOMEN"}],"headline":{"main":"CAMPUS LIFE: Illinois; A Ride Service To Be Extended To Male Students"},"web_url":"http:\/\/www.nytimes.com\/1989\/07\/30\/style\/campus-life-illinois-a-ride-service-to-be-extended-to-male-students.html","date":"1989-07-30T00:00:00Z","news_desk":"Style Desk"},{"keywords":[{"name":"persons","value":"DRAKE, ELISABETH"},{"name":"organizations","value":"MASSACHUSETTS INSTITUTE OF TECHNOLOGY"},{"name":"subject","value":"ORAL HISTORY"},{"name":"subject","value":"WOMEN"}],"headline":{"main":"Campus Life: M.I.T.; Salute to Women At a School Once 99.6% Male"},"web_url":"http:\/\/www.nytimes.com\/1991\/04\/07\/nyregion\/campus-life-mit-salute-to-women-at-a-school-once-99.6-male.html","date":"1991-04-07T00:00:00Z","news_desk":"Metropolitan Desk"},{"keywords":[{"name":"persons","value":"BRISTER, CANDACE"},{"name":"organizations","value":"UNIVERSITY OF TEXAS"},{"name":"subject","value":"DISCRIMINATION"},{"name":"subject","value":"WOMEN"}],"headline":{"main":"Campus Life: Texas;   A Loud Demand For a Place On a Male Squad"},"web_url":"http:\/\/www.nytimes.com\/1990\/10\/14\/style\/campus-life-texas-a-loud-demand-for-a-place-on-a-male-squad.html","date":"1990-10-14T00:00:00Z","news_desk":"Style Desk"},{"keywords":[{"rank":"2","is_major":"N","name":"subject","value":"Motion Pictures"},{"rank":"3","is_major":"N","name":"subject","value":"Homosexuality"}],"headline":{"seo":"The Man of My Life - Review - Movie","main":"Old-Style Male Bonding Turns Toward the Tender","content_kicker":"Movie Review | 'The Man of My Life'","kicker":"Movie Review | 'The Man of My Life'","print_headline":"Old-Style Male Bonding Turns Toward the Tender"},"web_url":"http:\/\/www.nytimes.com\/2007\/09\/21\/movies\/21man.html","date":"2007-09-21T00:00:00Z","news_desk":"Weekend"},{"keywords":[{"rank":"1","is_major":"Y","name":"subject","value":"Birds"},{"rank":"2","is_major":"N","name":"subject","value":"Gardens and Gardening"},{"rank":"3","is_major":"N","name":"subject","value":"Science and Technology"},{"rank":"4","is_major":"Y","name":"organizations","value":"Current Biology"},{"rank":"5","is_major":"Y","name":"subject","value":"Flowers and Plants"}],"headline":{"seo":"In Male Bowerbirds\u2019 Pursuit of Love, New Plant Life Blooms","main":"In Birds\u2019 Pursuit of Love, New Plant Life Blooms","content_kicker":"Observatory","kicker":"Observatory","print_headline":"In Birds\u2019 Pursuit of Love, New Plant Life Blooms"},"web_url":"http:\/\/www.nytimes.com\/2012\/05\/01\/science\/in-male-bowerbirds-pursuit-of-love-new-plant-life-blooms.html","date":"2012-05-01T00:00:00Z","news_desk":"Science"},{"keywords":[{"rank":"1","is_major":"Y","name":"subject","value":"Books and Literature"},{"rank":"2","is_major":"Y","name":"persons","value":"Yanagihara, Hanya"},{"rank":"3","is_major":"N","name":"creative_works","value":"A Little Life (Book)"}],"headline":{"main":"Review: \u2018A Little Life,\u2019 Hanya Yanagihara\u2019s Traumatic Tale of Male Friendship","content_kicker":"Books of The Times","kicker":"Books of The Times","print_headline":"In a Vale of Misery, the Grace of Friends   "},"web_url":"http:\/\/www.nytimes.com\/2015\/10\/01\/books\/review-a-little-life-hanya-yanagiharas-traumatic-tale-of-male-friendship.html","date":"2015-10-01T00:00:00Z","news_desk":"Culture"}]