[{"keywords":[],"headline":{"main":"Argentine Women Stage Topless Protest Claiming Sunbathers' Rights","print_headline":"Argentine Women Stage Topless Protest Claiming Sunbathers' Rights"},"web_url":"http:\/\/www.nytimes.com\/reuters\/2017\/02\/07\/world\/americas\/07reuters-argentina-protest-topless.html","date":"2017-02-07T23:00:29+0000","news_desk":null},{"keywords":[],"headline":{"main":"11-Year-Old Chicago Girl Shot in the Head Dies: Family","print_headline":"11-Year-Old Chicago Girl Shot in the Head Dies: Family"},"web_url":"http:\/\/www.nytimes.com\/reuters\/2017\/02\/14\/us\/14reuters-chicago-shooting.html","date":"2017-02-14T20:36:30+0000","news_desk":null},{"keywords":[],"headline":{"main":"Brazil Supreme Court Judge Calls for Drugs Legalization to Beat Gangs","print_headline":"Brazil Supreme Court Judge Calls for Drugs Legalization to Beat Gangs"},"web_url":"http:\/\/www.nytimes.com\/reuters\/2017\/02\/10\/world\/americas\/10reuters-brazil-supremecourt-drugs.html","date":"2017-02-10T19:06:30+0000","news_desk":null},{"keywords":[{"name":"persons","value":"EPSTEIN, CARRIE"},{"name":"glocations","value":"NEW YORK CITY"},{"name":"subject","value":"DOMESTIC VIOLENCE"}],"headline":{"main":"Battering, Metrocards, Squatters; Homicides Aren't So Rare In Domestic Violence Cases"},"web_url":"http:\/\/www.nytimes.com\/1998\/07\/26\/nyregion\/l-battering-metrocards-squatters-homicides-aren-t-so-rare-domestic-violence-cases-075957.html","date":"1998-07-26T00:00:00Z","news_desk":"The City Weekly Desk"},{"keywords":[{"rank":"1","is_major":"N","name":"subject","value":"Police"},{"rank":"2","is_major":"N","name":"subject","value":"Police Brutality, Misconduct and Shootings"},{"rank":"3","is_major":"N","name":"subject","value":"Minorities"},{"rank":"4","is_major":"N","name":"glocations","value":"England"}],"headline":{"main":"U.K. Police Look to Young Recruits to Help Shed an Image as \u2018Male, Pale and Stale\u2019","content_kicker":"Burnley Journal","kicker":"Burnley Journal","print_headline":"British Police Look to Recruits to Shed an Image as \u2018Male, Pale and Stale\u2019"},"web_url":"http:\/\/www.nytimes.com\/2017\/01\/16\/world\/europe\/uk-police-diversity.html","date":"2017-01-16T14:30:27+0000","news_desk":"Foreign"},{"keywords":[{"rank":"1","name":"type_of_material","value":"News"}],"headline":{"main":"Rankin v. McDermid","kicker":"ArtsBeat"},"web_url":"http:\/\/artsbeat.blogs.nytimes.com\/2007\/08\/16\/rankin-v-mcdermid\/","date":"2007-08-16T10:23:23Z","news_desk":null},{"keywords":[],"headline":{"main":"Timeline of the Shooting at Emanuel AME Church in Charleston","print_headline":"Timeline of the Shooting at Emanuel AME Church in Charleston"},"web_url":"http:\/\/www.nytimes.com\/aponline\/2017\/01\/10\/us\/ap-us-charleston-church-shooting-timeline.html","date":"2017-01-10T22:24:53+0000","news_desk":null},{"keywords":[{"rank":"1","is_major":"N","name":"subject","value":"Murders, Attempted Murders and Homicides"},{"rank":"2","is_major":"N","name":"subject","value":"Hate Crimes"},{"rank":"3","is_major":"N","name":"subject","value":"Indian-Americans"},{"rank":"4","is_major":"N","name":"glocations","value":"India"},{"rank":"5","is_major":"N","name":"persons","value":"Kuchibhotla, Srinivas (d 2017)"},{"rank":"6","is_major":"N","name":"persons","value":"Madasani, Alok"},{"rank":"7","is_major":"N","name":"persons","value":"Purinton, Adam W"},{"rank":"8","is_major":"N","name":"glocations","value":"Olathe (Kan)"}],"headline":{"main":"Hate Crime Is Feared as 2 Indian Engineers Are Shot in Kansas","print_headline":"Drinks at a Bar, Ethnic Insults, Then Gunshots"},"web_url":"http:\/\/www.nytimes.com\/2017\/02\/24\/world\/asia\/kansas-attack-possible-hate-crime-srinivas-kuchibhotla.html","date":"2017-02-24T09:49:05+0000","news_desk":"National"},{"keywords":[{"rank":"1","is_major":"N","name":"subject","value":"Web-Original Programming"},{"rank":"2","is_major":"N","name":"subject","value":"Movies"},{"rank":"3","is_major":"N","name":"subject","value":"Television"},{"rank":"4","is_major":"N","name":"subject","value":"Sex Crimes"},{"rank":"5","is_major":"N","name":"creative_works","value":"Sweet\/Vicious (TV Program)"},{"rank":"6","is_major":"N","name":"creative_works","value":"Elle (Movie)"},{"rank":"7","is_major":"N","name":"creative_works","value":"Game of Thrones (TV Program)"},{"rank":"8","is_major":"N","name":"creative_works","value":"I Spit on Your Grave (Movie)"},{"rank":"9","is_major":"N","name":"creative_works","value":"Jessica Jones (TV Program)"}],"headline":{"main":"How Movies and TV Address Rape and Revenge","print_headline":"Rape, Revenge and How We Watch"},"web_url":"http:\/\/www.nytimes.com\/2017\/01\/12\/arts\/television\/how-movies-and-tv-address-rape-and-revenge.html","date":"2017-01-12T11:00:26+0000","news_desk":"Arts&Leisure"},{"keywords":[{"name":"persons","value":"LEHU, PIERRE"},{"name":"persons","value":"STAPLES, BRENT"},{"name":"subject","value":"SUBURBS"},{"name":"subject","value":"BLACKS"},{"name":"subject","value":"DRUG ABUSE AND TRAFFIC"}],"headline":{"main":"Profiling and Prevention"},"web_url":"http:\/\/www.nytimes.com\/1999\/05\/11\/opinion\/l-profiling-and-prevention-628484.html","date":"1999-05-11T00:00:00Z","news_desk":"Editorial Desk"},{"keywords":[],"headline":{"main":"South African Murder Echoes Similar Killing in 2013","print_headline":"South African Murder Echoes Similar Killing in 2013"},"web_url":"http:\/\/www.nytimes.com\/aponline\/2016\/04\/05\/world\/africa\/ap-af-south-africa-murder-case.html","date":"2016-04-05T08:48:31Z","news_desk":"None"},{"keywords":[{"rank":"1","name":"type_of_material","value":"News"}],"headline":{"main":"Corrective Rape","kicker":"Schott's Vocab"},"web_url":"http:\/\/schott.blogs.nytimes.com\/2009\/03\/19\/corrective-rape\/","date":"2009-03-19T09:01:02Z","news_desk":null},{"keywords":[],"headline":{"main":"Female Afghan Cyclists Push Boundaries One Wheelie at a Time","print_headline":"Female Afghan Cyclists Push Boundaries One Wheelie at a Time"},"web_url":"http:\/\/www.nytimes.com\/reuters\/2016\/12\/07\/world\/asia\/07reuters-afghanistan-cycling.html","date":"2016-12-07T07:24:30+0000","news_desk":null},{"keywords":[{"name":"persons","value":"ZORZA, JOAN"},{"name":"persons","value":"ALTERMAN, IAN"},{"name":"organizations","value":"NATIONAL BATTERED WOMEN'S LAW PROJECT"},{"name":"subject","value":"MEN"},{"name":"subject","value":"DOMESTIC VIOLENCE"},{"name":"subject","value":"WOMEN"}],"headline":{"main":"Women Rarely Batter Men Except When Abused Themselves"},"web_url":"http:\/\/www.nytimes.com\/1994\/02\/17\/opinion\/l-women-rarely-batter-men-except-when-abused-themselves-213446.html","date":"1994-02-17T00:00:00Z","news_desk":"Editorial Desk"},{"keywords":[{"name":"glocations","value":"NEW YORK STATE"},{"name":"glocations","value":"UNITED STATES"},{"name":"organizations","value":"FEDERAL BUREAU OF INVESTIGATION"},{"name":"subject","value":"CRIME AND CRIMINALS"}],"headline":{"main":"Crime Down in '92 in New York and Nationwide"},"web_url":"http:\/\/www.nytimes.com\/1993\/10\/03\/nyregion\/crime-down-in-92-in-new-york-and-nationwide.html","date":"1993-10-03T00:00:00Z","news_desk":"Metropolitan Desk"},{"keywords":[{"rank":"3","is_major":"N","value":"New York City","name":"glocations"},{"rank":"1","is_major":"N","value":"Domestic Violence","name":"subject"},{"rank":"2","is_major":"N","value":"Women and Girls","name":"subject"}],"headline":{"main":"Domestic Violence","kicker":"Letters","print_headline":"Domestic Violence","content_kicker":"Letters"},"web_url":"http:\/\/www.nytimes.com\/2014\/03\/16\/opinion\/sunday\/domestic-violence.html","date":"2014-03-16T00:00:00Z","news_desk":"Letters"},{"keywords":[{"name":"persons","value":"MCGEE, RICHARD A"},{"name":"persons","value":"MACCORMICK, AUSTIN"},{"name":"glocations","value":"UNITED STATES"},{"name":"subject","value":"CRIME AND CRIMINALS"}],"headline":{"main":"ASSERTS U.S. FACES 'REAL CRIME WAVE'; Osborne Group Chief Blames Delinquency on Confusion, Housing, Food Shortages"},"web_url":"http:\/\/query.nytimes.com\/gst\/abstract.html?res=9E06EEDD133BE033A05755C0A9669D946793D6CF","date":"1946-10-06T00:00:00Z","news_desk":null},{"keywords":[],"headline":{"main":"Lebanese Women Protest Against Rape Law","print_headline":"Lebanese Women Protest Against Rape Law"},"web_url":"http:\/\/www.nytimes.com\/aponline\/2016\/12\/06\/world\/middleeast\/ap-ml-lebanon-rape-law.html","date":"2016-12-06T15:24:52+0000","news_desk":null},{"keywords":[{"name":"creative_works","value":"MEN ARE NOT COST-EFFECTIVE (BOOK)"},{"name":"persons","value":"STEPHENSON, JUNE"},{"name":"subject","value":"MEN"},{"name":"subject","value":"CRIME AND CRIMINALS"}],"headline":{"main":"Word for Word \/ The Sir-Charge; A Fair Lady's Question: Why Can't A Man Be More Like a Woman?"},"web_url":"http:\/\/www.nytimes.com\/1995\/05\/21\/weekinreview\/word-for-word-sir-charge-fair-lady-s-question-why-can-t-man-be-more-like-woman.html","date":"1995-05-21T00:00:00Z","news_desk":"Week in Review Desk"},{"keywords":[{"name":"subject","value":"SOCIAL CONDITIONS AND TRENDS"},{"name":"subject","value":"VIOLENCE"},{"name":"subject","value":"GUN CONTROL"},{"name":"subject","value":"FIREARMS"}],"headline":{"main":"Why Gun Laws Won't Stop Shootings"},"web_url":"http:\/\/www.nytimes.com\/1989\/02\/04\/opinion\/why-gun-laws-won-t-stop-shootings.html","date":"1989-02-04T00:00:00Z","news_desk":"Editorial Desk"}]