[{"keywords":[{"name":"subject","value":"BEAUTY INDUSTRY AND AIDS"}],"headline":{"main":"Home Permanents' Menace Beauty Trade; Male Salons Urged as New Income Aids"},"web_url":"http:\/\/query.nytimes.com\/gst\/abstract.html?res=9807E0DC1F3EE53ABC4E53DFB2668383659EDE","date":"1948-04-06T00:00:00Z","news_desk":null},{"keywords":[{"rank":"1","is_major":"N","name":"subject","value":"Women and Girls"},{"rank":"2","is_major":"N","name":"subject","value":"High Net Worth Individuals"},{"rank":"3","is_major":"N","name":"subject","value":"Executive Compensation"},{"rank":"4","is_major":"N","name":"subject","value":"Income"}],"headline":{"main":"Why Aren\u2019t There More Female Billionaires?","content_kicker":"Inside Wealth","kicker":"Inside Wealth","print_headline":"Plenty of Billionaires, but Few Are Women"},"web_url":"http:\/\/www.nytimes.com\/2016\/12\/30\/business\/why-arent-there-more-female-billionaires.html","date":"2016-12-30T18:57:49+0000","news_desk":"SundayBusiness"},{"keywords":[{"name":"subject","value":"TERMS NOT AVAILABLE"}],"headline":{"main":"NEW JERSEY JOURNAL"},"web_url":"http:\/\/www.nytimes.com\/1985\/08\/18\/nyregion\/new-jersey-journal-189986.html","date":"1985-08-18T00:00:00Z","news_desk":"New Jersey Weekly Desk"},{"keywords":[{"rank":"1","name":"subject","value":"Careers and Professions"},{"rank":"2","name":"subject","value":"Doctors"},{"rank":"3","name":"subject","value":"Gender"},{"rank":"4","name":"subject","value":"Hiring and Promotion"},{"rank":"5","name":"subject","value":"Income"},{"rank":"6","name":"subject","value":"Wages and Salaries"},{"rank":"7","name":"subject","value":"Women and Girls"}],"headline":{"main":"Among Doctors, Too, Women Are Paid Less","kicker":"Well"},"web_url":"http:\/\/well.blogs.nytimes.com\/2012\/06\/28\/among-doctors-too-women-are-paid-less\/","date":"2012-06-28T15:50:07Z","news_desk":null},{"keywords":[],"headline":{"main":"Study: Struggling College Students Get a Hand to Graduate","print_headline":"Study: Struggling College Students Get a Hand to Graduate"},"web_url":"http:\/\/www.nytimes.com\/aponline\/2017\/02\/20\/us\/politics\/ap-us-education-big-data.html","date":"2017-02-20T08:21:42+0000","news_desk":null},{"keywords":[],"headline":{"main":"Disney Plans Midnight 'Star Wars' Event to Unveil 'Last Jedi' Toys","print_headline":"Disney Plans Midnight 'Star Wars' Event to Unveil 'Last Jedi' Toys"},"web_url":"http:\/\/www.nytimes.com\/reuters\/2017\/02\/16\/arts\/16reuters-disney-starwars.html","date":"2017-02-16T11:06:29+0000","news_desk":null},{"keywords":[{"rank":"1","is_major":"N","name":"subject","value":"Education and Schools"},{"rank":"2","is_major":"N","name":"subject","value":"Income"},{"rank":"3","is_major":"N","name":"subject","value":"Economic Conditions and Trends"},{"rank":"4","is_major":"N","name":"subject","value":"Colleges and Universities"},{"rank":"5","is_major":"N","name":"subject","value":"Editorials"}],"headline":{"main":"Economic Life After College","print_headline":"Economic Life After College"},"web_url":"http:\/\/www.nytimes.com\/2007\/06\/11\/opinion\/11mon3.html","date":"2007-06-11T00:00:00Z","news_desk":"Editorial"},{"keywords":[{"name":"subject","value":"PROFESSIONS"}],"headline":{"main":"Professional Men Head List of Earners in U.S."},"web_url":"http:\/\/query.nytimes.com\/gst\/abstract.html?res=9E00E2DA1630EF3BBC4B53DFB7668388679EDE","date":"1963-01-03T00:00:00Z","news_desk":null},{"keywords":[{"rank":"1","name":"type_of_material","value":"News"}],"headline":{"main":"Income And Life Expectancy","kicker":"Paul Krugman"},"web_url":"http:\/\/krugman.blogs.nytimes.com\/2010\/11\/10\/income-and-life-expectancy\/","date":"2010-11-10T17:05:39Z","news_desk":null},{"keywords":[],"headline":{"main":"Norway May Have Woman Suffrage.","kicker":"1"},"web_url":"http:\/\/query.nytimes.com\/gst\/abstract.html?res=9F03E0DD1F38E733A25751C1A9639C946097D6CF","date":"1901-05-12T00:00:00Z","news_desk":null},{"keywords":[{"name":"subject","value":"COMPANY REPORTS"}],"headline":{"main":"Casual Male Corp reports earnings for Qtr to April 29"},"web_url":"http:\/\/www.nytimes.com\/1989\/06\/12\/business\/casual-male-corp-reports-earnings-for-qtr-to-april-29.html","date":"1989-06-12T00:00:00Z","news_desk":"Financial Desk"},{"keywords":[{"name":"subject","value":"INCOME"}],"headline":{"main":"Family Income Rose To $5,417 Peak in '59"},"web_url":"http:\/\/query.nytimes.com\/gst\/abstract.html?res=9A04E2DC123EEF3ABC4951DFB066838B679EDE","date":"1960-06-21T00:00:00Z","news_desk":null},{"keywords":[{"name":"glocations","value":"CANADA"},{"name":"subject","value":"ECONOMIC CONDITIONS AND TRENDS"}],"headline":{"main":"Canadian Income Gap"},"web_url":"http:\/\/query.nytimes.com\/gst\/abstract.html?res=9E00E3DC1F30E03ABC4953DFBE66838D669EDE","date":"1976-08-01T00:00:00Z","news_desk":null},{"keywords":[{"name":"persons","value":"DULANEY, FRANK L"}],"headline":{"main":"Nurse Admits Tax Evasion"},"web_url":"http:\/\/query.nytimes.com\/gst\/abstract.html?res=9F0CE7D81639EF3BBC4953DFB1668382679EDE","date":"1969-07-01T00:00:00Z","news_desk":null},{"keywords":[{"rank":"1","is_major":"N","name":"subject","value":"Women and Girls"},{"rank":"2","is_major":"N","name":"subject","value":"Children and Childhood"},{"rank":"3","is_major":"N","name":"subject","value":"Psychology and Psychologists"},{"rank":"4","is_major":"N","name":"subject","value":"Research"}],"headline":{"main":"Why Young Girls Don\u2019t Think They Are Smart Enough"},"web_url":"http:\/\/www.nytimes.com\/2017\/01\/26\/well\/family\/why-young-girls-dont-think-they-are-smart-enough.html","date":"2017-01-26T19:24:48+0000","news_desk":"Well"},{"keywords":[{"name":"organizations","value":"NATL ASSOC OF REAL ESTATE BDS"},{"name":"subject","value":"INCOME TAX"},{"name":"subject","value":"MORTGAGES"}],"headline":{"main":"WANT MORTGAGES TAX FREE; Real Estate Dealers Seek Action by Congress."},"web_url":"http:\/\/query.nytimes.com\/gst\/abstract.html?res=9906E5D81F3DE533A2575AC1A9679D946195D6CF","date":"1920-11-19T00:00:00Z","news_desk":null},{"keywords":[],"headline":{"main":"WOMEN'S INCOMES GOOD.; Unmarried Ones Nearly Equaled Men in State Tax Average.","kicker":"1"},"web_url":"http:\/\/query.nytimes.com\/gst\/abstract.html?res=9502E5DD133CE533A25750C0A9659C946095D6CF","date":"1921-03-03T00:00:00Z","news_desk":null},{"keywords":[],"headline":{"main":"Survey: Mayors Unified on Battling Poverty, Other Key Issues","print_headline":"Survey: Mayors Unified on Battling Poverty, Other Key Issues"},"web_url":"http:\/\/www.nytimes.com\/aponline\/2017\/01\/09\/us\/ap-us-us-mayors-priorities.html","date":"2017-01-09T23:18:47+0000","news_desk":null},{"keywords":[{"rank":"4","name":"subject","value":"Wages and Salaries"},{"rank":"3","name":"subject","value":"Unemployment"},{"rank":"2","name":"subject","value":"Men and Boys"},{"rank":"5","name":"unknown","value":"Hamilton Project"},{"rank":"1","name":"type_of_material","value":"News"}],"headline":{"main":"More on Men's Wages","kicker":"Economix"},"web_url":"http:\/\/economix.blogs.nytimes.com\/2011\/03\/04\/more-on-mens-wages\/","date":"2011-03-04T15:57:04Z","news_desk":null},{"keywords":[{"name":"subject","value":"COMPANY REPORTS"}],"headline":{"main":"Casual Male Corp reports earnings for Qtr to July 29"},"web_url":"http:\/\/www.nytimes.com\/1989\/09\/12\/business\/casual-male-corp-reports-earnings-for-qtr-to-july-29.html","date":"1989-09-12T00:00:00Z","news_desk":"Financial Desk"}]