[{"keywords":[{"name":"persons","value":"LOGAN, DAN"},{"name":"glocations","value":"UNITED STATES"},{"name":"organizations","value":"FREE MAN"},{"name":"subject","value":"MEN"},{"name":"subject","value":"BIOGRAPHICAL INFORMATION"},{"name":"subject","value":"LAW AND LEGISLATION"},{"name":"subject","value":"LOBBYING AND LOBBYISTS"}],"headline":{"main":"ASSERTING THE RIGHTS OF THE MALE"},"web_url":"http:\/\/www.nytimes.com\/1985\/11\/28\/us\/asserting-the-rights-of-the-male.html","date":"1985-11-28T00:00:00Z","news_desk":"National Desk"},{"keywords":[],"headline":{"main":"Funeral for Male Rights Activist Killed in Stunt","print_headline":"Funeral for Male Rights Activist Killed in Stunt"},"web_url":"http:\/\/www.nytimes.com\/aponline\/2013\/07\/31\/world\/asia\/ap-as-skorea-male-rights-activist.html","date":"2013-07-31T23:23:25Z","news_desk":null},{"keywords":[{"name":"glocations","value":"GREAT BRITAIN"},{"name":"subject","value":"COMMONS, HOUSE OF"}],"headline":{"main":"Male M.P.'s Maintain Rights Against Women in Commons"},"web_url":"http:\/\/query.nytimes.com\/gst\/abstract.html?res=9B04E7DE153AE532A25750C2A9659C946194D6CF","date":"1930-03-23T00:00:00Z","news_desk":null},{"keywords":[{"name":"glocations","value":"UNITED STATES"},{"name":"subject","value":"WOMEN"}],"headline":{"main":"Merger of Male, Female Civic Groups Urged At Women's Rights Celebration in Rochester"},"web_url":"http:\/\/query.nytimes.com\/gst\/abstract.html?res=9A07E2D6143DE03ABC4A51DFB1668383659EDE","date":"1948-07-22T00:00:00Z","news_desk":null},{"keywords":[],"headline":{"main":"Female Mutilation a Means of Male Power Over Women: UN Rights Chief","print_headline":"Female Mutilation a Means of Male Power Over Women: UN Rights Chief"},"web_url":"http:\/\/www.nytimes.com\/reuters\/2014\/06\/16\/world\/africa\/16reuters-health-fgm.html","date":"2014-06-16T11:44:09Z","news_desk":null},{"keywords":[{"name":"glocations","value":"NEW YORK CITY"},{"name":"subject","value":"TEACHERS AND SCHOOL EMPLOYES"}],"headline":{"main":"5 MALE TEACHERS CHARGE SEX BIAS; State Rights Unit Checking on Complaints Filed Here"},"web_url":"http:\/\/query.nytimes.com\/gst\/abstract.html?res=9E0CE6D6173EE63ABC4953DFB6678389669EDE","date":"1972-10-01T00:00:00Z","news_desk":null},{"keywords":[{"name":"glocations","value":"UNITED STATES"},{"name":"glocations","value":"NEW YORK CITY"},{"name":"subject","value":"WOMEN"},{"name":"subject","value":"HOTELS, BARS, MOTELS, NIGHT CLUBS AND RESTAURANTS"},{"name":"subject","value":"BASEBALL"},{"name":"subject","value":"NATIONAL LEAGUE"}],"headline":{"main":"CITY RIGHTS UNIT PONDERS SEX LAW; Hears Hotels' Pleas to Keep Male-Female Distinction"},"web_url":"http:\/\/query.nytimes.com\/gst\/abstract.html?res=9E07E2D91F30E73BBC4D52DFB766838A669EDE","date":"1971-01-15T00:00:00Z","news_desk":null},{"keywords":[],"headline":{"main":"$10,000 FOR RIGHTS TO 'THE MALE ANIMAL'; French Office Pays High Sum for Stock-Amateur Offering","kicker":"1"},"web_url":"http:\/\/query.nytimes.com\/gst\/abstract.html?res=9805E2DA1630E43ABC4A52DFB566838B659EDE","date":"1940-03-12T00:00:00Z","news_desk":null},{"keywords":[{"name":"glocations","value":"UNITED STATES"},{"name":"organizations","value":"PSYCHOLOGISTS, INTERNATIONAL COUNCIL OF WOMEN"},{"name":"organizations","value":"PSYCHOLOGICAL ASSN, AMERICAN"},{"name":"subject","value":"WOMEN"}],"headline":{"main":"MAN TELLS WOMEN THEY LACK RIGHTS; Psychologists Hear Plea for Change in 'Typical' Male Attitude of Prejudice"},"web_url":"http:\/\/query.nytimes.com\/gst\/abstract.html?res=9501EED8133EE23BBC4950DFBE66838C649EDE","date":"1957-08-31T00:00:00Z","news_desk":null},{"keywords":[{"name":"glocations","value":"UNITED STATES"},{"name":"glocations","value":"UNITED STATES"},{"name":"glocations","value":"UNITED STATES"},{"name":"glocations","value":"UNITED STATES"},{"name":"subject","value":"MADEMOISELLE (PUB)"},{"name":"subject","value":"VETERANS"},{"name":"subject","value":"WORLD WAR II"},{"name":"subject","value":"VETERANS"},{"name":"subject","value":"WORLD WAR II"},{"name":"subject","value":"VETERANS"},{"name":"subject","value":"WORLD WAR II"},{"name":"subject","value":"VETERANS"},{"name":"subject","value":"WORLD WAR II"}],"headline":{"main":"READJUSTMENT; Female Veterans Rate Every Consideration Provided Male Under 'Gl Bill of Rights'-- Magazine Outlines the Field"},"web_url":"http:\/\/query.nytimes.com\/gst\/abstract.html?res=9403EFDD1239E53ABC4852DFB466838D659EDE","date":"1946-02-10T00:00:00Z","news_desk":null},{"keywords":[{"name":"glocations","value":"NEW YORK CITY"},{"name":"organizations","value":"ASSOCIATION OF MEN TEACHERS AND PRINCIPALS"},{"name":"organizations","value":"BOARD OF EDUCATION"},{"name":"subject","value":"ALVORD COMPANIES, N. Y. C."},{"name":"subject","value":"TEACHERS"}],"headline":{"main":"MALE TEACHERS SEE OPENING IN POLITICS; With an Estimated Control of 20,000 Votes, They Propose to \"Fight for Rights.\""},"web_url":"http:\/\/query.nytimes.com\/gst\/abstract.html?res=9401E1DB163FE633A25751C1A9679C946296D6CF","date":"1913-01-12T00:00:00Z","news_desk":null},{"keywords":[{"name":"glocations","value":"UNITED STATES"},{"name":"subject","value":"COLLEGES AND UNIVERSITIES"},{"name":"subject","value":"NEGRO EDUC"}],"headline":{"main":"BAN ON NEGROES BY COLLEGE HOLDS; Philadelphia Judges Support Girard's Limit to 'Poor, White Male Orphans' No Legal Reason to Alter Trust 'Reassured Rights' Cited"},"web_url":"http:\/\/query.nytimes.com\/gst\/abstract.html?res=9F07E2D61E3DE03BBC4F53DFB766838D649EDE","date":"1956-01-07T00:00:00Z","news_desk":null},{"keywords":[{"name":"glocations","value":"ENGLAND"},{"name":"subject","value":"WOMAN SUFFRAGE"}],"headline":{"main":"BRITAIN HAS NEW SUFFRAGE ISSUE; Equal Rights With Male Voters Is Aim of Campaign in Which Many Veteran Women Leaders Are Active"},"web_url":"http:\/\/query.nytimes.com\/gst\/abstract.html?res=990CE0DF1139EF32A25752C0A96E9C946795D6CF","date":"1926-08-01T00:00:00Z","news_desk":null},{"keywords":[{"name":"subject","value":"SEALS AND SEALING"}],"headline":{"main":"GOVERNMENT GAINS PROFIT IN SEALING; Sells 12,920 Skins In London for $445,000 -- Leased Rights Last Year for Only $153,000. ONLY MALE ANIMALS SLAIN Protection of the Priblloff Herds Pays Well, Though Market's Demand Has Not Been Up to Normal."},"web_url":"http:\/\/query.nytimes.com\/gst\/abstract.html?res=950CE6D81330E233A2575BC1A9649D946196D6CF","date":"1910-12-18T00:00:00Z","news_desk":null},{"keywords":[{"name":"persons","value":"RYAN, JNO A"},{"name":"persons","value":"MURRAY , MARY"}],"headline":{"main":"HITS EQUAL RIGHTS AS BANE OF WOMEN; Dr. John A. Ryan Condemns the Proposed Measure Before Catholic Conference. WOMAN TAKES EXCEPTION New York Wage Earner Describes Her Own Experience in Competing With Male Workers."},"web_url":"http:\/\/query.nytimes.com\/gst\/abstract.html?res=9403EFD71F30E33ABC4B53DFB6678382639EDE","date":"1929-10-03T00:00:00Z","news_desk":null},{"keywords":[{"name":"persons","value":"BERRIEN, LURA"},{"name":"persons","value":"FROMEN, JUANITA"},{"name":"subject","value":"CITIZENSHIP"},{"name":"subject","value":"WOMEN"}],"headline":{"main":"WOMEN URGE PARITY WITH MALE CITIZENS; Speakers at Havana Conference Ask Equal Rights in Choice of Their Nationality.APPEAL TO HAGUE VOTEDResolution Asks Incorporation inProposed International Codeof Citizenship Rules. Equality Set as Goal."},"web_url":"http:\/\/query.nytimes.com\/gst\/abstract.html?res=9F01E3DC1339E03ABC4152DFB466838B629EDE","date":"1930-02-19T00:00:00Z","news_desk":null},{"keywords":[{"name":"persons","value":"WALKER, MARY E."}],"headline":{"main":"DR. MARY WALKER, CRUSADER, IS DEAD; Women's Rights Advocate, Who Wore Male Attire by Authority of Congress, Was 87. SURGEON IN THE CIVIL WAR Pioneer Suffragist and Lecturer Was a Picturesque Figure in Washington for Years."},"web_url":"http:\/\/query.nytimes.com\/gst\/abstract.html?res=9502E0D81139E13ABC4B51DFB4668382609EDE","date":"1919-02-23T00:00:00Z","news_desk":null},{"keywords":[],"headline":{"main":"PUSH FIGHT TO SAVE GARDENS FOR MEN; Male Clubs of America in Their First Convention Find Trouble in Eden; WOMEN LOSE SUFFRAGE; But the Powdered Noses Win at Dinner--Delegates at Lancaster, Pa., Visit Near-By Displays No Women Allowed to Vote Free Defends Men's Rights","kicker":"1"},"web_url":"http:\/\/query.nytimes.com\/gst\/abstract.html?res=9D02E6DE133DEF31A7575BC1A9619C946694D6CF","date":"1937-07-18T00:00:00Z","news_desk":null},{"keywords":[{"name":"persons","value":"MORRISON, REV. WM."},{"name":"persons","value":"ISRAEL, MRS."}],"headline":{"main":"Article 1 -- No Title; RESTAURANT KEEPERS' RIGHTS. Court Upholds Defendant Who Refused to Serve a Woman Because She Had No Male Escort. CONGO MISSIONARY ARRIVES. The Rev. Mr. Morrison Will Lay Before Secretary Hay Evidence of Abuses in the Free State."},"web_url":"http:\/\/query.nytimes.com\/gst\/abstract.html?res=9B01EED71F30E733A25754C1A9639C946297D6CF","date":"1903-05-17T00:00:00Z","news_desk":null},{"keywords":[],"headline":{"main":"Complaint: Hilton Paid Woman Less Than Her Son for Same Work","print_headline":"Complaint: Hilton Paid Woman Less Than Her Son for Same Work"},"web_url":"http:\/\/www.nytimes.com\/aponline\/2017\/02\/10\/us\/ap-us-hilton-gender-discrimination-suit.html","date":"2017-02-10T18:51:48+0000","news_desk":null}]