[{"keywords":[{"rank":"1","is_major":"N","name":"persons","value":"Hubbard, Ruth (1924-2016)"}],"headline":{"main":"Ruth Hubbard Challenged the Male Model of Science","kicker":"The Lives They Lived"},"web_url":"http:\/\/www.nytimes.com\/interactive\/2016\/12\/21\/magazine\/the-lives-they-lived-ruth-hubbard.html","date":"2016-12-21T12:03:02+0000","news_desk":"Magazine"},{"keywords":[{"name":"glocations","value":"UNITED STATES"},{"name":"glocations","value":"UNITED STATES"},{"name":"subject","value":"POPULATION AND VITAL STATISTICS"},{"name":"subject","value":"STATURE"},{"name":"subject","value":"APPAREL"},{"name":"subject","value":"MEN'S AND BOYS' WEAR"}],"headline":{"main":"U. S. MALE GROWS TALLER, BULKIER; Science and His Suits Show He Is Gaining in Height, and Middle Areas, Too"},"web_url":"http:\/\/query.nytimes.com\/gst\/abstract.html?res=9B04E2D91139EF3BBC4B52DFB2668383649EDE","date":"1958-04-13T00:00:00Z","news_desk":null},{"keywords":[{"name":"persons","value":"RIDDLE , OSCAR"},{"name":"persons","value":"CHAMPY"},{"name":"persons","value":"CREW , F A E"},{"name":"subject","value":"ANIMALS"},{"name":"subject","value":"SEX"}],"headline":{"main":"SCIENCE LEARNS HOW ANIMALS CHANGE SEX; Biologists Assert That High Rate of Metabolism, or Conversion of Food Into Living Matter, Produces a Male, Low Rate a Female."},"web_url":"http:\/\/query.nytimes.com\/gst\/abstract.html?res=9A04E3D81F3CE733A2575BC1A9639C946595D6CF","date":"1924-05-18T00:00:00Z","news_desk":null},{"keywords":[{"name":"organizations","value":"METROPOLITAN LIFE INS CO"},{"name":"subject","value":"BIRTH RATE"},{"name":"subject","value":"ARCHIVES OF PEDIATRICS (PUB)"},{"name":"subject","value":"ASTHMA"},{"name":"subject","value":"DIVING, SUBMARINE"},{"name":"subject","value":"INSULIN"},{"name":"subject","value":"HELIUM"}],"headline":{"main":"Science In The News; Down in the Sea With Helium Divers' Physical Reactions Nitrogen Spells Trouble Advantages of Helium Nation's Store of Helium Those Male War Babies As to Short and Long Wars Insulin for Asthma"},"web_url":"http:\/\/query.nytimes.com\/gst\/abstract.html?res=9E0CE3D9113CE73ABC4C53DFB0668382629EDE","date":"1939-06-04T00:00:00Z","news_desk":null},{"keywords":[{"name":"persons","value":"BARNARD, EUNICE FULLER"},{"name":"subject","value":"FEATURE ARTICLES"}],"headline":{"main":"In the Classroom and on the Campus; The Eagerness to Embark on New Academic Housing Plans Is Seen by Some Undergraduate Editors as a Worship of False Gods. The Extra Curricular Male. The Boom in Science."},"web_url":"http:\/\/query.nytimes.com\/gst\/abstract.html?res=9D04E0DD163BEE32A25757C1A9649D946194D6CF","date":"1930-12-14T00:00:00Z","news_desk":null},{"keywords":[{"name":"persons","value":"SMITH, G ELLIOT"},{"name":"persons","value":"BLACK, DAVIDSON"},{"name":"glocations","value":"CHINA"},{"name":"subject","value":"ARCHAEOLOGY AND PALEONTOLOGY"},{"name":"subject","value":"ANTHROPOLOGY"}],"headline":{"main":"NEW 'PEKING' SKULL SHOWS PACE SHAPE; Second Vestige of Earliest Man Pieced Together From Bits Found in Choukoutien Cave. CANINE TEETH ARE INTACT Dr. Davidson Black Says Head Is That of a Young Male--Science Hails Find as Most Important. Facial Contour Shown. Briton Says Find Is Important."},"web_url":"http:\/\/query.nytimes.com\/gst\/abstract.html?res=980CE6DB1138E03ABC4950DFB166838B629EDE","date":"1930-07-31T00:00:00Z","news_desk":null},{"keywords":[{"name":"subject","value":"TERMS NOT AVAILABLE"}],"headline":{"main":"Topics ;   More Education, Less Science ;   AphrodisiacsNonprescription nostrums cannot correct either a lack of hair or a lack of ardor, says the Food and Drug Administration, responding to Congressional interest in over-the- counter drugs. The findings are not, in any scientific sense, surprising. Claims of miraculous cures for baldness probably date back as far as baldness. And aphrodisiacs, like the legendary Spanish fly, probably have never worked any place outside the imaginations of fevered schoolboys. The F.D.A. report is unsettling nonetheless, because of its lack of science. The agency implies that, apart from a still-experimental drug made from male hormones, there are no aphrodisiacs at all, not liquor and not even perfume. It sounds as though the F.D.A. is getting too caught up in the rigor of its own research."},"web_url":"http:\/\/www.nytimes.com\/1985\/01\/17\/opinion\/topics-more-education-less-science-aphrodisiacsnonprescription-nostrums-cannot.html","date":"1985-01-17T00:00:00Z","news_desk":"Editorial Desk"},{"keywords":[],"headline":{"main":"Corrections: For the Record","print_headline":"Corrections: For the Record"},"web_url":"http:\/\/www.nytimes.com\/2007\/02\/24\/pageoneplus\/24corrections.ART-008.html","date":"2007-02-24T00:00:00Z","news_desk":"Summary"},{"keywords":[{"rank":"1","is_major":"N","name":"subject","value":"Books and Literature"},{"rank":"2","is_major":"N","name":"creative_works","value":"Testosterone Rex: Myths of Sex, Science, and Society (Book)"},{"rank":"3","is_major":"N","name":"persons","value":"Fine, Cordelia"}],"headline":{"main":"Not From Venus, Not From Mars: What We Believe About Gender and Why It\u2019s Often Wrong","content_kicker":"Nonfiction","kicker":"Nonfiction","print_headline":"Not From Venus, Not From Mars"},"web_url":"http:\/\/www.nytimes.com\/2017\/02\/23\/books\/review\/testosterone-rex-myths-of-sex-science-and-society-cordelia-fine.html","date":"2017-02-23T12:00:02+0000","news_desk":"BookReview"},{"keywords":[{"name":"glocations","value":"ISRAEL"},{"name":"subject","value":"HORMONES"},{"name":"subject","value":"MEN"},{"name":"subject","value":"ODORS"},{"name":"subject","value":"SWEAT"},{"name":"subject","value":"RESEARCH"},{"name":"subject","value":"CORRECTION STORIES"}],"headline":{"main":"Corrections"},"web_url":"http:\/\/query.nytimes.com\/gst\/fullpage.html?res=940CE6DE113EF937A15751C0A9619C8B63","date":"2007-02-24T00:00:00Z","news_desk":"Metropolitan Desk"},{"keywords":[{"name":"organizations","value":"SCIENCE"},{"name":"subject","value":"BACTERIA"},{"name":"subject","value":"CORRECTION STORIES"},{"name":"subject","value":"INSECTS"}],"headline":{"main":"Corrections"},"web_url":"http:\/\/query.nytimes.com\/gst\/fullpage.html?res=9D01E1D7143CF931A25750C0A9639C8B63","date":"2005-03-12T00:00:00Z","news_desk":"Metropolitan Desk"},{"keywords":[],"headline":{"main":"Uber to Investigate Sexual Harassment Claim by Engineer","print_headline":"Uber to Investigate Sexual Harassment Claim by Engineer"},"web_url":"http:\/\/www.nytimes.com\/aponline\/2017\/02\/20\/world\/europe\/ap-eu-uber-sexual-harassment.html","date":"2017-02-20T11:27:42+0000","news_desk":null},{"keywords":[{"rank":"1","is_major":"N","name":"subject","value":"Women and Girls"},{"rank":"2","is_major":"N","name":"subject","value":"Children and Childhood"},{"rank":"3","is_major":"N","name":"subject","value":"Psychology and Psychologists"},{"rank":"4","is_major":"N","name":"subject","value":"Research"}],"headline":{"main":"Why Young Girls Don\u2019t Think They Are Smart Enough"},"web_url":"http:\/\/www.nytimes.com\/2017\/01\/26\/well\/family\/why-young-girls-dont-think-they-are-smart-enough.html","date":"2017-01-26T19:24:48+0000","news_desk":"Well"},{"keywords":[{"rank":"1","is_major":"N","name":"subject","value":"Women and Girls"},{"rank":"2","is_major":"N","name":"subject","value":"Movies"},{"rank":"3","is_major":"N","name":"organizations","value":"Industrial Light and Magic"},{"rank":"4","is_major":"N","name":"organizations","value":"Lucasfilm Ltd"},{"rank":"5","is_major":"N","name":"persons","value":"Brennan, Lynwen"},{"rank":"6","is_major":"N","name":"persons","value":"Kennedy, Kathleen (1953- )"},{"rank":"7","is_major":"N","name":"creative_works","value":"Rogue One: A Star Wars Story (Movie)"}],"headline":{"main":"The Women of \u2018Star Wars.\u2019 (It\u2019s Not Who You Think.)","print_headline":"The Women Behind the Force"},"web_url":"http:\/\/www.nytimes.com\/2017\/02\/10\/movies\/star-wars-women-visual-effects.html","date":"2017-02-10T12:00:16+0000","news_desk":"Arts&Leisure"},{"keywords":[{"name":"persons","value":"BLOCH, DAN"},{"name":"subject","value":"WOMEN"},{"name":"subject","value":"COMPUTERS AND THE INTERNET"}],"headline":{"main":"The Nerd as Stereotype"},"web_url":"http:\/\/www.nytimes.com\/2000\/08\/03\/technology\/l-the-nerd-as-stereotype-507431.html","date":"2000-08-03T00:00:00Z","news_desk":"Circuits"},{"keywords":[{"name":"subject","value":"TERMS NOT AVAILABLE"}],"headline":{"main":"ANIMALS","kicker":"CHRISTMAS BOOKS"},"web_url":"http:\/\/www.nytimes.com\/1983\/12\/11\/books\/christmas-books-animals.html","date":"1983-12-11T00:00:00Z","news_desk":"Book Review Desk"},{"keywords":[],"headline":{"main":"Diversity in Tech: Lots of Attention, Little Progress","print_headline":"Diversity in Tech: Lots of Attention, Little Progress"},"web_url":"http:\/\/www.nytimes.com\/aponline\/2017\/01\/29\/technology\/ap-us-tec-tech-diversity-slow-crawl.html","date":"2017-01-29T15:03:37+0000","news_desk":null},{"keywords":[{"rank":"1","is_major":"N","name":"subject","value":"Testosterone"},{"rank":"2","is_major":"N","name":"subject","value":"Exercise"},{"rank":"3","is_major":"N","name":"subject","value":"Athletics and Sports"},{"rank":"4","is_major":"N","name":"subject","value":"Hormones"},{"rank":"5","is_major":"N","name":"subject","value":"Sex"}],"headline":{"main":"Men, Is Exercise Putting a Damper on Your Sex Life?","content_kicker":"Phys Ed","print_headline":"Men\u2019s Workouts Tied to Low Libido"},"web_url":"http:\/\/www.nytimes.com\/2017\/02\/22\/well\/move\/men-is-exercise-putting-a-damper-on-your-sex-life.html","date":"2017-02-22T11:00:02+0000","news_desk":"Science"},{"keywords":[],"headline":{"main":"Diversity in Tech: Lots of Attention, Little Progress","print_headline":"Diversity in Tech: Lots of Attention, Little Progress"},"web_url":"http:\/\/www.nytimes.com\/aponline\/2017\/01\/24\/technology\/ap-us-tec-tech-diversity-slow-crawl.html","date":"2017-01-24T16:51:53+0000","news_desk":null},{"keywords":[],"headline":{"main":"'Our Town' Revival at College","kicker":"1"},"web_url":"http:\/\/query.nytimes.com\/gst\/abstract.html?res=9D02EEDE173CE03ABC4B53DFB467838F649EDE","date":"1954-12-03T00:00:00Z","news_desk":null}]