[{"keywords":[],"headline":{"main":"Prostatitis - Bacterial - Chronic"},"web_url":"http:\/\/health.nytimes.com\/health\/guides\/disease\/prostatitis-chronic\/overview.html","date":null,"news_desk":null},{"keywords":[],"headline":{"main":"Infertility"},"web_url":"http:\/\/health.nytimes.com\/health\/guides\/disease\/infertility-in-men\/overview.html","date":null,"news_desk":null},{"keywords":[{"rank":"1","is_major":"N","name":"subject","value":"Politics and Government"},{"rank":"2","is_major":"N","name":"glocations","value":"South Korea"},{"rank":"3","is_major":"N","name":"glocations","value":"Denmark"},{"rank":"4","is_major":"N","name":"persons","value":"Choi Soon-sil"},{"rank":"5","is_major":"N","name":"persons","value":"Park Geun-hye"},{"rank":"6","is_major":"N","name":"subject","value":"Extortion and Blackmail"},{"rank":"7","is_major":"N","name":"persons","value":"Chung Yoo-ra"}],"headline":{"main":"Daughter of Key Figure in South Korean Scandal Is Detained in Denmark"},"web_url":"http:\/\/www.nytimes.com\/2017\/01\/02\/world\/asia\/south-korea-scandal-choi-soon-sil-daughter.html","date":"2017-01-02T11:57:34+0000","news_desk":"Foreign"},{"keywords":[{"rank":"1","name":"type_of_material","value":"News"},{"rank":"2","name":"persons","value":"Hujar, Peter"},{"rank":"3","name":"persons","value":"Mapplethorpe, Robert"},{"rank":"4","name":"subject","value":"Homosexuality and Bisexuality"},{"rank":"5","name":"subject","value":"Photography"},{"rank":"6","name":"glocations","value":"Lower East Side (Manhattan, NY)"}],"headline":{"main":"Peter Hujar\u2019s Gay Lower East Side: Out of the Shadows","kicker":"Lens"},"web_url":"https:\/\/lens.blogs.nytimes.com\/2017\/01\/23\/peter-hujars-gay-lower-east-side-out-of-the-shadows\/","date":"2017-01-23T09:00:14+0000","news_desk":null},{"keywords":[{"rank":"1","is_major":"N","name":"subject","value":"Art"},{"rank":"2","is_major":"N","name":"subject","value":"Photography"},{"rank":"3","is_major":"N","name":"glocations","value":"New York City"},{"rank":"4","is_major":"N","name":"persons","value":"Charlesworth, Sarah"},{"rank":"5","is_major":"N","name":"persons","value":"Prince, Richard"},{"rank":"6","is_major":"N","name":"persons","value":"Sherman, Cindy"},{"rank":"7","is_major":"N","name":"persons","value":"Salle, David"},{"rank":"8","is_major":"N","name":"persons","value":"Simmons, Laurie"}],"headline":{"main":"These \u201980s Artists Are More Important Than Ever","print_headline":"Back in the Frame"},"web_url":"http:\/\/www.nytimes.com\/2017\/02\/13\/t-magazine\/pictures-generation-new-york-artists-cindy-sherman-robert-longo.html","date":"2017-02-13T09:12:57+0000","news_desk":"TStyle"},{"keywords":[],"headline":{"main":"Infertility in Women"},"web_url":"http:\/\/health.nytimes.com\/health\/guides\/disease\/infertility-in-women\/overview.html","date":null,"news_desk":null},{"keywords":[{"rank":"1","is_major":"N","name":"subject","value":"Deaths (Obituaries)"},{"rank":"2","is_major":"N","name":"persons","value":"Lownes, Victor (1928-2017)"},{"rank":"3","is_major":"N","name":"organizations","value":"Playboy Magazine"},{"rank":"4","is_major":"N","name":"persons","value":"Hefner, Hugh"}],"headline":{"main":"Victor Lownes, 88, Playboy Executive Who Shaped Company\u2019s Libertine Ethic","print_headline":"Victor Lownes, 88, Rake and Colleague of Hefner"},"web_url":"http:\/\/www.nytimes.com\/2017\/01\/12\/business\/victor-lownes-playboy-magazine-executive.html","date":"2017-01-13T02:26:37+0000","news_desk":"Business"},{"keywords":[],"headline":{"main":"Urinary Tract Infection - Adults"},"web_url":"http:\/\/health.nytimes.com\/health\/guides\/disease\/urinary-tract-infection\/overview.html","date":null,"news_desk":null},{"keywords":[],"headline":{"main":"Cystitis - Acute"},"web_url":"http:\/\/health.nytimes.com\/health\/guides\/disease\/cystitis-acute-bacterial\/overview.html","date":null,"news_desk":null},{"keywords":[],"headline":{"main":"Letters"},"web_url":"http:\/\/www.nytimes.com\/2007\/04\/17\/science\/17lett.html","date":"2007-04-17T00:00:00Z","news_desk":"Science"},{"keywords":[{"rank":"1","is_major":"N","name":"subject","value":"Women's Rights"},{"rank":"2","is_major":"N","name":"persons","value":"Trump, Donald J"},{"rank":"3","is_major":"N","name":"subject","value":"United States Politics and Government"},{"rank":"4","is_major":"N","name":"persons","value":"Clinton, Hillary Rodham"},{"rank":"5","is_major":"N","name":"subject","value":"Demonstrations, Protests and Riots"},{"rank":"6","is_major":"N","name":"subject","value":"Women and Girls"},{"rank":"7","is_major":"N","name":"subject","value":"Presidential Election of 2016"},{"rank":"8","is_major":"N","name":"subject","value":"Race and Ethnicity"},{"rank":"9","is_major":"N","name":"organizations","value":"Democratic Party"}],"headline":{"main":"How a Fractious Women\u2019s Movement Came to Lead the Left","content_kicker":"Feature","kicker":"Feature","print_headline":"Forces in Opposition"},"web_url":"http:\/\/www.nytimes.com\/2017\/02\/07\/magazine\/how-a-fractious-womens-movement-came-to-lead-the-left.html","date":"2017-02-07T10:00:06+0000","news_desk":"Magazine"},{"keywords":[],"headline":{"main":"Urinary Tract Infection - Children"},"web_url":"http:\/\/health.nytimes.com\/health\/guides\/disease\/urinary-tract-infection-chronic-or-recurrent\/overview.html","date":null,"news_desk":null},{"keywords":[{"rank":"1","name":"type_of_material","value":"News"}],"headline":{"main":"Men and Women, Different but Equal: What's the Problem?","kicker":"TierneyLab"},"web_url":"http:\/\/tierneylab.blogs.nytimes.com\/2007\/09\/09\/men-and-women-different-but-equal-whats-the-problem\/","date":"2007-09-09T18:58:56Z","news_desk":null},{"keywords":[{"value":"News","name":"type_of_material","rank":"1"}],"headline":{"main":"Will Oscar Switch Teams?","kicker":"Carpetbagger"},"web_url":"http:\/\/carpetbagger.blogs.nytimes.com\/2006\/02\/07\/will-oscar-switch-teams\/","date":"2006-02-07T09:13:24Z","news_desk":null},{"keywords":[],"headline":{"main":"Stress Incontinence"},"web_url":"http:\/\/health.nytimes.com\/health\/guides\/disease\/stress-incontinence\/overview.html","date":null,"news_desk":null},{"keywords":[{"name":"subject","value":"MEN"},{"name":"subject","value":"MINORITIES (US)"},{"name":"subject","value":"RETAIL STORES AND TRADE"},{"name":"subject","value":"COMPUTERS AND THE INTERNET"}],"headline":{"main":"The Web's User Profile Undergoes a Broad Transformation"},"web_url":"http:\/\/www.nytimes.com\/2000\/06\/07\/business\/the-web-s-user-profile-undergoes-a-broad-transformation.html","date":"2000-06-07T00:00:00Z","news_desk":"E-Commerce"},{"keywords":[{"name":"glocations","value":"CHINA"},{"name":"organizations","value":"VOGUE"},{"name":"subject","value":"MAGAZINES"},{"name":"subject","value":"CULTURE"}],"headline":{"main":"Fashion Magazines Rush to Mold China's Sense of Style","kicker":"MEDIA"},"web_url":"http:\/\/www.nytimes.com\/2005\/10\/03\/business\/worldbusiness\/03vogue.html","date":"2005-10-03T00:00:00Z","news_desk":"Business\/Financial Desk"},{"keywords":[{"name":"glocations","value":"SOUTH KOREA"},{"name":"glocations","value":"FAR EAST, SOUTH AND SOUTHEAST ASIA AND PACIFIC AREAS"},{"name":"subject","value":"ENTERTAINMENT AND AMUSEMENTS"},{"name":"subject","value":"TRAVEL AND VACATIONS"}],"headline":{"main":"Roll Over, Godzilla: Korea Rules"},"web_url":"http:\/\/www.nytimes.com\/2005\/06\/28\/international\/asia\/28wave.html","date":"2005-06-28T00:00:00Z","news_desk":"Foreign Desk"},{"keywords":[],"headline":{"main":"Urinary Incontinence"},"web_url":"http:\/\/health.nytimes.com\/health\/guides\/symptoms\/urinary-incontinence\/overview.html","date":null,"news_desk":null},{"keywords":[{"rank":"1","is_major":"Y","name":"organizations","value":"Gawker Media"},{"rank":"2","is_major":"N","name":"organizations","value":"Gawker.com"},{"rank":"3","is_major":"N","name":"persons","value":"Denton, Nick"}],"headline":{"main":"Gawker to Retool as Politics Site","print_headline":"Gawker.com Will Switch Its Focus to Political News "},"web_url":"http:\/\/www.nytimes.com\/2015\/11\/18\/business\/media\/gawker-politics-media.html","date":"2015-11-18T00:00:00Z","news_desk":"Business"}]