[{"keywords":[{"rank":"1","is_major":"N","name":"persons","value":"Barrett, Neil"},{"rank":"2","is_major":"N","name":"subject","value":"Fashion and Apparel"},{"rank":"3","is_major":"N","name":"organizations","value":"Central Saint Martins College of Art and Design"},{"rank":"4","is_major":"N","name":"glocations","value":"Milan (Italy)"}],"headline":{"main":"Neil Barrett\u2019s Gender-Blur Army","content_kicker":"Fashion Review","kicker":"Fashion Review","print_headline":"Neil Barrett\u2019s Gender-Blur Army"},"web_url":"http:\/\/www.nytimes.com\/2017\/01\/15\/fashion\/mens-style\/neil-barrett-fashion-show-milan-gender-blur.html","date":"2017-01-15T22:49:47+0000","news_desk":"Styles"},{"keywords":[{"rank":"1","is_major":"N","name":"subject","value":"Fashion and Apparel"},{"rank":"2","is_major":"N","name":"organizations","value":"Calvin Klein Inc"},{"rank":"3","is_major":"N","name":"persons","value":"Simons, Raf"}],"headline":{"main":"10 Standout Moments of Raf Simons\u2019s Career"},"web_url":"http:\/\/www.nytimes.com\/2017\/02\/09\/t-magazine\/fashion\/raf-simons-calvin-klein-debut-expect.html","date":"2017-02-09T22:53:39+0000","news_desk":"TStyle"},{"keywords":[{"rank":"1","is_major":"N","name":"subject","value":"Art"},{"rank":"2","is_major":"N","name":"persons","value":"Yi, Anicka"}],"headline":{"main":"Anicka Yi Is Inventing a New Kind of Conceptual Art","print_headline":"Burn After Reading"},"web_url":"http:\/\/www.nytimes.com\/2017\/02\/14\/t-magazine\/art\/anicka-yi.html","date":"2017-02-14T16:02:12+0000","news_desk":"TStyle"},{"keywords":[{"rank":"1","is_major":"N","name":"persons","value":"Prada, Miuccia"},{"rank":"2","is_major":"N","name":"subject","value":"Men's Fashion Week"},{"rank":"3","is_major":"N","name":"subject","value":"Milan Fashion Week"},{"rank":"4","is_major":"N","name":"persons","value":"Versace, Donatella"},{"rank":"5","is_major":"N","name":"persons","value":"Missoni, Angela"},{"rank":"6","is_major":"N","name":"subject","value":"Fashion and Apparel"}],"headline":{"main":"At Milan Men\u2019s Fashion Week, Prada and Versace Take It Down a Notch","content_kicker":"Critic\u2019s Notebook","kicker":"Critic\u2019s Notebook","print_headline":"Down a Notch"},"web_url":"http:\/\/www.nytimes.com\/2017\/01\/17\/fashion\/mens-style\/prada-versace-missoni-tods-milan-mens-fashion-week.html","date":"2017-01-17T22:05:50+0000","news_desk":"Styles"},{"keywords":[{"rank":"1","is_major":"N","name":"subject","value":"Fashion and Apparel"},{"rank":"2","is_major":"N","name":"subject","value":"Design"},{"rank":"3","is_major":"N","name":"subject","value":"Cosmetics and Toiletries"},{"rank":"4","is_major":"N","name":"organizations","value":"Bruta (Fashion Label)"},{"rank":"5","is_major":"N","name":"organizations","value":"Doen (Fashion Label)"},{"rank":"6","is_major":"N","name":"organizations","value":"Khaite (Fashion Label)"},{"rank":"7","is_major":"N","name":"organizations","value":"Kosas Cosmetics"},{"rank":"8","is_major":"N","name":"organizations","value":"her the label pty ltd"},{"rank":"9","is_major":"N","name":"persons","value":"Nicholson, Kenneth (Fashion Designer)"}],"headline":{"main":"Fifteen Interesting New Brands We Discovered in 2016"},"web_url":"http:\/\/www.nytimes.com\/2016\/12\/19\/t-magazine\/fashion\/best-new-brands-doen-kosas-khaite-dilara-findikoglu.html","date":"2016-12-19T09:36:27+0000","news_desk":"TStyle"},{"keywords":[{"rank":"1","name":"persons","value":"Willhelm, Bernhard"},{"rank":"1","name":"glocations","value":"Los Angeles (Calif)"},{"rank":"1","name":"organizations","value":"Los Angeles Museum of Contemporary Art"},{"rank":"1","name":"subject","value":"Art"},{"rank":"2","name":"subject","value":"Design"},{"rank":"3","name":"subject","value":"Fashion and Apparel"}],"headline":{"main":"A Fashion Designer Stages an Erotic Exhibition in Lieu of a Runway ","kicker":"T Magazine"},"web_url":"http:\/\/tmagazine.blogs.nytimes.com\/2015\/02\/06\/bernhard-willhelm-moca-exhibit\/","date":"2015-02-06T11:30:06Z","news_desk":"TStyle"},{"keywords":[{"rank":"1","is_major":"N","name":"persons","value":"Rubin, Ezra (Kingdom)"},{"rank":"2","is_major":"N","name":"creative_works","value":"Tears in the Club (Album)"},{"rank":"3","is_major":"N","name":"subject","value":"Music"}],"headline":{"main":"Kingdom Rises From the Underground With Off-Kilter R&B","print_headline":"Rising From the Underground With Off-Kilter R&amp;B"},"web_url":"http:\/\/www.nytimes.com\/2017\/02\/22\/arts\/music\/kingdom-tears-in-the-club-interview.html","date":"2017-02-22T21:51:28+0000","news_desk":"Culture"},{"keywords":[{"rank":"5","is_major":"N","value":"Chairs","name":"subject"},{"rank":"7","is_major":"N","value":"Kitchens","name":"subject"},{"rank":"3","is_major":"Y","value":"Museum of Modern Art","name":"organizations"},{"rank":"6","is_major":"N","value":"Interior Design and Furnishings","name":"subject"},{"rank":"8","is_major":"N","value":"Cookware","name":"subject"},{"rank":"1","is_major":"Y","value":"Design","name":"subject"},{"rank":"2","is_major":"N","value":"Women and Girls","name":"subject"},{"rank":"4","is_major":"Y","value":"Art","name":"subject"}],"headline":{"seo":"\u2018Designing Modern Women 1890-1990,\u2019 at MoMA","main":"Shaping the Future, in the Kitchen and Beyond","kicker":"Art Review","print_headline":"Shaping the Future, in the Kitchen and Beyond","content_kicker":"Art Review"},"web_url":"http:\/\/www.nytimes.com\/2013\/11\/01\/arts\/design\/designing-modern-women-1890-1990-at-moma.html","date":"2013-11-01T00:00:00Z","news_desk":"Weekend"},{"keywords":[{"rank":"1","is_major":"N","name":"subject","value":"Art"},{"rank":"2","is_major":"N","name":"subject","value":"Museums"},{"rank":"3","is_major":"N","name":"subject","value":"Presidential Election of 2016"}],"headline":{"main":"The Best Art of 2016","print_headline":"Business as Usual? Not for the Best Shows"},"web_url":"http:\/\/www.nytimes.com\/2016\/12\/07\/arts\/design\/best-art.html","date":"2016-12-07T17:54:39+0000","news_desk":"Arts&Leisure"},{"keywords":[{"rank":"1","is_major":"N","value":"Fashion and Apparel","name":"subject"},{"rank":"2","is_major":"N","value":"Books and Literature","name":"subject"},{"rank":"3","is_major":"N","value":"Fairy Tales","name":"subject"}],"headline":{"seo":"Lacroix and Blahnik Star in Fashion Fairy Tales","main":"Everyone Wants to Be Cinderella","print_headline":"Everyone Wants to Be Cinderella"},"web_url":"http:\/\/www.nytimes.com\/2012\/03\/01\/fashion\/lacroix-and-blahnik-star-in-fashion-fairy-tales.html","date":"2012-03-01T00:00:00Z","news_desk":"Styles"},{"keywords":[{"rank":"1","is_major":"N","value":"Tunisia","name":"glocations"},{"rank":"2","is_major":"N","value":"Fashion and Apparel","name":"subject"}],"headline":{"main":"A Revolution Sallies Forth on the Tunisian Runway","print_headline":"A Revolution Sallies Forth on the Tunisian Runway","content_kicker":"I.H.T. Special Section: Middle East"},"web_url":"http:\/\/www.nytimes.com\/2011\/04\/28\/world\/middleeast\/28iht-M28B-TUNISIA-FASHION.html","date":"2011-04-28T00:00:00Z","news_desk":"Foreign"},{"keywords":[{"rank":"1","is_major":"Y","value":"Bassman, Lillian","name":"persons"},{"rank":"2","is_major":"N","value":"Photography","name":"subject"},{"rank":"3","is_major":"Y","value":"Deaths (Obituaries)","name":"subject"},{"rank":"4","is_major":"N","value":"Fashion and Apparel","name":"subject"},{"rank":"5","is_major":"N","value":"Harper's Bazaar","name":"organizations"}],"headline":{"seo":"Lillian Bassman, Fashion and Fine-Art Photographer, Dies at 94","main":"Lillian Bassman, Fashion and Fine-Art Photographer, Dies at 94","print_headline":"Lillian Bassman, 94, Photographer, Dies"},"web_url":"http:\/\/www.nytimes.com\/2012\/02\/14\/arts\/design\/lillian-bassman-fashion-and-fine-art-photographer-dies-at-94.html","date":"2012-02-14T00:00:00Z","news_desk":"Culture"},{"keywords":[{"rank":"5","is_major":"N","value":"Fashion and Apparel","name":"subject"},{"rank":"1","is_major":"Y","value":"New York Fashion Week","name":"subject"},{"rank":"3","is_major":"Y","value":"Lim, Phillip","name":"persons"},{"rank":"4","is_major":"Y","value":"Browne, Thom","name":"persons"},{"rank":"2","is_major":"Y","value":"Karan, Donna","name":"persons"}],"headline":{"main":"Donna Karan: Three Decades in Fashion","kicker":"Fashion Review","print_headline":"A 30-Year Affair With the City","content_kicker":"Fashion Review"},"web_url":"http:\/\/www.nytimes.com\/2014\/02\/12\/fashion\/donna-karan-marks-30-years-in-fashion.html","date":"2014-02-12T00:00:00Z","news_desk":"Styles"},{"keywords":[{"rank":"1","is_major":"Y","name":"subject","value":"Fashion and Apparel"},{"rank":"2","is_major":"Y","name":"subject","value":"Suits (Apparel)"},{"rank":"3","is_major":"N","name":"subject","value":"Men and Boys"},{"rank":"4","is_major":"N","name":"organizations","value":"Berluti"},{"rank":"5","is_major":"N","name":"persons","value":"O'Shea, Justin"}],"headline":{"main":"Why Is the Men\u2019s Fashion Industry in Such Turmoil?","content_kicker":"Critic's Notebook","kicker":"Critic's Notebook","print_headline":"Catering to the Suit Haters"},"web_url":"http:\/\/www.nytimes.com\/2016\/04\/14\/fashion\/mens-style\/mens-fashion-saint-laurent-brioni-berluti.html","date":"2016-04-14T00:00:00Z","news_desk":"Styles"},{"keywords":[{"rank":"1","is_major":"N","name":"subject","value":"Fashion and Apparel"},{"rank":"2","is_major":"N","name":"organizations","value":"Christian Dior SA"},{"rank":"3","is_major":"N","name":"persons","value":"Chiuri, Maria Grazia"}],"headline":{"main":"What to Know About Dior\u2019s New Artistic Director, Maria Grazia Chiuri"},"web_url":"http:\/\/www.nytimes.com\/2016\/07\/08\/t-magazine\/fashion\/maria-grazia-chiuri-dior.html","date":"2016-07-08T00:00:00Z","news_desk":"TStyle"},{"keywords":[{"rank":"1","is_major":"N","name":"persons","value":"Varvatos, John"},{"rank":"2","is_major":"N","name":"persons","value":"Simons, Raf"},{"rank":"3","is_major":"N","name":"persons","value":"Lauren, Ralph"},{"rank":"4","is_major":"N","name":"subject","value":"New York Fashion Week"},{"rank":"5","is_major":"N","name":"subject","value":"Men's Fashion Week"}],"headline":{"main":"Men\u2019s Runways Are Threaded With Dissent","content_kicker":"Critic's Notebook","kicker":"Critic's Notebook","print_headline":"Threaded With Dissent"},"web_url":"http:\/\/www.nytimes.com\/2017\/02\/03\/fashion\/mens-style\/new-york-fashion-week-mens-international-immigration-trump.html","date":"2017-02-03T22:46:41+0000","news_desk":"Styles"},{"keywords":[{"rank":"1","is_major":"Y","value":"Fashion and Apparel","name":"subject"},{"rank":"2","is_major":"Y","value":"Prada, Miuccia","name":"persons"},{"rank":"3","is_major":"Y","value":"Schiaparelli, Elsa","name":"persons"},{"rank":"4","is_major":"Y","value":"Costume Institute","name":"organizations"},{"rank":"5","is_major":"N","value":"Metropolitan Museum of Art","name":"organizations"},{"rank":"6","is_major":"N","value":"Women and Girls","name":"subject"}],"headline":{"seo":"Schiaparelli and Prada Connected With Women\u2019s Inner Feelings","main":"The Edge Goes to the Women","print_headline":"The Edge Goes to the Women"},"web_url":"http:\/\/www.nytimes.com\/2012\/04\/12\/fashion\/schiaparelli-and-prada-connected-with-womens-inner-feelings.html","date":"2012-04-12T00:00:00Z","news_desk":"Styles"},{"keywords":[{"rank":"1","name":"persons","value":"de la Renta, Oscar"},{"rank":"2","name":"persons","value":"Love, Reggie"},{"rank":"3","name":"persons","value":"Michele, Alessandro"},{"rank":"4","name":"persons","value":"Owens, Rick"},{"rank":"5","name":"persons","value":"Talley, Andre Leon"},{"rank":"6","name":"persons","value":"Wang, Alexander (1983- )"},{"rank":"1","name":"organizations","value":"Chanel SA"},{"rank":"2","name":"organizations","value":"Costume Institute"},{"rank":"3","name":"organizations","value":"Gucci"},{"rank":"4","name":"organizations","value":"JC Penney Company Inc"},{"rank":"5","name":"organizations","value":"Savannah College of Art and Design"},{"rank":"1","name":"subject","value":"Fashion and Apparel"}],"headline":{"main":"Gucci's New Guy, the Return of the J. C. Penney Catalog and Alexander Wang's Bean Baggage","kicker":"T Magazine"},"web_url":"http:\/\/tmagazine.blogs.nytimes.com\/2015\/01\/23\/fashion-news-guccis-new-guy-j-c-penney-catalog-alexander-wang-bean-baggage\/","date":"2015-01-23T13:35:01Z","news_desk":"TStyle"},{"keywords":[{"rank":"1","is_major":"Y","name":"persons","value":"Perry, Grayson"},{"rank":"2","is_major":"N","name":"subject","value":"Transvestism"},{"rank":"3","is_major":"N","name":"subject","value":"Ceramics and Pottery"},{"rank":"4","is_major":"N","name":"subject","value":"Men and Boys"},{"rank":"5","is_major":"N","name":"glocations","value":"England"},{"rank":"7","is_major":"Y","name":"creative_works","value":"Grayson Perry: All Man (TV Program)"},{"rank":"8","is_major":"Y","name":"subject","value":"Art"},{"rank":"9","is_major":"Y","name":"subject","value":"Fashion and Apparel"},{"rank":"10","is_major":"Y","name":"subject","value":"Television"}],"headline":{"main":"The Man in the Pink Floral Dress","print_headline":"The Man in the Pink Floral Dress"},"web_url":"http:\/\/www.nytimes.com\/2016\/06\/12\/fashion\/grayson-perry-male-identity.html","date":"2016-06-10T09:00:28+0000","news_desk":"Styles"},{"keywords":[{"rank":"1","is_major":"N","name":"subject","value":"Fashion and Apparel"},{"rank":"2","is_major":"N","name":"subject","value":"New York Fashion Week"},{"rank":"3","is_major":"N","name":"organizations","value":"Eckhaus Latta"},{"rank":"4","is_major":"N","name":"persons","value":"Eckhaus, Mike"},{"rank":"5","is_major":"N","name":"persons","value":"Latta, Zoe"}],"headline":{"main":"On This Runway, Non-Models and Cool Kids"},"web_url":"http:\/\/www.nytimes.com\/2016\/09\/10\/fashion\/eckhaus-latta-casting-new-york-fashion-week.html","date":"2016-09-10T04:00:00+0000","news_desk":"Styles"}]