[{"keywords":[],"headline":{"main":"U. Of Iowa Settles Male Track Coach Discrimination Lawsuit","print_headline":"U. Of Iowa Settles Male Track Coach Discrimination Lawsuit"},"web_url":"http:\/\/www.nytimes.com\/aponline\/2016\/01\/27\/us\/ap-us-iowa-athletics-gender.html","date":"2016-01-27T10:14:27Z","news_desk":"None"},{"keywords":[{"rank":"1","is_major":"N","name":"persons","value":"Wildhaber, Keith W (1972- )"},{"rank":"2","is_major":"N","name":"subject","value":"Police"},{"rank":"3","is_major":"N","name":"glocations","value":"St Louis County (Mo)"},{"rank":"4","is_major":"N","name":"subject","value":"Suits and Litigation (Civil)"},{"rank":"5","is_major":"N","name":"subject","value":"Discrimination"},{"rank":"6","is_major":"N","name":"subject","value":"Homosexuality and Bisexuality"},{"rank":"7","is_major":"N","name":"subject","value":"Hiring and Promotion"}],"headline":{"main":"\u2018Tone Down Your Gayness\u2019: St. Louis Police Officer Files Discrimination Suit"},"web_url":"http:\/\/www.nytimes.com\/2017\/02\/17\/us\/st-louis-cop-gay.html","date":"2017-02-17T20:09:51+0000","news_desk":"National"},{"keywords":[{"rank":"1","is_major":"N","name":"subject","value":"Discrimination"},{"rank":"2","is_major":"N","name":"subject","value":"Transgender and Transsexuals"},{"rank":"3","is_major":"N","name":"subject","value":"Title IX (Gender Discrimination Legislation)"},{"rank":"4","is_major":"N","name":"subject","value":"Education (K-12)"},{"rank":"5","is_major":"N","name":"subject","value":"Bathrooms and Toilets"},{"rank":"6","is_major":"N","name":"persons","value":"Trump, Donald J"},{"rank":"7","is_major":"N","name":"subject","value":"United States Politics and Government"},{"rank":"8","is_major":"N","name":"organizations","value":"Education Department (US)"},{"rank":"9","is_major":"N","name":"organizations","value":"Justice Department"}],"headline":{"main":"Trump Will Lose the Fight Over Bathrooms for Transgender Students","content_kicker":"Op-Ed Contributor","kicker":"Op-Ed Contributor","print_headline":"Transgender Students Will Win"},"web_url":"http:\/\/www.nytimes.com\/2017\/02\/23\/opinion\/trump-will-lose-the-fight-over-bathrooms-for-transgender-students.html","date":"2017-02-23T15:04:39+0000","news_desk":"OpEd"},{"keywords":[],"headline":{"main":"Signet Tumbles After Report of Harassment at Subsidiary","print_headline":"Signet Tumbles After Report of Harassment at Subsidiary"},"web_url":"http:\/\/www.nytimes.com\/aponline\/2017\/02\/28\/us\/politics\/ap-us-sterling-jewelers-stock.html","date":"2017-02-28T20:51:54+0000","news_desk":null},{"keywords":[{"rank":"1","is_major":"N","name":"subject","value":"Discrimination"},{"rank":"2","is_major":"N","name":"subject","value":"Sexual Harassment"},{"rank":"3","is_major":"N","name":"subject","value":"Arbitration, Conciliation and Mediation"},{"rank":"4","is_major":"N","name":"subject","value":"Women and Girls"},{"rank":"5","is_major":"N","name":"organizations","value":"Signet Jewelers Ltd"},{"rank":"6","is_major":"N","name":"organizations","value":"Sterling Jewelers Inc"}],"headline":{"main":"Hundreds of Workers Allege Sex Bias by Jeweler, Files Show","print_headline":"Ex-Employees Say Sex Bias Was Common at a Jeweler"},"web_url":"http:\/\/www.nytimes.com\/2017\/02\/28\/business\/sterling-kay-jewelers-jared.html","date":"2017-03-01T01:32:03+0000","news_desk":"Business"},{"keywords":[],"headline":{"main":"Complaint: Hilton Paid Woman Less Than Her Son for Same Work","print_headline":"Complaint: Hilton Paid Woman Less Than Her Son for Same Work"},"web_url":"http:\/\/www.nytimes.com\/aponline\/2017\/02\/10\/us\/ap-us-hilton-gender-discrimination-suit.html","date":"2017-02-10T18:51:48+0000","news_desk":null},{"keywords":[],"headline":{"main":"Italy's Anti-Discrimination Chief Quits After Gay Sex Club Scandal","print_headline":"Italy's Anti-Discrimination Chief Quits After Gay Sex Club Scandal"},"web_url":"http:\/\/www.nytimes.com\/reuters\/2017\/02\/20\/world\/europe\/20reuters-italy-discrimination.html","date":"2017-02-20T20:12:28+0000","news_desk":null},{"keywords":[{"rank":"1","is_major":"N","name":"subject","value":"Discrimination"},{"rank":"2","is_major":"N","name":"subject","value":"Colleges and Universities"},{"rank":"3","is_major":"N","name":"subject","value":"Sexual Harassment"},{"rank":"4","is_major":"N","name":"subject","value":"Title IX (Gender Discrimination Legislation)"},{"rank":"5","is_major":"N","name":"subject","value":"Women and Girls"},{"rank":"6","is_major":"N","name":"subject","value":"Civil Rights and Liberties"},{"rank":"7","is_major":"N","name":"subject","value":"Gender"},{"rank":"8","is_major":"N","name":"organizations","value":"Education Department (US)"},{"rank":"9","is_major":"N","name":"persons","value":"DeVos, Elizabeth (1958- )"},{"rank":"10","is_major":"N","name":"persons","value":"Trump, Donald J"}],"headline":{"main":"Fighting College Sexual Assault in the Trump Era","content_kicker":"Op-Ed Contributor","kicker":"Op-Ed Contributor"},"web_url":"http:\/\/www.nytimes.com\/2017\/02\/15\/opinion\/fighting-college-sexual-assault-in-the-trump-era.html","date":"2017-02-15T20:10:26+0000","news_desk":"OpEd"},{"keywords":[{"rank":"1","name":"type_of_material","value":"News"},{"rank":"10","name":"organizations","value":"New York Times"},{"rank":"11","name":"organizations","value":"World Press Photo Foundation"},{"rank":"12","name":"glocations","value":"Afghanistan"},{"rank":"13","name":"glocations","value":"China"},{"rank":"14","name":"glocations","value":"Europe"},{"rank":"2","name":"persons","value":"Addario, Lynsey"},{"rank":"3","name":"persons","value":"McNally, Michele"},{"rank":"4","name":"persons","value":"Sim Chi Yin (Photographer)"},{"rank":"5","name":"subject","value":"Discrimination"},{"rank":"6","name":"subject","value":"Hiring and Promotion"},{"rank":"7","name":"subject","value":"Photography"},{"rank":"8","name":"subject","value":"Women and Girls"},{"rank":"9","name":"subject","value":"Women&#039;s Rights"}],"headline":{"main":"Highlighting Women in Photojournalism","kicker":"Lens"},"web_url":"https:\/\/lens.blogs.nytimes.com\/2017\/02\/01\/highlighting-women-in-photojournalism\/","date":"2017-02-01T17:16:44+0000","news_desk":null},{"keywords":[{"name":"persons","value":"KNAPLUND, VIRGINIA"},{"name":"glocations","value":"NEW YORK STATE"},{"name":"subject","value":"EDUCATION AND SCHOOLS"},{"name":"subject","value":"DISCRIMINATION"},{"name":"subject","value":"WOMEN"},{"name":"subject","value":"ATHLETICS AND SPORTS"}],"headline":{"main":"CONFRONTING STEREOTYPES IN YONKERS FOOTBALL SUIT","kicker":"WESTCHESTER OPINION"},"web_url":"http:\/\/www.nytimes.com\/1985\/11\/17\/nyregion\/westchester-opinion-confronting-stereotypes-in-yonkers-football-suit.html","date":"1985-11-17T00:00:00Z","news_desk":"Westchester Weekly Desk"},{"keywords":[],"headline":{"main":"No Muslims, No Single Women: Housing Bias Turning Indian Cities Into Ghettos","print_headline":"No Muslims, No Single Women: Housing Bias Turning Indian Cities Into Ghettos"},"web_url":"http:\/\/www.nytimes.com\/reuters\/2017\/01\/23\/world\/asia\/23reuters-india-cities-ghettos.html","date":"2017-01-23T16:03:32+0000","news_desk":null},{"keywords":[{"rank":"1","is_major":"N","name":"subject","value":"Discrimination"},{"rank":"2","is_major":"N","name":"subject","value":"Automobile Racing"},{"rank":"3","is_major":"N","name":"organizations","value":"National Assn of Stock Car Auto Racing"},{"rank":"4","is_major":"N","name":"subject","value":"Sexual Harassment"},{"rank":"5","is_major":"N","name":"subject","value":"Suits and Litigation"}],"headline":{"main":"Former Official Sues Nascar","print_headline":"Former Official Sues Nascar"},"web_url":"http:\/\/www.nytimes.com\/2008\/06\/11\/sports\/othersports\/11nascar.html","date":"2008-06-11T00:00:00Z","news_desk":"Sports"},{"keywords":[],"headline":{"main":"Notable Workers' Rights Cases Heard by Neil Gorsuch","print_headline":"Notable Workers' Rights Cases Heard by Neil Gorsuch"},"web_url":"http:\/\/www.nytimes.com\/aponline\/2017\/02\/25\/us\/ap-us-supreme-court-gorsuch-workers-rights-glance.html","date":"2017-02-25T14:39:32+0000","news_desk":null},{"keywords":[{"rank":"1","is_major":"N","name":"subject","value":"Discrimination"},{"rank":"2","is_major":"N","name":"subject","value":"Women and Girls"},{"rank":"3","is_major":"N","name":"subject","value":"Workplace Environment"},{"rank":"4","is_major":"N","name":"subject","value":"Labor and Jobs"},{"rank":"5","is_major":"N","name":"glocations","value":"Great Britain"}],"headline":{"main":"Sent Home for Not Wearing Heels, She Ignited a British Rebellion","print_headline":"Ordered to Wear Heels, She Ignited a Rebellion"},"web_url":"http:\/\/www.nytimes.com\/2017\/01\/25\/world\/europe\/high-heels-british-inquiry-dress-codes-women.html","date":"2017-01-25T21:17:49+0000","news_desk":"Foreign"},{"keywords":[],"headline":{"main":"U.S. Sues Oracle, Alleges Salary and Hiring Discrimination","print_headline":"U.S. Sues Oracle, Alleges Salary and Hiring Discrimination"},"web_url":"http:\/\/www.nytimes.com\/reuters\/2017\/01\/18\/business\/18reuters-oracle-usa-labor.html","date":"2017-01-18T18:18:37+0000","news_desk":null},{"keywords":[],"headline":{"main":"Gorsuch Rulings in Some Notable Employee's Rights Cases","print_headline":"Gorsuch Rulings in Some Notable Employee's Rights Cases"},"web_url":"http:\/\/www.nytimes.com\/aponline\/2017\/02\/27\/us\/ap-us-supreme-court-gorsuch-workers-rights-glance.html","date":"2017-02-27T08:27:37+0000","news_desk":null},{"keywords":[{"rank":"1","is_major":"N","name":"organizations","value":"Secret Service"},{"rank":"2","is_major":"N","name":"persons","value":"Moore, Reginald G (Ray)"},{"rank":"3","is_major":"N","name":"subject","value":"Blacks"},{"rank":"4","is_major":"N","name":"subject","value":"Discrimination"},{"rank":"5","is_major":"N","name":"subject","value":"Hiring and Promotion"},{"rank":"6","is_major":"N","name":"subject","value":"Suits and Litigation (Civil)"}],"headline":{"main":"A Secret Service Agent\u2019s Path From Recruitment to Bias Lawsuit","print_headline":"A Secret Service Agent\u2019s Path From Recruitment to Bias Lawsuit"},"web_url":"http:\/\/www.nytimes.com\/2017\/02\/25\/us\/secret-service-bias-lawsuit-ray-moore.html","date":"2017-02-25T20:14:58+0000","news_desk":"National"},{"keywords":[],"headline":{"main":"California Lawmakers Want Third-Gender Option on IDs","print_headline":"California Lawmakers Want Third-Gender Option on IDs"},"web_url":"http:\/\/www.nytimes.com\/aponline\/2017\/01\/26\/us\/ap-us-gender-state-ids.html","date":"2017-01-26T22:37:04+0000","news_desk":null},{"keywords":[],"headline":{"main":"Parents of Transgender Students Appeal to Trump on Bathrooms","print_headline":"Parents of Transgender Students Appeal to Trump on Bathrooms"},"web_url":"http:\/\/www.nytimes.com\/aponline\/2017\/02\/15\/us\/politics\/ap-us-lgbt-rights.html","date":"2017-02-15T05:03:47+0000","news_desk":null},{"keywords":[],"headline":{"main":"Swimsuit Costs Cause Stir at Chicago-Area School District","print_headline":"Swimsuit Costs Cause Stir at Chicago-Area School District"},"web_url":"http:\/\/www.nytimes.com\/aponline\/2017\/02\/11\/us\/ap-us-swimsuit-discrimination-illinois.html","date":"2017-02-12T04:39:33+0000","news_desk":null}]