[{"keywords":[{"name":"glocations","value":"UNITED STATES"},{"name":"subject","value":"DIVORCE, SEPARATIONS AND ANNULMENTS"}],"headline":{"main":"State Senate Backs Male Alimony Suits"},"web_url":"http:\/\/query.nytimes.com\/gst\/abstract.html?res=9403EED91F3CE13BBC4E51DFB466838F669EDE","date":"1974-02-26T00:00:00Z","news_desk":null},{"keywords":[],"headline":{"main":"State Senate Backs Male Alimony Suits","kicker":"1"},"web_url":"http:\/\/query.nytimes.com\/gst\/abstract.html?res=9D07E3D81F3CE13BBC4E51DFB466838F669EDE","date":"1974-02-26T00:00:00Z","news_desk":null},{"keywords":[{"name":"glocations","value":"UNITED STATES"},{"name":"glocations","value":"UNITED STATES"},{"name":"glocations","value":"UNITED STATES"},{"name":"glocations","value":"UNITED STATES"},{"name":"subject","value":"EDUCATION AND SCHOOLS"},{"name":"subject","value":"COLLEGES AND UNIVERSITIES"},{"name":"subject","value":"ATHLETICS AND SPORTS"},{"name":"subject","value":"COLLEGE"},{"name":"subject","value":"ATHLETIC AND SPORTS"},{"name":"subject","value":"INTERSCHOLASTIC"}],"headline":{"main":"All-Male Senate Rebuffs House On Sex-Segregation School Plan"},"web_url":"http:\/\/query.nytimes.com\/gst\/abstract.html?res=9F01E3DE113AE034BC4052DFB166838E669EDE","date":"1975-07-18T00:00:00Z","news_desk":null},{"keywords":[{"name":"persons","value":"DANFORTH, JOHN C"},{"name":"persons","value":"THOMAS, CLARENCE"},{"name":"persons","value":"WOODS, HARRIETT"},{"name":"persons","value":"KELBER, MIM"},{"name":"persons","value":"HILL, ANITA F"},{"name":"glocations","value":"MISSOURI"},{"name":"organizations","value":"CONGRESS"},{"name":"organizations","value":"SUPREME COURT"},{"name":"subject","value":"WOMEN"},{"name":"subject","value":"SEXUAL HARASSMENT"},{"name":"subject","value":"ELECTIONS"}],"headline":{"main":"Lasting Tragedy and Trauma for the Country; A Mostly Male Senate"},"web_url":"http:\/\/www.nytimes.com\/1991\/10\/15\/opinion\/l-lasting-tragedy-and-trauma-for-the-country-a-mostly-male-senate-037591.html","date":"1991-10-15T00:00:00Z","news_desk":"Editorial Desk"},{"keywords":[{"name":"glocations","value":"MARYLAND"},{"name":"glocations","value":"WEST VIRGINIA"},{"name":"glocations","value":"CONNECTICUT"},{"name":"glocations","value":"NEW YORK STATE"},{"name":"subject","value":"ELECTIONS"},{"name":"subject","value":"ELECTIONS"},{"name":"subject","value":"ELECTIONS"},{"name":"subject","value":"ELECTIONS"},{"name":"subject","value":"CONGRESS (HOUSE OF REPRESENTATIVES)"},{"name":"subject","value":"ELECTIONS (US)"},{"name":"subject","value":"CONGRESS (GENERAL)"}],"headline":{"main":"Number of Women Elected Rises Slightly In Nation, But Senate Is All Male"},"web_url":"http:\/\/query.nytimes.com\/gst\/abstract.html?res=9405E6D7113DEF34BC4153DFB7678389669EDE","date":"1972-11-09T00:00:00Z","news_desk":null},{"keywords":[],"headline":{"main":"PENNSYLVANIA LEGISLATURE.; Senate Passes the Bill to Tax Unnaturalized Adult Male Employes.","kicker":"1"},"web_url":"http:\/\/query.nytimes.com\/gst\/abstract.html?res=9C01E5DE123CE433A2575AC0A9609C94669ED7CF","date":"1897-06-09T00:00:00Z","news_desk":null},{"keywords":[{"name":"persons","value":"THOMAS, CLARENCE"},{"name":"persons","value":"HILL, ANITA F"},{"name":"organizations","value":"SENATE COMMITTEE ON THE JUDICIARY"},{"name":"organizations","value":"EQUAL EMPLOYMENT OPPORTUNITY COMMISSION"},{"name":"organizations","value":"SUPREME COURT"},{"name":"subject","value":"APPOINTMENTS AND EXECUTIVE CHANGES"},{"name":"subject","value":"MEN"},{"name":"subject","value":"WOMEN"},{"name":"subject","value":"SEXUAL HARASSMENT"}],"headline":{"main":"THE THOMAS NOMINATION: The Senate and Sexism; Panel's Handling of Harassment Allegation Renews Questions About an All-Male Club"},"web_url":"http:\/\/www.nytimes.com\/1991\/10\/08\/us\/thomas-nomination-senate-sexism-panel-s-handling-harassment-allegation-renews.html","date":"1991-10-08T00:00:00Z","news_desk":"National Desk"},{"keywords":[{"rank":"1","is_major":"Y","value":"Gillibrand, Kirsten E","name":"persons"},{"rank":"2","is_major":"Y","value":"Long, Wendy E","name":"persons"},{"rank":"3","is_major":"N","value":"Elections, Senate","name":"subject"},{"rank":"4","is_major":"Y","value":"Dartmouth College","name":"organizations"},{"rank":"5","is_major":"Y","value":"Women and Girls","name":"subject"},{"rank":"6","is_major":"Y","value":"Colleges and Universities","name":"subject"},{"rank":"7","is_major":"Y","value":"New York State","name":"glocations"}],"headline":{"seo":"Kirsten Gillibrand and Wendy Long, Dartmouth Alumnae, Vie for Senate Seat","main":"Two Paths Through Dartmouth Meet in a U.S. Senate Race","print_headline":"After Forging Paths At Mostly Male Dartmouth, Facing Off for the Senate"},"web_url":"http:\/\/www.nytimes.com\/2012\/10\/08\/nyregion\/kirsten-gillibrand-and-wendy-long-dartmouth-alumnae-vie-for-senate-seat.html","date":"2012-10-08T00:00:00Z","news_desk":"Metro"},{"keywords":[{"name":"persons","value":"FEDERZONI"},{"name":"glocations","value":"ITALY"},{"name":"subject","value":"WOMAN SUFFRAGE"}],"headline":{"main":"DEBATE SUFFRAGE IN ITALIAN SENATE; Government Prepares to Give Municipal Franchise to Women, While Ending Elections. LITTLE OPPOSITION SHOWN Male Opponents Appear Satisfied That Relatively Few Women Will Be Permitted to Vote."},"web_url":"http:\/\/query.nytimes.com\/gst\/abstract.html?res=940DE7D81339EF32A2575BC1A9679D946495D6CF","date":"1925-11-18T00:00:00Z","news_desk":null},{"keywords":[],"headline":{"main":"THE EXPIRING CONGRESS.; CLOSING SCENES IN HOUSE AND SENATE. THE LEGISLATIVE PROCEEDINGS UNINTERESTING AND MONOTONOUS--THE LOBBYISTS, MALE AND FEMALE, DESERT THE CAPITOL EARLY--A POOR CHANCE FOR JOBS--SLAUGHTER OF EVERYTHING WHICH SAVORS OF THE LOBBY.","kicker":"1"},"web_url":"http:\/\/query.nytimes.com\/gst\/abstract.html?res=9A0DE5DB1E39EF34BC4C53DFB566838E669FDE","date":"1875-03-04T00:03:58Z","news_desk":null},{"keywords":[],"headline":{"main":"Jeans Get Governor Booted From North Dakota Senate's Floor","print_headline":"Jeans Get Governor Booted From North Dakota Senate's Floor"},"web_url":"http:\/\/www.nytimes.com\/aponline\/2017\/02\/16\/us\/ap-us-north-dakota-governors-jeans.html","date":"2017-02-16T16:13:15+0000","news_desk":null},{"keywords":[{"name":"persons","value":"WALTHALL, SENATOR E. C."},{"name":"persons","value":"BUTLER, SENATOR M. C."},{"name":"persons","value":"GORDON, SENATOR J. B."},{"name":"organizations","value":"UNITED STATES CONGRESS. GENERAL REFERENCES"}],"headline":{"main":"SOLDERS OF THE U.S. SENATE; MEN WHO MALE REPUTATIONS IN THE FIELD YEARS AGO. Many States Now Represented by ex-Officers of the Confederacy, Most of Them Generals -- Daniel and Hunton of Virginia -- Ransom and Vance of North Carolina -- Senator Butler a True Son of the \"Fighting Butlers\" -- \"The Knightly Gordon.\""},"web_url":"http:\/\/query.nytimes.com\/gst\/abstract.html?res=990DE2D91638E233A2575BC2A9679C94659ED7CF","date":"1894-01-28T00:00:00Z","news_desk":null},{"keywords":[{"rank":"1","is_major":"Y","name":"persons","value":"Mikulski, Barbara A"},{"rank":"2","is_major":"N","name":"organizations","value":"Senate"},{"rank":"3","is_major":"Y","name":"subject","value":"Bathrooms and Toilets"},{"rank":"4","is_major":"Y","name":"subject","value":"Women and Girls"},{"rank":"5","is_major":"Y","name":"glocations","value":"United States"}],"headline":{"main":"The Senate Bathroom Angle","content_kicker":"Op-Ed Columnist","kicker":"Op-Ed Columnist","print_headline":"The Senate Bathroom Angle"},"web_url":"http:\/\/www.nytimes.com\/2016\/12\/22\/opinion\/the-senate-bathroom-angle.html","date":"2016-12-22T08:21:19+0000","news_desk":"OpEd"},{"keywords":[{"rank":"1","is_major":"N","name":"persons","value":"Warren, Elizabeth"},{"rank":"2","is_major":"N","name":"subject","value":"Women and Girls"},{"rank":"3","is_major":"N","name":"persons","value":"Trump, Donald J"},{"rank":"4","is_major":"N","name":"persons","value":"McConnell, Mitch"},{"rank":"5","is_major":"N","name":"persons","value":"Sessions, Jefferson B III"},{"rank":"6","is_major":"N","name":"organizations","value":"Senate"},{"rank":"7","is_major":"N","name":"subject","value":"United States Politics and Government"},{"rank":"8","is_major":"N","name":"persons","value":"King, Coretta Scott"}],"headline":{"main":"Elizabeth Warren Was Told to Be Quiet. Women Can Relate.","content_kicker":"Dispatch","kicker":"Dispatch"},"web_url":"http:\/\/www.nytimes.com\/2017\/02\/08\/opinion\/elizabeth-warren-was-told-to-be-quiet-women-can-relate.html","date":"2017-02-08T22:13:24+0000","news_desk":"OpEd"},{"keywords":[],"headline":{"main":"Transgender Court Hearing Set Amid Fight Over Trump Nominee","print_headline":"Transgender Court Hearing Set Amid Fight Over Trump Nominee"},"web_url":"http:\/\/www.nytimes.com\/reuters\/2017\/02\/03\/us\/politics\/03reuters-usa-court-transgender.html","date":"2017-02-03T18:24:29+0000","news_desk":null},{"keywords":[{"rank":"1","name":"glocations","value":"Colorado"},{"rank":"1","name":"organizations","value":"Harvard University"},{"rank":"2","name":"organizations","value":"Senate"},{"rank":"1","name":"subject","value":"Elections, House of Representatives"},{"rank":"2","name":"subject","value":"United States Politics and Government"}],"headline":{"main":"Proof That Women Are the Better Dealmakers in the Senate","kicker":"First Draft"},"web_url":"http:\/\/www.nytimes.com\/politics\/first-draft\/2015\/02\/19\/in-the-senate-women-are-better-dealmakers-than-men-heres-proof\/","date":"2015-02-19T08:54:28Z","news_desk":null},{"keywords":[],"headline":{"main":"FORTY-FIRST CONGRESS; List of Members of the Senate and House of Representatives Short Sketches of the New and the Retiring Senators. How the Political Parties are Divided in Each House. List of Representatives Whose Seats are Contested. States Unrepresented in the House at the Commencement of the Session. THE SENATE. List of Members--Its Political Complexion. Present Senators E?? Present Senators not Re-elected. THE NEW SENATORS. William A. Buckingham, of Connecticut. Ronben E. Fenton, of New-York. John P. Stockton, of New-Jersey. John Scott, of Pennsylvania. William T. Hamilton, of Maryland. Thomas F. Bayard, of Delaware. Abijah Gilbert, of Florida. William G. Brownlow, of Tennessee. Arthur I. Boreman, of West Virginia. Allen G. Thurman, of Ohio. Daniel D. Pratt, of Indiana. Matthew Male Carpenter, of Wisconsin. Carl Schurz, of Missouri. HOUSE OF REPRESENTATIVES. Eugene Casserly, of California. The Changes in Brief. States Not Represented. Contested Seats.","kicker":"2"},"web_url":"http:\/\/query.nytimes.com\/gst\/abstract.html?res=9C06E5DE1E3AEF34BC4A53DFB5668382679FDE","date":"1869-03-02T00:03:58Z","news_desk":null},{"keywords":[],"headline":{"main":"Rancorous Senate 'Silencing' Gives Warren a National Boost","print_headline":"Rancorous Senate 'Silencing' Gives Warren a National Boost"},"web_url":"http:\/\/www.nytimes.com\/aponline\/2017\/02\/08\/us\/politics\/ap-us-senate-warren-breaking-rules.html","date":"2017-02-08T08:48:38+0000","news_desk":null},{"keywords":[{"name":"subject","value":"TERMS NOT AVAILABLE"}],"headline":{"main":"NEW JERSEY JOURNAL"},"web_url":"http:\/\/www.nytimes.com\/1985\/08\/18\/nyregion\/new-jersey-journal-189986.html","date":"1985-08-18T00:00:00Z","news_desk":"New Jersey Weekly Desk"},{"keywords":[{"rank":"1","is_major":"N","name":"organizations","value":"Senate"},{"rank":"2","is_major":"N","name":"glocations","value":"South Dakota"}],"headline":{"main":"South Dakota: Censure of Senator Is Advised","print_headline":"South Dakota: Censure of Senator Is Advised"},"web_url":"http:\/\/www.nytimes.com\/2007\/01\/27\/us\/27brfs-CENSUREOFSEN_BRF.html","date":"2007-01-27T00:00:00Z","news_desk":"National"}]