[{"keywords":[{"rank":"1","is_major":"N","name":"subject","value":"Women's Rights"},{"rank":"2","is_major":"N","name":"subject","value":"Celebrities"},{"rank":"3","is_major":"N","name":"subject","value":"Academy Awards (Oscars)"},{"rank":"4","is_major":"N","name":"subject","value":"Movies"},{"rank":"5","is_major":"N","name":"subject","value":"Fashion and Apparel"}],"headline":{"main":"What to Ask a Celebrity Instead of \u2018Are You a Feminist?\u2019","content_kicker":"Opinion","kicker":"Opinion","print_headline":"What to Ask Instead of \u2018Are You a Feminist?\u2019"},"web_url":"http:\/\/www.nytimes.com\/2017\/02\/25\/opinion\/sunday\/what-to-ask-a-celebrity-instead-of-are-you-a-feminist.html","date":"2017-02-25T21:38:09+0000","news_desk":"OpEd"},{"keywords":[{"name":"glocations","value":"SANTA MONICA (CALIF)"},{"name":"subject","value":"MEN"},{"name":"subject","value":"DISCRIMINATION"},{"name":"subject","value":"WOMEN"}],"headline":{"main":"A Male 'Feminist' Claims a Reverse Bias","kicker":"NOTES ON PEOPLE"},"web_url":"http:\/\/www.nytimes.com\/1981\/10\/01\/nyregion\/notes-on-people-a-male-feminist-claims-a-reverse-bias.html","date":"1981-10-01T00:00:00Z","news_desk":"Metropolitan Desk"},{"keywords":[],"headline":{"main":"Is It Possible to Be a Male Feminist?","kicker":"Op Talk"},"web_url":"http:\/\/op-talk.blogs.nytimes.com\/2014\/06\/08\/is-it-possible-to-be-a-male-feminist\/","date":"2014-06-08T14:15:54Z","news_desk":null},{"keywords":[],"headline":{"main":"A Lesson in Losing to Women; A True Male Feminist","kicker":"1"},"web_url":"http:\/\/query.nytimes.com\/gst\/abstract.html?res=9B04E6D91330E631A25755C0A9679C94619FD6CF","date":"1980-01-06T00:00:00Z","news_desk":null},{"keywords":[{"name":"glocations","value":"EGYPT, ARAB REPUBLIC OF"},{"name":"glocations","value":"EGYPT, ARAB REPUBLIC OF"},{"name":"glocations","value":"EGYPT, ARAB REPUBLIC OF"},{"name":"subject","value":"SOCIAL CONDITIONS AND TRENDS"},{"name":"subject","value":"THEATER"},{"name":"subject","value":"WOMEN"}],"headline":{"main":"Feminist Play Is Drawing Male Audiences in Cairo"},"web_url":"http:\/\/query.nytimes.com\/gst\/abstract.html?res=9403E4D91138E53BBC4F53DFB667838E669EDE","date":"1975-10-07T00:00:00Z","news_desk":null},{"keywords":[{"name":"glocations","value":"UNITED STATES"},{"name":"subject","value":"MINORITIES (ETHNIC, RACIAL, RELIGIOUS)"},{"name":"subject","value":"WOMEN"}],"headline":{"main":"Feminist Head Urges Unity To End White Male Rule"},"web_url":"http:\/\/query.nytimes.com\/gst\/abstract.html?res=9E0CE7DA1738E13ABC4052DFB4668388669EDE","date":"1973-02-18T00:00:00Z","news_desk":null},{"keywords":[],"headline":{"main":"In the Male World of Islam, an Occasional Feminist War Cry","kicker":"1"},"web_url":"http:\/\/query.nytimes.com\/gst\/abstract.html?res=9D04E2DE143DEF34BC4E52DFB4668389669EDE","date":"1972-02-16T00:00:00Z","news_desk":null},{"keywords":[{"name":"creative_works","value":"REGIMENT OF WOMEN"},{"name":"creative_works","value":"BOOK THE UPSTART"},{"name":"persons","value":"BERGER, THOMAS"},{"name":"persons","value":"READ, PIERS PAUL"},{"name":"subject","value":"BOOK REVIEWS"},{"name":"subject","value":"BOOK REVIEWS"}],"headline":{"main":"2 Deceptive Works of Fiction; Books of The Times Vengeance for a Snub Pro-Male or Pro-Feminist?"},"web_url":"http:\/\/query.nytimes.com\/gst\/abstract.html?res=9906EED91331EF34BC4A51DFB3668388669EDE","date":"1973-05-22T00:00:00Z","news_desk":null},{"keywords":[{"rank":"1","is_major":"N","name":"subject","value":"Families and Family Life"},{"rank":"2","is_major":"N","name":"persons","value":"Trump, Ivanka"},{"rank":"3","is_major":"N","name":"subject","value":"Women's Rights"},{"rank":"4","is_major":"N","name":"subject","value":"Women and Girls"},{"rank":"5","is_major":"N","name":"subject","value":"United States Politics and Government"}],"headline":{"main":"Ivanka Trump\u2019s Dangerous Fake Feminism","content_kicker":"Opinion","kicker":"Opinion","print_headline":"The Post-Feminist Huckster"},"web_url":"http:\/\/www.nytimes.com\/2017\/01\/13\/opinion\/sunday\/ivanka-trumps-dangerous-fake-feminism.html","date":"2017-01-13T20:16:52+0000","news_desk":"OpEd"},{"keywords":[{"name":"persons","value":"BARRY, JOHN"},{"name":"subject","value":"WOMEN"},{"name":"subject","value":"GENERAL"},{"name":"subject","value":"MANAGEMENT, INDUSTRIAL"},{"name":"subject","value":"DISPLACED PERSONS AND REFUGEES"},{"name":"subject","value":"DISPLACED PERSONS AND REFUGEES"},{"name":"subject","value":"BOOKS AND LITERATURE"},{"name":"subject","value":"GENERAL"}],"headline":{"main":"Letters; FEMINIST, OR NOT? FIGURES FOR FEMALES 'SATIETY FIRST' 'FATHER' BARRY THE MALE ACCESSORY 'D.P.' CHILDREN Letters PLEA FOR REFUGEES Up-To-DATE NONSENSE"},"web_url":"http:\/\/query.nytimes.com\/gst\/abstract.html?res=9B03EFD81230E03ABC4F53DFB667838D649EDE","date":"1956-10-07T00:00:00Z","news_desk":null},{"keywords":[{"rank":"1","is_major":"N","name":"subject","value":"Women's Rights"},{"rank":"2","is_major":"N","name":"persons","value":"Trump, Donald J"},{"rank":"3","is_major":"N","name":"subject","value":"United States Politics and Government"},{"rank":"4","is_major":"N","name":"persons","value":"Clinton, Hillary Rodham"},{"rank":"5","is_major":"N","name":"subject","value":"Demonstrations, Protests and Riots"},{"rank":"6","is_major":"N","name":"subject","value":"Women and Girls"},{"rank":"7","is_major":"N","name":"subject","value":"Presidential Election of 2016"},{"rank":"8","is_major":"N","name":"subject","value":"Race and Ethnicity"},{"rank":"9","is_major":"N","name":"organizations","value":"Democratic Party"}],"headline":{"main":"How a Fractious Women\u2019s Movement Came to Lead the Left","content_kicker":"Feature","kicker":"Feature","print_headline":"Forces in Opposition"},"web_url":"http:\/\/www.nytimes.com\/2017\/02\/07\/magazine\/how-a-fractious-womens-movement-came-to-lead-the-left.html","date":"2017-02-07T10:00:06+0000","news_desk":"Magazine"},{"keywords":[],"headline":{"main":"Sweden's 'Feminist Government' Takes Swipe at Trump","print_headline":"Sweden's 'Feminist Government' Takes Swipe at Trump"},"web_url":"http:\/\/www.nytimes.com\/aponline\/2017\/02\/03\/world\/europe\/ap-eu-sweden-trump.html","date":"2017-02-03T14:48:52+0000","news_desk":null},{"keywords":[{"rank":"1","is_major":"N","name":"subject","value":"Art"},{"rank":"2","is_major":"N","name":"subject","value":"Women's Rights"},{"rank":"3","is_major":"N","name":"subject","value":"Beauty (Concept)"}],"headline":{"main":"Marilyn Minter Finds Art in the Female Form","content_kicker":"Talk","kicker":"Talk","print_headline":"Marilyn Minter Finds Art in the Female Form"},"web_url":"http:\/\/www.nytimes.com\/2017\/02\/15\/magazine\/marilyn-minter-finds-art-in-the-female-form.html","date":"2017-02-15T13:02:00+0000","news_desk":"Magazine"},{"keywords":[{"rank":"1","is_major":"N","name":"subject","value":"Demonstrations, Protests and Riots"},{"rank":"2","is_major":"N","name":"subject","value":"Women and Girls"},{"rank":"3","is_major":"N","name":"glocations","value":"Argentina"},{"rank":"4","is_major":"N","name":"subject","value":"Women's Rights"}],"headline":{"main":"Topless Uprising Against Sexism","content_kicker":"Op-Ed Contributor","kicker":"Op-Ed Contributor","print_headline":"A topless uprising"},"web_url":"http:\/\/www.nytimes.com\/2017\/02\/20\/opinion\/topless-uprising-against-sexism.html","date":"2017-02-20T15:53:24+0000","news_desk":"OpEd"},{"keywords":[{"rank":"1","is_major":"N","name":"subject","value":"Women's Rights"},{"rank":"2","is_major":"N","name":"subject","value":"Demonstrations, Protests and Riots"},{"rank":"3","is_major":"N","name":"persons","value":"Trump, Donald J"},{"rank":"4","is_major":"N","name":"subject","value":"United States Politics and Government"},{"rank":"5","is_major":"N","name":"subject","value":"Violence Against Women Act (1994)"}],"headline":{"main":"How the Women\u2019s March Could Resurrect the Democratic Party","content_kicker":"Op-Ed Contributor","kicker":"Op-Ed Contributor","print_headline":"What the Women\u2019s March Teaches Us"},"web_url":"http:\/\/www.nytimes.com\/2017\/01\/20\/opinion\/how-the-womens-march-could-resurrect-the-democratic-party.html","date":"2017-01-20T08:21:02+0000","news_desk":"OpEd"},{"keywords":[{"rank":"1","is_major":"N","name":"subject","value":"Women's Rights"},{"rank":"2","is_major":"N","name":"subject","value":"Presidential Election of 2016"},{"rank":"3","is_major":"N","name":"subject","value":"Blacks"},{"rank":"4","is_major":"N","name":"persons","value":"Clinton, Hillary Rodham"}],"headline":{"main":"Feminism Lost. Now What?","content_kicker":"News Analysis","kicker":"News Analysis","print_headline":"What Women Lost"},"web_url":"http:\/\/www.nytimes.com\/2016\/12\/30\/opinion\/sunday\/feminism-lost-now-what.html","date":"2016-12-30T08:21:20+0000","news_desk":"OpEd"},{"keywords":[{"rank":"1","is_major":"Y","name":"persons","value":"Clinton, Hillary Rodham"},{"rank":"2","is_major":"N","name":"subject","value":"Presidential Election of 2016"},{"rank":"3","is_major":"Y","name":"subject","value":"United States Politics and Government"},{"rank":"4","is_major":"N","name":"subject","value":"Politics and Government"},{"rank":"5","is_major":"N","name":"subject","value":"Women's Rights"},{"rank":"6","is_major":"N","name":"persons","value":"Wright, Betsey"}],"headline":{"main":"The Women Who Met Hillary, and Spotted a Future Political Star","print_headline":"They Were With Her From the Very Start"},"web_url":"http:\/\/www.nytimes.com\/2016\/12\/24\/style\/hillary-clinton-betsey-wright-women-in-politics.html","date":"2016-12-24T11:00:23+0000","news_desk":"Styles"},{"keywords":[{"rank":"1","is_major":"N","name":"subject","value":"Books and Literature"},{"rank":"2","is_major":"N","name":"creative_works","value":"Testosterone Rex: Myths of Sex, Science, and Society (Book)"},{"rank":"3","is_major":"N","name":"persons","value":"Fine, Cordelia"}],"headline":{"main":"Not From Venus, Not From Mars: What We Believe About Gender and Why It\u2019s Often Wrong","content_kicker":"Nonfiction","kicker":"Nonfiction","print_headline":"Not From Venus, Not From Mars"},"web_url":"http:\/\/www.nytimes.com\/2017\/02\/23\/books\/review\/testosterone-rex-myths-of-sex-science-and-society-cordelia-fine.html","date":"2017-02-23T12:00:02+0000","news_desk":"BookReview"},{"keywords":[{"rank":"1","is_major":"N","name":"subject","value":"Theater"},{"rank":"2","is_major":"N","name":"organizations","value":"Wooster Group"},{"rank":"3","is_major":"N","name":"persons","value":"LeCompte, Elizabeth"},{"rank":"4","is_major":"N","name":"creative_works","value":"The Town Hall Affair (Play)"}],"headline":{"main":"Review: It\u2019s Norman Mailer vs. Feminists in \u2018The Town Hall Affair\u2019","print_headline":"Yelling About Sex"},"web_url":"http:\/\/www.nytimes.com\/2017\/02\/10\/theater\/review-the-town-hall-affair.html","date":"2017-02-10T23:47:12+0000","news_desk":"Culture"},{"keywords":[{"rank":"1","is_major":"N","name":"subject","value":"Women and Girls"},{"rank":"2","is_major":"N","name":"subject","value":"Women's Rights"},{"rank":"3","is_major":"N","name":"subject","value":"Discrimination"},{"rank":"4","is_major":"N","name":"subject","value":"Gender"},{"rank":"5","is_major":"N","name":"subject","value":"Men and Boys"},{"rank":"6","is_major":"N","name":"subject","value":"Sexual Harassment"}],"headline":{"main":"Republican Men Say It\u2019s a Better Time to Be a Woman Than a Man","content_kicker":"Gender Inequality","kicker":"The Upshot","print_headline":"Sexes Differ on Persistence of Sexism"},"web_url":"http:\/\/www.nytimes.com\/2017\/01\/17\/upshot\/republican-men-say-its-a-better-time-to-be-a-woman-than-a-man.html","date":"2017-01-17T15:58:19+0000","news_desk":"Upshot"}]