[{"keywords":[],"headline":{"main":"U.S. Sues Oracle, Alleges Salary and Hiring Discrimination","print_headline":"U.S. Sues Oracle, Alleges Salary and Hiring Discrimination"},"web_url":"http:\/\/www.nytimes.com\/reuters\/2017\/01\/18\/business\/18reuters-oracle-usa-labor.html","date":"2017-01-18T18:18:37+0000","news_desk":null},{"keywords":[],"headline":{"main":"Uber Hires Ex-U.S. Attorney General Holder to Probe Sexual Harassment","print_headline":"Uber Hires Ex-U.S. Attorney General Holder to Probe Sexual Harassment"},"web_url":"http:\/\/www.nytimes.com\/reuters\/2017\/02\/20\/business\/20reuters-uber-tech-sexual-harassment.html","date":"2017-02-20T05:42:30+0000","news_desk":null},{"keywords":[{"rank":"1","is_major":"N","name":"subject","value":"Outsourcing"},{"rank":"2","is_major":"N","name":"subject","value":"Foreign Workers"},{"rank":"3","is_major":"N","name":"subject","value":"Computers and the Internet"},{"rank":"4","is_major":"N","name":"subject","value":"Visas"},{"rank":"5","is_major":"N","name":"organizations","value":"University of California"},{"rank":"6","is_major":"N","name":"glocations","value":"United States"},{"rank":"7","is_major":"N","name":"organizations","value":"HCL Technologies"}],"headline":{"main":"Not Everyone in Tech Cheers Visa Program for Foreign Workers","print_headline":"Some Tech Workers See Visas as Threat"},"web_url":"http:\/\/www.nytimes.com\/2017\/02\/05\/business\/h-1b-visa-tech-cheers-for-foreign-workers.html","date":"2017-02-06T00:57:58+0000","news_desk":"Business"},{"keywords":[],"headline":{"main":"US Sues Oracle, Says It Pays White Men More Than Others","print_headline":"US Sues Oracle, Says It Pays White Men More Than Others"},"web_url":"http:\/\/www.nytimes.com\/aponline\/2017\/01\/18\/technology\/ap-us-tec-oracle-discrimination-suit.html","date":"2017-01-18T20:06:49+0000","news_desk":null},{"keywords":[{"name":"organizations","value":"ILLINOIS INSTITUTE OF TECHNOLOGY"}],"headline":{"main":"School Gets Loan for Building"},"web_url":"http:\/\/query.nytimes.com\/gst\/abstract.html?res=9B00E5DE163DEF34BC4A51DFBE668383649EDE","date":"1958-08-22T00:00:00Z","news_desk":null},{"keywords":[],"headline":{"main":"Infertility"},"web_url":"http:\/\/health.nytimes.com\/health\/guides\/disease\/infertility-in-men\/overview.html","date":null,"news_desk":null},{"keywords":[{"rank":"1","is_major":"N","name":"subject","value":"Theater"},{"rank":"2","is_major":"N","name":"organizations","value":"Wooster Group"},{"rank":"3","is_major":"N","name":"persons","value":"LeCompte, Elizabeth"},{"rank":"4","is_major":"N","name":"creative_works","value":"The Town Hall Affair (Play)"}],"headline":{"main":"Review: It\u2019s Norman Mailer vs. Feminists in \u2018The Town Hall Affair\u2019","print_headline":"Yelling About Sex"},"web_url":"http:\/\/www.nytimes.com\/2017\/02\/10\/theater\/review-the-town-hall-affair.html","date":"2017-02-10T23:47:12+0000","news_desk":"Culture"},{"keywords":[],"headline":{"main":"Disney Plans Midnight 'Star Wars' Event to Unveil 'Last Jedi' Toys","print_headline":"Disney Plans Midnight 'Star Wars' Event to Unveil 'Last Jedi' Toys"},"web_url":"http:\/\/www.nytimes.com\/reuters\/2017\/02\/16\/arts\/16reuters-disney-starwars.html","date":"2017-02-16T11:06:29+0000","news_desk":null},{"keywords":[{"name":"creative_works","value":"THE MALE PILL (BOOK)"},{"name":"persons","value":"OUDSHOORN, NELLY"},{"name":"organizations","value":"UNIVERSITY OF TWENTE"},{"name":"subject","value":"MEN"},{"name":"subject","value":"DRUGS (PHARMACEUTICALS)"},{"name":"subject","value":"BOOKS AND LITERATURE"},{"name":"subject","value":"WOMEN"},{"name":"subject","value":"RESEARCH"},{"name":"subject","value":"BIRTH CONTROL AND FAMILY PLANNING"}],"headline":{"main":"Sperm Takes a Free Ride","kicker":"BOOKS ON HEALTH"},"web_url":"http:\/\/www.nytimes.com\/2004\/01\/06\/health\/books-on-health-sperm-takes-a-free-ride.html","date":"2004-01-06T00:00:00Z","news_desk":"Health & Fitness"},{"keywords":[{"rank":"1","is_major":"N","name":"subject","value":"Women and Girls"},{"rank":"2","is_major":"N","name":"subject","value":"Movies"},{"rank":"3","is_major":"N","name":"organizations","value":"Industrial Light and Magic"},{"rank":"4","is_major":"N","name":"organizations","value":"Lucasfilm Ltd"},{"rank":"5","is_major":"N","name":"persons","value":"Brennan, Lynwen"},{"rank":"6","is_major":"N","name":"persons","value":"Kennedy, Kathleen (1953- )"},{"rank":"7","is_major":"N","name":"creative_works","value":"Rogue One: A Star Wars Story (Movie)"}],"headline":{"main":"The Women of \u2018Star Wars.\u2019 (It\u2019s Not Who You Think.)","print_headline":"The Women Behind the Force"},"web_url":"http:\/\/www.nytimes.com\/2017\/02\/10\/movies\/star-wars-women-visual-effects.html","date":"2017-02-10T12:00:16+0000","news_desk":"Arts&Leisure"},{"keywords":[{"name":"subject","value":"LABOR"},{"name":"subject","value":"SHORTAGES"},{"name":"subject","value":"EDITORIALS"},{"name":"subject","value":"WOMEN"},{"name":"subject","value":"COMPUTERS AND THE INTERNET"}],"headline":{"main":"Technology's Gender Gap"},"web_url":"http:\/\/www.nytimes.com\/2000\/09\/05\/opinion\/technology-s-gender-gap.html","date":"2000-09-05T00:00:00Z","news_desk":"Editorial Desk"},{"keywords":[{"rank":"1","is_major":"N","name":"persons","value":"Crenn, Dominique"},{"rank":"2","is_major":"N","name":"organizations","value":"Atelier Crenn (San Francisco, Calif, Restaurant)"},{"rank":"3","is_major":"N","name":"subject","value":"Chefs"},{"rank":"4","is_major":"N","name":"subject","value":"Women and Girls"},{"rank":"5","is_major":"N","name":"subject","value":"Restaurants"},{"rank":"6","is_major":"N","name":"glocations","value":"San Francisco (Calif)"}],"headline":{"main":"Does Fame Have a Recipe? Dominique Crenn\u2019s Fast Rise","print_headline":"Here, There  and Rising"},"web_url":"http:\/\/www.nytimes.com\/2017\/02\/14\/dining\/chef-dominique-crenn.html","date":"2017-02-14T18:00:08+0000","news_desk":"Dining"},{"keywords":[{"rank":"1","is_major":"N","name":"persons","value":"Trump, Donald J"},{"rank":"11","is_major":"N","name":"organizations","value":"Hewlett-Packard Company"},{"rank":"12","is_major":"N","name":"organizations","value":"Dell Inc"},{"rank":"2","is_major":"N","name":"subject","value":"Immigration and Emigration"},{"rank":"3","is_major":"N","name":"subject","value":"Refugees and Displaced Persons"},{"rank":"4","is_major":"N","name":"subject","value":"Executive Orders and Memorandums"},{"rank":"5","is_major":"N","name":"subject","value":"Computers and the Internet"},{"rank":"6","is_major":"N","name":"subject","value":"United States Politics and Government"},{"rank":"7","is_major":"N","name":"organizations","value":"Cisco Systems Inc"},{"rank":"8","is_major":"N","name":"organizations","value":"Oracle Corporation"},{"rank":"9","is_major":"N","name":"organizations","value":"Qualcomm Inc"},{"rank":"10","is_major":"N","name":"organizations","value":"International Business Machines Corporation"}],"headline":{"main":"Activism Hits Even the Less Flashy Tech Companies","print_headline":"Activism Hits the Older Tech Companies"},"web_url":"http:\/\/www.nytimes.com\/2017\/02\/12\/technology\/trump-tech-company-employees.html","date":"2017-02-12T21:19:58+0000","news_desk":"Business"},{"keywords":[],"headline":{"main":"Diversity in Tech: Lots of Attention, Little Progress","print_headline":"Diversity in Tech: Lots of Attention, Little Progress"},"web_url":"http:\/\/www.nytimes.com\/aponline\/2017\/01\/29\/technology\/ap-us-tec-tech-diversity-slow-crawl.html","date":"2017-01-29T15:03:37+0000","news_desk":null},{"keywords":[],"headline":{"main":"Study: Struggling College Students Get a Hand to Graduate","print_headline":"Study: Struggling College Students Get a Hand to Graduate"},"web_url":"http:\/\/www.nytimes.com\/aponline\/2017\/02\/20\/us\/politics\/ap-us-education-big-data.html","date":"2017-02-20T08:21:42+0000","news_desk":null},{"keywords":[],"headline":{"main":"Diversity and Inclusion (1 Letter)","print_headline":"Diversity And Inclusion","content_kicker":"Letters"},"web_url":"http:\/\/www.nytimes.com\/2009\/01\/27\/science\/27lett-DIVERSITYAND_LETTERS.html","date":"2009-01-27T00:00:00Z","news_desk":"Science"},{"keywords":[],"headline":{"main":"Epic 'Planet Earth II' Offers Creatures'-Eye View of Nature","print_headline":"Epic 'Planet Earth II' Offers Creatures'-Eye View of Nature"},"web_url":"http:\/\/www.nytimes.com\/aponline\/2017\/02\/16\/arts\/ap-eu-tv-planet-earth-ii.html","date":"2017-02-16T13:00:55+0000","news_desk":null},{"keywords":[],"headline":{"main":"Diversity in Tech: Lots of Attention, Little Progress","print_headline":"Diversity in Tech: Lots of Attention, Little Progress"},"web_url":"http:\/\/www.nytimes.com\/aponline\/2017\/01\/24\/technology\/ap-us-tec-tech-diversity-slow-crawl.html","date":"2017-01-24T16:51:53+0000","news_desk":null},{"keywords":[],"headline":{"main":"Infertility in Women"},"web_url":"http:\/\/health.nytimes.com\/health\/guides\/disease\/infertility-in-women\/overview.html","date":null,"news_desk":null},{"keywords":[{"name":"persons","value":"COX, ANDY"},{"name":"persons","value":"MCDONALD, WILLIAM"},{"name":"subject","value":"MOTION PICTURES"}],"headline":{"main":"On 'Terminator 2'","kicker":"SPECIAL EFFECTS"},"web_url":"http:\/\/www.nytimes.com\/1998\/05\/24\/movies\/l-special-effects-on-terminator-2-051110.html","date":"1998-05-24T00:00:00Z","news_desk":"Arts and Leisure Desk"}]