[{"keywords":[{"name":"subject","value":"VOLLEYBALL"}],"headline":{"main":"Male Breakthrough in Sports"},"web_url":"http:\/\/query.nytimes.com\/gst\/abstract.html?res=9E02E0D81739E732A25751C0A9639C946890D6CF","date":"1979-05-02T00:00:00Z","news_desk":null},{"keywords":[],"headline":{"main":"Cheerleading Favors Male Sports, Still"},"web_url":"http:\/\/www.nytimes.com\/1999\/05\/09\/nyregion\/l-cheerleading-favors-male-sports-still-583286.html","date":"1999-05-09T00:00:00Z","news_desk":"Westchester Weekly Desk"},{"keywords":[],"headline":{"main":"Male Aide Buoys Swimmers; Girls' Sports.","kicker":"1"},"web_url":"http:\/\/query.nytimes.com\/gst\/abstract.html?res=9B0CE3D8173BE133A25750C1A9679D946690D6CF","date":"1977-11-13T00:00:00Z","news_desk":null},{"keywords":[],"headline":{"main":"A Male Invasion; New Jersey Sports","kicker":"1"},"web_url":"http:\/\/query.nytimes.com\/gst\/abstract.html?res=9503E0D9103BE63BBC4850DFB767838F669EDE","date":"1974-11-30T00:00:00Z","news_desk":null},{"keywords":[],"headline":{"main":"Sports of The Times; More Deadly Than the Male","kicker":"1"},"web_url":"http:\/\/query.nytimes.com\/gst\/abstract.html?res=9801E0D81631E53BBC4053DFB4668388649EDE","date":"1953-02-08T00:00:00Z","news_desk":null},{"keywords":[{"name":"persons","value":"ADUBATO, RICHIE"},{"name":"organizations","value":"NEW YORK LIBERTY"},{"name":"organizations","value":"WOMEN'S NATIONAL BASKETBALL ASSN"},{"name":"subject","value":"COACHES AND MANAGERS"},{"name":"subject","value":"BASKETBALL"}],"headline":{"main":"Sports of The Times; Another Male Coach Hired In W.N.B.A."},"web_url":"http:\/\/www.nytimes.com\/1998\/12\/08\/sports\/sports-of-the-times-another-male-coach-hired-in-wnba.html","date":"1998-12-08T00:00:00Z","news_desk":"Sports Desk"},{"keywords":[{"name":"organizations","value":"VIRGINIA, UNIVERSITY OF"},{"name":"subject","value":"ATHLETICS"},{"name":"subject","value":"FOOTBALL, SOCCER"},{"name":"subject","value":"INTERNATIONAL"}],"headline":{"main":"VIRGINIA FRESHMEN EXCEL; Connor, Cramer and Male Awarded Numerals in Three Sports."},"web_url":"http:\/\/query.nytimes.com\/gst\/abstract.html?res=9904EFDB123CE23ABC4C51DFB066838F629EDE","date":"1934-06-24T00:00:00Z","news_desk":null},{"keywords":[{"name":"creative_works","value":"SPORTS OF THE TIMES (TIMES COLUMN)"},{"name":"persons","value":"READY, STEPHANIE"},{"name":"organizations","value":"CONTINENTAL BASKETBALL ASSN"},{"name":"organizations","value":"GREENVILLE GROOVE"},{"name":"organizations","value":"NATIONAL BASKETBALL ASSN"},{"name":"subject","value":"APPOINTMENTS AND EXECUTIVE CHANGES"},{"name":"subject","value":"COACHES AND MANAGERS"},{"name":"subject","value":"BIOGRAPHICAL INFORMATION"},{"name":"subject","value":"BASKETBALL"}],"headline":{"main":"Sports of The Times; Putting Dent In One More Male Bastion"},"web_url":"http:\/\/www.nytimes.com\/2001\/08\/15\/sports\/sports-of-the-times-putting-dent-in-one-more-male-bastion.html","date":"2001-08-15T00:00:00Z","news_desk":"Sports Desk"},{"keywords":[{"name":"subject","value":"SPORTS"},{"name":"subject","value":"EFFECTS ON HUMAN FIGURES"},{"name":"subject","value":"FASHIONS"},{"name":"subject","value":"SPORTS, EFFECT OF"},{"name":"subject","value":"PHYSICAL EXERCISE"}],"headline":{"main":"FIGURE OF SEXES AFFECTED BY SPORTS; Female Form Divine Is Diviner, That of Male Out of Shape, Paris Experts Say."},"web_url":"http:\/\/query.nytimes.com\/gst\/abstract.html?res=9F06E7DC1639E633A25755C2A96F9C946795D6CF","date":"1926-09-26T00:00:00Z","news_desk":null},{"keywords":[{"rank":"1","is_major":"N","name":"subject","value":"Alzheimer's Disease"},{"rank":"2","is_major":"N","name":"subject","value":"Global Warming"},{"rank":"3","is_major":"N","name":"glocations","value":"Isle de Jean Charles (La)"},{"rank":"4","is_major":"N","name":"creative_works","value":"The Biggest Loser (TV Program)"},{"rank":"5","is_major":"N","name":"subject","value":"Obesity"},{"rank":"6","is_major":"N","name":"subject","value":"Refugees and Displaced Persons"},{"rank":"7","is_major":"N","name":"subject","value":"Women and Girls"},{"rank":"8","is_major":"N","name":"subject","value":"News and News Media"},{"rank":"9","is_major":"N","name":"subject","value":"Diet and Nutrition"}],"headline":{"main":"The Times on the Air: Juliet Macur on Mean Male Sports Fans, Gina Kolata on the Biggest Gainers, and More","content_kicker":"Tune In to The Times","kicker":"Tune In to The Times"},"web_url":"http:\/\/www.nytimes.com\/2016\/05\/06\/insider\/the-times-on-the-air-juliet-macur-on-mean-male-sports-fans-gina-kolata-on-the-biggest-gainers-and-more.html","date":"2016-05-06T00:00:00Z","news_desk":"Insider"},{"keywords":[],"headline":{"main":"Notes on College Sports; Local Golfers Will Lead Georgetown Team in Intercollegiate Championships Salute to Rourke and Ketz Tribute to a Coach Fishing, Male and Female Fordham Boosters to Meet","kicker":"1"},"web_url":"http:\/\/query.nytimes.com\/gst\/abstract.html?res=9F0DEED6103CE03BBC4C53DFB366838D649EDE","date":"1956-05-04T00:00:00Z","news_desk":null},{"keywords":[{"name":"glocations","value":"UNITED STATES"},{"name":"organizations","value":"DOYLE DANE BERNBACH INC."},{"name":"organizations","value":"CHINA ADVERTISING CO"},{"name":"organizations","value":"MCAVOY PUBLICATIONS INTERNATIONAL"},{"name":"subject","value":"TELEVISION AND RADIO"},{"name":"subject","value":"INSIDE SPORTS (PUB)"},{"name":"subject","value":"PLAYGIRL (PUB)"}],"headline":{"main":"Advertising; A 'Rep' For Chinese Magazines Altman Stoller Is Named Agency for Inside Sports Electronic-Media Study Under Way Doyle Dane Executive Turns to Copywriting New Business for Y.& R. Playgirl Study Rebuts Male-Readership 'Myth' Accounts"},"web_url":"http:\/\/query.nytimes.com\/gst\/abstract.html?res=9B02E7D91430E532A25752C2A9679D946890D6CF","date":"1979-11-21T00:00:00Z","news_desk":null},{"keywords":[{"name":"persons","value":"SHAWN, TED"}],"headline":{"main":"TED SHAWN GROUP OPENS DANCE HERE; Male Company Starts Series of Three Recitals as Their Farewell Engagement LEADER'S PROGRAM SEEN 'Olympiad,' a Suite on Sports, Created by Men of the Cast -Meeker Supplies Music"},"web_url":"http:\/\/query.nytimes.com\/gst\/abstract.html?res=9D0DEEDB1E31E43ABC4951DFB466838B659EDE","date":"1940-02-21T00:00:00Z","news_desk":null},{"keywords":[{"name":"organizations","value":"NATIONAL FOOTBALL LEAGUE"},{"name":"organizations","value":"DALLAS COWBOYS"},{"name":"subject","value":"FOOTBALL"}],"headline":{"main":"Sports News Briefs; Canadiens Rout Flyers, Lead Islanders by 2 Points England in Strong Position In Australia Cricket Test Brockton Sets U.S. Mark In Schoolboy Mile Relay Miss Evert Lashes a Shot At Leading Male Players Jurgy Hanover Captures 2d Leg of Trotting Series People in Sports..."},"web_url":"http:\/\/query.nytimes.com\/gst\/abstract.html?res=9E0DE5D81639E732A25753C3A9679C946890D6CF","date":"1979-01-30T00:00:00Z","news_desk":null},{"keywords":[{"name":"persons","value":"KNAPLUND, VIRGINIA"},{"name":"glocations","value":"NEW YORK STATE"},{"name":"subject","value":"EDUCATION AND SCHOOLS"},{"name":"subject","value":"DISCRIMINATION"},{"name":"subject","value":"WOMEN"},{"name":"subject","value":"ATHLETICS AND SPORTS"}],"headline":{"main":"CONFRONTING STEREOTYPES IN YONKERS FOOTBALL SUIT","kicker":"WESTCHESTER OPINION"},"web_url":"http:\/\/www.nytimes.com\/1985\/11\/17\/nyregion\/westchester-opinion-confronting-stereotypes-in-yonkers-football-suit.html","date":"1985-11-17T00:00:00Z","news_desk":"Westchester Weekly Desk"},{"keywords":[{"rank":"1","is_major":"Y","name":"glocations","value":"Australia"},{"rank":"2","is_major":"Y","name":"subject","value":"Athletics and Sports"},{"rank":"3","is_major":"Y","name":"subject","value":"Women and Girls"},{"rank":"4","is_major":"N","name":"subject","value":"Gender"}],"headline":{"main":"Australian Groups Warned on Gender Equality","content_kicker":"Sports Briefing | International Sports","print_headline":"Australian Groups Warned"},"web_url":"http:\/\/www.nytimes.com\/2016\/02\/03\/sports\/australian-groups-warned-on-gender-equality.html","date":"2016-02-03T00:00:00Z","news_desk":"Sports"},{"keywords":[{"rank":"1","is_major":"N","name":"subject","value":"Testosterone"},{"rank":"2","is_major":"N","name":"subject","value":"Exercise"},{"rank":"3","is_major":"N","name":"subject","value":"Athletics and Sports"},{"rank":"4","is_major":"N","name":"subject","value":"Hormones"},{"rank":"5","is_major":"N","name":"subject","value":"Sex"}],"headline":{"main":"Men, Is Exercise Putting a Damper on Your Sex Life?","content_kicker":"Phys Ed","print_headline":"Men\u2019s Workouts Tied to Low Libido"},"web_url":"http:\/\/www.nytimes.com\/2017\/02\/22\/well\/move\/men-is-exercise-putting-a-damper-on-your-sex-life.html","date":"2017-02-22T11:00:02+0000","news_desk":"Science"},{"keywords":[],"headline":{"main":"BUSINESS WORLD; Fine Jewelry Selling Well. Push Rayon Merchandising. Stresses Sheer Fail Worsteds. Topcoat Orders Show Revival. Not to Open Hosiery Lines Yet. Male Sports Apparel Sought. May Go After \"Returners.\" New Ties Match Sweaters. Weather Unbalances Coal Sales. Gray Goods Quiet but Firm.","kicker":"1"},"web_url":"http:\/\/query.nytimes.com\/gst\/abstract.html?res=9E06E0D61630E33ABC4B52DFB2668382639EDE","date":"1929-04-13T00:00:00Z","news_desk":null},{"keywords":[],"headline":{"main":"Sports News Briefs; Moret Works Out, Says 'I'm Ready to Come Back' Connors Upset by Pfister In 3 Sets at Las Vegas U.S. Divers Defeat Soviet In Male, Female Events Memorial Service Held For USAC Plane Victims Hockey Dropped at St. Louis U.","kicker":"1"},"web_url":"http:\/\/query.nytimes.com\/gst\/abstract.html?res=9B04EED91231E632A2575AC2A9629C946990D6CF","date":"1978-04-29T00:00:00Z","news_desk":null},{"keywords":[{"rank":"1","is_major":"N","value":"Workplace Environment","name":"subject"},{"rank":"2","is_major":"N","value":"Athletics and Sports","name":"subject"}],"headline":{"main":"Sports Talk at the Water Cooler","kicker":"Letters","print_headline":"Sports Talk at the Water Cooler","content_kicker":"Letters"},"web_url":"http:\/\/www.nytimes.com\/2014\/06\/29\/business\/letters-sports-talk-at-the-water-cooler.html","date":"2014-06-29T00:00:00Z","news_desk":"SundayBusiness"}]