[{"keywords":[],"headline":{"main":"Thailand Separates LGBT Inmates, Considers Segregated Prison","print_headline":"Thailand Separates LGBT Inmates, Considers Segregated Prison"},"web_url":"http:\/\/www.nytimes.com\/aponline\/2017\/01\/28\/world\/asia\/ap-as-thailand-lgbt-prisons.html","date":"2017-01-29T03:03:36+0000","news_desk":null},{"keywords":[],"headline":{"main":"Ecuador Transgender People Vote for First Time According to Chosen Gender","print_headline":"Ecuador Transgender People Vote for First Time According to Chosen Gender"},"web_url":"http:\/\/www.nytimes.com\/reuters\/2017\/02\/19\/world\/americas\/19reuters-ecuador-election-transgender.html","date":"2017-02-19T18:24:29+0000","news_desk":null},{"keywords":[],"headline":{"main":"California Lawmakers Want Third-Gender Option on IDs","print_headline":"California Lawmakers Want Third-Gender Option on IDs"},"web_url":"http:\/\/www.nytimes.com\/aponline\/2017\/01\/26\/us\/ap-us-gender-state-ids.html","date":"2017-01-26T22:37:04+0000","news_desk":null},{"keywords":[],"headline":{"main":"Trump Administration Working on Trans Bathroom Guidelines","print_headline":"Trump Administration Working on Trans Bathroom Guidelines"},"web_url":"http:\/\/www.nytimes.com\/aponline\/2017\/02\/21\/us\/politics\/ap-us-trump-transgender-bathrooms.html","date":"2017-02-21T21:51:58+0000","news_desk":null},{"keywords":[],"headline":{"main":"Appeals Court Tells Judge to Allow Transgender Name Changes","print_headline":"Appeals Court Tells Judge to Allow Transgender Name Changes"},"web_url":"http:\/\/www.nytimes.com\/aponline\/2017\/01\/20\/us\/ap-us-transgender-name-change.html","date":"2017-01-20T16:42:54+0000","news_desk":null},{"keywords":[],"headline":{"main":"Trump Administration Lifts Transgender Bathroom Guidance","print_headline":"Trump Administration Lifts Transgender Bathroom Guidance"},"web_url":"http:\/\/www.nytimes.com\/aponline\/2017\/02\/22\/us\/ap-us-transgender-bathrooms.html","date":"2017-02-22T17:37:03+0000","news_desk":null},{"keywords":[],"headline":{"main":"Supreme Court Could Decide Transgender Case. Or Not.","print_headline":"Supreme Court Could Decide Transgender Case. Or Not."},"web_url":"http:\/\/www.nytimes.com\/aponline\/2017\/02\/24\/us\/politics\/ap-us-supreme-court-transgender-bathrooms.html","date":"2017-02-24T08:24:56+0000","news_desk":null},{"keywords":[],"headline":{"main":"In LGBT 'Paradise', Thai Transgender Activist Breaks Barriers to Education","print_headline":"In LGBT 'Paradise', Thai Transgender Activist Breaks Barriers to Education"},"web_url":"http:\/\/www.nytimes.com\/reuters\/2017\/01\/17\/world\/asia\/17reuters-thailand-lgbt.html","date":"2017-01-18T01:27:28+0000","news_desk":null},{"keywords":[],"headline":{"main":"Myanmar's Abused, Intimidated LGBT People Long for Acceptance in New Era","print_headline":"Myanmar's Abused, Intimidated LGBT People Long for Acceptance in New Era"},"web_url":"http:\/\/www.nytimes.com\/reuters\/2016\/11\/15\/world\/asia\/15reuters-myanmar-gay.html","date":"2016-11-16T00:15:29Z","news_desk":null},{"keywords":[],"headline":{"main":"Chelsea Manning: A Potent Symbol for Transgender Americans","print_headline":"Chelsea Manning: a Potent Symbol for Transgender Americans"},"web_url":"http:\/\/www.nytimes.com\/aponline\/2017\/01\/18\/us\/ap-us-chelsea-manning-transgender-struggles.html","date":"2017-01-18T19:36:47+0000","news_desk":null},{"keywords":[],"headline":{"main":"Philippines LGBT Group Accuse Police of Failing to Serve and Protect","print_headline":"Philippines LGBT Group Accuse Police of Failing to Serve and Protect"},"web_url":"http:\/\/www.nytimes.com\/reuters\/2016\/06\/28\/world\/asia\/28reuters-philippines-lgbt-police.html","date":"2016-06-28T11:50:46Z","news_desk":"None"},{"keywords":[],"headline":{"main":"Police Discrimination Against U.S. LGBT Community Pervasive: Report","print_headline":"Police Discrimination Against U.S. LGBT Community Pervasive: Report"},"web_url":"http:\/\/www.nytimes.com\/reuters\/2015\/03\/04\/us\/04reuters-usa-lgbt-police.html","date":"2015-03-04T17:05:30Z","news_desk":"None"},{"keywords":[],"headline":{"main":"Vegas Offering All but Marriage to LGBT Tourists","print_headline":"Vegas Offering All but Marriage to LGBT Tourists"},"web_url":"http:\/\/www.nytimes.com\/aponline\/2014\/08\/21\/us\/ap-us-gay-vegas.html","date":"2014-08-21T02:36:27Z","news_desk":null},{"keywords":[],"headline":{"main":"Federal Court Weighs Key Decision on LGBT-Workplace Bias","print_headline":"Federal Court Weighs Key Decision on LGBT-Workplace Bias"},"web_url":"http:\/\/www.nytimes.com\/aponline\/2016\/11\/30\/us\/ap-us-discrimination-lawsuit-lesbian.html","date":"2016-11-30T12:48:37+0000","news_desk":null},{"keywords":[],"headline":{"main":"Nepal&#160;to&#160;issue Passports With Third Gender for Sexual Minorities","print_headline":"Nepal&#160;to&#160;issue Passports With Third Gender for Sexual Minorities"},"web_url":"http:\/\/www.nytimes.com\/reuters\/2015\/01\/07\/world\/asia\/07reuters-nepal-lgbt-passports.html","date":"2015-01-07T04:37:38Z","news_desk":"None"},{"keywords":[],"headline":{"main":"Japan Election Manifestos Free LGBT Rights From Political Closet","print_headline":"Japan Election Manifestos Free LGBT Rights From Political Closet"},"web_url":"http:\/\/www.nytimes.com\/reuters\/2016\/07\/07\/business\/07reuters-japan-election-lgbt.html","date":"2016-07-07T03:09:34Z","news_desk":"None"},{"keywords":[],"headline":{"main":"Japan Election Manifestos Free LGBT Rights From Political Closet","print_headline":"Japan Election Manifestos Free LGBT Rights From Political Closet"},"web_url":"http:\/\/www.nytimes.com\/reuters\/2016\/07\/06\/business\/06reuters-japan-election-lgbt.html","date":"2016-07-06T19:08:17Z","news_desk":"None"},{"keywords":[{"rank":"1","name":"persons","value":"Ban Ki-moon"},{"rank":"1","name":"glocations","value":"Canada"},{"rank":"4","name":"glocations","value":"United States"},{"rank":"3","name":"glocations","value":"Sochi (Russia)"},{"rank":"2","name":"glocations","value":"Russia"},{"rank":"2","name":"organizations","value":"Human Rights Campaign"},{"rank":"3","name":"organizations","value":"International Olympic Committee"},{"rank":"1","name":"organizations","value":"AT&T Inc"},{"rank":"3","name":"subject","value":"Hate Crimes"},{"rank":"2","name":"subject","value":"Discrimination"},{"rank":"5","name":"subject","value":"Olympic Games (2014)"},{"rank":"4","name":"subject","value":"Homosexuality"},{"rank":"1","name":"subject","value":"Advertising and Marketing"},{"rank":"7","name":"subject","value":"Transgender and Transsexual"},{"rank":"6","name":"subject","value":"Social Media"}],"headline":{"main":"As Olympics Open, Social Media Is a Prism for Protests Against Russia's Anti-Gay Law","kicker":"The Lede"},"web_url":"http:\/\/thelede.blogs.nytimes.com\/2014\/02\/07\/as-olympics-open-social-media-is-a-prism-for-protests-against-russias-ant-gay-law\/","date":"2014-02-07T17:14:46Z","news_desk":null},{"keywords":[],"headline":{"main":"What North Carolina's Wide-Ranging 'Bathroom Bill' Covers","print_headline":"What North Carolina's Wide-Ranging 'Bathroom Bill' Covers"},"web_url":"http:\/\/www.nytimes.com\/aponline\/2016\/12\/20\/us\/ap-us-lgbt-rights-north-carolina-news-guide.html","date":"2016-12-20T19:18:47+0000","news_desk":null},{"keywords":[],"headline":{"main":"What North Carolina's Wide-Ranging 'Bathroom Bill' Covers","print_headline":"What North Carolina's Wide-Ranging 'Bathroom Bill' Covers"},"web_url":"http:\/\/www.nytimes.com\/aponline\/2016\/12\/21\/us\/ap-us-lgbt-rights-north-carolina-news-guide.html","date":"2016-12-21T08:48:41+0000","news_desk":null}]