[{"keywords":[],"headline":{"main":"U.S. Judge Blocks Transgender, Abortion-Related Obamacare Protections","print_headline":"U.S. Judge Blocks Transgender, Abortion-Related Obamacare Protections"},"web_url":"http:\/\/www.nytimes.com\/reuters\/2016\/12\/31\/us\/politics\/31reuters-usa-obamacare.html","date":"2017-01-01T01:21:28+0000","news_desk":null},{"keywords":[],"headline":{"main":"In LGBT 'Paradise', Thai Transgender Activist Breaks Barriers to Education","print_headline":"In LGBT 'Paradise', Thai Transgender Activist Breaks Barriers to Education"},"web_url":"http:\/\/www.nytimes.com\/reuters\/2017\/01\/17\/world\/asia\/17reuters-thailand-lgbt.html","date":"2017-01-18T01:27:28+0000","news_desk":null},{"keywords":[],"headline":{"main":"U.S. Government to Extend Healthcare Nondiscrimination Law to Transgender People","print_headline":"U.S. Government to Extend Healthcare Nondiscrimination Law to Transgender People"},"web_url":"http:\/\/www.nytimes.com\/reuters\/2015\/09\/03\/us\/03reuters-usa-healthcare-discrimination.html","date":"2015-09-03T13:24:10Z","news_desk":"None"},{"keywords":[],"headline":{"main":"Transgender People Face Challenges for Adequate Health Care-Study","print_headline":"Transgender People Face Challenges for Adequate Health Care-Study"},"web_url":"http:\/\/www.nytimes.com\/reuters\/2016\/06\/17\/world\/asia\/17reuters-world-health-lgbt.html","date":"2016-06-17T04:08:56Z","news_desk":"None"},{"keywords":[{"name":"organizations","value":"IMS HEALTH"},{"name":"organizations","value":"PFIZER INC"},{"name":"subject","value":"SALES"},{"name":"subject","value":"SEX"},{"name":"subject","value":"MEN"},{"name":"subject","value":"IMPOTENCE"},{"name":"subject","value":"VIAGRA (DRUG)"}],"headline":{"main":"A Record Pace For Viagra Sales"},"web_url":"http:\/\/www.nytimes.com\/1998\/07\/07\/business\/a-record-pace-for-viagra-sales.html","date":"1998-07-07T00:00:00Z","news_desk":"Business\/Financial Desk"},{"keywords":[],"headline":{"main":"Indiana Hospital Caring for MERS Patient Still Bustling","print_headline":"Indiana Hospital Caring for MERS Patient Still Bustling"},"web_url":"http:\/\/www.nytimes.com\/reuters\/2014\/05\/03\/world\/europe\/03reuters-usa-health-mers.html","date":"2014-05-03T14:54:03Z","news_desk":null},{"keywords":[],"headline":{"main":"British Ebola Victim Flown Home as Congo Finds New Outbreak","print_headline":"British Ebola Victim Flown Home as Congo Finds New Outbreak"},"web_url":"http:\/\/www.nytimes.com\/reuters\/2014\/08\/24\/world\/africa\/24reuters-health-ebola.html","date":"2014-08-24T16:05:12Z","news_desk":null},{"keywords":[],"headline":{"main":"Biopharma Veteran Gallagher to Join Venture Capital Firm NEA","print_headline":"Biopharma Veteran Gallagher to Join Venture Capital Firm NEA"},"web_url":"http:\/\/www.nytimes.com\/reuters\/2014\/10\/09\/business\/09reuters-venture-women-nea.html","date":"2014-10-09T08:24:36Z","news_desk":"None"},{"keywords":[],"headline":{"main":"Prostate Cancer"},"web_url":"http:\/\/health.nytimes.com\/health\/guides\/disease\/prostate-cancer\/overview.html","date":null,"news_desk":null},{"keywords":[{"value":"Pornography and Obscenity","is_major":"N","rank":"1","name":"subject"},{"value":"Acquired Immune Deficiency Syndrome","is_major":"N","rank":"2","name":"subject"},{"value":"Medicine and Health","is_major":"N","rank":"3","name":"subject"},{"value":"Actors and Actresses","is_major":"N","rank":"4","name":"subject"},{"value":"Los Angeles (Calif)","is_major":"N","rank":"5","name":"glocations"}],"headline":{"main":"H.I.V. Found in 22 Actors in Sex Films Since 2004","print_headline":"H.I.V. Found In 22 Actors In Sex Films Since 2004"},"web_url":"http:\/\/www.nytimes.com\/2009\/06\/13\/health\/13hiv.html","date":"2009-06-13T00:00:00Z","news_desk":"National"},{"keywords":[],"headline":{"main":"Reader Responses"},"web_url":"http:\/\/www.nytimes.com\/2006\/09\/27\/business\/27responses.ready.html","date":"2006-09-27T10:32:00Z","news_desk":"Business"},{"keywords":[{"name":"glocations","value":"NEW YORK CITY"},{"name":"organizations","value":"HEALTH AND MENTAL HYGIENE DEPARTMENT"},{"name":"subject","value":"CONTESTS AND PRIZES"},{"name":"subject","value":"SEXUALLY TRANSMITTED DISEASES"},{"name":"subject","value":"CONDOMS"},{"name":"subject","value":"CONTAINERS AND PACKAGING"},{"name":"subject","value":"LABELING AND LABELS"}],"headline":{"main":"Protection in Nifty Packaging: Finalists for New York Condom Wrapper Contest"},"web_url":"http:\/\/query.nytimes.com\/gst\/fullpage.html?res=9901E4DE1331F931A25751C0A9669D8B63","date":"2010-02-12T00:00:00Z","news_desk":"Metropolitan Desk"},{"keywords":[],"headline":{"main":"Florida, Georgia Say Insurance Rates to Spike Under Obamacare","print_headline":"Florida, Georgia Say Insurance Rates to Spike Under Obamacare"},"web_url":"http:\/\/www.nytimes.com\/reuters\/2013\/07\/30\/us\/30reuters-usa-healthcare-rates.html","date":"2013-07-30T20:16:35Z","news_desk":null},{"keywords":[],"headline":{"main":"Adolescent Depression"},"web_url":"http:\/\/health.nytimes.com\/health\/guides\/disease\/adolescent-depression\/overview.html","date":null,"news_desk":null},{"keywords":[],"headline":{"main":"Cuban Doctor in Brazilian Program Kills Himself-Official","print_headline":"Cuban Doctor in Brazilian Program Kills Himself-Official"},"web_url":"http:\/\/www.nytimes.com\/reuters\/2014\/03\/31\/world\/americas\/31reuters-brazil-cuban-death.html","date":"2014-03-31T21:05:31Z","news_desk":null},{"keywords":[],"headline":{"main":"Risks of Tobacco"},"web_url":"http:\/\/health.nytimes.com\/health\/guides\/specialtopic\/smoking-and-smokeless-tobacco\/overview.html","date":null,"news_desk":null},{"keywords":[],"headline":{"main":"Nicotine and Tobacco"},"web_url":"http:\/\/health.nytimes.com\/health\/guides\/disease\/nicotine-withdrawal\/overview.html","date":null,"news_desk":null},{"keywords":[],"headline":{"main":"High Blood Cholesterol Levels"},"web_url":"http:\/\/health.nytimes.com\/health\/guides\/disease\/high-blood-cholesterol-and-triglycerides\/overview.html","date":null,"news_desk":null},{"keywords":[],"headline":{"main":"Depression"},"web_url":"http:\/\/health.nytimes.com\/health\/guides\/symptoms\/depression\/overview.html","date":null,"news_desk":null},{"keywords":[],"headline":{"main":"Major Depression With Psychotic Features"},"web_url":"http:\/\/health.nytimes.com\/health\/guides\/disease\/major-depression-with-psychotic-features\/overview.html","date":null,"news_desk":null}]