[{"keywords":[{"rank":"1","is_major":"N","value":"Circumcision","name":"subject"},{"rank":"2","is_major":"N","value":"Cervix","name":"subject"},{"rank":"3","is_major":"N","value":"Cancer","name":"subject"},{"rank":"4","is_major":"N","value":"Medicine and Health","name":"subject"}],"headline":{"seo":"Male Circumcision May Help Sex Partners Against Cervical Cancer","main":"Uganda: Male Circumcision May Help Protect Sexual Partners Against Cervical Cancer","kicker":"Global Update","print_headline":"PREVENTION: Male Circumcision May Help Protect Sexual Partners Against Cervical Cancer","content_kicker":"Global Update"},"web_url":"http:\/\/www.nytimes.com\/2011\/01\/18\/health\/18global.html","date":"2011-01-18T00:00:00Z","news_desk":"Science"},{"keywords":[],"headline":{"main":"Inhibited Sexual Desire"},"web_url":"http:\/\/health.nytimes.com\/health\/guides\/disease\/inhibited-sexual-desire\/overview.html","date":null,"news_desk":null},{"keywords":[],"headline":{"main":"Buccal Smear"},"web_url":"http:\/\/health.nytimes.com\/health\/guides\/test\/buccal-smear\/overview.html","date":null,"news_desk":null},{"keywords":[],"headline":{"main":"Chlamydial Infections - Male"},"web_url":"http:\/\/health.nytimes.com\/health\/guides\/disease\/chlamydial-urethritis-male\/overview.html","date":null,"news_desk":null},{"keywords":[],"headline":{"main":"Reifenstein Syndrome"},"web_url":"http:\/\/health.nytimes.com\/health\/guides\/disease\/reifenstein-syndrome\/overview.html","date":null,"news_desk":null},{"keywords":[],"headline":{"main":"Ambiguous Genitalia"},"web_url":"http:\/\/health.nytimes.com\/health\/guides\/symptoms\/ambiguous-genitalia\/overview.html","date":null,"news_desk":null},{"keywords":[],"headline":{"main":"Urethritis"},"web_url":"http:\/\/health.nytimes.com\/health\/guides\/disease\/urethritis\/overview.html","date":null,"news_desk":null},{"keywords":[],"headline":{"main":"Intersex"},"web_url":"http:\/\/health.nytimes.com\/health\/guides\/disease\/intersex\/overview.html","date":null,"news_desk":null},{"keywords":[],"headline":{"main":"Lymphogranuloma Venereum"},"web_url":"http:\/\/health.nytimes.com\/health\/guides\/disease\/lymphogranuloma-venereum\/overview.html","date":null,"news_desk":null},{"keywords":[],"headline":{"main":"Developmental Disorders of the Vagina and Vulva"},"web_url":"http:\/\/health.nytimes.com\/health\/guides\/disease\/developmental-disorders-of-the-vagina-and-vulva\/overview.html","date":null,"news_desk":null},{"keywords":[{"rank":"1","is_major":"N","name":"subject","value":"Testosterone"},{"rank":"2","is_major":"N","name":"subject","value":"Exercise"},{"rank":"3","is_major":"N","name":"subject","value":"Athletics and Sports"},{"rank":"4","is_major":"N","name":"subject","value":"Hormones"},{"rank":"5","is_major":"N","name":"subject","value":"Sex"}],"headline":{"main":"Men, Is Exercise Putting a Damper on Your Sex Life?","content_kicker":"Phys Ed","print_headline":"Men\u2019s Workouts Tied to Low Libido"},"web_url":"http:\/\/www.nytimes.com\/2017\/02\/22\/well\/move\/men-is-exercise-putting-a-damper-on-your-sex-life.html","date":"2017-02-22T11:00:02+0000","news_desk":"Science"},{"keywords":[],"headline":{"main":"Aging Changes in the Male Reproductive System"},"web_url":"http:\/\/health.nytimes.com\/health\/guides\/specialtopic\/aging-changes-in-the-male-reproductive-system\/overview.html","date":null,"news_desk":null},{"keywords":[],"headline":{"main":"Chlamydia"},"web_url":"http:\/\/health.nytimes.com\/health\/guides\/disease\/chlamydia\/overview.html","date":null,"news_desk":null},{"keywords":[],"headline":{"main":"Australia's Catholic Church Paid $213 Million in Abuse Compensation, Costs","print_headline":"Australia's Catholic Church Paid $213 Million in Abuse Compensation, Costs"},"web_url":"http:\/\/www.nytimes.com\/reuters\/2017\/02\/15\/world\/asia\/15reuters-australia-abuse.html","date":"2017-02-16T01:12:33+0000","news_desk":null},{"keywords":[],"headline":{"main":"Italy's Anti-Discrimination Chief Quits After Gay Sex Club Scandal","print_headline":"Italy's Anti-Discrimination Chief Quits After Gay Sex Club Scandal"},"web_url":"http:\/\/www.nytimes.com\/reuters\/2017\/02\/20\/world\/europe\/20reuters-italy-discrimination.html","date":"2017-02-20T20:12:28+0000","news_desk":null},{"keywords":[],"headline":{"main":"Pharyngitis - Gonococcal"},"web_url":"http:\/\/health.nytimes.com\/health\/guides\/disease\/pharyngitis-gonococcal\/overview.html","date":null,"news_desk":null},{"keywords":[],"headline":{"main":"526 Potential Victims in Sex Abuse Case, 248 Clubs Impacted","print_headline":"526 Potential Victims in Sex Abuse Case, 248 Clubs Impacted"},"web_url":"http:\/\/www.nytimes.com\/aponline\/2017\/01\/18\/world\/europe\/ap-soc-britain-sex-abuse.html","date":"2017-01-18T11:00:41+0000","news_desk":null},{"keywords":[],"headline":{"main":"Hypogonadotropic Hypogonadism"},"web_url":"http:\/\/health.nytimes.com\/health\/guides\/disease\/hypogonadotropic-hypogonadism\/overview.html","date":null,"news_desk":null},{"keywords":[],"headline":{"main":"Pelvic Inflammatory Disease (PID)"},"web_url":"http:\/\/health.nytimes.com\/health\/guides\/disease\/pelvic-inflammatory-disease-pid\/overview.html","date":null,"news_desk":null},{"keywords":[],"headline":{"main":"Belgian Model Becoming Public Face of Intersex People","print_headline":"Belgian Model Becoming Public Face of Intersex People"},"web_url":"http:\/\/www.nytimes.com\/reuters\/2017\/02\/10\/world\/europe\/10reuters-fashion-new-york-intersexmodel.html","date":"2017-02-10T19:09:30+0000","news_desk":null}]