[{"keywords":[{"name":"subject","value":"TERMS NOT AVAILABLE"}],"headline":{"main":"NEW JERSEY JOURNAL"},"web_url":"http:\/\/www.nytimes.com\/1985\/08\/18\/nyregion\/new-jersey-journal-189986.html","date":"1985-08-18T00:00:00Z","news_desk":"New Jersey Weekly Desk"},{"keywords":[],"headline":{"main":"Reifenstein Syndrome"},"web_url":"http:\/\/health.nytimes.com\/health\/guides\/disease\/reifenstein-syndrome\/overview.html","date":null,"news_desk":null},{"keywords":[],"headline":{"main":"Intersex"},"web_url":"http:\/\/health.nytimes.com\/health\/guides\/disease\/intersex\/overview.html","date":null,"news_desk":null},{"keywords":[],"headline":{"main":"Short Stature"},"web_url":"http:\/\/health.nytimes.com\/health\/guides\/symptoms\/short-stature\/overview.html","date":null,"news_desk":null},{"keywords":[],"headline":{"main":"Mobile App Helps China Recover Hundreds of Missing Children","print_headline":"Mobile App Helps China Recover Hundreds of Missing Children"},"web_url":"http:\/\/www.nytimes.com\/reuters\/2017\/02\/04\/technology\/04reuters-china-trafficking-apps.html","date":"2017-02-04T12:15:27+0000","news_desk":null},{"keywords":[],"headline":{"main":"Adrenocortical Carcinoma"},"web_url":"http:\/\/health.nytimes.com\/health\/guides\/disease\/adrenocortical-carcinoma\/overview.html","date":null,"news_desk":null},{"keywords":[],"headline":{"main":"Australia's Catholic Church Paid $213 Million in Abuse Compensation, Costs","print_headline":"Australia's Catholic Church Paid $213 Million in Abuse Compensation, Costs"},"web_url":"http:\/\/www.nytimes.com\/reuters\/2017\/02\/15\/world\/asia\/15reuters-australia-abuse.html","date":"2017-02-16T01:12:33+0000","news_desk":null},{"keywords":[],"headline":{"main":"Congenital Adrenal Hyperplasia"},"web_url":"http:\/\/health.nytimes.com\/health\/guides\/disease\/congenital-adrenal-hyperplasia\/overview.html","date":null,"news_desk":null},{"keywords":[],"headline":{"main":"Prader-Willi Syndrome"},"web_url":"http:\/\/health.nytimes.com\/health\/guides\/disease\/prader-willi-syndrome\/overview.html","date":null,"news_desk":null},{"keywords":[],"headline":{"main":"Former Southwest Baptist University Football Player Charged","print_headline":"Former Southwest Baptist University Football Player Charged"},"web_url":"http:\/\/www.nytimes.com\/aponline\/2017\/02\/01\/us\/ap-fbc-southwest-baptist-group-home-abuse.html","date":"2017-02-01T23:22:33+0000","news_desk":null},{"keywords":[{"rank":"1","is_major":"N","name":"subject","value":"Camels"},{"rank":"2","is_major":"N","name":"glocations","value":"Abu Dhabi (United Arab Emirates)"},{"rank":"3","is_major":"N","name":"glocations","value":"United Arab Emirates"},{"rank":"4","is_major":"N","name":"persons","value":"Nahyan, Sultan Bin Zayed al- (1955- )"}],"headline":{"main":"Where Camels Race and Win Beauty Contests"},"web_url":"http:\/\/www.nytimes.com\/2017\/02\/10\/world\/middleeast\/camel-beauty-contest-abu-dhabi.html","date":"2017-02-10T20:02:55+0000","news_desk":"Foreign"},{"keywords":[{"rank":"1","is_major":"N","name":"subject","value":"Books and Literature"},{"rank":"2","is_major":"N","name":"creative_works","value":"Testosterone Rex: Myths of Sex, Science, and Society (Book)"},{"rank":"3","is_major":"N","name":"persons","value":"Fine, Cordelia"}],"headline":{"main":"Not From Venus, Not From Mars: What We Believe About Gender and Why It\u2019s Often Wrong","content_kicker":"Nonfiction","kicker":"Nonfiction","print_headline":"Not From Venus, Not From Mars"},"web_url":"http:\/\/www.nytimes.com\/2017\/02\/23\/books\/review\/testosterone-rex-myths-of-sex-science-and-society-cordelia-fine.html","date":"2017-02-23T12:00:02+0000","news_desk":"BookReview"},{"keywords":[],"headline":{"main":"Gynecomastia"},"web_url":"http:\/\/health.nytimes.com\/health\/guides\/symptoms\/gynecomastia\/overview.html","date":null,"news_desk":null},{"keywords":[],"headline":{"main":"Sponsors Back Off Bill to Require Sex Assault Corroboration","print_headline":"Sponsors Back Off Bill to Require Sex Assault Corroboration"},"web_url":"http:\/\/www.nytimes.com\/aponline\/2017\/01\/24\/us\/ap-us-sex-assault-corroborating-evidence.html","date":"2017-01-24T15:42:48+0000","news_desk":null},{"keywords":[{"rank":"1","is_major":"N","name":"subject","value":"Labor and Jobs"},{"rank":"2","is_major":"N","name":"subject","value":"Women and Girls"},{"rank":"3","is_major":"N","name":"subject","value":"United States Economy"},{"rank":"4","is_major":"N","name":"subject","value":"Unemployment"},{"rank":"5","is_major":"N","name":"subject","value":"Wages and Salaries"}],"headline":{"main":"Why Women Quit Working: It\u2019s Not for the Reasons Men Do","print_headline":"\u2018Care Chasm\u2019 Forces Women to Forgo Jobs"},"web_url":"http:\/\/www.nytimes.com\/2017\/01\/24\/business\/economy\/women-labor-force.html","date":"2017-01-24T23:07:11+0000","news_desk":"Business"},{"keywords":[],"headline":{"main":"Article 1 -- No Title","kicker":"1"},"web_url":"http:\/\/query.nytimes.com\/gst\/abstract.html?res=9E00E1D7153CEE34BC4053DFB1668383649FDE","date":"1858-07-08T00:03:58Z","news_desk":null},{"keywords":[{"rank":"1","is_major":"N","name":"subject","value":"Women and Girls"},{"rank":"2","is_major":"N","name":"subject","value":"Women's Rights"},{"rank":"3","is_major":"N","name":"subject","value":"Royal Families"},{"rank":"4","is_major":"N","name":"organizations","value":"Liberal Democratic Party (Japan)"},{"rank":"5","is_major":"N","name":"persons","value":"Abe, Shinzo"},{"rank":"6","is_major":"N","name":"persons","value":"Akihito"},{"rank":"7","is_major":"N","name":"persons","value":"Naruhito, Crown Prince of Japan"},{"rank":"8","is_major":"N","name":"persons","value":"Masako, Crown Princess of Japan"},{"rank":"9","is_major":"N","name":"glocations","value":"Japan"}],"headline":{"main":"Many Japanese Look for a Shift to Female Heirs to the Throne","print_headline":"Many in Japan Look for Shift to Allow Female Heirs"},"web_url":"http:\/\/www.nytimes.com\/2017\/01\/28\/world\/asia\/japan-emperor-female-heirs.html","date":"2017-01-28T18:15:23+0000","news_desk":"Foreign"},{"keywords":[],"headline":{"main":"Report: Officials Hid Years of Sex Abuse at Boarding School","print_headline":"Report: Officials Hid Years of Sex Abuse at Boarding School"},"web_url":"http:\/\/www.nytimes.com\/aponline\/2017\/02\/01\/us\/ap-us-boarding-school-sex-abuse.html","date":"2017-02-01T18:15:59+0000","news_desk":null},{"keywords":[],"headline":{"main":"Developmental Disorders of the Female Reproductive Tract"},"web_url":"http:\/\/health.nytimes.com\/health\/guides\/disease\/developmental-disorders-of-the-female-reproductive-tract\/overview.html","date":null,"news_desk":null},{"keywords":[{"rank":"1","is_major":"N","name":"subject","value":"Fashion and Apparel"},{"rank":"2","is_major":"N","name":"subject","value":"Intersex"},{"rank":"3","is_major":"N","name":"persons","value":"Odiele, Hanne Gaby"},{"rank":"4","is_major":"N","name":"organizations","value":"InterACT Advocates for Intersex Youth"}],"headline":{"main":"How a Top Model Also Became an Intersex Activist","print_headline":"Top Model and, Yes, Intersex Activist"},"web_url":"http:\/\/www.nytimes.com\/2017\/02\/11\/fashion\/hanne-gaby-odiele-model-intersex-activist-fashion-week.html","date":"2017-02-11T11:00:03+0000","news_desk":"Styles"}]