[{"keywords":[{"rank":"1","is_major":"N","name":"subject","value":"Discrimination"},{"rank":"2","is_major":"N","name":"subject","value":"Colleges and Universities"},{"rank":"3","is_major":"N","name":"subject","value":"Sexual Harassment"},{"rank":"4","is_major":"N","name":"subject","value":"Title IX (Gender Discrimination Legislation)"},{"rank":"5","is_major":"N","name":"subject","value":"Women and Girls"},{"rank":"6","is_major":"N","name":"subject","value":"Civil Rights and Liberties"},{"rank":"7","is_major":"N","name":"subject","value":"Gender"},{"rank":"8","is_major":"N","name":"organizations","value":"Education Department (US)"},{"rank":"9","is_major":"N","name":"persons","value":"DeVos, Elizabeth (1958- )"},{"rank":"10","is_major":"N","name":"persons","value":"Trump, Donald J"}],"headline":{"main":"Fighting College Sexual Assault in the Trump Era","content_kicker":"Op-Ed Contributor","kicker":"Op-Ed Contributor"},"web_url":"http:\/\/www.nytimes.com\/2017\/02\/15\/opinion\/fighting-college-sexual-assault-in-the-trump-era.html","date":"2017-02-15T20:10:26+0000","news_desk":"OpEd"},{"keywords":[{"name":"persons","value":"THOMAS, JUDGE, AND THE CIVIL RIGHTS BILL"},{"name":"glocations","value":"FIRST DISTRICT (VIRGINIA.)"},{"name":"subject","value":"POLITICAL"},{"name":"subject","value":"POLITICAL"},{"name":"subject","value":"MILITARY GOVERNMENT"}],"headline":{"main":"POLITICAL AFFAIRS.; Gen. Grant in the War Department. The Attacks on Gen, Grant. The President's Course of Action-What Does It Mean . Execution of the Laws In Virginia-Order from Gen. Schofield. Judge Thomas, of Virginia, and the Civil Rights Bill. Equal Suffrage in Miclilan."},"web_url":"http:\/\/query.nytimes.com\/gst\/abstract.html?res=9A01E5D9123BE63BBC4F52DFBE66838C679FDE","date":"1867-08-17T00:03:58Z","news_desk":null},{"keywords":[{"name":"creative_works","value":"VOTING RIGHTS ACT"},{"name":"persons","value":"KENYON, DAVID"},{"name":"glocations","value":"LOS ANGELES (CALIF)"},{"name":"subject","value":"MEXICAN-AMERICANS"},{"name":"subject","value":"SPANISH-SPEAKING GROUPS (US)"},{"name":"subject","value":"MINORITIES (ETHNIC, RACIAL, RELIGIOUS)"},{"name":"subject","value":"DISCRIMINATION"},{"name":"subject","value":"SUITS AND CLAIMS AGAINST GOVERNMENT"},{"name":"subject","value":"GERRYMANDERING"},{"name":"subject","value":"REAPPORTIONMENT"},{"name":"subject","value":"LOCAL GOVERNMENT"},{"name":"subject","value":"ELECTIONS"},{"name":"subject","value":"DECISIONS AND VERDICTS"}],"headline":{"main":"LOS ANGELES BOARD IS SAID TO EXERCISE ANTI-HISPANIC BIAS"},"web_url":"http:\/\/www.nytimes.com\/1990\/06\/05\/us\/los-angeles-board-is-said-to-exercise-anti-hispanic-bias.html","date":"1990-06-05T00:00:00Z","news_desk":"National Desk"},{"keywords":[{"name":"persons","value":"MANSURI, RONA"},{"name":"persons","value":"AFZALI, AMENA SAFI"},{"name":"persons","value":"WALI, SIMA"},{"name":"glocations","value":"NEW YORK CITY"},{"name":"glocations","value":"WASHINGTON (DC)"},{"name":"glocations","value":"AFGHANISTAN"},{"name":"organizations","value":"TALIBAN"},{"name":"subject","value":"WORLD TRADE CENTER (NYC)"},{"name":"subject","value":"AIRLINES AND AIRPLANES"},{"name":"subject","value":"HIJACKING"},{"name":"subject","value":"WOMEN"},{"name":"subject","value":"FREEDOM AND HUMAN RIGHTS"},{"name":"subject","value":"TERRORISM"}],"headline":{"main":"In Bonn, Three Champions for Afghan Women","kicker":"A NATION CHALLENGED: RIGHTS"},"web_url":"http:\/\/www.nytimes.com\/2001\/11\/30\/world\/a-nation-challenged-rights-in-bonn-three-champions-for-afghan-women.html","date":"2001-11-30T00:00:00Z","news_desk":"Foreign Desk"},{"keywords":[{"name":"creative_works","value":"CIVIL RIGHTS ACT OF 1990"},{"name":"glocations","value":"UNITED STATES"},{"name":"subject","value":"AFFIRMATIVE ACTION"},{"name":"subject","value":"MEN"},{"name":"subject","value":"LABOR"},{"name":"subject","value":"HIRING AND PROMOTION"},{"name":"subject","value":"BLACKS (IN US)"},{"name":"subject","value":"CIVIL RIGHTS"},{"name":"subject","value":"MINORITIES (ETHNIC, RACIAL, RELIGIOUS)"},{"name":"subject","value":"DISCRIMINATION"},{"name":"subject","value":"LAW AND LEGISLATION"}],"headline":{"main":"The Civil Rights Act: White Men's Hope"},"web_url":"http:\/\/www.nytimes.com\/1990\/06\/24\/opinion\/the-civil-rights-act-white-men-s-hope.html","date":"1990-06-24T00:00:00Z","news_desk":"Editorial Desk"},{"keywords":[{"name":"subject","value":"UNITED STATES POLITICS AND GOVERNMENT"},{"name":"subject","value":"BLACKS (IN US)"},{"name":"subject","value":"DISCRIMINATION"},{"name":"subject","value":"MINORITIES (ETHNIC, RACIAL, RELIGIOUS)"},{"name":"subject","value":"LAW AND LEGISLATION"},{"name":"subject","value":"CONSTITUTIONS"}],"headline":{"main":"News Analysis","kicker":"'COLOR-BLIND' RIGHTS LAW"},"web_url":"http:\/\/www.nytimes.com\/1982\/03\/10\/us\/color-blind-rights-law-news-analysis.html","date":"1982-03-10T00:00:00Z","news_desk":"National Desk"},{"keywords":[{"rank":"1","is_major":"Y","name":"glocations","value":"Jacksonville (Fla)"},{"rank":"2","is_major":"Y","name":"subject","value":"Homosexuality and Bisexuality"},{"rank":"3","is_major":"Y","name":"subject","value":"Transgender and Transsexuals"},{"rank":"4","is_major":"Y","name":"subject","value":"Discrimination"},{"rank":"5","is_major":"N","name":"subject","value":"Civil Rights and Liberties"},{"rank":"6","is_major":"N","name":"organizations","value":"Focus on the Family"},{"rank":"7","is_major":"N","name":"organizations","value":"Human Rights Campaign"}],"headline":{"main":"After a Defeat in Houston, the Fight for Gay Rights Shifts to Jacksonville","print_headline":"After a Defeat in Houston, the Fight for Gay Rights Shifts to Jacksonville"},"web_url":"http:\/\/www.nytimes.com\/2015\/11\/29\/us\/after-a-defeat-in-houston-the-fight-for-gay-rights-shifts-to-jacksonville.html","date":"2015-11-29T00:00:00Z","news_desk":"National"},{"keywords":[{"name":"creative_works","value":"CIVIL RIGHTS ACT OF 1964"},{"name":"persons","value":"BUSH, GEORGE"},{"name":"persons","value":"FERNANDEZ, ANTONIO DIENDE"},{"name":"glocations","value":"RHODE ISLAND"},{"name":"glocations","value":"MOZAMBIQUE"},{"name":"glocations","value":"CONNECTICUT"},{"name":"glocations","value":"MISSOURI"},{"name":"organizations","value":"SUPREME COURT"},{"name":"subject","value":"CHILD CUSTODY AND SUPPORT"},{"name":"subject","value":"LABOR"},{"name":"subject","value":"DEATH"},{"name":"subject","value":"SUITS AND LITIGATION"},{"name":"subject","value":"LIFE-SUSTAINING SUPPORT SYSTEMS, WITHDRAWAL OF"},{"name":"subject","value":"DISCRIMINATION"},{"name":"subject","value":"DIVORCE, SEPARATIONS AND ANNULMENTS"}],"headline":{"main":"Supreme Court Roundup; Justices to Rule on Illinois Bias Case"},"web_url":"http:\/\/www.nytimes.com\/1989\/11\/07\/us\/supreme-court-roundup-justices-to-rule-on-illinois-bias-case.html","date":"1989-11-07T00:00:00Z","news_desk":"National Desk"},{"keywords":[{"name":"persons","value":"MOHAMED, YANAR"},{"name":"persons","value":"HUSSEIN, SADDAM"},{"name":"glocations","value":"IRAQ"},{"name":"glocations","value":"KIRKUK (IRAQ)"},{"name":"glocations","value":"BAGHDAD (IRAQ)"},{"name":"subject","value":"UNITED STATES INTERNATIONAL RELATIONS"},{"name":"subject","value":"DOMESTIC VIOLENCE"},{"name":"subject","value":"POLITICS AND GOVERNMENT"},{"name":"subject","value":"WOMEN"},{"name":"subject","value":"ISLAM"},{"name":"subject","value":"ECONOMIC CONDITIONS AND TRENDS"},{"name":"subject","value":"FREEDOM AND HUMAN RIGHTS"},{"name":"subject","value":"TERRORISM"},{"name":"subject","value":"UNITED STATES ARMAMENT AND DEFENSE"}],"headline":{"main":"Shielding Women From a Renewal of Domestic Violence","kicker":"THE REACH OF WAR: CIVIL RIGHTS"},"web_url":"http:\/\/www.nytimes.com\/2004\/10\/14\/international\/middleeast\/14shelter.html","date":"2004-10-14T00:00:00Z","news_desk":"Foreign Desk"},{"keywords":[{"rank":"1","is_major":"N","name":"subject","value":"Same-Sex Marriage, Civil Unions and Domestic Partnerships"},{"rank":"11","is_major":"N","name":"persons","value":"Merkley, Jeffrey A (1956- )"},{"rank":"2","is_major":"Y","name":"subject","value":"Homosexuality and Bisexuality"},{"rank":"3","is_major":"Y","name":"subject","value":"Civil Rights and Liberties"},{"rank":"4","is_major":"Y","name":"subject","value":"Transgender and Transsexuals"},{"rank":"6","is_major":"N","name":"persons","value":"Koch, Edward I"},{"rank":"7","is_major":"N","name":"persons","value":"Abzug, Bella S"},{"rank":"8","is_major":"N","name":"organizations","value":"Human Rights Campaign"},{"rank":"9","is_major":"N","name":"organizations","value":"Family Research Council"},{"rank":"10","is_major":"N","name":"persons","value":"Merkley, Jeff"}],"headline":{"main":"Rights Bill Sought for Lesbian, Gay, Bisexual and Transgender Americans","print_headline":"Rights Bill Sought for Lesbian, Gay, Bisexual and Transgender Americans"},"web_url":"http:\/\/www.nytimes.com\/2014\/12\/05\/us\/advocates-seek-civil-rights-bill-for-lesbian-gay-bisexual-and-transgender-americans.html","date":"2014-12-05T00:00:00Z","news_desk":"National"},{"keywords":[{"rank":"1","is_major":"N","name":"persons","value":"Till, Emmett Louis"},{"rank":"2","is_major":"N","name":"subject","value":"Lynching"},{"rank":"3","is_major":"N","name":"subject","value":"Blacks"},{"rank":"4","is_major":"N","name":"persons","value":"Donham, Carolyn Bryant"},{"rank":"5","is_major":"N","name":"subject","value":"Civil Rights Movement (1954-68)"}],"headline":{"main":"Woman Linked to 1955 Emmett Till Murder Tells Historian Her Claims Were False","print_headline":"Woman Tied to 1955 Emmett Till Murder Tells Historian Her Claims Were False"},"web_url":"http:\/\/www.nytimes.com\/2017\/01\/27\/us\/emmett-till-lynching-carolyn-bryant-donham.html","date":"2017-01-28T03:45:40+0000","news_desk":"National"},{"keywords":[{"value":"Homosexuality","is_major":"N","rank":"1","name":"subject"},{"value":"Civil Rights and Liberties","is_major":"N","rank":"2","name":"subject"},{"value":"Supreme Court","is_major":"N","rank":"3","name":"organizations"},{"value":"Rekers, George A","is_major":"N","rank":"4","name":"persons"},{"value":"Kagan, Elena","is_major":"N","rank":"5","name":"persons"}],"headline":{"main":"Hypocrisy on Gays","sub":"(1 Letter)","print_headline":"Hypocrisy on Gays","content_kicker":"Letter"},"web_url":"http:\/\/www.nytimes.com\/2010\/05\/23\/opinion\/lweb23rich.html","date":"2010-05-23T00:00:00Z","news_desk":"Letters"},{"keywords":[],"headline":{"main":"Gorsuch Rulings in Some Notable Employee's Rights Cases","print_headline":"Gorsuch Rulings in Some Notable Employee's Rights Cases"},"web_url":"http:\/\/www.nytimes.com\/aponline\/2017\/02\/27\/us\/ap-us-supreme-court-gorsuch-workers-rights-glance.html","date":"2017-02-27T08:27:37+0000","news_desk":null},{"keywords":[],"headline":{"main":"Notable Workers' Rights Cases Heard by Neil Gorsuch","print_headline":"Notable Workers' Rights Cases Heard by Neil Gorsuch"},"web_url":"http:\/\/www.nytimes.com\/aponline\/2017\/02\/25\/us\/ap-us-supreme-court-gorsuch-workers-rights-glance.html","date":"2017-02-25T14:39:32+0000","news_desk":null},{"keywords":[{"name":"glocations","value":"UNITED STATES"},{"name":"organizations","value":"SUPREME COURT"},{"name":"subject","value":"ILLEGAL ALIENS"},{"name":"subject","value":"PRISONS AND PRISONERS"},{"name":"subject","value":"CENSORSHIP"},{"name":"subject","value":"MENTAL RETARDATION"},{"name":"subject","value":"EDUCATION AND SCHOOLS"},{"name":"subject","value":"BOOKS AND LITERATURE"},{"name":"subject","value":"IMMIGRATION AND EMIGRATION"},{"name":"subject","value":"LAW AND LEGISLATION"},{"name":"subject","value":"LIBRARIES AND LIBRARIANS"},{"name":"subject","value":"DECISIONS AND VERDICTS"}],"headline":{"main":"News Analysis","kicker":"SUPREME COURT TERM: DIVISIONS OVER RIGHTS"},"web_url":"http:\/\/www.nytimes.com\/1982\/07\/09\/us\/supreme-court-term-divisions-over-rights-news-analysis.html","date":"1982-07-09T00:00:00Z","news_desk":"National Desk"},{"keywords":[{"rank":"1","is_major":"N","name":"subject","value":"Homosexuality"},{"rank":"2","is_major":"N","name":"subject","value":"Civil Rights and Liberties"},{"rank":"3","is_major":"N","name":"organizations","value":"Supreme Court"},{"rank":"4","is_major":"N","name":"persons","value":"Kagan, Elena"},{"rank":"5","is_major":"N","name":"organizations","value":"Family Research Council"}],"headline":{"main":"A Heaven-Sent Rent Boy","content_kicker":"Op-Ed Columnist","print_headline":"A Heaven-Sent Rent Boy"},"web_url":"http:\/\/www.nytimes.com\/2010\/05\/16\/opinion\/16rich.html","date":"2010-05-16T00:00:00Z","news_desk":"Editorial"},{"keywords":[{"name":"creative_works","value":"PERSONAL POLITICS. THE ROOTS OF WOMEN'S LIBERATION IN THE CIVIL RIGHTS MOVEMENT AND THE NEW LEFT"},{"name":"persons","value":"EVANS, SARA"},{"name":"glocations","value":"UNITED STATES"},{"name":"subject","value":"WOMEN"},{"name":"subject","value":"BOOK REVIEWS"}],"headline":{"main":"A Movement Got Moving; Movement"},"web_url":"http:\/\/query.nytimes.com\/gst\/abstract.html?res=9C00EFDF1031E432A25756C2A9649C946890D6CF","date":"1979-02-25T00:00:00Z","news_desk":null},{"keywords":[],"headline":{"main":"Rights Advocates Slam Trump Plans on Muslim Immigrants, Refugees","print_headline":"Rights Advocates Slam Trump Plans on Muslim Immigrants, Refugees"},"web_url":"http:\/\/www.nytimes.com\/reuters\/2017\/01\/25\/us\/politics\/25reuters-usa-trump-immigration-muslims.html","date":"2017-01-25T22:15:29+0000","news_desk":null},{"keywords":[{"rank":"1","is_major":"N","value":"Civil Rights and Liberties","name":"subject"},{"rank":"3","is_major":"Y","value":"Swartz, David R","name":"persons"},{"rank":"4","is_major":"Y","value":"Books and Literature","name":"subject"}],"headline":{"seo":"\u2018Moral Minority\u2019 by David R. Swartz","main":"Pro-Life, Pro-Left","print_headline":"Pro-Life, Pro-Left"},"web_url":"http:\/\/www.nytimes.com\/2012\/09\/30\/books\/review\/moral-minority-by-david-r-swartz.html","date":"2012-09-30T00:00:00Z","news_desk":"BookReview"},{"keywords":[{"rank":"1","is_major":"N","name":"subject","value":"Demonstrations, Protests and Riots"},{"rank":"2","is_major":"N","name":"glocations","value":"Niles (Mich)"},{"rank":"3","is_major":"N","name":"subject","value":"Women's Rights"},{"rank":"4","is_major":"N","name":"subject","value":"Inaugurations"},{"rank":"5","is_major":"N","name":"glocations","value":"Michigan"},{"rank":"6","is_major":"N","name":"persons","value":"Trump, Donald J"},{"rank":"7","is_major":"N","name":"subject","value":"United States Politics and Government"}],"headline":{"main":"In a Rust Belt Town, the Women\u2019s March Draws Shrugs and Cheers From Afar","print_headline":"In Rust Belt Town, March Draws Shrugs and Cheers From Afar"},"web_url":"http:\/\/www.nytimes.com\/2017\/01\/21\/us\/niles-michigan-trump-no-women-march.html","date":"2017-01-22T01:11:22+0000","news_desk":"National"}]