[{"keywords":[],"headline":{"main":"How Do Male and Female Roles Differ in Your Family?","kicker":"The Learning Network Blog"},"web_url":"http:\/\/learning.blogs.nytimes.com\/2012\/02\/09\/how-do-male-and-female-roles-differ-in-your-family\/","date":"2012-02-09T05:16:05Z","news_desk":null},{"keywords":[{"rank":"3","is_major":"N","name":"subject","value":"Motion Pictures"}],"headline":{"seo":"Movies - Steel City","main":"A Study of Male Family Dynamics","content_kicker":"Movie Review | 'Steel City'","kicker":"Movie Review | 'Steel City'"},"web_url":"http:\/\/www.nytimes.com\/2007\/05\/25\/movies\/25stee.html","date":"2007-05-25T09:33:00Z","news_desk":"Weekend"},{"keywords":[{"rank":"1","name":"type_of_material","value":"News"}],"headline":{"main":"How Do Male and Female Roles Differ in Your Family?","kicker":"The Learning Network"},"web_url":"http:\/\/learning.blogs.nytimes.com\/2012\/02\/09\/how-do-male-and-female-roles-differ-in-your-family\/","date":"2012-02-09T05:16:05Z","news_desk":null},{"keywords":[{"name":"persons","value":"FORBES-SEMPILL, ELIZABETH"}],"headline":{"main":"WOMAN DOCTOR NOW MAN; Member of Noble British Family Takes a Male First Name"},"web_url":"http:\/\/query.nytimes.com\/gst\/abstract.html?res=9E05E3DA133AE23BBC4B52DFBF668389649EDE","date":"1952-09-13T00:00:00Z","news_desk":null},{"keywords":[{"name":"glocations","value":"NYS"},{"name":"subject","value":"CHILDREN"},{"name":"subject","value":"PSYCHOLOGY AND TRAINING"},{"name":"subject","value":"FAMILIES AND FAMILY LIFE"}],"headline":{"main":"FATHERS 'SHUTOUT,' PEDIATRICIAN SAYS; Family Life Conference Told Male Parents Are Excluded From Children's Life"},"web_url":"http:\/\/query.nytimes.com\/gst\/abstract.html?res=9406E2DA173DEE3BBC4A53DFB767838B649EDE","date":"1950-11-02T00:00:00Z","news_desk":null},{"keywords":[{"rank":"1","is_major":"Y","name":"subject","value":"Women and Girls"},{"rank":"2","is_major":"Y","name":"subject","value":"Tenure"},{"rank":"3","is_major":"N","name":"subject","value":"Pregnancy and Childbirth"},{"rank":"4","is_major":"Y","name":"subject","value":"Colleges and Universities"},{"rank":"5","is_major":"N","name":"subject","value":"Parenting"},{"rank":"6","is_major":"N","name":"subject","value":"Graduate Schools and Students"},{"rank":"7","is_major":"N","name":"subject","value":"Families and Family Life"}],"headline":{"main":"A Family-Friendly Policy That\u2019s Friendliest to Male Professors","content_kicker":"Economic View","kicker":"The Upshot","print_headline":"Hobbling Women by Trying to Help"},"web_url":"http:\/\/www.nytimes.com\/2016\/06\/26\/business\/tenure-extension-policies-that-put-women-at-a-disadvantage.html","date":"2016-06-24T14:18:16+0000","news_desk":"SundayBusiness"},{"keywords":[{"name":"persons","value":"CHICKERING, GEORGE H."}],"headline":{"main":"GEORGE H. CHICKERING DEAD.; Last Male Survivor of the Well-Known Family of Piano-forte Makers Passes Away in Boston."},"web_url":"http:\/\/query.nytimes.com\/gst\/abstract.html?res=9801E5DA153CE433A2575BC1A9679D94689ED7CF","date":"1899-11-18T00:00:00Z","news_desk":null},{"keywords":[{"name":"glocations","value":"NEW YORK CITY"},{"name":"subject","value":"MODELS (ARTISTS', FASHION AND PHOTOGRAPHERS') AND DEMONSTRATORS"},{"name":"subject","value":"HOTELS, BARS, MOTELS, NIGHT CLUBS AND RESTAURANTS"}],"headline":{"main":"A New Role for Male Models: Restaurateur; 'Neighborhood Family Clientele' Interest in 'Inside Stuff' Attractive People Attract"},"web_url":"http:\/\/query.nytimes.com\/gst\/abstract.html?res=9C02E1D91731E732A25757C1A9679D94619FD6CF","date":"1980-11-14T00:00:00Z","news_desk":null},{"keywords":[{"name":"persons","value":"ANDERSON, LILLIAN"},{"name":"persons","value":"BOOTH, SYDNEY B"},{"name":"organizations","value":"MINIATURE PAINTERS, AMER SOC OF"},{"name":"subject","value":"DEATHS AND DEATH RATE"}],"headline":{"main":"SYDNEY BOOTH DIES; VETERAN ACTOR, 64; Last in the Male Line of Noted Theatrical Family Nephew of Edwin Booth"},"web_url":"http:\/\/query.nytimes.com\/gst\/abstract.html?res=9C0CE3DC1330EE32A25754C0A9649C946694D6CF","date":"1937-02-07T00:00:00Z","news_desk":null},{"keywords":[{"name":"subject","value":"SEX"},{"name":"subject","value":"HOMOSEXUALITY"}],"headline":{"main":"No Male-Female Parallel Found for Homosexuals; Study Finds That Family Histories of Each Group Art Not Comparable"},"web_url":"http:\/\/query.nytimes.com\/gst\/abstract.html?res=9501EEDE103AE13BBC4953DFB366838D679EDE","date":"1966-05-01T00:00:00Z","news_desk":null},{"keywords":[{"name":"subject","value":"PARALYSIS"}],"headline":{"main":"YOUTHS' PARALYSIS IS LAID TO HEREDITY; Ohio Physician Traces Seven Cases of 'Creeping Malady' in Family of 2 Brothers. IT STRIKES AT THE AGE OF 5 Women Seem to Escape, but Some of Their Male Children Are Affected."},"web_url":"http:\/\/query.nytimes.com\/gst\/abstract.html?res=9A04E6DF1339E33ABC4053DFB166838F629EDE","date":"1934-07-08T00:00:00Z","news_desk":null},{"keywords":[{"name":"glocations","value":"UNION OF SOVIET SOCIALIST REPUBLICS"},{"name":"glocations","value":"UNION OF SOVIET SOCIALIST REPUBLICS"},{"name":"glocations","value":"UNION OF SOVIET SOCIALIST REPUBLICS"},{"name":"subject","value":"LABOR"},{"name":"subject","value":"ECONOMIC CONDITIONS AND TRENDS"},{"name":"subject","value":"SOCIAL CONDITIONS AND TRENDS"},{"name":"subject","value":"PENSIONS AND RETIREMENT"}],"headline":{"main":"DEATH RATE OF MEN UP IN SOVIET TOWNS; Cause Unreported but Alcoholism, Accidents and Effects of War Are Considered Factors Results Given in Republic Papers Male-Female Imbalance Reduced Situation Varies With Regions Rural Family Traditionally Larger"},"web_url":"http:\/\/query.nytimes.com\/gst\/abstract.html?res=9902E5D81539E732A25752C1A9609C946890D6CF","date":"1979-06-11T00:00:00Z","news_desk":null},{"keywords":[],"headline":{"main":"Reifenstein Syndrome"},"web_url":"http:\/\/health.nytimes.com\/health\/guides\/disease\/reifenstein-syndrome\/overview.html","date":null,"news_desk":null},{"keywords":[],"headline":{"main":"C.D. BACKUS DIES SUDDENLY IN HOTEL; Body of Last Male Descendant of Old New England Family Found in His Room. AUTOPSY TO BE HELD TODAY But Death Is Believed Due to Natural Causes--Graduate of Yale, 1918, and World War Veteran.","kicker":"1"},"web_url":"http:\/\/query.nytimes.com\/gst\/abstract.html?res=9A0DE5DA153FE33ABC4A51DFB6678383639EDE","date":"1928-10-22T00:00:00Z","news_desk":null},{"keywords":[],"headline":{"main":"THE ANTE-MARRIAGE STATE; JOYS AND SORROWS OF THE ENGAGED TENDENCY OF YOUNG LADIES IN ENGLAND TO ENGAGE THEMSELVES MERELY TO ENJOY THE PRIVILEGES AND IMMUNITIES OF THAT CONDITION--EFFECT ON DIFFERENT YOUNG GIRLS--EFFECT IN THE FAMILY--DISADVANTAGES TO THE MALE PARTY TO THE CONTRACT.","kicker":"1"},"web_url":"http:\/\/query.nytimes.com\/gst\/abstract.html?res=9A06E1DC1431E53ABC4D52DFB667838D669FDE","date":"1876-10-15T00:03:58Z","news_desk":null},{"keywords":[{"name":"persons","value":"GIBSON, ALTHEA"}],"headline":{"main":"Althea Is at Home Abroad on Tennis Court; Miss Gibson's Tom Has Brought Her World Acclaim Amateur Ace Helped by Friends in U.S. to Develop Skill Family Moved to New York Male Player Flinches No Color Barriers Found Ball Travels Like a Bolt"},"web_url":"http:\/\/query.nytimes.com\/gst\/abstract.html?res=9E02EFDE153DE033A05757C2A9609C946792D6CF","date":"1956-06-24T00:00:00Z","news_desk":null},{"keywords":[{"name":"persons","value":"VANDERBILT, WM KISSAM"}],"headline":{"main":"W.K. VANDERBILT DIES IN FRANCE IN HIS 71ST YEAR; Was Eldest Male Survivor of Family That Built Fortune in New York Central. CHILDREN AT HIS BEDSIDE Duchess of Marlborough and Her Brothers Present with Financier's Widow. ESTATE NEAR $100,000,000 $300,000,000 Left by His Father in Eight Shares Believed to be Over Billion Total Now."},"web_url":"http:\/\/query.nytimes.com\/gst\/abstract.html?res=9A05E2DC103DE533A25750C2A9619C946195D6CF","date":"1920-07-23T00:00:00Z","news_desk":null},{"keywords":[{"name":"subject","value":"TERMS NOT AVAILABLE"}],"headline":{"main":"FICTION IN BRIEF"},"web_url":"http:\/\/www.nytimes.com\/1983\/10\/23\/books\/fiction-in-brief-229916.html","date":"1983-10-23T00:00:00Z","news_desk":"Book Review Desk"},{"keywords":[],"headline":{"main":"Ambiguous Genitalia"},"web_url":"http:\/\/health.nytimes.com\/health\/guides\/symptoms\/ambiguous-genitalia\/overview.html","date":null,"news_desk":null},{"keywords":[],"headline":{"main":"Intersex"},"web_url":"http:\/\/health.nytimes.com\/health\/guides\/disease\/intersex\/overview.html","date":null,"news_desk":null}]