[{"keywords":[{"rank":"1","is_major":"N","name":"subject","value":"Academy Awards (Oscars)"},{"rank":"2","is_major":"N","name":"subject","value":"Blacks"},{"rank":"3","is_major":"N","name":"subject","value":"Movies"},{"rank":"4","is_major":"N","name":"subject","value":"Race and Ethnicity"},{"rank":"5","is_major":"N","name":"subject","value":"Golden Globes (Awards)"},{"rank":"6","is_major":"N","name":"creative_works","value":"Fences (Movie)"},{"rank":"7","is_major":"N","name":"creative_works","value":"Hidden Figures (Movie)"},{"rank":"8","is_major":"N","name":"creative_works","value":"Moonlight (Movie)"}],"headline":{"main":"This Year, #OscarsSoBlack?","content_kicker":"Op-Ed Columnist","kicker":"Op-Ed Columnist","print_headline":"A More Diverse  Oscars?"},"web_url":"http:\/\/www.nytimes.com\/2017\/01\/18\/opinion\/this-year-oscarssoblack.html","date":"2017-01-18T08:21:22+0000","news_desk":"OpEd"},{"keywords":[{"rank":"1","is_major":"N","name":"subject","value":"Television"},{"rank":"2","is_major":"N","name":"subject","value":"Movies"}],"headline":{"main":"What\u2019s on TV Sunday: The SAG Awards and 50 Years of Tom Brokaw","print_headline":"What\u2019s on Sunday"},"web_url":"http:\/\/www.nytimes.com\/2017\/01\/29\/arts\/television\/whats-on-tv-sunday-the-sag-awards-and-50-years-of-tom-brokaw.html","date":"2017-01-29T06:00:17+0000","news_desk":"Culture"},{"keywords":[{"rank":"1","is_major":"N","name":"subject","value":"Movies"},{"rank":"2","is_major":"N","name":"subject","value":"Academy Awards (Oscars)"},{"rank":"3","is_major":"N","name":"subject","value":"Actors and Actresses"},{"rank":"4","is_major":"N","name":"subject","value":"Blacks"}],"headline":{"main":"\u2018Moonlight,\u2019 \u2018La La Land\u2019 and What an Epic Oscars Fail Really Says","print_headline":"And the Winner Is \u2026 Wrong"},"web_url":"http:\/\/www.nytimes.com\/2017\/02\/27\/movies\/moonlight-la-la-land-academy-awards-conversation.html","date":"2017-02-27T20:49:44+0000","news_desk":"Culture"},{"keywords":[{"rank":"1","is_major":"N","name":"subject","value":"Discrimination"},{"rank":"2","is_major":"N","name":"subject","value":"Movies"},{"rank":"3","is_major":"N","name":"subject","value":"Academy Awards (Oscars)"},{"rank":"4","is_major":"N","name":"subject","value":"Race and Ethnicity"},{"rank":"5","is_major":"N","name":"subject","value":"Minorities"},{"rank":"6","is_major":"N","name":"subject","value":"Speeches and Statements"},{"rank":"7","is_major":"N","name":"persons","value":"Trump, Donald J"},{"rank":"8","is_major":"N","name":"subject","value":"United States Politics and Government"}],"headline":{"main":"Assailing the White House From Hollywood\u2019s Glass House","content_kicker":"Mediator","kicker":"Mediator","print_headline":"Assailing Trump\u2019s White House  From Hollywood\u2019s Glass House"},"web_url":"http:\/\/www.nytimes.com\/2017\/02\/26\/business\/media\/oscars-trump-hollywood.html","date":"2017-02-27T02:26:34+0000","news_desk":"Business"},{"keywords":[{"rank":"1","is_major":"Y","name":"subject","value":"Movies"},{"rank":"2","is_major":"Y","name":"subject","value":"Women and Girls"},{"rank":"3","is_major":"Y","name":"subject","value":"Discrimination"},{"rank":"4","is_major":"Y","name":"subject","value":"Series"}],"headline":{"main":"In Hollywood, It\u2019s a Men\u2019s, Men\u2019s, Men\u2019s World","content_kicker":"The Director Gap","print_headline":"It\u2019s a Men\u2019s, Men\u2019s, Men\u2019s World"},"web_url":"http:\/\/www.nytimes.com\/2014\/12\/28\/movies\/in-hollywood-its-a-mens-mens-mens-world.html","date":"2014-12-28T00:00:00Z","news_desk":"Arts&Leisure"},{"keywords":[{"rank":"1","is_major":"Y","name":"subject","value":"Movies"},{"rank":"2","is_major":"Y","name":"subject","value":"Women and Girls"}],"headline":{"main":"At the Box Office, It\u2019s No Longer a Man\u2019s World","print_headline":"At the Box Office, It\u2019s No Longer a Man\u2019s World"},"web_url":"http:\/\/www.nytimes.com\/2015\/03\/23\/business\/media\/at-the-box-office-its-no-longer-a-mans-world.html","date":"2015-03-23T00:00:00Z","news_desk":"Business"},{"keywords":[{"rank":"1","is_major":"N","name":"subject","value":"Movies"},{"rank":"2","is_major":"Y","name":"subject","value":"Academy Awards (Oscars)"}],"headline":{"main":"Oscars 2015: A. O. Scott and Manohla Dargis Discuss the Contenders","print_headline":"Everyone Has a Take on Movies and Prizes"},"web_url":"http:\/\/www.nytimes.com\/2015\/02\/15\/movies\/awardsseason\/oscars-2015-a-o-scott-and-manohla-dargis-discuss-the-contenders.html","date":"2015-02-15T00:00:00Z","news_desk":"Arts&Leisure"},{"keywords":[{"rank":"1","is_major":"Y","name":"persons","value":"Jacobson, Nina (1965- )"},{"rank":"2","is_major":"Y","name":"subject","value":"Movies"},{"rank":"3","is_major":"Y","name":"subject","value":"Women and Girls"},{"rank":"4","is_major":"N","name":"creative_works","value":"Diary of a Wimpy Kid (Book)"},{"rank":"5","is_major":"N","name":"creative_works","value":"The Hunger Games (Book)"},{"rank":"6","is_major":"N","name":"creative_works","value":"The People v OJ Simpson: American Crime Story (TV Program)"}],"headline":{"main":"Nina Jacobson Has Her Revenge on Hollywood\u2019s Old-Boy Network","print_headline":"Fighting Hollywood\u2019s Old-Boy Mentality"},"web_url":"http:\/\/www.nytimes.com\/2016\/12\/09\/fashion\/nina-jacobson-hollywood-diversity-hunger-games-american-crime-story.html","date":"2016-12-09T21:00:13+0000","news_desk":"Styles"},{"keywords":[{"rank":"1","is_major":"N","name":"subject","value":"Web-Original Programming"},{"rank":"2","is_major":"N","name":"subject","value":"Movies"},{"rank":"3","is_major":"N","name":"subject","value":"Television"},{"rank":"4","is_major":"N","name":"subject","value":"Sex Crimes"},{"rank":"5","is_major":"N","name":"creative_works","value":"Sweet\/Vicious (TV Program)"},{"rank":"6","is_major":"N","name":"creative_works","value":"Elle (Movie)"},{"rank":"7","is_major":"N","name":"creative_works","value":"Game of Thrones (TV Program)"},{"rank":"8","is_major":"N","name":"creative_works","value":"I Spit on Your Grave (Movie)"},{"rank":"9","is_major":"N","name":"creative_works","value":"Jessica Jones (TV Program)"}],"headline":{"main":"How Movies and TV Address Rape and Revenge","print_headline":"Rape, Revenge and How We Watch"},"web_url":"http:\/\/www.nytimes.com\/2017\/01\/12\/arts\/television\/how-movies-and-tv-address-rape-and-revenge.html","date":"2017-01-12T11:00:26+0000","news_desk":"Arts&Leisure"},{"keywords":[{"rank":"1","is_major":"Y","name":"subject","value":"Movies"},{"rank":"2","is_major":"Y","name":"persons","value":"Jaglom, Henry"},{"rank":"3","is_major":"Y","name":"creative_works","value":"Ovation (Movie)"},{"rank":"4","is_major":"N","name":"persons","value":"Frederick, Tanna"}],"headline":{"main":"Review: In Henry Jaglom\u2019s \u2018Ovation,\u2019 the Action Is Backstage"},"web_url":"http:\/\/www.nytimes.com\/2016\/10\/07\/movies\/ovation-review-henry-jaglom.html","date":"2016-10-07T04:00:00+0000","news_desk":"Weekend"},{"keywords":[{"value":"Movies","is_major":"N","rank":"1","name":"subject"},{"value":"Godard, Jean-Luc","is_major":"N","rank":"2","name":"persons"}],"headline":{"seo":"Jean-Luc Godard\u2019s \u2018Every Man for Himself\u2019 Returns","main":"Even After 30 Years, the Film of the Moment","kicker":"Critic\u2019s Notebook","print_headline":"Even After 30 Years, The Film of the Moment","content_kicker":"Critic\u2019s Notebook"},"web_url":"http:\/\/www.nytimes.com\/2010\/11\/12\/movies\/12every.html","date":"2010-11-12T00:00:00Z","news_desk":"Weekend"},{"keywords":[{"rank":"1","is_major":"Y","name":"subject","value":"Movies"},{"rank":"2","is_major":"Y","name":"subject","value":"Women and Girls"},{"rank":"3","is_major":"N","name":"creative_works","value":"Inside Out (Movie)"},{"rank":"4","is_major":"N","name":"creative_works","value":"Mad Max: Fury Road (Movie)"},{"rank":"5","is_major":"N","name":"creative_works","value":"Pitch Perfect 2 (Movie)"},{"rank":"6","is_major":"N","name":"creative_works","value":"Spy (Movie)"}],"headline":{"main":"Heroines Triumph at Box Office, but Has Anything Changed in Hollywood?","print_headline":"Heavy-Hitting Heroines "},"web_url":"http:\/\/www.nytimes.com\/2015\/07\/05\/movies\/heroines-triumph-at-box-office-but-has-anything-changed-in-hollywood.html","date":"2015-07-05T00:00:00Z","news_desk":"Arts&Leisure"},{"keywords":[{"name":"creative_works","value":"PROVIDENCE (TV PROGRAM)"},{"name":"persons","value":"DE VRIES, HILARY"},{"name":"persons","value":"SOBEL, T L"},{"name":"subject","value":"TELEVISION"}],"headline":{"main":"Women of Substance","kicker":"PROVIDENCE, R.I."},"web_url":"http:\/\/www.nytimes.com\/1999\/08\/08\/arts\/l-providence-ri-women-of-substance-937134.html","date":"1999-08-08T00:00:00Z","news_desk":"Arts and Leisure Desk"},{"keywords":[{"rank":"1","name":"persons","value":"Carell, Steve"},{"rank":"2","name":"persons","value":"Carrey, Jim"},{"rank":"3","name":"persons","value":"Wilde, Olivia"},{"rank":"1","name":"glocations","value":"Austin (Tex)"},{"rank":"1","name":"subject","value":"Movies"},{"rank":"2","name":"subject","value":"South by Southwest Music and Media Conference"}],"headline":{"main":"A Presto, Change-O Opening Night at SXSW","kicker":"ArtsBeat"},"web_url":"http:\/\/artsbeat.blogs.nytimes.com\/2013\/03\/09\/a-presto-change-o-opening-night-at-sxsw\/","date":"2013-03-09T13:11:23Z","news_desk":null},{"keywords":[{"rank":"1","is_major":"Y","name":"subject","value":"Television"},{"rank":"11","is_major":"N","name":"subject","value":"Movies"},{"rank":"2","is_major":"Y","name":"subject","value":"Web-Original Programming"},{"rank":"3","is_major":"Y","name":"subject","value":"Women and Girls"},{"rank":"4","is_major":"Y","name":"subject","value":"Comic Books and Strips"},{"rank":"5","is_major":"N","name":"subject","value":"Wonder Woman (Fictional Character)"},{"rank":"6","is_major":"N","name":"organizations","value":"CBS Corporation"},{"rank":"7","is_major":"N","name":"organizations","value":"Marvel Entertainment"},{"rank":"8","is_major":"N","name":"organizations","value":"DC Comics"},{"rank":"9","is_major":"N","name":"persons","value":"Ritter, Krysten"},{"rank":"10","is_major":"N","name":"creative_works","value":"Wonder Woman (Movie)"}],"headline":{"main":"\u2018Supergirl\u2019 Leads a Wave of Female Heroes","print_headline":"She\u2019s More Than Ready to Right Wrongs"},"web_url":"http:\/\/www.nytimes.com\/2015\/10\/18\/arts\/television\/supergirl-leads-a-wave-of-female-heroes.html","date":"2015-10-18T00:00:00Z","news_desk":"Arts&Leisure"},{"keywords":[{"rank":"1","is_major":"N","name":"subject","value":"Television"},{"rank":"2","is_major":"N","name":"subject","value":"Comic Books and Strips"},{"rank":"3","is_major":"N","name":"subject","value":"Imax (Movie Process)"},{"rank":"4","is_major":"N","name":"subject","value":"Movies"},{"rank":"5","is_major":"N","name":"organizations","value":"ABC Inc"},{"rank":"6","is_major":"N","name":"organizations","value":"IMAX Corporation"},{"rank":"7","is_major":"N","name":"organizations","value":"Marvel Entertainment"},{"rank":"8","is_major":"N","name":"creative_works","value":"Inhumans (TV Program)"}],"headline":{"main":"Marvel\u2019s \u2018Inhumans\u2019 TV Series Will Arrive via Imax Theaters","print_headline":"Bound for TV, Marvel Series To Stop First In Theaters"},"web_url":"http:\/\/www.nytimes.com\/2016\/11\/15\/business\/media\/marvels-inhumans-tv-series-will-arrive-via-theaters.html","date":"2016-11-15T00:04:15Z","news_desk":"Business"},{"keywords":[{"rank":"1","is_major":"Y","name":"subject","value":"Television"},{"rank":"2","is_major":"Y","name":"persons","value":"Leder, Mimi"},{"rank":"3","is_major":"N","name":"organizations","value":"Home Box Office"},{"rank":"4","is_major":"N","name":"subject","value":"Movies"},{"rank":"5","is_major":"N","name":"creative_works","value":"Pay It Forward (Movie)"},{"rank":"6","is_major":"N","name":"creative_works","value":"The Leftovers (TV Program)"}],"headline":{"main":"Mimi Leder on the Struggles of Being a Female Director","print_headline":"Veteran TV Director Still Tries to Scale Film Barriers"},"web_url":"http:\/\/www.nytimes.com\/2015\/10\/13\/arts\/television\/mimi-leder-on-the-struggles-of-being-a-female-director.html","date":"2015-10-13T00:00:00Z","news_desk":"Culture"},{"keywords":[{"value":"Movies","is_major":"Y","rank":"1","name":"subject"},{"value":"Lauzen, Martha","is_major":"N","rank":"11","name":"persons"},{"value":"Women and Girls","is_major":"Y","rank":"2","name":"subject"},{"value":"Discrimination","is_major":"N","rank":"3","name":"subject"},{"value":"Academy Awards (Oscars)","is_major":"Y","rank":"4","name":"subject"},{"value":"Academy of Motion Picture Arts and Sciences","is_major":"N","rank":"5","name":"organizations"},{"value":"Pascal, Amy","is_major":"N","rank":"6","name":"persons"},{"value":"Bullock, Sandra","is_major":"N","rank":"7","name":"persons"},{"value":"Blanchett, Cate","is_major":"N","rank":"8","name":"persons"},{"value":"Blue Jasmine (Movie)","is_major":"N","rank":"9","name":"creative_works"},{"value":"Gravity (Movie)","is_major":"N","rank":"10","name":"creative_works"}],"headline":{"main":"Frozen in a Niche?","kicker":"Op-Ed Columnist","print_headline":"Frozen in a Niche?","content_kicker":"Op-Ed Columnist"},"web_url":"http:\/\/www.nytimes.com\/2014\/03\/05\/opinion\/dowd-frozen-in-a-niche.html","date":"2014-03-05T00:00:00Z","news_desk":"Editorial"},{"keywords":[{"rank":"1","is_major":"Y","name":"subject","value":"Women and Girls"},{"rank":"2","is_major":"N","name":"subject","value":"Wonder Woman (Fictional Character)"},{"rank":"3","is_major":"Y","name":"subject","value":"Movies"},{"rank":"4","is_major":"N","name":"subject","value":"Gender"},{"rank":"5","is_major":"N","name":"persons","value":"Lawrence, Jennifer"},{"rank":"6","is_major":"N","name":"creative_works","value":"Gravity (Movie)"},{"rank":"7","is_major":"N","name":"creative_works","value":"The Hunger Games: Catching Fire (Movie)"}],"headline":{"main":"Waiting for Wonder Woman","content_kicker":"Op-Ed Columnist","kicker":"Op-Ed Columnist","print_headline":"Waiting for Wonder Woman"},"web_url":"http:\/\/www.nytimes.com\/2013\/12\/22\/opinion\/sunday\/bruni-waiting-for-wonder-woman.html","date":"2013-12-22T00:00:00Z","news_desk":"Editorial"},{"keywords":[{"rank":"1","is_major":"N","name":"subject","value":"Art"},{"rank":"2","is_major":"N","name":"subject","value":"Photography"},{"rank":"3","is_major":"N","name":"glocations","value":"New York City"},{"rank":"4","is_major":"N","name":"persons","value":"Charlesworth, Sarah"},{"rank":"5","is_major":"N","name":"persons","value":"Prince, Richard"},{"rank":"6","is_major":"N","name":"persons","value":"Sherman, Cindy"},{"rank":"7","is_major":"N","name":"persons","value":"Salle, David"},{"rank":"8","is_major":"N","name":"persons","value":"Simmons, Laurie"}],"headline":{"main":"These \u201980s Artists Are More Important Than Ever","print_headline":"Back in the Frame"},"web_url":"http:\/\/www.nytimes.com\/2017\/02\/13\/t-magazine\/pictures-generation-new-york-artists-cindy-sherman-robert-longo.html","date":"2017-02-13T09:12:57+0000","news_desk":"TStyle"}]