[{"keywords":[{"name":"glocations","value":"UNITED STATES"},{"name":"subject","value":"COLLEGES AND UNIVERSITIES"},{"name":"subject","value":"TEACHERS AND SCHOOL EMPLOYES"}],"headline":{"main":"Over 40, White And Male; College Faculties Education Minority Hiring Correction Divergences Religion Avoided"},"web_url":"http:\/\/query.nytimes.com\/gst\/abstract.html?res=9A06E1DE113DE63ABC4E51DFBE668388669EDE","date":"1973-08-26T00:00:00Z","news_desk":null},{"keywords":[{"rank":"1","is_major":"N","name":"subject","value":"Immigration and Emigration"},{"rank":"2","is_major":"N","name":"organizations","value":"Republican Party"},{"rank":"3","is_major":"N","name":"persons","value":"Hamilton, Alexander"},{"rank":"4","is_major":"N","name":"persons","value":"Obama, Barack"},{"rank":"5","is_major":"N","name":"persons","value":"Trump, Donald J"}],"headline":{"main":"Who Are We?","content_kicker":"Op-Ed Columnist","kicker":"Op-Ed Columnist","print_headline":"Who Are We?"},"web_url":"http:\/\/www.nytimes.com\/2017\/02\/04\/opinion\/who-are-we.html","date":"2017-02-04T19:30:03+0000","news_desk":"OpEd"},{"keywords":[],"headline":{"main":"No Muslims, No Single Women: Housing Bias Turning Indian Cities Into Ghettos","print_headline":"No Muslims, No Single Women: Housing Bias Turning Indian Cities Into Ghettos"},"web_url":"http:\/\/www.nytimes.com\/reuters\/2017\/01\/23\/world\/asia\/23reuters-india-cities-ghettos.html","date":"2017-01-23T16:03:32+0000","news_desk":null},{"keywords":[],"headline":{"main":"Lawsuit: St. Louis County Officer Told to Tone Down Gayness","print_headline":"Lawsuit: St. Louis County Officer Told to Tone Down Gayness"},"web_url":"http:\/\/www.nytimes.com\/aponline\/2017\/02\/16\/us\/ap-us-gay-officer-lawsuit.html","date":"2017-02-16T19:06:48+0000","news_desk":null},{"keywords":[],"headline":{"main":"Rights Advocates Slam Trump Plans on Muslim Immigrants, Refugees","print_headline":"Rights Advocates Slam Trump Plans on Muslim Immigrants, Refugees"},"web_url":"http:\/\/www.nytimes.com\/reuters\/2017\/01\/25\/us\/politics\/25reuters-usa-trump-immigration-muslims.html","date":"2017-01-25T22:15:29+0000","news_desk":null},{"keywords":[],"headline":{"main":"Have You Ever Performed for an Audience or Shared Creative Work With Others?","content_kicker":"Student Opinion","kicker":"Student Opinion"},"web_url":"http:\/\/www.nytimes.com\/2017\/02\/21\/learning\/have-you-ever-performed-for-an-audience-or-shared-creative-work-with-others.html","date":"2017-02-21T11:32:36+0000","news_desk":"Learning"},{"keywords":[],"headline":{"main":"FOSDICK TO LECTURE ON ASPECTS OF RELIGION","kicker":"1"},"web_url":"http:\/\/query.nytimes.com\/gst\/abstract.html?res=9B04E0DE1E3FE03ABC4F51DFB767838C639EDE","date":"1927-11-27T00:00:00Z","news_desk":null},{"keywords":[{"name":"creative_works","value":"THEY WHISPER (BOOK)"},{"name":"persons","value":"BUTLER, ROBERT OLEN"},{"name":"subject","value":"BOOK REVIEWS"}],"headline":{"main":"Sexual Politics"},"web_url":"http:\/\/www.nytimes.com\/1994\/03\/13\/books\/l-sexual-politics-423955.html","date":"1994-03-13T00:00:00Z","news_desk":"Book Review Desk"},{"keywords":[{"rank":"1","is_major":"N","name":"persons","value":"Crenn, Dominique"},{"rank":"2","is_major":"N","name":"organizations","value":"Atelier Crenn (San Francisco, Calif, Restaurant)"},{"rank":"3","is_major":"N","name":"subject","value":"Chefs"},{"rank":"4","is_major":"N","name":"subject","value":"Women and Girls"},{"rank":"5","is_major":"N","name":"subject","value":"Restaurants"},{"rank":"6","is_major":"N","name":"glocations","value":"San Francisco (Calif)"}],"headline":{"main":"Does Fame Have a Recipe? Dominique Crenn\u2019s Fast Rise","print_headline":"Here, There  and Rising"},"web_url":"http:\/\/www.nytimes.com\/2017\/02\/14\/dining\/chef-dominique-crenn.html","date":"2017-02-14T18:00:08+0000","news_desk":"Dining"},{"keywords":[{"rank":"1","is_major":"N","name":"subject","value":"Women and Girls"},{"rank":"2","is_major":"N","name":"organizations","value":"Roman Catholic Church"}],"headline":{"main":"For Women as Priests","content_kicker":"Letter","kicker":"Letter","print_headline":"For Women as Priests"},"web_url":"http:\/\/www.nytimes.com\/2015\/09\/24\/opinion\/for-women-as-priests.html","date":"2015-09-24T00:00:00Z","news_desk":"Letters"},{"keywords":[{"name":"persons","value":"BENDHEIM, FRED"},{"name":"persons","value":"SMITH, ROBERTA"},{"name":"subject","value":"DISCRIMINATION"},{"name":"subject","value":"ART"}],"headline":{"main":"Don't Define Artists By Sex or Race","kicker":"ART GALLERIES"},"web_url":"http:\/\/www.nytimes.com\/1996\/06\/23\/arts\/l-art-galleries-don-t-define-artists-by-sex-or-race-037400.html","date":"1996-06-23T00:00:00Z","news_desk":"Arts and Leisure Desk"},{"keywords":[{"rank":"1","is_major":"N","name":"glocations","value":"France"},{"rank":"2","is_major":"N","name":"subject","value":"Islam"}],"headline":{"main":"France: Muslim Jailed for Attacking Gynecologist","content_kicker":"World Briefing  | Europe","kicker":"World Briefing  | Europe","print_headline":"France: Muslim Jailed for Attacking Gynecologist"},"web_url":"http:\/\/www.nytimes.com\/2007\/01\/26\/world\/europe\/26briefs-frenchmuslim.html","date":"2007-01-26T00:00:00Z","news_desk":"Foreign"},{"keywords":[{"name":"creative_works","value":"FOURSOME, THE (BOOK)"},{"name":"persons","value":"SPOONER, JOHN D"},{"name":"subject","value":"BOOK REVIEWS"}],"headline":{"main":"IN SHORT: FICTION"},"web_url":"http:\/\/www.nytimes.com\/1993\/05\/09\/books\/in-short-fiction-365093.html","date":"1993-05-09T00:00:00Z","news_desk":"Book Review Desk"},{"keywords":[{"name":"persons","value":"SHEEN, FULTON J"},{"name":"glocations","value":"PEORIA (ILL)"},{"name":"organizations","value":"ROMAN CATHOLIC CHURCH"},{"name":"subject","value":"BEATIFICATIONS AND CANONIZATIONS"}],"headline":{"main":"National Briefing | Religion: Seeking Sainthood"},"web_url":"http:\/\/www.nytimes.com\/2002\/09\/10\/us\/national-briefing-religion-seeking-sainthood.html","date":"2002-09-10T00:00:00Z","news_desk":"National Desk"},{"keywords":[{"name":"glocations","value":"UNITED STATES"},{"name":"glocations","value":"PENNSYLVANIA"},{"name":"subject","value":"EDUCATION AND SCHOOLS"},{"name":"subject","value":"RACIAL INTEGRATION"}],"headline":{"main":"Girard Will Faces New Test"},"web_url":"http:\/\/query.nytimes.com\/gst\/abstract.html?res=9500E6DF1639E53BBC4F51DFB766838C679EDE","date":"1967-01-27T00:00:00Z","news_desk":null},{"keywords":[{"name":"glocations","value":"PARIS (FRANCE)"},{"name":"subject","value":"PREGNANCY AND OBSTETRICS"},{"name":"subject","value":"SENTENCES (CRIMINAL)"},{"name":"subject","value":"ASSAULTS"},{"name":"subject","value":"DOCTORS"},{"name":"subject","value":"ISLAM"}],"headline":{"main":"World Briefing | Europe: France: Muslim Jailed For Attacking Gynecologist"},"web_url":"\/data\/daily\/2007\/01\/26\/612430.sgml","date":"2007-01-26T00:00:00Z","news_desk":"Foreign Desk"},{"keywords":[],"headline":{"main":"Westinghouse Day Today","kicker":"1"},"web_url":"http:\/\/query.nytimes.com\/gst\/abstract.html?res=9804E3DD133AE532A2575BC2A9639C946894D6CF","date":"1939-05-28T00:00:00Z","news_desk":null},{"keywords":[{"name":"creative_works","value":"NEW YORK CITY MARATHON"},{"name":"persons","value":"HERRICK, SNOWDEN T"},{"name":"subject","value":"RUNNING"},{"name":"subject","value":"MARATHON RUNNING"}],"headline":{"main":"International Triumph"},"web_url":"http:\/\/www.nytimes.com\/1990\/11\/22\/opinion\/l-international-triumph-313390.html","date":"1990-11-22T00:00:00Z","news_desk":"Editorial Desk"},{"keywords":[{"rank":"1","is_major":"N","name":"subject","value":"Art"},{"rank":"2","is_major":"N","name":"creative_works","value":"Wild Noise\/Ruido Salvaje (Exhibit)"},{"rank":"3","is_major":"N","name":"organizations","value":"Bronx Museum of the Arts"},{"rank":"4","is_major":"N","name":"organizations","value":"National Museum of Fine Arts (Havana, Cuba)"},{"rank":"5","is_major":"N","name":"persons","value":"Bruguera, Tania"},{"rank":"6","is_major":"N","name":"persons","value":"Mendieta, Ana (1948-85)"},{"rank":"7","is_major":"N","name":"glocations","value":"Cuba"}],"headline":{"main":"A Bumpy Journey From Havana to New York Ends at \u2018Wild Noise\/Ruido Salvaje\u2019","content_kicker":"Art Review","kicker":"Art Review","print_headline":"The Show Goes On, Glitches and All"},"web_url":"http:\/\/www.nytimes.com\/2017\/02\/16\/arts\/design\/a-bumpy-journey-from-havana-to-new-york-ends-at-wild-noise-ruido-salvaje.html","date":"2017-02-16T20:14:21+0000","news_desk":"Weekend"},{"keywords":[{"name":"persons","value":"WARD, ROBERT J"},{"name":"glocations","value":"KIRYAS JOEL (NY)"},{"name":"glocations","value":"MONROE (NY)"},{"name":"glocations","value":"WOODBURY (NY)"},{"name":"organizations","value":"UNITED TALMUDIC ACADEMY"},{"name":"subject","value":"LABOR"},{"name":"subject","value":"JEWS"},{"name":"subject","value":"SECTARIAN SCHOOLS"},{"name":"subject","value":"EDUCATION AND SCHOOLS"},{"name":"subject","value":"DISCRIMINATION"},{"name":"subject","value":"WOMEN"},{"name":"subject","value":"HASIDISM"},{"name":"subject","value":"SCHOOL BUSES"},{"name":"subject","value":"CHURCH-STATE RELATIONS"}],"headline":{"main":"HASIDIM LOSE COURT CASE ON BUS DRIVERS"},"web_url":"http:\/\/www.nytimes.com\/1987\/05\/09\/nyregion\/hasidim-lose-court-case-on-bus-drivers.html","date":"1987-05-09T00:00:00Z","news_desk":"Metropolitan Desk"}]