[{"keywords":[{"rank":"1","is_major":"Y","name":"subject","value":"Female Genital Mutilation"},{"rank":"2","is_major":"Y","name":"glocations","value":"Senegal"},{"rank":"3","is_major":"N","name":"subject","value":"Women and Girls"},{"rank":"4","is_major":"N","name":"subject","value":"Politics and Government"}],"headline":{"seo":"Movement to End Genital Cutting Spreads in Senegal","main":"Senegal Curbs a Bloody Rite for Girls and Women","print_headline":"Senegal Curbs A Bloody Rite, African-Style"},"web_url":"http:\/\/www.nytimes.com\/2011\/10\/16\/world\/africa\/movement-to-end-genital-cutting-spreads-in-senegal.html","date":"2011-10-16T00:00:00Z","news_desk":"Foreign"},{"keywords":[{"rank":"1","is_major":"Y","name":"glocations","value":"Egypt"},{"rank":"2","is_major":"Y","name":"organizations","value":"Muslim Brotherhood (Egypt)"},{"rank":"3","is_major":"N","name":"subject","value":"Politics and Government"},{"rank":"4","is_major":"N","name":"subject","value":"Economic Conditions and Trends"},{"rank":"5","is_major":"N","name":"subject","value":"Muslims and Islam"},{"rank":"6","is_major":"N","name":"subject","value":"Female Genital Mutilation"},{"rank":"7","is_major":"N","name":"subject","value":"Women and Girls"},{"rank":"8","is_major":"N","name":"subject","value":"Religion-State Relations"}],"headline":{"seo":"Joining a Dinner in a Muslim Brotherhood Home","main":"Joining a Dinner in a Muslim Brotherhood Home","content_kicker":"Op-Ed Columnist","kicker":"Op-Ed Columnist","print_headline":"Joining a Dinner in a Muslim Brotherhood Home"},"web_url":"http:\/\/www.nytimes.com\/2011\/12\/08\/opinion\/kristof-joining-a-dinner-in-a-muslim-brotherhood-home.html","date":"2011-12-08T00:00:00Z","news_desk":"Editorial"},{"keywords":[],"headline":{"main":"Female Influence in Politics.","kicker":"1"},"web_url":"http:\/\/query.nytimes.com\/gst\/abstract.html?res=9A0CEEDC1639EF34BC4951DFB767838A669FDE","date":"1871-11-21T00:03:58Z","news_desk":null},{"keywords":[{"rank":"1","is_major":"Y","name":"subject","value":"Women and Girls"},{"rank":"2","is_major":"Y","name":"glocations","value":"Great Britain"},{"rank":"3","is_major":"Y","name":"organizations","value":"European Union"},{"rank":"4","is_major":"Y","name":"subject","value":"Politics and Government"},{"rank":"5","is_major":"N","name":"subject","value":"Great Britain Withdrawal from EU (Brexit)"},{"rank":"6","is_major":"N","name":"persons","value":"May, Theresa M"}],"headline":{"main":"\u2018Glass Cliff,\u2019 Not Just Ceiling, Often Impedes Women Rising in Politics","content_kicker":"Letter From Europe","kicker":"Letter From Europe","print_headline":"Female Leaders May Face \u2018Glass Cliff\u2019"},"web_url":"http:\/\/www.nytimes.com\/2016\/10\/05\/world\/europe\/glass-cliff-uk-women-politics.html","date":"2016-10-07T04:00:00+0000","news_desk":"Foreign"},{"keywords":[{"rank":"1","is_major":"N","name":"unknown","value":"Debates"}],"headline":{"main":"TimesCast Politics","sub":"A Push for a Female Debate Moderator"},"web_url":"http:\/\/www.nytimes.com\/video\/multimedia\/100000001708507\/timescast-politics.html","date":"2012-08-07T18:04:36Z","news_desk":"Multimedia\/Photos"},{"keywords":[],"headline":{"main":"Britain Set to Welcome Female PM but Sexism Still 'Corrodes' Politics, Activists Say","print_headline":"Britain Set to Welcome Female PM but Sexism Still 'Corrodes' Politics, Activists Say"},"web_url":"http:\/\/www.nytimes.com\/reuters\/2016\/07\/12\/world\/europe\/12reuters-britain-politics-women-rights.html","date":"2016-07-12T15:18:13Z","news_desk":"None"},{"keywords":[{"name":"subject","value":"UNITED STATES POLITICS AND GOVERNMENT"},{"name":"subject","value":"PUBLIC OPINION"},{"name":"subject","value":"ELECTION ISSUES"},{"name":"subject","value":"POLITICS AND GOVERNMENT"},{"name":"subject","value":"WOMEN"},{"name":"subject","value":"ELECTIONS"}],"headline":{"main":"MALE-FEMALE SPLIT ON POLITICS FOUND A KEY FACTOR IN POLLS"},"web_url":"http:\/\/www.nytimes.com\/1982\/10\/27\/us\/male-female-split-on-politics-found-a-key-factor-in-polls.html","date":"1982-10-27T00:00:00Z","news_desk":"National Desk"},{"keywords":[{"name":"persons","value":"DALL, CAROLINE H."},{"name":"subject","value":"WOMEN'S SUFFRAGE"}],"headline":{"main":"WOMEN AND POLITICS.; THE SUFFRAGE ISSUE DISCUSSED BY A VETERAN FEMALE ADVOCATE."},"web_url":"http:\/\/query.nytimes.com\/gst\/abstract.html?res=9A0CE2DD1439E533A25751C1A9609C94649FD7CF","date":"1885-06-12T00:00:00Z","news_desk":null},{"keywords":[],"headline":{"main":"Britain Set to Welcome Female PM but Sexism Still 'Corrodes' Politics, Activists Say","print_headline":"Britain Set to Welcome Female PM but Sexism Still 'Corrodes' Politics, Activists Say"},"web_url":"http:\/\/www.nytimes.com\/reuters\/2016\/07\/13\/world\/europe\/13reuters-britain-politics-women-rights.html","date":"2016-07-13T08:36:05Z","news_desk":"None"},{"keywords":[{"rank":"1","is_major":"N","name":"subject","value":"State Legislatures"},{"rank":"2","is_major":"N","name":"subject","value":"Women and Girls"},{"rank":"3","is_major":"N","name":"subject","value":"Local Government"},{"rank":"4","is_major":"N","name":"subject","value":"United States Politics and Government"}],"headline":{"main":"Why So Few Women in State Politics?","content_kicker":"Editorial","kicker":"Editorial","print_headline":"Too Few Women in the Political Pipeline"},"web_url":"http:\/\/www.nytimes.com\/2017\/02\/25\/opinion\/why-so-few-women-in-state-politics.html","date":"2017-02-25T20:48:15+0000","news_desk":"Editorial"},{"keywords":[{"name":"persons","value":"WALD, LILLIAN D."},{"name":"persons","value":"DAVIS, KATHARINE BEMENT"},{"name":"persons","value":"ROOSEVELT, THEODORE"},{"name":"glocations","value":"UNITED STATES"},{"name":"glocations","value":"NEW YORK STATE"},{"name":"organizations","value":"WOMAN SUFFRAGE"},{"name":"subject","value":"POLITICS"}],"headline":{"main":"ROOSEVELT TALKS POLITICS TO WOMEN; Tells Female Progressives at Colony Club Luncheon That He Is with Them."},"web_url":"http:\/\/query.nytimes.com\/gst\/abstract.html?res=990CEED81F39E633A25755C1A9619C946596D6CF","date":"1914-07-16T00:00:00Z","news_desk":null},{"keywords":[{"name":"persons","value":"SAFIRE, WILLIAM"},{"name":"subject","value":"UNITED STATES POLITICS AND GOVERNMENT"},{"name":"subject","value":"WOMEN"}],"headline":{"main":"Bad Year for Women","kicker":"ESSAY"},"web_url":"http:\/\/www.nytimes.com\/1990\/12\/20\/opinion\/essay-bad-year-for-women.html","date":"1990-12-20T00:00:00Z","news_desk":"Editorial Desk"},{"keywords":[{"name":"glocations","value":"ENGLAND. PARLIAMENT"},{"name":"glocations","value":"ENGLAND. PARLIAMENT"}],"headline":{"main":"THE WOMAN IN THE CASE; A QUESTION THAT AGITATES BRITISH POLITICS. THE PARNELL CHARGES BELIEVED TO HAVE EMANATED FROM A MYSTERIOUS FEMALE."},"web_url":"http:\/\/query.nytimes.com\/gst\/abstract.html?res=9F00EFD6143AE033A25750C2A9619C94699FD7CF","date":"1888-07-23T00:00:00Z","news_desk":null},{"keywords":[{"rank":"1","is_major":"N","name":"persons","value":"Crenn, Dominique"},{"rank":"2","is_major":"N","name":"organizations","value":"Atelier Crenn (San Francisco, Calif, Restaurant)"},{"rank":"3","is_major":"N","name":"subject","value":"Chefs"},{"rank":"4","is_major":"N","name":"subject","value":"Women and Girls"},{"rank":"5","is_major":"N","name":"subject","value":"Restaurants"},{"rank":"6","is_major":"N","name":"glocations","value":"San Francisco (Calif)"}],"headline":{"main":"Does Fame Have a Recipe? Dominique Crenn\u2019s Fast Rise","print_headline":"Here, There  and Rising"},"web_url":"http:\/\/www.nytimes.com\/2017\/02\/14\/dining\/chef-dominique-crenn.html","date":"2017-02-14T18:00:08+0000","news_desk":"Dining"},{"keywords":[{"name":"glocations","value":"COLORADO"}],"headline":{"main":"COLORADO'S WOMEN VOTERS; The Work They Have Accomplished Since Receiving the Right of Suffrage. A STATEMENT OF THE RESULTS Politics Have Been Materially Purified in the State by the Influence of Women -- Female Officeholders Have Proved Efficient."},"web_url":"http:\/\/query.nytimes.com\/gst\/abstract.html?res=9F06E1DB143DE633A25757C1A9639C94669ED7CF","date":"1897-05-14T00:00:00Z","news_desk":null},{"keywords":[],"headline":{"main":"Ideas & Trends; In Summary The Sun Belt Sizzles As Drought Raises Long-Term Fears The Feds Give Firestone a Flat A Female Bishop For Methodists At the Midpoint: Politics and Despair Toxic-Waste Suits Aim at the Source","kicker":"1"},"web_url":"http:\/\/query.nytimes.com\/gst\/abstract.html?res=9A04EFD91F3EE732A25753C2A9619C94619FD6CF","date":"1980-07-20T00:00:00Z","news_desk":null},{"keywords":[],"headline":{"main":"NEW-YORK CITY.; CITY POLITICS. The Republicans. After the Leadership. Female Normal School. Ship to it. Bock Agen.\" American Bible Society. They need to be Strong. The Sheriff After Briggs. of Great Importance. City Mortality. The Prohibitory Law.","kicker":"1"},"web_url":"http:\/\/query.nytimes.com\/gst\/abstract.html?res=9B0CE4D6123DE034BC4852DFBF66838E649FDE","date":"1855-09-10T00:03:58Z","news_desk":null},{"keywords":[{"name":"organizations","value":"NEW YORK LEGISLATURE"},{"name":"subject","value":"WOMAN SUFFRAGE"}],"headline":{"main":"HOME, WOMAN'S SPHERE; Mrs. Francis M. Scott on the Female Suffrage Question. A STRONG PLEA FOR AMERICAN HOMES The True Women of This Country, Mrs. Scott Says, Have No Desire to Assume the Burdens of Politics."},"web_url":"http:\/\/query.nytimes.com\/gst\/abstract.html?res=9901EFD61139E033A25752C1A9629C94649ED7CF","date":"1895-04-11T00:00:00Z","news_desk":null},{"keywords":[],"headline":{"main":"Hillary Clinton Releases Video Statement: 'Future Is Female'","print_headline":"Hillary Clinton Releases Video Statement: 'Future Is Female'"},"web_url":"http:\/\/www.nytimes.com\/aponline\/2017\/02\/07\/us\/ap-us-clinton-video-statement.html","date":"2017-02-07T12:18:32+0000","news_desk":null},{"keywords":[],"headline":{"main":"NEWS BY TELEGRAPH; Methodist Episcopal Conference The Wisconsin Delegates Appointment of Committees Divorce and Remarriage. Pennsylvania Politics. Virginia-Republican State Convention. Michigan Republican State Convention. Inauguration of Gov. Buckingham. Body of an Unknown Female Found. Railroad Accident. Departure of European Steamers. Navigation on the Canal. Lrtor from Vera Cruz. Fire. Markets by Telegraph."},"web_url":"http:\/\/www.nytimes.com\/1860\/05\/03\/news\/telegraph-methodist-episcopal-conference-wisconsin-delegates-appointment.html","date":"1860-05-03T00:03:58Z","news_desk":null}]