[{"keywords":[{"name":"creative_works","value":"FEMALE CHAUVINIST PIGS: WOMEN AND THE RISE OF RAUNCH CULTURE (BOOK)"},{"name":"subject","value":"SEX"},{"name":"subject","value":"BOOKS AND LITERATURE"},{"name":"subject","value":"PORNOGRAPHY AND OBSCENITY"},{"name":"subject","value":"WOMEN"}],"headline":{"main":"Girls Gone Wild"},"web_url":"http:\/\/www.nytimes.com\/2005\/09\/18\/books\/review\/18egan.html","date":"2005-09-18T00:00:00Z","news_desk":"Book Review Desk"},{"keywords":[{"name":"creative_works","value":"RAPE (BOOK)"},{"name":"persons","value":"PORTER, ROY"},{"name":"persons","value":"TOMASELLI, SYLVANA"},{"name":"subject","value":"BOOK REVIEWS"}],"headline":{"main":"IS THIS CRIME INEVITABLE?"},"web_url":"http:\/\/www.nytimes.com\/1987\/01\/04\/books\/is-this-crime-inevitable.html","date":"1987-01-04T00:00:00Z","news_desk":"Book Review Desk"},{"keywords":[{"rank":"1","is_major":"N","name":"glocations","value":"Bronx (NYC)"},{"rank":"2","is_major":"N","name":"subject","value":"Skateboarding"},{"rank":"3","is_major":"N","name":"subject","value":"Women and Girls"}],"headline":{"main":"Brujas of the Bronx"},"web_url":"http:\/\/www.nytimes.com\/video\/nyregion\/100000004557748\/brujas-of-the-bronx.html","date":"2016-07-29T12:10:11Z","news_desk":"N.Y. \/ Region"},{"keywords":[{"rank":"1","is_major":"N","name":"subject","value":"Science and Technology"},{"rank":"2","is_major":"N","name":"subject","value":"Colleges and Universities"},{"rank":"3","is_major":"N","name":"subject","value":"Women and Girls"},{"rank":"4","is_major":"N","name":"glocations","value":"Japan"}],"headline":{"main":"Making Science Attractive for Women"},"web_url":"http:\/\/www.nytimes.com\/slideshow\/2013\/06\/13\/education\/17educlede.html","date":"2013-06-13T00:00:00Z","news_desk":"Education"},{"keywords":[{"value":"Art","is_major":"N","rank":"1","name":"subject"}],"headline":{"seo":"Art 2010 - Culture Wars, Participatory Art, Strong Female Presence","main":"When the Art Stared Back and Other Trends","print_headline":"When the Art Stared Back And Other Trends"},"web_url":"http:\/\/www.nytimes.com\/2010\/12\/19\/arts\/design\/19smith.html","date":"2010-12-19T00:00:00Z","news_desk":"0"},{"keywords":[],"headline":{"main":"Signet Tumbles After Report of Harassment at Subsidiary","print_headline":"Signet Tumbles After Report of Harassment at Subsidiary"},"web_url":"http:\/\/www.nytimes.com\/aponline\/2017\/02\/28\/us\/politics\/ap-us-sterling-jewelers-stock.html","date":"2017-02-28T20:51:54+0000","news_desk":null},{"keywords":[],"headline":{"main":"Endocervical Culture"},"web_url":"http:\/\/health.nytimes.com\/health\/guides\/test\/culture-endocervix\/overview.html","date":null,"news_desk":null},{"keywords":[{"rank":"1","is_major":"N","name":"subject","value":"Discrimination"},{"rank":"2","is_major":"N","name":"subject","value":"Sexual Harassment"},{"rank":"3","is_major":"N","name":"subject","value":"Arbitration, Conciliation and Mediation"},{"rank":"4","is_major":"N","name":"subject","value":"Women and Girls"},{"rank":"5","is_major":"N","name":"organizations","value":"Signet Jewelers Ltd"},{"rank":"6","is_major":"N","name":"organizations","value":"Sterling Jewelers Inc"}],"headline":{"main":"Hundreds of Workers Allege Sex Bias by Jeweler, Files Show","print_headline":"Ex-Employees Say Sex Bias Was Common at a Jeweler"},"web_url":"http:\/\/www.nytimes.com\/2017\/02\/28\/business\/sterling-kay-jewelers-jared.html","date":"2017-03-01T01:32:03+0000","news_desk":"Business"},{"keywords":[{"rank":"1","is_major":"N","name":"persons","value":"Crenn, Dominique"},{"rank":"2","is_major":"N","name":"organizations","value":"Atelier Crenn (San Francisco, Calif, Restaurant)"},{"rank":"3","is_major":"N","name":"subject","value":"Chefs"},{"rank":"4","is_major":"N","name":"subject","value":"Women and Girls"},{"rank":"5","is_major":"N","name":"subject","value":"Restaurants"},{"rank":"6","is_major":"N","name":"glocations","value":"San Francisco (Calif)"}],"headline":{"main":"Does Fame Have a Recipe? Dominique Crenn\u2019s Fast Rise","print_headline":"Here, There  and Rising"},"web_url":"http:\/\/www.nytimes.com\/2017\/02\/14\/dining\/chef-dominique-crenn.html","date":"2017-02-14T18:00:08+0000","news_desk":"Dining"},{"keywords":[{"rank":"1","is_major":"N","name":"subject","value":"Archaeology and Anthropology"},{"rank":"2","is_major":"N","name":"glocations","value":"New Mexico"},{"rank":"3","is_major":"N","name":"subject","value":"Native Americans"},{"rank":"4","is_major":"N","name":"subject","value":"Women and Girls"},{"rank":"5","is_major":"N","name":"organizations","value":"Nature Communications (Journal)"}],"headline":{"main":"In an Ancient Burial Place, 3 Centuries of One Woman\u2019s Descendants","content_kicker":"Trilobites","kicker":"Trilobites","print_headline":"Power Lines: Burial Secrets"},"web_url":"http:\/\/www.nytimes.com\/2017\/02\/24\/science\/chaco-canyon-new-mexico-maternal.html","date":"2017-02-24T17:22:32+0000","news_desk":"Science"},{"keywords":[],"headline":{"main":"Q & A (Technology Column)"},"web_url":"http:\/\/topics.nytimes.com\/top\/news\/technology\/columns\/q_and_a\/index.html","date":null,"news_desk":null},{"keywords":[{"rank":"1","is_major":"N","name":"subject","value":"Dancing"},{"rank":"2","is_major":"N","name":"subject","value":"Women and Girls"},{"rank":"3","is_major":"N","name":"subject","value":"Psychology and Psychologists"},{"rank":"4","is_major":"N","name":"organizations","value":"Scientific Reports (Journal)"},{"rank":"5","is_major":"N","name":"persons","value":"Neave, Nick"}],"headline":{"main":"What Makes a Woman a Good Dancer? Watch the Hips, a Study Says","content_kicker":"Trilobites","kicker":"Trilobites","print_headline":"Dance Lessons: At the Club, Arms May Flail but Hips Tell the Tale"},"web_url":"http:\/\/www.nytimes.com\/2017\/02\/09\/science\/dance-moves-women-hips.html","date":"2017-02-09T14:11:02+0000","news_desk":"Science"},{"keywords":[{"rank":"1","is_major":"N","name":"subject","value":"Demonstrations, Protests and Riots"},{"rank":"2","is_major":"N","name":"subject","value":"Women and Girls"},{"rank":"3","is_major":"N","name":"glocations","value":"Argentina"},{"rank":"4","is_major":"N","name":"subject","value":"Women's Rights"}],"headline":{"main":"Topless Uprising Against Sexism","content_kicker":"Op-Ed Contributor","kicker":"Op-Ed Contributor","print_headline":"A topless uprising"},"web_url":"http:\/\/www.nytimes.com\/2017\/02\/20\/opinion\/topless-uprising-against-sexism.html","date":"2017-02-20T15:53:24+0000","news_desk":"OpEd"},{"keywords":[{"rank":"1","is_major":"N","name":"subject","value":"Grammy Awards"},{"rank":"2","is_major":"N","name":"subject","value":"Blacks"},{"rank":"3","is_major":"N","name":"subject","value":"Music"},{"rank":"4","is_major":"N","name":"subject","value":"Women and Girls"},{"rank":"5","is_major":"N","name":"persons","value":"Knowles, Beyonce"},{"rank":"6","is_major":"N","name":"creative_works","value":"Lemonade (Album)"}],"headline":{"main":"What Beyonc\u00e9 Won Was Bigger Than a Grammy","content_kicker":"Op-Ed Contributor","kicker":"Op-Ed Contributor"},"web_url":"http:\/\/www.nytimes.com\/2017\/02\/14\/opinion\/what-beyonce-won-was-bigger-than-a-grammy.html","date":"2017-02-14T23:54:44+0000","news_desk":"OpEd"},{"keywords":[],"headline":{"main":"Cross Country Team on Probation for Lewd Emails About Women","print_headline":"Cross Country Team on Probation for Lewd Emails About Women"},"web_url":"http:\/\/www.nytimes.com\/aponline\/2017\/01\/10\/us\/ap-us-amherst-cross-country-messages.html","date":"2017-01-10T06:54:37+0000","news_desk":null},{"keywords":[{"rank":"1","is_major":"N","name":"subject","value":"Blacks"},{"rank":"2","is_major":"N","name":"subject","value":"Movies"},{"rank":"3","is_major":"N","name":"subject","value":"Women and Girls"},{"rank":"4","is_major":"N","name":"persons","value":"Dash, Julie"},{"rank":"6","is_major":"N","name":"organizations","value":"Brooklyn Academy of Music"}],"headline":{"main":"A Film Series Honors Black Women Directors","print_headline":"Black Daughters of the Movie Camera"},"web_url":"http:\/\/www.nytimes.com\/2017\/01\/27\/movies\/black-women-directors-film-series.html","date":"2017-01-27T17:21:16+0000","news_desk":"Arts&Leisure"},{"keywords":[{"name":"subject","value":"TERMS NOT AVAILABLE"}],"headline":{"main":"MEDIA CREATORS"},"web_url":"http:\/\/www.nytimes.com\/1983\/10\/02\/books\/media-creators.html","date":"1983-10-02T00:00:00Z","news_desk":"Book Review Desk"},{"keywords":[],"headline":{"main":"Growing Number of Women Leading US Police Departments","print_headline":"Growing Number of Women Leading US Police Departments"},"web_url":"http:\/\/www.nytimes.com\/aponline\/2017\/02\/04\/us\/ap-us-female-police-chiefs.html","date":"2017-02-04T17:42:35+0000","news_desk":null},{"keywords":[],"headline":{"main":"Brailsford Says British Cycling 'Medallist', Not Sexist","print_headline":"Brailsford Says British Cycling 'Medallist', Not Sexist"},"web_url":"http:\/\/www.nytimes.com\/reuters\/2017\/02\/03\/sports\/cycling\/03reuters-cycling-brailsford.html","date":"2017-02-03T13:27:28+0000","news_desk":null},{"keywords":[{"rank":"1","is_major":"N","name":"persons","value":"Dresselhaus, Mildred Spiewak"},{"rank":"3","is_major":"N","name":"subject","value":"Women and Girls"},{"rank":"4","is_major":"N","name":"subject","value":"Deaths (Obituaries)"},{"rank":"5","is_major":"N","name":"subject","value":"Science and Technology"},{"rank":"6","is_major":"N","name":"organizations","value":"Massachusetts Institute of Technology"}],"headline":{"main":"Mildred Dresselhaus, the Queen of Carbon, Dies at 86","print_headline":"Mildred Dresselhaus, Who Pioneered Revolution in Carbon Use, Dies at 86"},"web_url":"http:\/\/www.nytimes.com\/2017\/02\/23\/science\/mildred-dresselhaus-dead-queen-of-carbon.html","date":"2017-02-24T01:32:59+0000","news_desk":"National"}]