[{"keywords":[{"rank":"1","is_major":"N","name":"subject","value":"Blacks"},{"rank":"2","is_major":"N","name":"subject","value":"Race and Ethnicity"},{"rank":"3","is_major":"N","name":"subject","value":"Movies"},{"rank":"4","is_major":"N","name":"subject","value":"Penis"},{"rank":"5","is_major":"N","name":"creative_works","value":"The Birth of a Nation (Movie)"},{"rank":"6","is_major":"N","name":"creative_works","value":"The Hateful Eight (Movie)"}],"headline":{"main":"Why Pop Culture Just Can\u2019t Deal With Black Male Sexuality","kicker":"The Culture Issue"},"web_url":"http:\/\/www.nytimes.com\/interactive\/2016\/10\/30\/magazine\/black-male-sexuality-last-taboo.html","date":"2016-10-27T09:00:11+0000","news_desk":"Magazine"},{"keywords":[],"headline":{"main":"After Gaffe, Microsoft Board to Look at Gender Pay Gap, Male Culture","print_headline":"After Gaffe, Microsoft Board to Look at Gender Pay Gap, Male Culture"},"web_url":"http:\/\/www.nytimes.com\/reuters\/2014\/10\/10\/technology\/10reuters-microsoft-ceo-women.html","date":"2014-10-10T16:58:36Z","news_desk":"None"},{"keywords":[{"name":"subject","value":"MENOPAUSE"}],"headline":{"main":"Is there a male menopause?; Or, what is going on when the glands, the genes, the mind and the culture conspire? The hormonal factor Male menopause The psychological factor The sociocultural factor Male menopause--French style"},"web_url":"http:\/\/query.nytimes.com\/gst\/abstract.html?res=9C0DE1D8173BE533A2575BC2A9679C946290D6CF","date":"1973-01-28T00:00:00Z","news_desk":null},{"keywords":[{"rank":"1","is_major":"N","value":"Brooks, Rebekah","name":"persons"},{"rank":"2","is_major":"N","value":"News International Ltd","name":"organizations"},{"rank":"3","is_major":"N","value":"Newspapers","name":"subject"},{"rank":"4","is_major":"N","value":"Wiretapping and Other Eavesdropping Devices and Methods","name":"subject"},{"rank":"5","is_major":"N","value":"Murdoch, Rupert","name":"persons"},{"rank":"6","is_major":"N","value":"Dowler, Milly","name":"persons"}],"headline":{"seo":"Rebekah Brooks Rose to Top in Britain\u2019s Male Tabloid Culture","main":"A Tenacious Rise to the Top in the Brutal Men\u2019s World of Tabloids","print_headline":"A Tenacious Rise to the Top in the Brutal Men\u2019s World of Tabloids"},"web_url":"http:\/\/www.nytimes.com\/2011\/07\/08\/world\/europe\/08profile.html","date":"2011-07-08T00:00:00Z","news_desk":"Foreign"},{"keywords":[],"headline":{"main":"Signet Tumbles After Report of Harassment at Subsidiary","print_headline":"Signet Tumbles After Report of Harassment at Subsidiary"},"web_url":"http:\/\/www.nytimes.com\/aponline\/2017\/02\/28\/us\/politics\/ap-us-sterling-jewelers-stock.html","date":"2017-02-28T20:51:54+0000","news_desk":null},{"keywords":[],"headline":{"main":"Brailsford Says British Cycling 'Medallist', Not Sexist","print_headline":"Brailsford Says British Cycling 'Medallist', Not Sexist"},"web_url":"http:\/\/www.nytimes.com\/reuters\/2017\/02\/03\/sports\/cycling\/03reuters-cycling-brailsford.html","date":"2017-02-03T13:27:28+0000","news_desk":null},{"keywords":[],"headline":{"main":"Growing Number of Women Leading US Police Departments","print_headline":"Growing Number of Women Leading US Police Departments"},"web_url":"http:\/\/www.nytimes.com\/aponline\/2017\/02\/04\/us\/ap-us-female-police-chiefs.html","date":"2017-02-04T17:42:35+0000","news_desk":null},{"keywords":[],"headline":{"main":"Urethritis - Chronic"},"web_url":"http:\/\/health.nytimes.com\/health\/guides\/disease\/urethritis-chronic\/overview.html","date":null,"news_desk":null},{"keywords":[{"rank":"1","is_major":"N","name":"creative_works","value":"This Is Everything: Gigi Gorgeous (Movie)"},{"rank":"2","is_major":"N","name":"subject","value":"Documentary Films and Programs"},{"rank":"3","is_major":"N","name":"persons","value":"Kopple, Barbara"},{"rank":"4","is_major":"N","name":"persons","value":"Lazzarato, Gigi (1992- )"},{"rank":"5","is_major":"N","name":"organizations","value":"YouTube.com"},{"rank":"6","is_major":"N","name":"subject","value":"Celebrities"}],"headline":{"main":"Review: \u2018This Is Everything: Gigi Gorgeous,\u2019 a Self-Made Cover Girl","print_headline":"Celebrating Her Journey to \u2018Gorgeous\u2019"},"web_url":"http:\/\/www.nytimes.com\/2017\/02\/02\/movies\/this-is-everything-gigi-gorgeous-review.html","date":"2017-02-03T00:02:03+0000","news_desk":"Weekend"},{"keywords":[{"rank":"1","is_major":"N","name":"subject","value":"Homosexuality and Bisexuality"},{"rank":"2","is_major":"N","name":"subject","value":"Travel and Vacations"},{"rank":"3","is_major":"N","name":"subject","value":"Hotels and Travel Lodgings"}],"headline":{"main":"Advice for Gay and Transgender Travelers","content_kicker":"Travel Tips","kicker":"Travel Tips","print_headline":"Advice for Gay and Transgender Travelers"},"web_url":"http:\/\/www.nytimes.com\/2017\/01\/27\/travel\/advice-for-gay-and-transgender-travelers.html","date":"2017-01-27T11:00:02+0000","news_desk":"Travel"},{"keywords":[{"rank":"1","is_major":"N","name":"subject","value":"Conservatism (US Politics)"},{"rank":"2","is_major":"N","name":"subject","value":"Homosexuality and Bisexuality"},{"rank":"3","is_major":"N","name":"subject","value":"Evangelical Movement"},{"rank":"4","is_major":"N","name":"subject","value":"Fringe Groups and Movements"},{"rank":"5","is_major":"N","name":"persons","value":"Bush, George W"},{"rank":"6","is_major":"N","name":"persons","value":"Douthat, Ross G"}],"headline":{"main":"The Meaning of Milo","content_kicker":"Op-Ed Columnist","kicker":"Op-Ed Columnist"},"web_url":"http:\/\/www.nytimes.com\/2017\/02\/22\/opinion\/the-meaning-of-milo.html","date":"2017-02-22T08:21:03+0000","news_desk":"OpEd"},{"keywords":[{"name":"persons","value":"BROWN, VICTORIA BISSELL"},{"name":"persons","value":"SIMONS, ANNA"},{"name":"subject","value":"DISCRIMINATION"},{"name":"subject","value":"WOMEN"},{"name":"subject","value":"UNITED STATES ARMAMENT AND DEFENSE"}],"headline":{"main":"Keeping Combat Units All-Male Skews Society"},"web_url":"http:\/\/www.nytimes.com\/1997\/04\/29\/opinion\/l-keeping-combat-units-all-male-skews-society-852279.html","date":"1997-04-29T00:00:00Z","news_desk":"Editorial Desk"},{"keywords":[{"rank":"1","is_major":"N","name":"subject","value":"Immigration and Emigration"},{"rank":"2","is_major":"N","name":"organizations","value":"Republican Party"},{"rank":"3","is_major":"N","name":"persons","value":"Hamilton, Alexander"},{"rank":"4","is_major":"N","name":"persons","value":"Obama, Barack"},{"rank":"5","is_major":"N","name":"persons","value":"Trump, Donald J"}],"headline":{"main":"Who Are We?","content_kicker":"Op-Ed Columnist","kicker":"Op-Ed Columnist","print_headline":"Who Are We?"},"web_url":"http:\/\/www.nytimes.com\/2017\/02\/04\/opinion\/who-are-we.html","date":"2017-02-04T19:30:03+0000","news_desk":"OpEd"},{"keywords":[],"headline":{"main":"Quotation of the Day for Monday, June 24, 2013","print_headline":"Quotation of the Day"},"web_url":"http:\/\/www.nytimes.com\/2013\/06\/24\/pageoneplus\/quotation-of-the-day-for-monday-june-24-2013.html","date":"2013-06-24T00:00:00Z","news_desk":"Summary"},{"keywords":[],"headline":{"main":"Uber Hires Ex-U.S. Attorney General Holder to Probe Sexual Harassment","print_headline":"Uber Hires Ex-U.S. Attorney General Holder to Probe Sexual Harassment"},"web_url":"http:\/\/www.nytimes.com\/reuters\/2017\/02\/20\/business\/20reuters-uber-tech-sexual-harassment.html","date":"2017-02-20T05:42:30+0000","news_desk":null},{"keywords":[{"rank":"1","is_major":"N","name":"subject","value":"Car Services and Livery Cabs"},{"rank":"2","is_major":"N","name":"subject","value":"Sexual Harassment"},{"rank":"3","is_major":"N","name":"subject","value":"Workplace Environment"},{"rank":"4","is_major":"N","name":"organizations","value":"Uber Technologies Inc"},{"rank":"5","is_major":"N","name":"persons","value":"Fowler, Susan J"}],"headline":{"main":"Uber Investigating Sexual Harassment Claims by Ex-Employee","print_headline":"Uber Investigating Claim of Sexual Harassment"},"web_url":"http:\/\/www.nytimes.com\/2017\/02\/19\/business\/uber-sexual-harassment-investigation.html","date":"2017-02-20T04:01:21+0000","news_desk":"Business"},{"keywords":[{"rank":"1","is_major":"N","name":"subject","value":"Christians and Christianity"},{"rank":"2","is_major":"N","name":"persons","value":"Trump, Donald J"},{"rank":"3","is_major":"N","name":"subject","value":"Customs, Etiquette and Manners"},{"rank":"4","is_major":"N","name":"organizations","value":"Twitter"}],"headline":{"main":"The Lord of Misrule","content_kicker":"Op-Ed Columnist","kicker":"Op-Ed Columnist","print_headline":"The  Lord  of Misrule"},"web_url":"http:\/\/www.nytimes.com\/2017\/01\/17\/opinion\/the-lord-of-misrule.html","date":"2017-01-17T08:21:19+0000","news_desk":"OpEd"},{"keywords":[{"rank":"1","is_major":"N","name":"subject","value":"Discrimination"},{"rank":"2","is_major":"N","name":"subject","value":"Sexual Harassment"},{"rank":"3","is_major":"N","name":"subject","value":"Arbitration, Conciliation and Mediation"},{"rank":"4","is_major":"N","name":"subject","value":"Women and Girls"},{"rank":"5","is_major":"N","name":"organizations","value":"Signet Jewelers Ltd"},{"rank":"6","is_major":"N","name":"organizations","value":"Sterling Jewelers Inc"}],"headline":{"main":"Hundreds of Workers Allege Sex Bias by Jeweler, Files Show","print_headline":"Ex-Employees Say Sex Bias Was Common at a Jeweler"},"web_url":"http:\/\/www.nytimes.com\/2017\/02\/28\/business\/sterling-kay-jewelers-jared.html","date":"2017-03-01T01:32:03+0000","news_desk":"Business"},{"keywords":[],"headline":{"main":"Infertility"},"web_url":"http:\/\/health.nytimes.com\/health\/guides\/disease\/infertility-in-men\/overview.html","date":null,"news_desk":null},{"keywords":[],"headline":{"main":"Diversity in Tech: Lots of Attention, Little Progress","print_headline":"Diversity in Tech: Lots of Attention, Little Progress"},"web_url":"http:\/\/www.nytimes.com\/aponline\/2017\/01\/29\/technology\/ap-us-tec-tech-diversity-slow-crawl.html","date":"2017-01-29T15:03:37+0000","news_desk":null}]