[{"keywords":[{"name":"creative_works","value":"FALL IN AND CHEER"},{"name":"creative_works","value":"HE. AN IRREVERENT LOOK AT THE AMERICAN MALE"},{"name":"creative_works","value":"DIALOGUES ON AMERICAN POLITICS"},{"name":"persons","value":"COYNE, JOHN R JR"},{"name":"persons","value":"KING, FLORENCE"},{"name":"persons","value":"PROFS IRVING LOUIS HOROWITZ"},{"name":"persons","value":"SEYMOUR MARTIN LIPSET"},{"name":"subject","value":"BOOK REVIEWS"},{"name":"subject","value":"BOOK REVIEWS"},{"name":"subject","value":"BOOK REVIEWS"}],"headline":{"main":"NONFICTION IN BRIEF"},"web_url":"http:\/\/query.nytimes.com\/gst\/abstract.html?res=9803EFDF1031E432A25756C2A9649C946890D6CF","date":"1979-02-25T00:00:00Z","news_desk":null},{"keywords":[{"name":"persons","value":"GREGORY, WILTON D"},{"name":"persons","value":"JONES, GAIL"},{"name":"organizations","value":"ROMAN CATHOLIC CHURCH"},{"name":"subject","value":"BLACKS"},{"name":"subject","value":"DISCRIMINATION"},{"name":"subject","value":"WOMEN"}],"headline":{"main":"Church's Male Politics"},"web_url":"http:\/\/www.nytimes.com\/2001\/11\/21\/opinion\/l-church-s-male-politics-293695.html","date":"2001-11-21T00:00:00Z","news_desk":"Editorial Desk"},{"keywords":[],"headline":{"main":"China's Male-Dominated, Anti-Graft Politics by the Numbers","print_headline":"China's Male-Dominated, Anti-Graft Politics by the Numbers"},"web_url":"http:\/\/www.nytimes.com\/aponline\/2016\/10\/27\/world\/asia\/ap-as-china-politics-by-the-numbers.html","date":"2016-10-27T05:48:45Z","news_desk":null},{"keywords":[{"value":"Theater","is_major":"N","rank":"1","name":"subject"},{"value":"London (England)","is_major":"N","rank":"2","name":"glocations"},{"value":"Wolf, Matt","is_major":"N","rank":"3","name":"persons"},{"value":"Elections","is_major":"N","rank":"4","name":"subject"}],"headline":{"main":"Satiric Assault on the Origins of Scabrous Male Bonding in Politics","kicker":"On the London Stage","print_headline":"Satiric Assault on the Origins of Scabrous Male Bonding in Politics","content_kicker":"On the London Stage"},"web_url":"http:\/\/www.nytimes.com\/2010\/05\/05\/arts\/05iht-lon5.html","date":"2010-05-05T00:00:00Z","news_desk":"Culture"},{"keywords":[{"name":"subject","value":"UNITED STATES POLITICS AND GOVERNMENT"},{"name":"subject","value":"PUBLIC OPINION"},{"name":"subject","value":"ELECTION ISSUES"},{"name":"subject","value":"POLITICS AND GOVERNMENT"},{"name":"subject","value":"WOMEN"},{"name":"subject","value":"ELECTIONS"}],"headline":{"main":"MALE-FEMALE SPLIT ON POLITICS FOUND A KEY FACTOR IN POLLS"},"web_url":"http:\/\/www.nytimes.com\/1982\/10\/27\/us\/male-female-split-on-politics-found-a-key-factor-in-polls.html","date":"1982-10-27T00:00:00Z","news_desk":"National Desk"},{"keywords":[{"name":"persons","value":"CHATFIELD, ISABEL"}],"headline":{"main":"Woman Sounds a Warning; Objects to Male Conduct of Politics and Intends to Take a Hand"},"web_url":"http:\/\/query.nytimes.com\/gst\/abstract.html?res=9507EFDF1E3CE03ABC4153DFB767838F659EDE","date":"1944-11-09T00:00:00Z","news_desk":null},{"keywords":[{"name":"glocations","value":"NEW YORK CITY"},{"name":"organizations","value":"ASSOCIATION OF MEN TEACHERS AND PRINCIPALS"},{"name":"organizations","value":"BOARD OF EDUCATION"},{"name":"subject","value":"ALVORD COMPANIES, N. Y. C."},{"name":"subject","value":"TEACHERS"}],"headline":{"main":"MALE TEACHERS SEE OPENING IN POLITICS; With an Estimated Control of 20,000 Votes, They Propose to \"Fight for Rights.\""},"web_url":"http:\/\/query.nytimes.com\/gst\/abstract.html?res=9401E1DB163FE633A25751C1A9679C946296D6CF","date":"1913-01-12T00:00:00Z","news_desk":null},{"keywords":[],"headline":{"main":"When Lovely Woman Stoops to Politics; Her Methods So Up-to-date that the Male Graduate of the \"Practical\" School Can Learn From Her.","kicker":"1"},"web_url":"http:\/\/query.nytimes.com\/gst\/abstract.html?res=9D07E4D6153AE733A25752C2A9649C946597D6CF","date":"1904-02-21T00:00:00Z","news_desk":null},{"keywords":[{"rank":"1","is_major":"N","name":"subject","value":"State Legislatures"},{"rank":"2","is_major":"N","name":"subject","value":"Women and Girls"},{"rank":"3","is_major":"N","name":"subject","value":"Local Government"},{"rank":"4","is_major":"N","name":"subject","value":"United States Politics and Government"}],"headline":{"main":"Why So Few Women in State Politics?","content_kicker":"Editorial","kicker":"Editorial","print_headline":"Too Few Women in the Political Pipeline"},"web_url":"http:\/\/www.nytimes.com\/2017\/02\/25\/opinion\/why-so-few-women-in-state-politics.html","date":"2017-02-25T20:48:15+0000","news_desk":"Editorial"},{"keywords":[],"headline":{"main":"Restaurant Fires Rhode Island Legislator for Political Talk","print_headline":"Restaurant Fires Rhode Island Legislator for Political Talk"},"web_url":"http:\/\/www.nytimes.com\/aponline\/2017\/02\/02\/us\/ap-us-waitress-politician-fired.html","date":"2017-02-02T19:31:35+0000","news_desk":null},{"keywords":[{"rank":"1","is_major":"N","name":"subject","value":"Women and Girls"},{"rank":"2","is_major":"N","name":"subject","value":"Women's Rights"},{"rank":"3","is_major":"N","name":"subject","value":"Royal Families"},{"rank":"4","is_major":"N","name":"organizations","value":"Liberal Democratic Party (Japan)"},{"rank":"5","is_major":"N","name":"persons","value":"Abe, Shinzo"},{"rank":"6","is_major":"N","name":"persons","value":"Akihito"},{"rank":"7","is_major":"N","name":"persons","value":"Naruhito, Crown Prince of Japan"},{"rank":"8","is_major":"N","name":"persons","value":"Masako, Crown Princess of Japan"},{"rank":"9","is_major":"N","name":"glocations","value":"Japan"}],"headline":{"main":"Many Japanese Look for a Shift to Female Heirs to the Throne","print_headline":"Many in Japan Look for Shift to Allow Female Heirs"},"web_url":"http:\/\/www.nytimes.com\/2017\/01\/28\/world\/asia\/japan-emperor-female-heirs.html","date":"2017-01-28T18:15:23+0000","news_desk":"Foreign"},{"keywords":[{"rank":"1","is_major":"N","name":"subject","value":"Conservatism (US Politics)"},{"rank":"2","is_major":"N","name":"subject","value":"Unemployment Insurance"},{"rank":"3","is_major":"N","name":"subject","value":"Police"},{"rank":"4","is_major":"N","name":"glocations","value":"United States"}],"headline":{"main":"A Time for Immodest Proposals","content_kicker":"Op-Ed Columnist","kicker":"Op-Ed Columnist","print_headline":"A Time for Immodest Proposals"},"web_url":"http:\/\/www.nytimes.com\/2017\/02\/25\/opinion\/sunday\/a-time-for-immodest-proposals.html","date":"2017-02-25T20:25:58+0000","news_desk":"OpEd"},{"keywords":[{"rank":"1","is_major":"N","name":"subject","value":"Conservatism (US Politics)"},{"rank":"2","is_major":"N","name":"subject","value":"Homosexuality and Bisexuality"},{"rank":"3","is_major":"N","name":"subject","value":"Evangelical Movement"},{"rank":"4","is_major":"N","name":"subject","value":"Fringe Groups and Movements"},{"rank":"5","is_major":"N","name":"persons","value":"Bush, George W"},{"rank":"6","is_major":"N","name":"persons","value":"Douthat, Ross G"}],"headline":{"main":"The Meaning of Milo","content_kicker":"Op-Ed Columnist","kicker":"Op-Ed Columnist"},"web_url":"http:\/\/www.nytimes.com\/2017\/02\/22\/opinion\/the-meaning-of-milo.html","date":"2017-02-22T08:21:03+0000","news_desk":"OpEd"},{"keywords":[{"rank":"1","is_major":"N","name":"subject","value":"Presidential Election of 2016"},{"rank":"2","is_major":"N","name":"subject","value":"United States Politics and Government"},{"rank":"3","is_major":"N","name":"persons","value":"Trump, Donald J"},{"rank":"4","is_major":"N","name":"organizations","value":"Federal Bureau of Investigation"}],"headline":{"main":"\u2018Something Big Is Happening\u2019: Readers React to Trump\u2019s Russian Ties"},"web_url":"http:\/\/www.nytimes.com\/2017\/02\/16\/us\/politics\/readers-react-to-trumps-russian-ties.html","date":"2017-02-16T17:23:46+0000","news_desk":"Politics"},{"keywords":[],"headline":{"main":"U.S., Japan First Ladies: Both Unconventional Yet Poles Apart","print_headline":"U.S., Japan First Ladies: Both Unconventional Yet Poles Apart"},"web_url":"http:\/\/www.nytimes.com\/reuters\/2017\/02\/10\/us\/politics\/10reuters-usa-trump-japan-firstladies.html","date":"2017-02-10T23:21:29+0000","news_desk":null},{"keywords":[],"headline":{"main":"U.S., Japan First Ladies: Both Unconventional Yet Poles Apart","print_headline":"U.S., Japan First Ladies: Both Unconventional Yet Poles Apart"},"web_url":"http:\/\/www.nytimes.com\/reuters\/2017\/02\/11\/us\/politics\/11reuters-usa-trump-japan-firstladies.html","date":"2017-02-11T16:24:29+0000","news_desk":null},{"keywords":[{"name":"creative_works","value":"THEY WHISPER (BOOK)"},{"name":"persons","value":"BUTLER, ROBERT OLEN"},{"name":"subject","value":"BOOK REVIEWS"}],"headline":{"main":"Sexual Politics"},"web_url":"http:\/\/www.nytimes.com\/1994\/03\/13\/books\/l-sexual-politics-423955.html","date":"1994-03-13T00:00:00Z","news_desk":"Book Review Desk"},{"keywords":[],"headline":{"main":"David Bowie Honors, George Michael Tribute Top Brit Awards","print_headline":"David Bowie Honors, George Michael Tribute Top Brit Awards"},"web_url":"http:\/\/www.nytimes.com\/aponline\/2017\/02\/22\/world\/europe\/ap-eu-britain-brit-awards.html","date":"2017-02-22T15:43:12+0000","news_desk":null},{"keywords":[],"headline":{"main":"Olympic Bid Withdrawal New Setback for Hungarian Leader","print_headline":"Olympic Bid Withdrawal New Setback for Hungarian Leader"},"web_url":"http:\/\/www.nytimes.com\/aponline\/2017\/02\/23\/world\/europe\/ap-eu-hungary-olympics.html","date":"2017-02-23T14:15:38+0000","news_desk":null},{"keywords":[],"headline":{"main":"Have You Ever Performed for an Audience or Shared Creative Work With Others?","content_kicker":"Student Opinion","kicker":"Student Opinion"},"web_url":"http:\/\/www.nytimes.com\/2017\/02\/21\/learning\/have-you-ever-performed-for-an-audience-or-shared-creative-work-with-others.html","date":"2017-02-21T11:32:36+0000","news_desk":"Learning"}]