[{"keywords":[{"rank":"2","is_major":"N","name":"subject","value":"Exercise"},{"rank":"3","is_major":"N","name":"subject","value":"Weight"},{"rank":"4","is_major":"N","name":"subject","value":"Labor and Jobs"}],"headline":{"main":"If These Guys Were Able to Fix Their Lives, You Can, Too","content_kicker":"The Male Animal","kicker":"The Male Animal","print_headline":"Mr. Fix-Its of Their Own Lives"},"web_url":"http:\/\/www.nytimes.com\/2017\/02\/01\/fashion\/mens-style\/self-improvement-how-to-fix-your-life.html","date":"2017-02-01T10:00:04+0000","news_desk":"Styles"},{"keywords":[{"rank":"1","is_major":"N","name":"subject","value":"Athletics and Sports"},{"rank":"2","is_major":"N","name":"subject","value":"Men and Boys"},{"rank":"5","is_major":"N","name":"subject","value":"Football"},{"rank":"6","is_major":"N","name":"subject","value":"Baseball"},{"rank":"7","is_major":"N","name":"subject","value":"Basketball (College)"}],"headline":{"main":"Game Over: These Guys Are No Longer Big Sports Fans","content_kicker":"The Male Animal","kicker":"The Male Animal","print_headline":"Game Over"},"web_url":"http:\/\/www.nytimes.com\/2017\/01\/11\/fashion\/mens-style\/sports-fans-men-identity.html","date":"2017-01-11T17:04:00+0000","news_desk":"Styles"},{"keywords":[{"rank":"1","is_major":"N","name":"subject","value":"Men and Boys"},{"rank":"2","is_major":"N","name":"subject","value":"Gifts"},{"rank":"3","is_major":"N","name":"subject","value":"Christmas"},{"rank":"4","is_major":"N","name":"subject","value":"Anxiety and Stress"},{"rank":"5","is_major":"N","name":"subject","value":"Dating and Relationships"}],"headline":{"main":"Why Are Some Men Such Awkward Gift Givers? Let Them Explain","content_kicker":"The Male Animal","kicker":"The Male Animal","print_headline":"Awkward Exchanges"},"web_url":"http:\/\/www.nytimes.com\/2016\/12\/05\/fashion\/mens-style\/men-awkward-gift-givers-christmas-holidays.html","date":"2016-12-05T19:10:32+0000","news_desk":"Styles"},{"keywords":[],"headline":{"main":"Pale Male (Hawk)"},"web_url":"http:\/\/topics.nytimes.com\/topic\/subject\/pale-male-hawk","date":null,"news_desk":null},{"keywords":[],"headline":{"main":"Pale Male (Hawk)"},"web_url":"http:\/\/topics.nytimes.com\/top\/news\/science\/topics\/birds\/hawks\/pale_male\/index.html","date":null,"news_desk":null},{"keywords":[],"headline":{"main":"Male Pattern Baldness"},"web_url":"http:\/\/health.nytimes.com\/health\/guides\/disease\/male-pattern-baldness\/overview.html","date":null,"news_desk":null},{"keywords":[],"headline":{"main":"Genital Sores - Male"},"web_url":"http:\/\/health.nytimes.com\/health\/guides\/symptoms\/genital-sores-male\/overview.html","date":null,"news_desk":null},{"keywords":[],"headline":{"main":"Chlamydial Infections - Male"},"web_url":"http:\/\/health.nytimes.com\/health\/guides\/disease\/chlamydial-urethritis-male\/overview.html","date":null,"news_desk":null},{"keywords":[{"name":"subject","value":"COMEDY AND HUMOR"},{"name":"subject","value":"MEN"},{"name":"subject","value":"TELEVISION"}],"headline":{"main":"Father Eats Best","kicker":"BETA MALE"},"web_url":"http:\/\/www.nytimes.com\/2004\/09\/26\/fashion\/26BETA.html","date":"2004-09-26T00:00:00Z","news_desk":"Style Desk"},{"keywords":[{"name":"glocations","value":"HAMPTONS (NY)"},{"name":"subject","value":"SOCIAL CONDITIONS AND TRENDS"}],"headline":{"main":"Between the Tool-Belt Set and the Jet Set","kicker":"BETA MALE"},"web_url":"http:\/\/www.nytimes.com\/2004\/08\/08\/style\/beta-male-between-the-tool-belt-set-and-the-jet-set.html","date":"2004-08-08T00:00:00Z","news_desk":"Style Desk"},{"keywords":[{"name":"creative_works","value":"HE'S JUST NOT THAT INTO YOU (BOOK)"},{"name":"persons","value":"BEHRENDT, GREG"},{"name":"persons","value":"TUCILLO, LIZ"},{"name":"subject","value":"SEX"},{"name":"subject","value":"MEN"},{"name":"subject","value":"BOOKS AND LITERATURE"},{"name":"subject","value":"PSYCHOLOGY AND PSYCHOLOGISTS"},{"name":"subject","value":"WOMEN"}],"headline":{"main":"For Women Who Count on Men to Be Jerks","kicker":"BETA MALE"},"web_url":"http:\/\/www.nytimes.com\/2004\/10\/17\/fashion\/17BETA.html","date":"2004-10-17T00:00:00Z","news_desk":"Style Desk"},{"keywords":[{"name":"subject","value":"SEX"},{"name":"subject","value":"DRUGS (PHARMACEUTICALS)"}],"headline":{"main":"Losing Your Virility? Tough It Out, Man","kicker":"BETA MALE"},"web_url":"http:\/\/www.nytimes.com\/2004\/07\/11\/style\/beta-male-losing-your-virility-tough-it-out-man.html","date":"2004-07-11T00:00:00Z","news_desk":"Style Desk"},{"keywords":[{"name":"creative_works","value":"QUEER EYE FOR THE STRAIGHT GUY (TV PROGRAM)"},{"name":"creative_works","value":"ESSENTIAL STYLE GUIDE FOR MEN AND THE WOMEN WHO LOVE THEM (BOOK)"},{"name":"persons","value":"KRESSLEY, CARSON"},{"name":"subject","value":"MEN"},{"name":"subject","value":"INTERIOR DESIGN"},{"name":"subject","value":"TELEVISION"},{"name":"subject","value":"BOOKS AND LITERATURE"},{"name":"subject","value":"APPAREL"}],"headline":{"main":"The Chic Simpletons of 'Queer Eye'","kicker":"BETA MALE"},"web_url":"http:\/\/www.nytimes.com\/2004\/09\/05\/fashion\/05BETA.html","date":"2004-09-05T00:00:00Z","news_desk":"Style Desk"},{"keywords":[],"headline":{"main":"What's Next?","kicker":"MALE NUDITY"},"web_url":"http:\/\/query.nytimes.com\/gst\/fullpage.html?res=9805EED7173EF937A2575BC0A9639C8B63","date":"2005-08-14T00:00:00Z","news_desk":"Arts and Leisure Desk"},{"keywords":[{"name":"subject","value":"MEN"},{"name":"subject","value":"PREGNANCY AND OBSTETRICS"}],"headline":{"main":"Count Me Out of the Hard Labor","kicker":"BETA MALE"},"web_url":"http:\/\/www.nytimes.com\/2004\/06\/20\/style\/beta-male-count-me-out-of-the-hard-labor.html","date":"2004-06-20T00:00:00Z","news_desk":"Style Desk"},{"keywords":[],"headline":{"main":"Male Passenger's Opinion.","kicker":"1"},"web_url":"http:\/\/query.nytimes.com\/gst\/abstract.html?res=9C02EFD81530E733A25750C2A9649C946397D6CF","date":"1902-02-23T00:00:00Z","news_desk":null},{"keywords":[{"name":"subject","value":"MALE, JOB"}],"headline":{"main":"FUNERAL OF JOB MALE."},"web_url":"http:\/\/query.nytimes.com\/gst\/abstract.html?res=9F0DE3D91239E033A25751C0A9649C94609ED7CF","date":"1891-02-02T00:00:00Z","news_desk":null},{"keywords":[{"name":"persons","value":"MALE, JAMES"},{"name":"subject","value":"DEATHS AND DEATH RATE"}],"headline":{"main":"JAMES MALE; Former Assemblyman, 51, Once Pelham Manor Official I"},"web_url":"http:\/\/query.nytimes.com\/gst\/abstract.html?res=9505EED8153EEE3BBC4F52DFB766838C659EDE","date":"1947-01-17T00:00:00Z","news_desk":null},{"keywords":[],"headline":{"main":"\"BRAINS VS. BOODLE.\"; Woman Suffrage in Practice.","kicker":"1"},"web_url":"http:\/\/query.nytimes.com\/gst\/abstract.html?res=9E0CEEDE133EE033A2575BC0A9639C946697D6CF","date":"1907-05-08T00:00:00Z","news_desk":null},{"keywords":[],"headline":{"main":"The Men Powerful Enough to Wear the Same Thing Every Day","kicker":"The Male Uniform"},"web_url":"http:\/\/www.nytimes.com\/interactive\/2015\/04\/02\/fashion\/mens-style\/The-Men-Powerful-Enough-to-Wear-the-Same-Thing.html","date":"2015-04-02T00:00:00Z","news_desk":"Fashion & Style \/ Men\u2019s Style"}]