[{"web_url":"http:\/\/www.nytimes.com\/2011\/05\/17\/opinion\/l17kristof.html","snippet":"A reader responds to a recent column about female genital mutilation....","lead_paragraph":"A reader responds to a recent column about female genital mutilation.","abstract":null,"blog":[],"source":"The New York Times","headline":{"main":"Ending Genital Mutilation","kicker":"Letter","print_headline":"Ending Genital Mutilation","content_kicker":"Letter"},"pub_date":"2011-05-17T00:00:00Z","document_type":"article","news_desk":"Letters","section_name":"Opinion","subsection_name":null,"type_of_material":"Letter","_id":"540dd37c38f0d863ce5a41af"},{"web_url":"http:\/\/www.nytimes.com\/2014\/10\/28\/health\/efua-dorkenoo-dies-at-65-key-foe-of-genital-cutting.html","snippet":"Ms. Dorkenoo led a successful 30-year campaign against the tradition of genital cutting of girls and women, mainly in Africa and the Middle East, by casting the practice as a human rights violation....","lead_paragraph":"Ms. Dorkenoo led a successful 30-year campaign against the tradition of genital cutting of girls and women, mainly in Africa and the Middle East, by casting the practice as a human rights violation.","abstract":"Efua Dorkenoo, who led successful 30-year campaign against tradition of genital cutting of girls and women, mainly in Africa and the Middle East, by casting practice as human rights violation, dies at age 65.","blog":[],"source":"The New York Times","headline":{"main":"Efua Dorkenoo, Who Campaigned Against Genital Cutting, Dies at 65","print_headline":"Efua Dorkenoo Dies at 65; Battled Genital Cutting"},"pub_date":"2014-10-28T00:00:00Z","document_type":"article","news_desk":"Foreign","section_name":"Health","subsection_name":null,"type_of_material":"Obituary","_id":"544f08eb38f0d86e16a3205d"},{"web_url":"http:\/\/www.nytimes.com\/2010\/06\/17\/world\/middleeast\/17kurd.html","snippet":"Human Rights Watch found at least 40 percent of girls and women in Iraq\u2019s Kurdistan region had undergone the procedure....","lead_paragraph":"Human Rights Watch found at least 40 percent of girls and women in Iraq\u2019s Kurdistan region had undergone the procedure.","abstract":null,"blog":[],"source":"The New York Times","headline":{"seo":"Group Assails Genital Cutting in Kurdistan","main":"Kurdistan Is Urged to Ban Genital Cutting","print_headline":"Kurdistan Urged to Ban Genital Cutting"},"pub_date":"2010-06-17T00:00:00Z","document_type":"article","news_desk":"Foreign","section_name":"World","subsection_name":"Middle East","type_of_material":"News","_id":"54178bfd38f0d851fd3a81d9"},{"web_url":"http:\/\/www.nytimes.com\/2011\/05\/12\/opinion\/12kristof.html","snippet":"Let\u2019s hope that female genital mutilation is the next cultural tradition to go the way of foot-binding....","lead_paragraph":"Let\u2019s hope that female genital mutilation is the next cultural tradition to go the way of foot-binding.","abstract":null,"blog":[],"source":"The New York Times","headline":{"seo":"A Rite of Torture for Girls","main":"A Rite of Torture for Girls","content_kicker":"Op-Ed Columnist","kicker":"Op-Ed Columnist","print_headline":"A Rite Of Torture For Girls"},"pub_date":"2011-05-12T00:00:00Z","document_type":"article","news_desk":"Editorial","section_name":"Opinion","subsection_name":null,"type_of_material":"Op-Ed","_id":"540dab9538f0d85bf2515cb6"},{"web_url":"http:\/\/www.nytimes.com\/2012\/06\/01\/opinion\/the-rights-of-female-soldiers.html","snippet":"A Senate committee vote has moved Congress one step closer to revoking an insulting law that makes servicewomen who are raped pay for their own abortions....","lead_paragraph":"A Senate committee vote has moved Congress one step closer to revoking an insulting law that makes servicewomen who are raped pay for their own abortions.","abstract":"Editorial applauds the Republican senators on the Armed Services Committee who joined nearly all the Democrats to lift law that requires female service members who are victims of rape or incest to pay for abortion care they receive at military facilities; contends the nine committee Republicans who voted against lifting the law are an example of how extreme their party's abortion politics have become.","blog":[],"source":"The New York Times","headline":{"seo":"The Rights of Female Soldiers","main":"The Rights of Female Soldiers","kicker":"Editorial","print_headline":"The Rights of Female Soldiers","content_kicker":"Editorial"},"pub_date":"2012-06-01T00:00:00Z","document_type":"article","news_desk":"Editorial","section_name":"Opinion","subsection_name":null,"type_of_material":"Editorial","_id":"515da372cf28d0219d00151a"},{"web_url":"http:\/\/www.nytimes.com\/2014\/07\/23\/world\/europe\/britain-plans-to-tighten-laws-designed-to-protect-girls.html","snippet":"Prime Minister David Cameron said harsh penalties would be sought for parents subjecting their girls to genital mutilation or forced marriage....","lead_paragraph":"Prime Minister David Cameron said harsh penalties would be sought for parents subjecting their girls to genital mutilation or forced marriage.","abstract":"British Prime Min David Cameron announces that parents who subject their daughters to genital mutilation will be prosecuted, signaling fortification of existing laws meant to protect children; shift follows research showing that the number of victims of the practice in Britain is twice as high as previously believed.","blog":[],"source":"The New York Times","headline":{"main":"Britain Moves to Fortify Law to Protect Girls","print_headline":"Britain Moves to Fortify Law to Protect Girls"},"pub_date":"2014-07-23T00:00:00Z","document_type":"article","news_desk":"Foreign","section_name":"World","subsection_name":"Europe","type_of_material":"News","_id":"53ce693838f0d85c8d9085e1"},{"web_url":"http:\/\/www.nytimes.com\/2014\/06\/21\/opinion\/mona-eltahawy-egypts-sexual-violence.html","snippet":"It doesn\u2019t matter where you stand on the political spectrum \u2014 if you are a woman, your body is not safe....","lead_paragraph":"It doesn\u2019t matter where you stand on the political spectrum \u2014 if you are a woman, your body is not safe.","abstract":"Op-Ed article by writer Mona Eltahawy asserts that real battle that will determine whether Egypt can free itself of authoritarianism is fight between patriarchy and women; notes that increasing number of women are speaking up and voicing anger over sexual assaults; calls for societal shift and comprehensive campaign to tackle sexual violence.","blog":[],"source":"The New York Times","headline":{"main":"Egypt Has a Sexual Violence Problem","kicker":"Op-Ed Contributor","print_headline":"Egypt Has a Sexual Violence Problem","content_kicker":"Op-Ed Contributor "},"pub_date":"2014-06-21T00:00:00Z","document_type":"article","news_desk":"OpEd","section_name":"Opinion","subsection_name":null,"type_of_material":"Op-Ed","_id":"53a422d438f0d82561c7641d"},{"web_url":"http:\/\/www.nytimes.com\/2014\/11\/17\/opinion\/fighting-female-genital-mutilation.html","snippet":"In Egypt, a shocking 91 percent of women have been cut....","lead_paragraph":"In Egypt, a shocking 91 percent of women have been cut.","abstract":"Op-Ed article by Egyptian author Mona Eltahawy calls attention to staggering rate of female genital mutilation; notes some 91 percent of Egyptian women ages 15 to 49 are survivors of the practice; holds laws are not enough to curb genital mutilation, arguing that education, involvement of religious figures and alternative rites of passage are also important.","blog":[],"source":"The New York Times","headline":{"main":"Fighting Female Genital Mutilation","kicker":"Op-Ed Contributor","print_headline":"Fighting Female Genital Mutilation","content_kicker":"Op-Ed Contributor"},"pub_date":"2014-11-17T00:00:00Z","document_type":"article","news_desk":"OpEd","section_name":"Opinion","subsection_name":null,"type_of_material":"Op-Ed","_id":"54693bd838f0d8317bec0c73"},{"web_url":"http:\/\/www.nytimes.com\/2008\/06\/12\/nyregion\/12mutilation.html","snippet":"A federal appeals court said there were \u201cobvious errors\u201d when officials denied asylum to three women who claimed that they were victims of genital cutting in Africa....","lead_paragraph":"A federal appeals court said there were \u201cobvious errors\u201d when officials denied asylum to three women who claimed that they were victims of genital cutting in Africa.","abstract":null,"blog":[],"source":"The New York Times","headline":{"seo":"Higher Court Says That Denying Asylum to Victims of Genital Cutting Was Wrong","main":"Court Rejects Decisions of Immigration Board","print_headline":"Court Rejects Decisions Of Immigration Board"},"pub_date":"2008-06-12T00:00:00Z","document_type":"article","news_desk":"Metro","section_name":"N.Y. \/ Region","subsection_name":null,"type_of_material":"News","_id":"548230eb38f0d8403d9cbce7"},{"web_url":"http:\/\/www.nytimes.com\/2013\/09\/11\/world\/europe\/feminism-a-good-fit-for-one-good-muslim-boy.html","snippet":"Being a man, a practicing Muslim and the son of Pakistani immigrants might make Nazir Afzal an unlikely feminist to some, but that\u2019s what the chief prosecutor for northwestern England calls himself....","lead_paragraph":"Being a man, a practicing Muslim and the son of Pakistani immigrants might make Nazir Afzal an unlikely feminist to some, but that\u2019s what the chief prosecutor for northwestern England calls himself.","abstract":null,"blog":[],"source":"International Herald Tribune","headline":{"main":"Feminism a Good Fit for One 'Good Muslim Boy'","print_headline":"Feminism a Good Fit for One 'Good Muslim Boy'","content_kicker":"The Female Factor"},"pub_date":"2013-09-11T00:00:00Z","document_type":"article","news_desk":"Foreign","section_name":"World","subsection_name":"Europe","type_of_material":"News","_id":"5230811a38f0d8268895f058"},{"web_url":"http:\/\/www.nytimes.com\/1997\/06\/26\/world\/egyptian-court-overturns-ban-on-cutting-of-girls-genitals.html","snippet":"An Egyptian court has overturned a year-old ban on the ritual cutting of female genitals in a decision that has been celebrated by Islamic leaders but has outraged human rights advocates.    The decision on Tuesday struck down a ban on the traditi...","lead_paragraph":"An Egyptian court has overturned a year-old ban on the ritual cutting of female genitals in a decision that has been celebrated by Islamic leaders but has outraged human rights advocates. The decision on Tuesday struck down a ban on the traditional practice in all state and private clinics. But it maintained a ban on cutting as practiced by people untrained in medicine, including the midwives and barbers who use razors and other crude devices in rural villages.","abstract":"Egyptian court overturns year-old ban on ritual cutting of female genitals in all state and private clinics; maintains ban on cutting as practiced by untrained people in rural villages; Islamic leaders hail ruling; human rights advocates score it (M)","blog":[],"source":"The New York Times","headline":{"main":"Egyptian Court Overturns Ban On Cutting of Girls' Genitals"},"pub_date":"1997-06-26T00:00:00Z","document_type":"article","news_desk":"Foreign Desk","section_name":"World","subsection_name":null,"type_of_material":"News","_id":"4fd1d04c8eb7c8105d709e07"},{"web_url":"http:\/\/www.nytimes.com\/2012\/03\/17\/world\/asia\/at-afghan-prison-invasive-search-of-female-visitors-raises-us-objections.html","snippet":"Americans cut off financing for the prison, but Western officials and rights advocates in Afghanistan are viewing the hard line as a troubling sign....","lead_paragraph":"Americans cut off financing for the prison, but Western officials and rights advocates in Afghanistan are viewing the hard line as a troubling sign.","abstract":"Americans cut off financing for notorious men's prison in Kabul, Afghanistan, where the commandant says invasive body-cavity searches of female visitors are needed to keep out contraband; American officials caution that trouble at one prison does not herald the overall collapse of Western influence but advocates fear the slipping of hard-won rights for women in Afghanistan.","blog":[],"source":"The New York Times","headline":{"seo":"At Afghan Prison, Invasive Search of Female Visitors Raises U.S. Objections","main":"Afghan Prison\u2019s Invasive Searches of Female Visitors Stir Fear of Slipping Rights","print_headline":"Afghan Prison\u2019s Invasive Searches of Female Visitors Stir Fear of Slipping Rights"},"pub_date":"2012-03-17T00:00:00Z","document_type":"article","news_desk":"Foreign","section_name":"World","subsection_name":"Asia Pacific","type_of_material":"News","_id":"53f4b00438f0d857ea2d13bd"},{"web_url":"http:\/\/www.nytimes.com\/1996\/09\/16\/opinion\/l-immigration-bill-flaws-321680.html","snippet":"To the Editor:    Re your Sept. 11 front-page profile of Fauziya Kassindja and her claim for political asylum based on fear of genital mutilation: The new anti-terrorism law, which would allow fleeing refugees to be denied entry without a hearing ...","lead_paragraph":"To the Editor: Re your Sept. 11 front-page profile of Fauziya Kassindja and her claim for political asylum based on fear of genital mutilation: The new anti-terrorism law, which would allow fleeing refugees to be denied entry without a hearing if they are using false documents, would most likely have returned Ms. Kassindja to her home country. Indeed, she had a false Nigerian passport. She was also making a new legal claim for immigration, increasing her chance of being returned.","abstract":"Prof Lenni B Benson letter comments on Sept 11 article on Fauziya Kassindja, Togo citizen who was granted asylum in US because of her fear of practice in Togo of female genital mutilation (S)","blog":[],"source":"The New York Times","headline":{"main":"Immigration Bill Flaws"},"pub_date":"1996-09-16T00:00:00Z","document_type":"article","news_desk":"Editorial Desk","section_name":"Opinion","subsection_name":null,"type_of_material":"Letter","_id":"4fd1ed368eb7c8105d73f145"},{"web_url":"http:\/\/www.nytimes.com\/2008\/06\/22\/opinion\/22sun2.html","snippet":"There is an urgent need for the government to adopt consistent humane policies that treat women\u2019s rights as fundamental human rights....","lead_paragraph":"There is an urgent need for the government to adopt consistent humane policies that treat women\u2019s rights as fundamental human rights.","abstract":null,"blog":[],"source":"The New York Times","headline":{"main":"A Victory for Women","content_kicker":"Editorial","print_headline":"A Victory for Women"},"pub_date":"2008-06-22T00:00:00Z","document_type":"article","news_desk":"Editorial","section_name":"Opinion","subsection_name":null,"type_of_material":"Editorial","_id":"548275d038f0d8403d9cc4f1"},{"web_url":"http:\/\/www.nytimes.com\/1996\/04\/25\/nyregion\/us-frees-african-fleeing-ritual-mutilation.html","snippet":"Fauziya Kasinga, who sought sanctuary in the United States in 1994, saying she was escaping her African tribe's custom of mutilating the genitals of young  women, was released by Federal immigration authorities yesterday after more than a year of ...","lead_paragraph":"Fauziya Kasinga, who sought sanctuary in the United States in 1994, saying she was escaping her African tribe's custom of mutilating the genitals of young women, was released by Federal immigration authorities yesterday after more than a year of sometimes harsh confinement in a detention center in New Jersey and prisons in Pennsylvania. Immigration officials said they decided to free Ms. Kasinga, 19, of Togo, because she has developed strong ties in recent months to religious and human rights groups who have promised to support her and insure she shows up for legal hearings. The officials phoned her lawyers yesterday with the decision and then told Ms. Kasinga.","abstract":null,"blog":[],"source":"The New York Times","headline":{"main":"U.S. Frees African Fleeing Ritual Mutilation"},"pub_date":"1996-04-25T00:00:00Z","document_type":"article","news_desk":"Metropolitan Desk","section_name":"Front Page; New York and Region","subsection_name":null,"type_of_material":"News","_id":"4fd1dfbd8eb7c8105d724eb9"},{"web_url":"http:\/\/www.nytimes.com\/aponline\/2016\/01\/12\/world\/middleeast\/ap-ml-saudi-arabia.html","snippet":"Human rights groups and activists say one of Saudi Arabia's most prominent human rights advocates has been arrested....","lead_paragraph":"Human rights groups and activists say one of Saudi Arabia's most prominent human rights advocates has been arrested.","abstract":null,"blog":[],"source":"AP","headline":{"main":"Prominent Female Saudi Rights Advocate Arrested","print_headline":"Prominent Female Saudi Rights Advocate Arrested"},"pub_date":"2016-01-12T15:27:26Z","document_type":"article","news_desk":"None","section_name":"World","subsection_name":"Middle East","type_of_material":"News","_id":"5695627e38f0d83e7cfe0337"},{"web_url":"http:\/\/www.nytimes.com\/2002\/08\/16\/opinion\/bush-vs-women.html","snippet":"The central moral struggle of the 19th century concerned slavery, and that of the 20th pitted democracy against Nazism, Communism and other despotic isms. Our own pre-eminent moral challenge will be to ease the brutality that kills and maims girls...","lead_paragraph":"The central moral struggle of the 19th century concerned slavery, and that of the 20th pitted democracy against Nazism, Communism and other despotic isms. Our own pre-eminent moral challenge will be to ease the brutality that kills and maims girls and women across much of Africa and Asia. Alas, this summer President Bush is putting the U.S. on the wrong side of the battle lines.","abstract":"Nicholas D Kristof Op-Ed column says health and welfare of women, particularly in Third World, is key issue of new century and Pres Bush is repeatedly putting United States on wrong side of battle lines by thwarting international efforts and cutting off aid; says that 500,00 women die each year in pregnancy or childbirth; that 100 million women and girls worldwide are 'missing' because they are denied food or medical care, or because they are aborted or killed at birth because they are female; and that between one and two million girls and women are trafficked into prostitution annually (M)","blog":[],"source":"The New York Times","headline":{"main":"Bush vs. Women"},"pub_date":"2002-08-16T00:00:00Z","document_type":"article","news_desk":"Editorial Desk","section_name":"Health; Opinion","subsection_name":null,"type_of_material":"Op-Ed","_id":"4fd238298eb7c8105d7cb222"},{"web_url":"http:\/\/www.nytimes.com\/reuters\/2016\/03\/24\/world\/africa\/24reuters-sudan-women-rape.html","snippet":"Sudanese security forces have used threats, assault and rape to silence female human rights activists, forcing many to abandon their work or flee the country, Human Rights Watch (HRW) said on Thursday....","lead_paragraph":"Sudanese security forces have used threats, assault and rape to silence female human rights activists, forcing many to abandon their work or flee the country, Human Rights Watch (HRW) said on Thursday.","abstract":null,"blog":[],"source":"Reuters","headline":{"main":"Sudanese Forces Silence Female Activists With Violence, Rape-Rights Group","print_headline":"Sudanese Forces Silence Female Activists With Violence, Rape-Rights Group"},"pub_date":"2016-03-24T00:40:10Z","document_type":"article","news_desk":"None","section_name":"World","subsection_name":"Africa","type_of_material":"News","_id":"56f3703b38f0d870f33f8b51"},{"web_url":"http:\/\/www.nytimes.com\/aponline\/2015\/09\/19\/us\/politics\/ap-us-obama.html","snippet":"President Barack Obama paid tribute Saturday to black women for their role in helping shape American democracy, calling them \"the thinkers and the doers\" who made things happen at the height of the civil rights movement half a century ago....","lead_paragraph":"President Barack Obama paid tribute Saturday to black women for their role in helping shape American democracy, calling them \"the thinkers and the doers\" who made things happen at the height of the civil rights movement half a century ago.","abstract":null,"blog":[],"source":"AP","headline":{"main":"Obama Pays Tribute to Female Civil Rights Leaders","print_headline":"Obama Pays Tribute to Female Civil Rights Leaders"},"pub_date":"2015-09-19T09:28:26Z","document_type":"article","news_desk":"None","section_name":"U.S.","subsection_name":"Politics","type_of_material":"News","_id":"55fd63b938f0d86e9cb6101e"},{"web_url":"http:\/\/rendezvous.blogs.nytimes.com\/2012\/05\/20\/a-female-president-demands-equal-rights-for-africas-gays\/","snippet":"It could have been Barack Obama's change of heart, or the entreaties of a pair of African elder statesmen, or David Cameron's threat to cut off aid. But whatever the reason, Joyce Banda says she intends to change Malawi's anti-gay laws. Could she ...","lead_paragraph":null,"abstract":"It could have been Barack Obama's change of heart, or the entreaties of a pair of African elder statesmen, or David Cameron's threat to cut off aid. But whatever the reason, Joyce Banda says she intends to change Malawi's anti-gay laws. Could she change Africa, too?","blog":[],"source":"The New York Times","headline":{"main":"A Female President Demands Equal Rights for Africa's Gays","kicker":"rendezvous"},"pub_date":"2012-05-20T23:26:56Z","document_type":"blogpost","news_desk":null,"section_name":"World","subsection_name":null,"type_of_material":"Blog","_id":"4fd3a4088eb7c8105d8ee35e"}]