[{"web_url":"http:\/\/www.nytimes.com\/aponline\/2017\/01\/23\/world\/africa\/ap-af-gambia-crisis.html","snippet":"Gambia's new vice president will be a female leader of the opposition coalition that helped bring new President Adama Barrow to power, a presidential spokesman announced Monday, as regional troops continued security sweeps to prepare for Barrow's ...","lead_paragraph":"Gambia's new vice president will be a female leader of the opposition coalition that helped bring new President Adama Barrow to power, a presidential spokesman announced Monday, as regional troops continued security sweeps to prepare for Barrow's return to the country he now rules.","abstract":null,"blog":[],"source":"AP","headline":{"main":"Gambia's New President, Still in Senegal, Names Female VP","print_headline":"Gambia's New President, Still in Senegal, Names Female VP"},"pub_date":"2017-01-23T11:54:39+0000","document_type":"article","news_desk":null,"section_name":"World","subsection_name":"Africa","type_of_material":"News","_id":"5885ef057c459f2525d18168"},{"web_url":"http:\/\/thechoice.blogs.nytimes.com\/2013\/01\/16\/lafayette-selects-its-first-female-president\/","snippet":"Alison R. Byerly will succeed Daniel H. Weiss as the new president of Lafayette College, a liberal arts institution that was founded in 1826....","lead_paragraph":null,"abstract":"Alison R. Byerly will succeed Daniel H. Weiss as the new president of Lafayette College, a liberal arts institution that was founded in 1826.","blog":[],"source":"The New York Times","headline":{"main":"Lafayette Selects Its First Female President","kicker":"The Choice"},"pub_date":"2013-01-16T09:01:16Z","document_type":"blogpost","news_desk":null,"section_name":"U.S.","subsection_name":"Education","type_of_material":"Blog","_id":"50f6b3d400315214fbb8541a"},{"web_url":"http:\/\/www.nytimes.com\/2015\/06\/20\/upshot\/changing-views-on-a-female-president.html","snippet":"Women have had the right to vote for nearly 100 years, but it has taken a lot longer than that to accept the notion of one in the highest office....","lead_paragraph":"Women have had the right to vote for nearly 100 years, but it has taken a lot longer than that to accept the notion of one in the highest office.","abstract":null,"blog":[],"source":"The New York Times","headline":{"main":"Changing Views on a Female President","content_kicker":"A Woman's Place","kicker":"The Upshot"},"pub_date":"2015-06-20T00:00:00Z","document_type":"article","news_desk":"Business","section_name":"The Upshot","subsection_name":null,"type_of_material":"News","_id":"5583f63d38f0d85931d0d6d7"},{"web_url":"http:\/\/www.nytimes.com\/2015\/06\/29\/world\/asia\/afghan-president-appoints-a-second-female-governor.html","snippet":"Even though his first appointee has been unable to take office because of protests, President Ashraf Ghani picked another woman as a provincial leader....","lead_paragraph":"Even though his first appointee has been unable to take office because of protests, President Ashraf Ghani picked another woman as a provincial leader.","abstract":"Afghan Pres Ashraf Ghani appoints Seema Joyenda as provincial governor of Ghor Province, marking his second appointment of a woman to such a post; Joyenda, like predecessor who has so far been unable to take office, is likely to face fierce opposition and protests.","blog":[],"source":"The New York Times","headline":{"main":"Afghan President Appoints a Second Female Governor","print_headline":"Afghan President Appoints a Second Female Governor "},"pub_date":"2015-06-29T00:00:00Z","document_type":"article","news_desk":"Foreign","section_name":"World","subsection_name":"Asia Pacific","type_of_material":"News","_id":"5590115238f0d82900a3c842"},{"web_url":"http:\/\/www.nytimes.com\/2016\/11\/03\/opinion\/why-america-needs-a-female-president.html","snippet":"I hope my children grow up thinking it\u2019s normal to have a woman lead the country....","lead_paragraph":"I hope my children grow up thinking it\u2019s normal to have a woman lead the country.","abstract":null,"blog":[],"source":"The New York Times","headline":{"main":"Why America Needs a Female President","content_kicker":"Op-Ed Contributor","kicker":"Op-Ed Contributor","print_headline":"America needs a female president"},"pub_date":"2016-11-02T14:10:11Z","document_type":"article","news_desk":"OpEd","section_name":"Opinion","subsection_name":null,"type_of_material":"Op-Ed","_id":"5819f3c97c459f606398d231"},{"web_url":"http:\/\/www.nytimes.com\/2015\/01\/12\/world\/europe\/croatians-elect-kolinda-grabar-kitarovic-as-their-first-female-president.html","snippet":"In a tight runoff Ms. Grabar-Kitarovic beat President Ivo Josipovic, winning 50.4 percent of the votes....","lead_paragraph":"In a tight runoff Ms. Grabar-Kitarovic beat President Ivo Josipovic, winning 50.4 percent of the votes.","abstract":"Conservative challenger Kolinda Grabar-Kitarovic wins Croatia's election, and will become country's first female president; she defeated Pres Ivo Josipovic with 50.4 percent of votes.","blog":[],"source":"The New York Times","headline":{"main":"Croatians Elect Kolinda Grabar-Kitarovic as Their First Female President","print_headline":"Croatians Elect Their First Female President"},"pub_date":"2015-01-12T00:00:00Z","document_type":"article","news_desk":"Foreign","section_name":"World","subsection_name":"Europe","type_of_material":"News","_id":"54b32cff38f0d82eb90f0c25"},{"web_url":"http:\/\/www.nytimes.com\/2016\/12\/27\/world\/europe\/romania-prime-minister.html","snippet":"Had Sevil Shhaideh been selected and confirmed, she would have also been the first Muslim to hold the office....","lead_paragraph":"Had Sevil Shhaideh been selected and confirmed, she would have also been the first Muslim to hold the office.","abstract":null,"blog":[],"source":"The New York Times","headline":{"main":"Romania\u2019s President Rejects First Female Candidate for Prime Minister"},"pub_date":"2016-12-28T00:46:17+0000","document_type":"article","news_desk":"Foreign","section_name":"World","subsection_name":"Europe","type_of_material":"News","_id":"58630b5b7c459f2525d13d0f"},{"web_url":"http:\/\/www.nytimes.com\/2016\/11\/10\/us\/elections\/shock-women-clinton-supporters.html","snippet":"As results began to favor Donald J. Trump, many female Clinton supporters described a depth of loss and frustration that some of them had never felt before....","lead_paragraph":"As results began to favor Donald J. Trump, many female Clinton supporters described a depth of loss and frustration that some of them had never felt before.","abstract":null,"blog":[],"source":"The New York Times","headline":{"main":"Cheering for the First Female President, Until They Weren\u2019t"},"pub_date":"2016-11-09T10:06:36Z","document_type":"article","news_desk":"National","section_name":"U.S.","subsection_name":"Election 2016","type_of_material":"News","_id":"5822f5307c459f6a5fccd056"},{"web_url":"http:\/\/www.nytimes.com\/2016\/02\/22\/nyregion\/century-association-elects-first-female-president.html","snippet":"Susan Morrison, the articles editor at The New Yorker, is the first woman to lead the Century Association, New York City\u2019s pre-eminent private club of arts and letters, in its 169-year history....","lead_paragraph":"Susan Morrison, the articles editor at The New Yorker, is the first woman to lead the Century Association, New York City\u2019s pre-eminent private club of arts and letters, in its 169-year history.","abstract":"Century Assn has elected Susan Morrison as its president, first time New York City's famed private club of arts and letters has elected woman to position in its 169 years; election has not been reported, and lack of attention milestone has received reflects club's complicated history with gender issues.","blog":[],"source":"The New York Times","headline":{"main":"Election of a Female President Opens a New Era for a Former Boys Club","print_headline":"Election of Female President Quietly Opens a New Era at a Former Boys Club"},"pub_date":"2016-02-22T00:00:00Z","document_type":"article","news_desk":"Metro","section_name":"N.Y. \/ Region","subsection_name":null,"type_of_material":"News","_id":"56ca3baa38f0d873cb9502db"},{"web_url":"http:\/\/www.nytimes.com\/interactive\/2016\/02\/17\/us\/17women-callout.html","snippet":"The Times asked readers for their opinions, and thousands responded. Here is a sampling of the replies....","lead_paragraph":"The Times asked readers for their opinions, and thousands responded. Here is a sampling of the replies.","abstract":null,"blog":[],"source":"The New York Times","headline":{"main":"We Asked, You Answered: Is It Important to Elect a Female President?"},"pub_date":"2016-02-17T00:00:00Z","document_type":"multimedia","news_desk":"U.S.","section_name":"U.S.","subsection_name":null,"type_of_material":"Interactive Feature","_id":"56c37f3538f0d82fc3a19947"},{"web_url":"http:\/\/www.nytimes.com\/2015\/10\/29\/world\/asia\/nepal-lawmakers-elect-nations-first-woman-president.html","snippet":"Bidhya Devi Bhandari, 54, the deputy leader of the Communist Party of Nepal Unified Marxist-Leninist, had lobbied actively for a new Constitution....","lead_paragraph":"Bidhya Devi Bhandari, 54, the deputy leader of the Communist Party of Nepal Unified Marxist-Leninist, had lobbied actively for a new Constitution.","abstract":"Nepal's Parliament elects country\u2019s first female president, Bidhya Devi Bhandari, who had pushed for new Constitution to require a woman be either president or vice-president.","blog":[],"source":"The New York Times","headline":{"main":"Nepal: Lawmakers Elect Nation&#8217;s First Woman President","content_kicker":"World Briefing","print_headline":"Asia; Nepal: Lawmakers Elect Nation\u2019s First Female President"},"pub_date":"2015-10-29T00:00:00Z","document_type":"article","news_desk":"Foreign","section_name":"World","subsection_name":"Asia Pacific","type_of_material":"Brief","_id":"56316d6238f0d806a6b072e6"},{"web_url":"http:\/\/www.nytimes.com\/2016\/03\/08\/nyregion\/elizabeth-garrett-first-female-president-of-cornell-dies-at-52.html","snippet":"Ms. Garrett, who started the position last summer, announced a month ago that she had learned she had colon cancer....","lead_paragraph":"Ms. Garrett, who started the position last summer, announced a month ago that she had learned she had colon cancer.","abstract":"Elizabeth Garrett, academic and lawyer who became the first female president of Cornell University, dies at age 52. ","blog":[],"source":"The New York Times","headline":{"main":"Elizabeth Garrett, First Female President of Cornell, Dies at 52","print_headline":"Elizabeth Garrett, 52, Lawyer and Scholar Who Led Cornell"},"pub_date":"2016-03-08T00:00:00Z","document_type":"article","news_desk":"Metro","section_name":"N.Y. \/ Region","subsection_name":null,"type_of_material":"Obituary","_id":"56de27fb38f0d810772444ec"},{"web_url":"http:\/\/rendezvous.blogs.nytimes.com\/2012\/06\/11\/africas-second-female-president-delivers\/","snippet":"Joyce Banda's early policy shifts bring foreign donors back to Malawi. Is she an example for Africa and will the money be enough?...","lead_paragraph":null,"abstract":"Joyce Banda's early policy shifts bring foreign donors back to Malawi. Is she an example for Africa and will the money be enough?","blog":[],"source":"The New York Times","headline":{"main":"Africa's Second Female President Delivers","kicker":"IHT Rendezvous"},"pub_date":"2012-06-11T01:33:16Z","document_type":"blogpost","news_desk":null,"section_name":"World","subsection_name":null,"type_of_material":"Blog","_id":"4fdf29aa32439115e30b6e76"},{"web_url":"http:\/\/www.nytimes.com\/video\/world\/asia\/100000004423823\/tsai-ing-wen-inaugural-speech.html","snippet":"President Tsai Ing-wen of Taiwan calls on China to \u201cset aside the baggage of history\u201d in her inaugural speech on Friday....","lead_paragraph":"President Tsai Ing-wen of Taiwan calls on China to \u201cset aside the baggage of history\u201d in her inaugural speech on Friday.","abstract":null,"blog":[],"source":"Reuters","headline":{"main":"First Female President Addresses Taiwan"},"pub_date":"2016-05-20T05:34:35Z","document_type":"multimedia","news_desk":"World \/ Asia Pacific","section_name":"World","subsection_name":"Asia Pacific","type_of_material":"Video","_id":"573eda5138f0d8366bbe008b"},{"web_url":"http:\/\/www.nytimes.com\/2016\/09\/08\/world\/americas\/some-see-anti-women-backlash-in-ouster-of-brazils-president.html","snippet":"Female politicians across Brazil are debating what the removal of Dilma Rousseff, the country\u2019s first female president, means in a political realm dominated by men....","lead_paragraph":"Female politicians across Brazil are debating what the removal of Dilma Rousseff, the country\u2019s first female president, means in a political realm dominated by men.","abstract":"Female politicians across Brazil are debating what former Pres Dilma Rousseff's impeachment means for them in country in which political realm is dominated by men; country ranks 155th in world in percentage of women elected to lower house of national legislature, and many women fear that Rousseff's successor Pres Michel Temer, who has named all-male cabinet, will sideline women politically.","blog":[],"source":"The New York Times","headline":{"main":"Some See Anti-Women Backlash in Ouster of Brazil\u2019s President","print_headline":"Brazil\u2019s Few Female Politicians Debate Impeachment\u2019s Impact"},"pub_date":"2016-09-08T04:00:00+0000","document_type":"article","news_desk":"Foreign","section_name":"World","subsection_name":"Americas","type_of_material":"News","_id":"57e2d9df7c459f227dbac8c2"},{"web_url":"http:\/\/www.nytimes.com\/2012\/12\/20\/world\/asia\/south-koreans-vote-in-closely-fought-presidential-race.html","snippet":"The election of Park Geun-hye, the first woman to win the post in a deeply patriarchal part of Asia, ensures the extension of staunchly pro-American governance in the country....","lead_paragraph":"The election of Park Geun-hye, the first woman to win the post in a deeply patriarchal part of Asia, ensures the extension of staunchly pro-American governance in the country.","abstract":"Park Geun-hye is elected president of South Korea, extending tenure of its staunchly pro-American governing party and handing power to daughter of South Korea\u2019s longest-ruling dictator; Park is first woman to win post in deeply patriarchal part of Asia.","blog":[],"source":"The New York Times","headline":{"seo":"Park Geun-hye Is Elected South Korea\u2019s First Female President","main":"Ex-Dictator\u2019s Daughter Elected President as South Korea Rejects Sharp Change","print_headline":"Ex-Dictator\u2019s Daughter Elected President as South Korea Rejects Sharp Change"},"pub_date":"2012-12-20T00:00:00Z","document_type":"article","news_desk":"Foreign","section_name":"World","subsection_name":"Asia Pacific","type_of_material":"News","_id":"50d1f9fb00315214fbb80289"},{"web_url":"http:\/\/www.nytimes.com\/1983\/11\/27\/nyregion\/l-a-female-candidate-for-vice-president-070253.html","snippet":"I have been reading with interest the stories concerning the Democratic Presidential hopefuls vigorously campaigning for public support. Credit must be given to each for the sheer stamina of making the rounds from one early straw poll to the next....","lead_paragraph":"I have been reading with interest the stories concerning the Democratic Presidential hopefuls vigorously campaigning for public support. Credit must be given to each for the sheer stamina of making the rounds from one early straw poll to the next.","abstract":null,"blog":[],"source":"The New York Times","headline":{"main":"A Female Candidate For Vice President"},"pub_date":"1983-11-27T00:00:00Z","document_type":"article","news_desk":"Connecticut Weekly Desk","section_name":"New York and Region; Opinion","subsection_name":null,"type_of_material":"Letter","_id":"4fd149398eb7c8105d62603d"},{"web_url":"http:\/\/www.nytimes.com\/2016\/07\/29\/us\/politics\/clinton-women-reaction.html","snippet":"In interviews, women across the country said they believed that a female presidency could be a force in their own lives, even if they did not yet know how....","lead_paragraph":"In interviews, women across the country said they believed that a female presidency could be a force in their own lives, even if they did not yet know how.","abstract":"Women across United States say Hillary Clinton's nomination as Democratic Party's presidential candidate is step closer to unprecedented progress for women in country; question of how electing a female president would materially affect lives of women in country has become more concrete with Clinton's nomination, and many say female presidency would likely be palpable positive force in their lives.","blog":[],"source":"The New York Times","headline":{"main":"In Hillary Clinton\u2019s Nomination, Women See a Collective Step Up","print_headline":"After 240 Years, Women See a Female President Lifting Them All"},"pub_date":"2016-07-29T00:00:00Z","document_type":"article","news_desk":"National","section_name":"U.S.","subsection_name":"Politics","type_of_material":"News","_id":"579aaabe38f0d81bd1ba5792"},{"web_url":"http:\/\/www.nytimes.com\/aponline\/2015\/10\/28\/world\/asia\/ap-as-nepal-new-president.html","snippet":"Nepalese lawmakers elected a longtime women's rights campaigner to become the country's first female president Wednesday, as the Himalayan nation pushes for more gender equality in politics and work life....","lead_paragraph":"Nepalese lawmakers elected a longtime women's rights campaigner to become the country's first female president Wednesday, as the Himalayan nation pushes for more gender equality in politics and work life.","abstract":null,"blog":[],"source":"AP","headline":{"main":"Nepal's Parliament Elects Nation's First Female President","print_headline":"Nepal's Parliament Elects Nation's First Female President"},"pub_date":"2015-10-28T07:34:21Z","document_type":"article","news_desk":"None","section_name":"World","subsection_name":"Asia Pacific","type_of_material":"News","_id":"5630b34c38f0d8595b45cd08"},{"web_url":"http:\/\/www.nytimes.com\/aponline\/2016\/05\/13\/us\/ap-us-johns-hopkins-president.html","snippet":"The Johns Hopkins Hospital in Baltimore has appointed its first female president in the institution's 127-year history....","lead_paragraph":"The Johns Hopkins Hospital in Baltimore has appointed its first female president in the institution's 127-year history.","abstract":null,"blog":[],"source":"","headline":{"main":"Johns Hopkins Hospital Appoints First Female President","print_headline":"Johns Hopkins Hospital Appoints First Female President"},"pub_date":"2016-05-13T10:07:10Z","document_type":"article","news_desk":"None","section_name":"U.S.","subsection_name":null,"type_of_material":"News","_id":"5735e04b38f0d878c28731e9"}]