[{"web_url":"http:\/\/www.nytimes.com\/2010\/06\/17\/world\/middleeast\/17kurd.html","snippet":"Human Rights Watch found at least 40 percent of girls and women in Iraq\u2019s Kurdistan region had undergone the procedure....","lead_paragraph":"Human Rights Watch found at least 40 percent of girls and women in Iraq\u2019s Kurdistan region had undergone the procedure.","abstract":null,"blog":[],"source":"The New York Times","headline":{"seo":"Group Assails Genital Cutting in Kurdistan","main":"Kurdistan Is Urged to Ban Genital Cutting","print_headline":"Kurdistan Urged to Ban Genital Cutting"},"pub_date":"2010-06-17T00:00:00Z","document_type":"article","news_desk":"Foreign","section_name":"World","subsection_name":"Middle East","type_of_material":"News","_id":"54178bfd38f0d851fd3a81d9"},{"web_url":"http:\/\/www.nytimes.com\/2011\/05\/17\/opinion\/l17kristof.html","snippet":"A reader responds to a recent column about female genital mutilation....","lead_paragraph":"A reader responds to a recent column about female genital mutilation.","abstract":null,"blog":[],"source":"The New York Times","headline":{"main":"Ending Genital Mutilation","kicker":"Letter","print_headline":"Ending Genital Mutilation","content_kicker":"Letter"},"pub_date":"2011-05-17T00:00:00Z","document_type":"article","news_desk":"Letters","section_name":"Opinion","subsection_name":null,"type_of_material":"Letter","_id":"540dd37c38f0d863ce5a41af"},{"web_url":"http:\/\/www.nytimes.com\/2011\/05\/12\/opinion\/12kristof.html","snippet":"Let\u2019s hope that female genital mutilation is the next cultural tradition to go the way of foot-binding....","lead_paragraph":"Let\u2019s hope that female genital mutilation is the next cultural tradition to go the way of foot-binding.","abstract":null,"blog":[],"source":"The New York Times","headline":{"seo":"A Rite of Torture for Girls","main":"A Rite of Torture for Girls","content_kicker":"Op-Ed Columnist","kicker":"Op-Ed Columnist","print_headline":"A Rite Of Torture For Girls"},"pub_date":"2011-05-12T00:00:00Z","document_type":"article","news_desk":"Editorial","section_name":"Opinion","subsection_name":null,"type_of_material":"Op-Ed","_id":"540dab9538f0d85bf2515cb6"},{"web_url":"http:\/\/www.nytimes.com\/2017\/01\/09\/world\/middleeast\/the-hunger-strike-the-protest-tactic-of-gandhi-is-vexing-irans-penal-overseers.html","snippet":"At least seven Iranian inmates have gone on hunger strikes, and their causes have found traction on social media....","lead_paragraph":"At least seven Iranian inmates have gone on hunger strikes, and their causes have found traction on social media.","abstract":null,"blog":[],"source":"The New York Times","headline":{"main":"The Hunger Strike, the Protest Tactic of Gandhi, is Vexing Iran\u2019s Penal Overseers","print_headline":"Hunger Strike, as a Tactic, Is Vexing Iran\u2019s Penal Masters"},"pub_date":"2017-01-09T20:32:47+0000","document_type":"article","news_desk":"Foreign","section_name":"World","subsection_name":"Middle East","type_of_material":"News","_id":"5873f3767c459f2525d159df"},{"web_url":"http:\/\/www.nytimes.com\/2014\/07\/23\/world\/europe\/britain-plans-to-tighten-laws-designed-to-protect-girls.html","snippet":"Prime Minister David Cameron said harsh penalties would be sought for parents subjecting their girls to genital mutilation or forced marriage....","lead_paragraph":"Prime Minister David Cameron said harsh penalties would be sought for parents subjecting their girls to genital mutilation or forced marriage.","abstract":"British Prime Min David Cameron announces that parents who subject their daughters to genital mutilation will be prosecuted, signaling fortification of existing laws meant to protect children; shift follows research showing that the number of victims of the practice in Britain is twice as high as previously believed.","blog":[],"source":"The New York Times","headline":{"main":"Britain Moves to Fortify Law to Protect Girls","print_headline":"Britain Moves to Fortify Law to Protect Girls"},"pub_date":"2014-07-23T00:00:00Z","document_type":"article","news_desk":"Foreign","section_name":"World","subsection_name":"Europe","type_of_material":"News","_id":"53ce693838f0d85c8d9085e1"},{"web_url":"http:\/\/www.nytimes.com\/2010\/10\/24\/magazine\/24SoapOpera-t.html","snippet":"Cultural change for Afghan women may come from an unlikely source: Afghanistan\u2019s first TV soap opera....","lead_paragraph":"Cultural change for Afghan women may come from an unlikely source: Afghanistan\u2019s first TV soap opera.","abstract":null,"blog":[],"source":"The New York Times","headline":{"seo":"Female Empowerment on Afghanistan\u2019s First TV Soap Opera","main":"Studio Kabul","kicker":"Advancing Women's Rights | Afghanistan","print_headline":"Studio Kabul","content_kicker":"Advancing Women's Rights | Afghanistan"},"pub_date":"2010-10-24T00:00:00Z","document_type":"article","news_desk":"Magazine","section_name":"Magazine","subsection_name":null,"type_of_material":"News","_id":"541bc92238f0d8296cb1017d"},{"web_url":"http:\/\/www.nytimes.com\/2017\/02\/20\/opinion\/topless-uprising-against-sexism.html","snippet":"A debate about women\u2019s right to control their bodies led to bare-breasted protests....","lead_paragraph":"A debate about women\u2019s right to control their bodies led to bare-breasted protests.","abstract":null,"blog":[],"source":"The New York Times","headline":{"main":"Topless Uprising Against Sexism","content_kicker":"Op-Ed Contributor","kicker":"Op-Ed Contributor","print_headline":"A topless uprising"},"pub_date":"2017-02-20T15:53:24+0000","document_type":"article","news_desk":"OpEd","section_name":"Opinion","subsection_name":null,"type_of_material":"Op-Ed","_id":"58ab10fd7c459f2525d1d846"},{"web_url":"http:\/\/www.nytimes.com\/2017\/01\/09\/opinion\/paths-for-feminism-after-the-election.html","snippet":"Readers discuss feminism\u2019s loss in the election, and its future....","lead_paragraph":"Readers discuss feminism\u2019s loss in the election, and its future.","abstract":null,"blog":[],"source":"The New York Times","headline":{"main":"Paths for Feminism After the Election","content_kicker":"Letters","kicker":"Letters","print_headline":"Paths for Feminism After the Election"},"pub_date":"2017-01-09T08:21:03+0000","document_type":"article","news_desk":"Letters","section_name":"Opinion","subsection_name":null,"type_of_material":"Letter","_id":"587347f67c459f2525d15807"},{"web_url":"http:\/\/www.nytimes.com\/2017\/01\/06\/world\/asia\/despite-ban-invasive-virginity-tests-remain-prevalent-in-afghanistan.html","snippet":"Months after the president vowed to keep justice officials from ordering the examinations, found to be invalid, the tests are still traumatizing women....","lead_paragraph":"Months after the president vowed to keep justice officials from ordering the examinations, found to be invalid, the tests are still traumatizing women.","abstract":null,"blog":[],"source":"The New York Times","headline":{"main":"Despite Ban, Invasive Virginity Tests Remain Prevalent in Afghanistan","print_headline":"Invasive Virginity Tests in Afghanistan Defy a Ban"},"pub_date":"2017-01-06T08:00:24+0000","document_type":"article","news_desk":"Foreign","section_name":"World","subsection_name":"Asia Pacific","type_of_material":"News","_id":"586f4ea27c459f2525d15216"},{"web_url":"http:\/\/www.nytimes.com\/2008\/06\/12\/nyregion\/12mutilation.html","snippet":"A federal appeals court said there were \u201cobvious errors\u201d when officials denied asylum to three women who claimed that they were victims of genital cutting in Africa....","lead_paragraph":"A federal appeals court said there were \u201cobvious errors\u201d when officials denied asylum to three women who claimed that they were victims of genital cutting in Africa.","abstract":null,"blog":[],"source":"The New York Times","headline":{"seo":"Higher Court Says That Denying Asylum to Victims of Genital Cutting Was Wrong","main":"Court Rejects Decisions of Immigration Board","print_headline":"Court Rejects Decisions Of Immigration Board"},"pub_date":"2008-06-12T00:00:00Z","document_type":"article","news_desk":"Metro","section_name":"N.Y. \/ Region","subsection_name":null,"type_of_material":"News","_id":"548230eb38f0d8403d9cbce7"},{"web_url":"http:\/\/www.nytimes.com\/2017\/02\/07\/magazine\/how-a-fractious-womens-movement-came-to-lead-the-left.html","snippet":"Feminism brought the opposition together. But how long will that last, and how many converts can it win?...","lead_paragraph":"Feminism brought the opposition together. But how long will that last, and how many converts can it win?","abstract":null,"blog":[],"source":"The New York Times","headline":{"main":"How a Fractious Women\u2019s Movement Came to Lead the Left","content_kicker":"Feature","kicker":"Feature","print_headline":"Forces in Opposition"},"pub_date":"2017-02-07T10:00:06+0000","document_type":"article","news_desk":"Magazine","section_name":"Magazine","subsection_name":null,"type_of_material":"News","_id":"58999aad7c459f2525d1ad60"},{"web_url":"http:\/\/www.nytimes.com\/2014\/12\/12\/world\/asia\/for-police-career-in-indonesia-some-women-must-first-pass-virginity-test.html","snippet":"A report has refocused attention on a practice by law enforcement of gauging a female recruit&#8217;s morality with an invasive procedure....","lead_paragraph":"A report has refocused attention on a practice by law enforcement of gauging a female recruit&#8217;s morality with an invasive procedure.","abstract":"Human Rights Watch issues report that reignites debate over practice in Indonesia in which women who wish to become part of police force are subjected to virginity testing to determine their morality.","blog":[],"source":"The New York Times","headline":{"main":"&#8216;Virginity Test&#8217; Stokes Indonesia Debate ","print_headline":"\u2018Virginity Test\u2019 Stokes Indonesia Debate"},"pub_date":"2014-12-12T00:00:00Z","document_type":"article","news_desk":"Foreign","section_name":"World","subsection_name":"Asia Pacific","type_of_material":"News","_id":"54897dea38f0d82a671241f5"},{"web_url":"http:\/\/www.nytimes.com\/2014\/08\/08\/world\/asia\/uighurs-veils-a-protest-against-chinas-curbs.html","snippet":"The Chinese authorities have cast a net over a wide range of Uighur practices, including veils and long beards, seen as signs of religious extremism....","lead_paragraph":"The Chinese authorities have cast a net over a wide range of Uighur practices, including veils and long beards, seen as signs of religious extremism.","abstract":"Chinese authorities in Xinjiang, in campaign against Islamic separatists, have cast a net over a wide range of Uighur practices, including veils and long beards, seen as dangerous signs of religious extremism; some women are increasingly torn between their strivings toward modernity and professional ambition and their outrage toward official restrictions targeting Uighur way of life.","blog":[],"source":"The New York Times","headline":{"main":"Uighurs\u2019 Veils Signal Protest Against China\u2019s Restrictions","sub":"Limits on Religious Dress and Practices Draw Anger, Even Among Assimilated Women","print_headline":"Veils Emerge as Sign of Uighur Protest in China"},"pub_date":"2014-08-08T00:00:00Z","document_type":"article","news_desk":"Foreign","section_name":"World","subsection_name":"Asia Pacific","type_of_material":"News","_id":"53e4279f38f0d832aed40584"},{"web_url":"http:\/\/www.nytimes.com\/2014\/08\/01\/us\/politics\/african-leaders-coming-to-talk-business-may-also-be-pressed-on-rights.html","snippet":"The Obama administration said it would seek to build deeper relationships with African leaders, though some advocates worry that human-rights issues will take a back seat....","lead_paragraph":"The Obama administration said it would seek to build deeper relationships with African leaders, though some advocates worry that human-rights issues will take a back seat.","abstract":"Diplomatic Memo; landmark gathering of nearly 50 African leaders will take place in Washington and centerpiece of four-day meeting with Obama administration will be conference to stimulate trade and investment; with such a heavy emphasis on commerce, some activists say chance to press African leaders on human rights abuses could be missed.","blog":[],"source":"The New York Times","headline":{"main":"African Leaders Coming to Talk Business May Also Be Pressed on Rights","kicker":"Listening Post","print_headline":"African Leaders Coming to Talk Business May Also Be Pressed on Rights","content_kicker":"Listening Post"},"pub_date":"2014-08-01T00:00:00Z","document_type":"article","news_desk":"Foreign","section_name":"U.S.","subsection_name":"Politics","type_of_material":"News","_id":"53daeb0b38f0d8548aeb7e3c"},{"web_url":"http:\/\/thelede.blogs.nytimes.com\/2013\/10\/31\/in-saudi-arabia-even-writing-about-female-drivers-can-mean-trouble\/","snippet":"A petition has been started calling for the release of a Saudi Arabian columnist, who was detained by the authorities for his views against the kingdom\u2019s ban of female drivers....","lead_paragraph":null,"abstract":"A petition has been started calling for the release of a Saudi Arabian columnist, who was detained by the authorities for his views against the kingdom\u2019s ban of female drivers.","blog":[],"source":"The New York Times","headline":{"main":"In Saudi Arabia, Even Writing About Female Drivers Can Mean Trouble","kicker":"The Lede"},"pub_date":"2013-10-31T14:30:40Z","document_type":"blogpost","news_desk":null,"section_name":null,"subsection_name":null,"type_of_material":"Blog","_id":"5272a29d38f0d829b45e91b8"},{"web_url":"http:\/\/thelede.blogs.nytimes.com\/2013\/02\/06\/online-campaign-draws-attention-to-case-of-saudi-father-accused-of-rape-and-torture\/","snippet":"Reports that a man in Saudi Arabia, who had frequently appeared on television as a preacher, had raped and tortured to death his 5-year-old daughter have fueled outrage online....","lead_paragraph":null,"abstract":"Reports that a man in Saudi Arabia, who had frequently appeared on television as a preacher, had raped and tortured to death his 5-year-old daughter have fueled outrage online.","blog":[],"source":"The New York Times","headline":{"main":"Online Campaign Draws Attention to Case of Saudi Father Accused of Rape and Torture","kicker":"The Lede"},"pub_date":"2013-02-06T17:07:35Z","document_type":"blogpost","news_desk":null,"section_name":null,"subsection_name":null,"type_of_material":"Blog","_id":"511369ff00315214fbb89e24"},{"web_url":"http:\/\/www.nytimes.com\/2010\/11\/08\/world\/asia\/08burn.html","snippet":"Many Afghan women set themselves on fire to escape lives of servitude and abuse....","lead_paragraph":"Many Afghan women set themselves on fire to escape lives of servitude and abuse.","abstract":null,"blog":[],"source":"The New York Times","headline":{"main":"For Afghan Wives, a Desperate, Fiery Way Out","sub":"Defiant and Desperate ;","print_headline":"For Afghan Wives, a Desperate, Fiery Way Out"},"pub_date":"2010-11-08T00:00:00Z","document_type":"article","news_desk":"Foreign","section_name":"World","subsection_name":"Asia Pacific","type_of_material":"News","_id":"5400b59138f0d841b2f384f3"},{"web_url":"http:\/\/www.nytimes.com\/2017\/02\/28\/us\/aileen-hernandez-dead-womens-rights-champion.html","snippet":"Ms. Hernandez was one of the first African-American women to battle sex discrimination from inside the government and in the top ranks of the feminist movement....","lead_paragraph":"Ms. Hernandez was one of the first African-American women to battle sex discrimination from inside the government and in the top ranks of the feminist movement.","abstract":null,"blog":[],"source":"The New York Times","headline":{"main":"Aileen Hernandez, 90, Ex-NOW President and Feminist Trailblazer, Dies","print_headline":"Aileen Hernandez, Ex-NOW President and Feminist Trailblazer, Dies at 90"},"pub_date":"2017-03-01T02:07:47+0000","document_type":"article","news_desk":"National","section_name":"U.S.","subsection_name":null,"type_of_material":"Obituary (Obit)","_id":"58b62d047c459f2525d1f12f"},{"web_url":"http:\/\/www.nytimes.com\/1997\/06\/26\/world\/egyptian-court-overturns-ban-on-cutting-of-girls-genitals.html","snippet":"An Egyptian court has overturned a year-old ban on the ritual cutting of female genitals in a decision that has been celebrated by Islamic leaders but has outraged human rights advocates.    The decision on Tuesday struck down a ban on the traditi...","lead_paragraph":"An Egyptian court has overturned a year-old ban on the ritual cutting of female genitals in a decision that has been celebrated by Islamic leaders but has outraged human rights advocates. The decision on Tuesday struck down a ban on the traditional practice in all state and private clinics. But it maintained a ban on cutting as practiced by people untrained in medicine, including the midwives and barbers who use razors and other crude devices in rural villages.","abstract":"Egyptian court overturns year-old ban on ritual cutting of female genitals in all state and private clinics; maintains ban on cutting as practiced by untrained people in rural villages; Islamic leaders hail ruling; human rights advocates score it (M)","blog":[],"source":"The New York Times","headline":{"main":"Egyptian Court Overturns Ban On Cutting of Girls' Genitals"},"pub_date":"1997-06-26T00:00:00Z","document_type":"article","news_desk":"Foreign Desk","section_name":"World","subsection_name":null,"type_of_material":"News","_id":"4fd1d04c8eb7c8105d709e07"},{"web_url":"http:\/\/query.nytimes.com\/gst\/abstract.html?res=9502E4D6103BE73ABC4951DFB466838A669EDE","snippet":"\" Have you any notion how many books are written about women in the course of one year? Have you any notion how many are written by men? Are you aware that you are, perhaps, the most discussed animal in the universe?\" So Virginia Woolf, in 1929, w...","lead_paragraph":"\" Have you any notion how many books are written about women in the course of one year? Have you any notion how many are written by men? Are you aware that you are, perhaps, the most discussed animal in the universe?\" So Virginia Woolf, in 1929, was provoked to a cry of exasperation: just give us \"A Room of One's Own,\" and as you leave, shut the door.","abstract":"paperback book sec (part 2)","blog":[],"source":"The New York Times","headline":{"main":"Female Human Beings; Female Human Beings"},"pub_date":"1971-02-21T00:00:00Z","document_type":"article","news_desk":null,"section_name":null,"subsection_name":null,"type_of_material":"Review","_id":"4fc478fc45c1498b0d9f6d71"}]