[{"web_url":"http:\/\/www.nytimes.com\/2017\/02\/07\/magazine\/how-a-fractious-womens-movement-came-to-lead-the-left.html","snippet":"Feminism brought the opposition together. But how long will that last, and how many converts can it win?...","lead_paragraph":"Feminism brought the opposition together. But how long will that last, and how many converts can it win?","abstract":null,"blog":[],"source":"The New York Times","headline":{"main":"How a Fractious Women\u2019s Movement Came to Lead the Left","content_kicker":"Feature","kicker":"Feature","print_headline":"Forces in Opposition"},"pub_date":"2017-02-07T10:00:06+0000","document_type":"article","news_desk":"Magazine","section_name":"Magazine","subsection_name":null,"type_of_material":"News","_id":"58999aad7c459f2525d1ad60"},{"web_url":"http:\/\/www.nytimes.com\/2014\/08\/08\/world\/asia\/uighurs-veils-a-protest-against-chinas-curbs.html","snippet":"The Chinese authorities have cast a net over a wide range of Uighur practices, including veils and long beards, seen as signs of religious extremism....","lead_paragraph":"The Chinese authorities have cast a net over a wide range of Uighur practices, including veils and long beards, seen as signs of religious extremism.","abstract":"Chinese authorities in Xinjiang, in campaign against Islamic separatists, have cast a net over a wide range of Uighur practices, including veils and long beards, seen as dangerous signs of religious extremism; some women are increasingly torn between their strivings toward modernity and professional ambition and their outrage toward official restrictions targeting Uighur way of life.","blog":[],"source":"The New York Times","headline":{"main":"Uighurs\u2019 Veils Signal Protest Against China\u2019s Restrictions","sub":"Limits on Religious Dress and Practices Draw Anger, Even Among Assimilated Women","print_headline":"Veils Emerge as Sign of Uighur Protest in China"},"pub_date":"2014-08-08T00:00:00Z","document_type":"article","news_desk":"Foreign","section_name":"World","subsection_name":"Asia Pacific","type_of_material":"News","_id":"53e4279f38f0d832aed40584"},{"web_url":"http:\/\/health.nytimes.com\/health\/guides\/disease\/infertility-in-men\/overview.html","snippet":"Infertility means you cannot make a baby (conceive). Infertility is grouped into two categories: Primary infertility refers to couples who have not become pregnant after at least 1 year of unprotected sex (intercourse). Secondary infertility refer...","lead_paragraph":"Infertility means you cannot make a baby (conceive). Infertility is grouped into two categories: Primary infertility refers to couples who have not become pregnant after at least 1 year of unprotected sex (intercourse). Secondary infertility refers to couples who have been pregnant at least once, but are not able to get pregnant now.","abstract":null,"blog":[],"source":null,"headline":{"main":"Infertility"},"pub_date":null,"document_type":"topic","news_desk":null,"section_name":null,"subsection_name":null,"type_of_material":"healthtopic","_id":"5244a51938f0d8198973cd48"},{"web_url":"http:\/\/www.nytimes.com\/2015\/06\/14\/opinion\/caitlyn-jenner-and-gender-stereotypes.html","snippet":"Feminism and identity: Readers discuss \u201cWhat Makes a Woman?\u201d and transgender issues....","lead_paragraph":"Feminism and identity: Readers discuss \u201cWhat Makes a Woman?\u201d and transgender issues.","abstract":null,"blog":[],"source":"The New York Times","headline":{"main":"Caitlyn Jenner and Gender Stereotypes","content_kicker":"Letters","kicker":"Letters","print_headline":"Jenner and Gender"},"pub_date":"2015-06-14T00:00:00Z","document_type":"article","news_desk":"Letters","section_name":"Opinion","subsection_name":null,"type_of_material":"Letter","_id":"557c77bc38f0d85fbd03bfab"},{"web_url":"http:\/\/douthat.blogs.nytimes.com\/2014\/12\/17\/on-the-liberal-marriage-hypothesis\/","snippet":"Why progressive ideas don\u2019t necessarily hold the key to marriage\u2019s future flourishing....","lead_paragraph":null,"abstract":"Why progressive ideas don\u2019t necessarily hold the key to marriage\u2019s future flourishing.","blog":[],"source":"The New York Times","headline":{"main":"On The Liberal Marriage Hypothesis","kicker":"Ross Douthat"},"pub_date":"2014-12-17T14:46:41Z","document_type":"blogpost","news_desk":"OpEd","section_name":"Opinion","subsection_name":null,"type_of_material":"Blog","_id":"5491de9c38f0d80edc3466da"},{"web_url":"http:\/\/health.nytimes.com\/health\/guides\/disease\/infertility-in-women\/overview.html","snippet":"Infertility is the inability of a couple to become pregnant after 12 months of unprotected intercourse....","lead_paragraph":"Infertility is the inability of a couple to become pregnant after 12 months of unprotected intercourse.","abstract":null,"blog":[],"source":null,"headline":{"main":"Infertility in Women"},"pub_date":null,"document_type":"topic","news_desk":null,"section_name":null,"subsection_name":null,"type_of_material":"healthtopic","_id":"5244891c38f0d8198973c8c7"},{"web_url":"http:\/\/www.nytimes.com\/2017\/02\/13\/t-magazine\/pictures-generation-new-york-artists-cindy-sherman-robert-longo.html","snippet":"The influence of the Pictures Generation, a loosely affiliated Reagan-era movement of New York artists, continues to resonate today....","lead_paragraph":"The influence of the Pictures Generation, a loosely affiliated Reagan-era movement of New York artists, continues to resonate today.","abstract":null,"blog":[],"source":"The New York Times","headline":{"main":"These \u201980s Artists Are More Important Than Ever","print_headline":"Back in the Frame"},"pub_date":"2017-02-13T09:12:57+0000","document_type":"article","news_desk":"TStyle","section_name":"T Magazine","subsection_name":null,"type_of_material":"News","_id":"58a178a07c459f2525d1c01d"},{"web_url":"http:\/\/www.nytimes.com\/2013\/06\/09\/books\/review\/homeward-bound-and-bootstrapper.html","snippet":"Some mothers with means are re-embracing hearth and home, complete with a D.I.Y. twist....","lead_paragraph":"Some mothers with means are re-embracing hearth and home, complete with a D.I.Y. twist.","abstract":"Amanda Fortini reviews books Homeward Bound: Why Women Are Embracing the New Domesticity by Emily Matchar and Bootstrapper: From Broke to Badass on a Northern Michigan Farm by Mardi Jo Link.","blog":[],"source":"The New York Times","headline":{"seo":"\u2018Homeward Bound\u2019 and \u2018Bootstrapper\u2019","main":"The Fortress of Solicitude","print_headline":"The Fortress of Solicitude"},"pub_date":"2013-06-09T00:00:00Z","document_type":"article","news_desk":"BookReview","section_name":"Books","subsection_name":"Sunday Book Review","type_of_material":"Review","_id":"51b2019340e9ec65d203be4b"},{"web_url":"http:\/\/query.nytimes.com\/gst\/fullpage.html?res=9D02EFD81630F930A3575BC0A9619C8B63","snippet":"Despite protests, Gwen Stefani's show in Malaysia will go on, but it won't show all that much of Ms. Stefani (''Hollaback Girl''). Maxis Communications, the organizer of the concert in Kuala Lumpur on Aug. 21, said she would not wear revealing cos...","lead_paragraph":"Despite protests, Gwen Stefani's show in Malaysia will go on, but it won't show all that much of Ms. Stefani (''Hollaback Girl''). Maxis Communications, the organizer of the concert in Kuala Lumpur on Aug. 21, said she would not wear revealing costumes and would follow the local code of ethics for foreign performers, which bans the unnecessary baring of skin, The Associated Press reported. The National Union of Malaysian Muslim Students, with about 10,000 members, had protested the concert. ''Her performance and her attire are not suitable for our culture,'' Abdul Muntaqim, the organization's vice president, told The Associated Press. ''It promotes a certain degree of obscenity and will encourage youth to emulate the Western lifestyle. The concert should be stopped.'' A senior official at the Culture, Arts and Heritage Ministry said enforcement officers would monitor the performance. The official guide to performing in Malaysia says a female artist must be covered from the top of the chest to her knees. Jumping, shouting or throwing objects onstage or at the audience is not allowed. Performers' clothes may not carry obscene or drug-related images or messages.","abstract":"Arts, Briefly column; Gwen Stefani, despite protests by Muslim students, will go ahead with concert in Kuala Lumpur, Malaysia; photo (S)","blog":[],"source":"The New York Times","headline":{"main":"Muslims In Malaysia Protest Stefani Concert","kicker":"ARTS, BRIEFLY"},"pub_date":"2007-08-03T00:00:00Z","document_type":"article","news_desk":"Movies, Performing Arts\/Weekend Desk","section_name":"Movies; Arts","subsection_name":null,"type_of_material":"News","_id":"4fd27efd8eb7c8105d848651"},{"web_url":"http:\/\/health.nytimes.com\/health\/guides\/disease\/urinary-tract-infection\/overview.html","snippet":"A urinary tract infection, or UTI, is an infection of the urinary tract. The infection can occur at different points in the urinary tract including: Bladder -- an infection in the bladder is also called cystitis or a bladder infection. Kidneys -- ...","lead_paragraph":"A urinary tract infection, or UTI, is an infection of the urinary tract. The infection can occur at different points in the urinary tract including: Bladder -- an infection in the bladder is also called cystitis or a bladder infection. Kidneys -- an infection of one or both kidneys is called pyelonephritis or a kidney infection. Ureters -- the tubes that take urine from each kidney to the bladder are only rarely the site of infection. Urethra -- an infection of the tube that empties urine from the bladder to the outside is called urethritis.","abstract":null,"blog":[],"source":null,"headline":{"main":"Urinary Tract Infection - Adults"},"pub_date":null,"document_type":"topic","news_desk":null,"section_name":null,"subsection_name":null,"type_of_material":"healthtopic","_id":"51fa88ef38f0d8740ac890e0"},{"web_url":"http:\/\/www.nytimes.com\/2014\/04\/27\/opinion\/sunday\/the-media-has-a-woman-problem.html","snippet":"A new study shows a stubborn gender disparity....","lead_paragraph":"A new study shows a stubborn gender disparity.","abstract":"Op-Ed article by author Liza Mundy, program director at New America Foundation, highlights report by Women's Media Center showing that male reporters still account for 63 percent of bylines in nation's top 10 papers and about same proportion of newsroom staff; warns that stubborn gender disparity in news media seems to be persisting even as media moves in a digital direction.","blog":[],"source":"The New York Times","headline":{"main":"The Media Has a Woman Problem","kicker":"Opinion","print_headline":"The Media Has a Woman Problem","content_kicker":"Opinion"},"pub_date":"2014-04-27T00:00:00Z","document_type":"article","news_desk":"OpEd","section_name":"Opinion","subsection_name":"Sunday Review","type_of_material":"Op-Ed","_id":"535c0cdb38f0d86f3893b4fd"},{"web_url":"http:\/\/www.nytimes.com\/2011\/12\/14\/us\/14iht-letter14.html","snippet":"A sometimes confounding, always provocative and occasionally contradictory picture is emerging as more women earn as much or more than men and become the primary breadwinners in relationships....","lead_paragraph":"A sometimes confounding, always provocative and occasionally contradictory picture is emerging as more women earn as much or more than men and become the primary breadwinners in relationships.","abstract":null,"blog":[],"source":"International Herald Tribune","headline":{"main":"They Call It the Reverse Gender Gap","print_headline":"They Call It the Reverse Gender Gap","content_kicker":"The Female Factor"},"pub_date":"2011-12-14T13:20:00Z","document_type":"article","news_desk":"Foreign","section_name":"U.S.","subsection_name":null,"type_of_material":"News","_id":"54042b9938f0d80e250f4984"},{"web_url":"http:\/\/health.nytimes.com\/health\/guides\/disease\/cystitis-acute-bacterial\/overview.html","snippet":"Acute cystitis is a bacterial infection of the bladder or lower urinary tract. Acute means sudden or severe....","lead_paragraph":"Acute cystitis is a bacterial infection of the bladder or lower urinary tract. Acute means sudden or severe.","abstract":null,"blog":[],"source":null,"headline":{"main":"Cystitis - Acute"},"pub_date":null,"document_type":"topic","news_desk":null,"section_name":null,"subsection_name":null,"type_of_material":"healthtopic","_id":"5244963038f0d8198973cad8"},{"web_url":"http:\/\/www.nytimes.com\/2014\/04\/09\/business\/media\/oxygen-shifts-focus-to-millennial-viewers.html","snippet":"The channel announced plans to appeal more to a younger generation with series that reflect multiculturalism....","lead_paragraph":"The channel announced plans to appeal more to a younger generation with series that reflect multiculturalism.","abstract":null,"blog":[],"source":"The New York Times","headline":{"main":"Oxygen Shifts Focus to Millennial Viewers"},"pub_date":"2014-04-09T00:00:00Z","document_type":"article","news_desk":"Business","section_name":"Business Day","subsection_name":"Media","type_of_material":"News","_id":"53445a9438f0d84285f42abf"},{"web_url":"http:\/\/www.nytimes.com\/2017\/01\/21\/fashion\/tina-knowles-lawson-beyonce-solange-matriarch.html","snippet":"Tina Knowles Lawson remains the inspiration for the chart-topping daughters she raised while running a hair salon in Houston....","lead_paragraph":"Tina Knowles Lawson remains the inspiration for the chart-topping daughters she raised while running a hair salon in Houston.","abstract":null,"blog":[],"source":"The New York Times","headline":{"main":"The Matriarch Behind Beyonc\u00e9 and Solange","print_headline":"She\u2019s the Mother  of All Pop Mothers"},"pub_date":"2017-01-21T11:00:04+0000","document_type":"article","news_desk":"Styles","section_name":"Fashion & Style","subsection_name":null,"type_of_material":"News","_id":"58833f3b7c459f2525d17da8"},{"web_url":"http:\/\/dealbook.nytimes.com\/2013\/04\/02\/a-law-firm-stands-out-for-its-work-not-its-gender-makeup\/","snippet":"At Brune & Richard in Manhattan, six of the nine partners are women, but its lawyers say there is nothing distinct about the firm\u2019s femaleness....","lead_paragraph":null,"abstract":"At Brune & Richard in Manhattan, six of the nine partners are women, but its lawyers say there is nothing distinct about the firm\u2019s femaleness.","blog":[],"source":"The New York Times","headline":{"main":"A Law Firm Stands Out for Its Work, Not Its Gender Makeup ","kicker":"DealBook","print_headline":"Law Firm Stands Out for Its Work, Not Its Gender Makeup"},"pub_date":"2013-04-02T13:24:04Z","document_type":"blogpost","news_desk":null,"section_name":"Business Day","subsection_name":"Dealbook","type_of_material":"Blog","_id":"515dbcbfcf28d0219d004fb3"},{"web_url":"http:\/\/www.nytimes.com\/2016\/05\/23\/world\/europe\/france-sexual-harassment-denis-baupin-politics.html","snippet":"That message came through clearly when several women stepped forward with accusations that forced a National Assembly leader to resign....","lead_paragraph":"That message came through clearly when several women stepped forward with accusations that forced a National Assembly leader to resign.","abstract":"Memo From France; forced resignation of Denis Baupin, vice president of French National Assembly, over sexual harassment accusations shakes France's male-dominated political class; case offers sign that country is less willing to tolerate such misbehavior. ","blog":[],"source":"The New York Times","headline":{"main":"French Lawmaker\u2019s Fall Over Harassment Claims May Hold Lesson for Men: Behave","content_kicker":"Memo From France","kicker":"Memo From France","print_headline":"Lawmaker\u2019s Downfall May Hold Lesson for Men: Behave"},"pub_date":"2016-05-23T00:00:00Z","document_type":"article","news_desk":"Foreign","section_name":"World","subsection_name":"Europe","type_of_material":"News","_id":"57423e0038f0d87318c47701"},{"web_url":"http:\/\/health.nytimes.com\/health\/guides\/disease\/urinary-tract-infection-chronic-or-recurrent\/overview.html","snippet":"A urinary tract infection (UTI) is an infection of the urinary tract. This article discusses UTIs in children. The infection can affect different parts of the urinary tract, including the: Bladder, also called cystitis Kidneys, also called pyelone...","lead_paragraph":"A urinary tract infection (UTI) is an infection of the urinary tract. This article discusses UTIs in children. The infection can affect different parts of the urinary tract, including the: Bladder, also called cystitis Kidneys, also called pyelonephritis Urethra -- the tube that empties urine from the bladder to the outside","abstract":null,"blog":[],"source":null,"headline":{"main":"Urinary Tract Infection - Children"},"pub_date":null,"document_type":"topic","news_desk":null,"section_name":null,"subsection_name":null,"type_of_material":"healthtopic","_id":"5244959f38f0d8198973cac2"},{"web_url":"http:\/\/www.nytimes.com\/2013\/06\/27\/fashion\/laughing-all-the-way-to-the-bank.html","snippet":"Betches Love This is a humor Web site aimed at young women....","lead_paragraph":"Betches Love This is a humor Web site aimed at young women.","abstract":"Betches Love This, Web site created by 20-somethings Jordana Abraham, Samantha Fishbein and Aleen Kuperman, is aimed at certain collegiate, mostly female, set and delivers brash sense of humor that borders on offensive; site has attracted close to 140,000 Twitter followers and four million unique visitors a month.","blog":[],"source":"The New York Times","headline":{"main":"Laughing All the Way to the Bank","print_headline":"Laughing All the Way To the Bank"},"pub_date":"2013-06-27T00:00:00Z","document_type":"article","news_desk":"Styles","section_name":"Fashion & Style","subsection_name":null,"type_of_material":"News","_id":"51cb4c067e0d9c0839d2c6ee"},{"web_url":"http:\/\/www.nytimes.com\/2013\/05\/05\/movies\/fill-the-void-directed-by-rama-burshtein.html","snippet":"A new film by Rama Burshtein, an Orthodox Jewish director in Israel, centers on a young woman facing an agonizing choice after her sister dies in childbirth....","lead_paragraph":"A new film by Rama Burshtein, an Orthodox Jewish director in Israel, centers on a young woman facing an agonizing choice after her sister dies in childbirth.","abstract":"Rama Burshtein's movie Fill the Void, which centers on a young woman's life in the confined world of ultra-Orthodox in Israel, shows Hasidic women exercising more control over their lives.","blog":[],"source":"The New York Times","headline":{"seo":"\u2018Fill the Void,\u2019 Directed by Rama Burshtein","main":"An Unconventional Look at Orthodoxy","print_headline":"An Unconventional Look at Orthodoxy"},"pub_date":"2013-05-05T00:00:00Z","document_type":"article","news_desk":"Arts&Leisure","section_name":"Movies","subsection_name":null,"type_of_material":"News","_id":"51841041cf28d05efe000916"}]