[{"web_url":"http:\/\/www.nytimes.com\/2015\/07\/19\/opinion\/sunday\/why-science-needs-female-mice.html","snippet":"When studies are done primarily with male animals, as is often the case, the usefulness of drugs for women is in doubt....","lead_paragraph":"When studies are done primarily with male animals, as is often the case, the usefulness of drugs for women is in doubt.","abstract":"Editorial argues necessity of using female animals for research, citing study published in journal Nature Neuroscience finding results of pain research conducted on male mice may not be as applicable to women as men; praises National Institutes of Health requirement that researchers must account for gender in pursuing their projects.","blog":[],"source":"The New York Times","headline":{"main":"Why Science Needs Female Mice","content_kicker":"Editorial","kicker":"Editorial","print_headline":"Why Science Needs Female Mice"},"pub_date":"2015-07-19T00:00:00Z","document_type":"article","news_desk":"Editorial","section_name":"Opinion","subsection_name":"Sunday Review","type_of_material":"Editorial","_id":"55aa9b3138f0d837168c3118"},{"web_url":"http:\/\/www.nytimes.com\/video\/opinion\/1248069620185\/women-in-science.html","snippet":"Kathryn Clancy, left, of the University of Illinois and John Hawks of the University of Wisconsin discuss barriers for female scientists....","lead_paragraph":"Kathryn Clancy, left, of the University of Illinois and John Hawks of the University of Wisconsin discuss barriers for female scientists.","abstract":null,"blog":[],"source":"The New York Times","headline":{"main":"Women in Science","sub":"Pitfalls for Female Scientists"},"pub_date":"2011-02-07T21:20:30Z","document_type":"multimedia","news_desk":"Opinion","section_name":"Opinion","subsection_name":null,"type_of_material":"Video","_id":"504a77dd1c22dfde670bc6c1"},{"web_url":"http:\/\/www.nytimes.com\/2013\/11\/12\/science\/extraordinary-women-in-science-and-medicine-exhibit-offers-up-little-known-details.html","snippet":"An exhibition offers little-known details on extraordinary women like Florence Nightingale, Hertha Ayrton and Sophie Kowalevski....","lead_paragraph":"An exhibition offers little-known details on extraordinary women like Florence Nightingale, Hertha Ayrton and Sophie Kowalevski.","abstract":"Exhibition Extraordinary Women in Science and Medicine, at the Grolier Club in Manhattan, offers little-known details on lives of 32 pioneering women who made major contributions in science from the 17th century through the 20th.","blog":[],"source":"The New York Times","headline":{"seo":"\u2018Extraordinary Women in Science and Medicine\u2019 Offers Up Little-Known Details","main":"Honoring Female Pioneers in Science","kicker":"On View","print_headline":"Honoring Female Pioneers in Science","content_kicker":"On View"},"pub_date":"2013-11-12T00:00:00Z","document_type":"article","news_desk":"Science","section_name":"Science","subsection_name":null,"type_of_material":"Review","_id":"5281567f38f0d81a0ace5168"},{"web_url":"http:\/\/www.nytimes.com\/2014\/12\/13\/business\/lego-reissues-popular-science-line-for-girls.html","snippet":"American customers are limited to one set per household....","lead_paragraph":"American customers are limited to one set per household.","abstract":"Lego reissues Research Institute, limited-edition set of women working in a laboratory, after supplies quickly sell out.","blog":[],"source":"The New York Times","headline":{"main":"Lego Reissues Popular Science Line for Girls","print_headline":"Lego Resumes Sales of Female-Scientist Set"},"pub_date":"2014-12-13T00:00:00Z","document_type":"article","news_desk":"Business","section_name":"Business Day","subsection_name":null,"type_of_material":"News","_id":"548b505d38f0d8482929acfa"},{"web_url":"http:\/\/www.nytimes.com\/1992\/02\/16\/weekinreview\/ideas-trends-who-is-female-science-can-t-say.html","snippet":"For decades, rumors have persisted that some of the best female athletes have in fact been men. As a result women have been subjected to tests, requiring certificates of femininity before they can compete in national or international events. But t...","lead_paragraph":"For decades, rumors have persisted that some of the best female athletes have in fact been men. As a result women have been subjected to tests, requiring certificates of femininity before they can compete in national or international events. But the very idea of certifying femaleness raises a thorny question: Who is a man and who is a woman? For all its dazzling discoveries about the genes that guide a human embryo along its path to maleness or femaleness, science, it appears, cannot provide a simple answer.","abstract":null,"blog":[],"source":"The New York Times","headline":{"main":"Who Is Female? Science Can't Say","kicker":"IDEAS & TRENDS"},"pub_date":"1992-02-16T00:00:00Z","document_type":"article","news_desk":"Week in Review Desk","section_name":"Science; Health; Week in Review","subsection_name":null,"type_of_material":"News","_id":"4fd1abbf8eb7c8105d6ca7da"},{"web_url":"http:\/\/www.nytimes.com\/aponline\/2016\/03\/11\/us\/ap-us-film-avengers-science-contest.html","snippet":"Calling all would-be female Avengers: Marvel Studios wants you....","lead_paragraph":"Calling all would-be female Avengers: Marvel Studios wants you.","abstract":null,"blog":[],"source":"AP","headline":{"main":"Marvel Studios Invites Female Avengers to a Science Contest","print_headline":"Marvel Studios Invites Female Avengers to a Science Contest"},"pub_date":"2016-03-11T13:44:54Z","document_type":"article","news_desk":"None","section_name":"U.S.","subsection_name":null,"type_of_material":"News","_id":"56e3132b38f0d81b768a67a8"},{"web_url":"http:\/\/artsbeat.blogs.nytimes.com\/2013\/06\/14\/book-review-podcast-the-science-of-female-desire\/","snippet":"Daniel Bergner talks about his new book, \u201cWhat Do Women Want?\u201d...","lead_paragraph":null,"abstract":"Daniel Bergner talks about his new book, \u201cWhat Do Women Want?\u201d","blog":[],"source":"The New York Times","headline":{"main":"Book Review Podcast: The Science of Female Desire","kicker":"ArtsBeat"},"pub_date":"2013-06-14T13:57:04Z","document_type":"blogpost","news_desk":null,"section_name":"Arts","subsection_name":null,"type_of_material":"Blog","_id":"51bb59ff7e0d9c0839d2884e"},{"web_url":"http:\/\/query.nytimes.com\/gst\/abstract.html?res=9903E7D91F31EE32A2575AC2A9679C946091D6CF","snippet":"Among the most crucial puzzles of modern medical science is that of atherosclerosis. This is the disease process in which human arteries become clogged and weakened by patchy deposits of fatty material. It is the underlying cause of most heart dis...","lead_paragraph":"Among the most crucial puzzles of modern medical science is that of atherosclerosis. This is the disease process in which human arteries become clogged and weakened by patchy deposits of fatty material. It is the underlying cause of most heart disease and ranks as the foremost killer of civilized man.","abstract":"comment; chart on hormone therapy","blog":[],"source":"The New York Times","headline":{"main":"SCIENCE; ATHEROSCLEROSIS Female Hormones Help Lower the Death Rate in a Test on Men"},"pub_date":"1961-01-29T00:00:00Z","document_type":"article","news_desk":null,"section_name":null,"subsection_name":null,"type_of_material":"Article","_id":"4fc4133445c1498b0d8f37df"},{"web_url":"http:\/\/learning.blogs.nytimes.com\/2013\/11\/13\/6-qs-about-the-news-fun-facts-about-female-science-pioneers\/","snippet":"According to a new exhibition, \u201cExtraordinary Women in Science and Medicine,\u201d what were some of the \u201cdeeply entrenched biases\u201d female pioneers in science had to overcome?...","lead_paragraph":null,"abstract":"According to a new exhibition, \u201cExtraordinary Women in Science and Medicine,\u201d what were some of the \u201cdeeply entrenched biases\u201d female pioneers in science had to overcome?","blog":[],"source":"The New York Times","headline":{"main":"6 Q's About the News | Fun Facts About Female Science Pioneers","kicker":"The Learning Network"},"pub_date":"2013-11-13T04:46:17Z","document_type":"blogpost","news_desk":null,"section_name":"U.S.","subsection_name":"Education","type_of_material":"Blog","_id":"5283756738f0d841c37d10f5"},{"web_url":"http:\/\/query.nytimes.com\/gst\/abstract.html?res=9A05E7DF1430E233A25756C0A9649C946196D6CF","snippet":"BOSTON, Feb. 4 -- Miss Anna Chapin Ray's \"Over the Quicksands\" will answer those who have been asking if she were unable to write of any one but good girls and women and honorable men, and yet it will not please those looking for the ugly story wh...","lead_paragraph":"BOSTON, Feb. 4 -- Miss Anna Chapin Ray's \"Over the Quicksands\" will answer those who have been asking if she were unable to write of any one but good girls and women and honorable men, and yet it will not please those looking for the ugly story which few authors could have avoided when using such a plot as she has contrived.","abstract":null,"blog":[],"source":"The New York Times","headline":{"main":"BOSTON GOSSIP OF LATEST BOOKS; Another Quebec Story by Miss Ray -- A North Pole Burlesque -- Science, Health, and Female Suffrage.","kicker":"1"},"pub_date":"1910-02-05T00:00:00Z","document_type":"article","news_desk":null,"section_name":null,"subsection_name":null,"type_of_material":"Article","_id":"4fc05ce245c1498b0d27c924"},{"web_url":"http:\/\/www.nytimes.com\/2017\/02\/10\/movies\/star-wars-women-visual-effects.html","snippet":"Behind the scenes, female executives and visual effects experts have been working to bring gender equity to a specialty field....","lead_paragraph":"Behind the scenes, female executives and visual effects experts have been working to bring gender equity to a specialty field.","abstract":null,"blog":[],"source":"The New York Times","headline":{"main":"The Women of \u2018Star Wars.\u2019 (It\u2019s Not Who You Think.)","print_headline":"The Women Behind the Force"},"pub_date":"2017-02-10T12:00:16+0000","document_type":"article","news_desk":"Arts&Leisure","section_name":"Movies","subsection_name":null,"type_of_material":"News","_id":"589dab577c459f2525d1b85d"},{"web_url":"http:\/\/www.nytimes.com\/slideshow\/2013\/06\/13\/education\/17educlede.html","snippet":"Japanese universities are pushing to increase female enrollment in science and technology, despite a culture that pushes most women toward the humanities....","lead_paragraph":"Japanese universities are pushing to increase female enrollment in science and technology, despite a culture that pushes most women toward the humanities.","abstract":null,"blog":[],"source":"The New York Times","headline":{"main":"Making Science Attractive for Women"},"pub_date":"2013-06-13T00:00:00Z","document_type":"multimedia","news_desk":"Education","section_name":"Education","subsection_name":null,"type_of_material":"Slideshow","_id":"51be2de17e0d9c0839d28cf9"},{"web_url":"http:\/\/query.nytimes.com\/gst\/abstract.html?res=9A04E3D81F3CE733A2575BC1A9639C946595D6CF","snippet":"IS it possible for an adult of one of the higher animals to change its sex completely, male becoming female or female becoming male? It is not only possible; it has been done in three recently recorded instances, and probably in many that have not...","lead_paragraph":"IS it possible for an adult of one of the higher animals to change its sex completely, male becoming female or female becoming male? It is not only possible; it has been done in three recently recorded instances, and probably in many that have not been observed, according to Dr. Oscar Riddle of the Station for Experimental Evolution conducted at Cold Spring Harbor, L.I., by the Department of Genetics of the Carnegie Institution.","abstract":"experiment with hen cited in sp art on how animals change sex","blog":[],"source":"The New York Times","headline":{"main":"SCIENCE LEARNS HOW ANIMALS CHANGE SEX; Biologists Assert That High Rate of Metabolism, or Conversion of Food Into Living Matter, Produces a Male, Low Rate a Female."},"pub_date":"1924-05-18T00:00:00Z","document_type":"article","news_desk":null,"section_name":null,"subsection_name":null,"type_of_material":"Article","_id":"4fc093f545c1498b0d37fec3"},{"web_url":"http:\/\/query.nytimes.com\/gst\/abstract.html?res=9A04E2DA1F3FE63BBC4952DFBF668382669FDE","snippet":"SARATOGA, N.Y., Sept. 10. At the meeting of the Social Science Association the first subject was \"International Coinage,\" upon which President F.A.P. Barnard,of Columbia Collego,President of the Metrological Society, read a paper, and also present...","lead_paragraph":"SARATOGA, N.Y., Sept. 10. At the meeting of the Social Science Association the first subject was \"International Coinage,\" upon which President F.A.P. Barnard,of Columbia Collego,President of the Metrological Society, read a paper, and also presented his paper on \"Monometalism, Bimetalism, and International Coinage,\" prepared for the Association for the Reform and Codification of the Law of Nations, to be presented at their meeting in...","abstract":"American Social Science Association Convention","blog":[],"source":"The New York Times","headline":{"main":"SOCIAL SCIENCE PROBLEMS; DISCUSSIONS TAKING A WIDE RANGE MEETING OF THE ASSOCIATION PAPERS OF COINAGE, EDUCATION, FEMALE SUFFRAGE AND THE CHINESE IN THIS COUNTRY."},"pub_date":"1879-09-11T00:03:58Z","document_type":"article","news_desk":null,"section_name":null,"subsection_name":null,"type_of_material":"Article","_id":"4fbffa9f45c1498b0d0bab34"},{"web_url":"http:\/\/query.nytimes.com\/gst\/abstract.html?res=9A05EFDC1631EF34BC4B52DFB266838D679FDE","snippet":"NATURAL SCIENCE,-A course of lectures on this subject will be delivered by Prof. R. OGDEN DOREMUS at the Academy of Music, Brooklyn, commencng Tuesday, April 17. The lectures will be given under the auspices of the Brooklyn Mercantile Library Asso...","lead_paragraph":"NATURAL SCIENCE,-A course of lectures on this subject will be delivered by Prof. R. OGDEN DOREMUS at the Academy of Music, Brooklyn, commencng Tuesday, April 17. The lectures will be given under the auspices of the Brooklyn Mercantile Library Association, and will be illustrated by experiments which have rarely been exhibited in public on account of the expense attending them.","abstract":null,"blog":[],"source":"The New York Times","headline":{"main":"BROOKLYN NEWS.; VIEWS OF LIFE THROUGH THE MEDIUM OF NATURAL SCIENCE.--A course of lectures on this sub- NATURAL SCIENCE. FELONIOUS ASSAULT BY A CAVALRYMAN. ALLEGED RECEIVER OF STOLEN GOODS. ANOTHER FATAL RAILROAD ACCIDENT. FEMALE 'PICKPOCKETS. INFANTICIDE.","kicker":"1"},"pub_date":"1866-04-13T00:03:58Z","document_type":"article","news_desk":null,"section_name":null,"subsection_name":null,"type_of_material":"Article","_id":"4fbfdfb545c1498b0d04004e"},{"web_url":"http:\/\/www.nytimes.com\/2017\/02\/23\/science\/mildred-dresselhaus-dead-queen-of-carbon.html","snippet":"Dr. Dresselhaus, who helped transform carbon into the superstar of modern materials science, was renowned for her efforts to promote the cause of women in science....","lead_paragraph":"Dr. Dresselhaus, who helped transform carbon into the superstar of modern materials science, was renowned for her efforts to promote the cause of women in science.","abstract":null,"blog":[],"source":"The New York Times","headline":{"main":"Mildred Dresselhaus, the Queen of Carbon, Dies at 86","print_headline":"Mildred Dresselhaus, Who Pioneered Revolution in Carbon Use, Dies at 86"},"pub_date":"2017-02-24T01:32:59+0000","document_type":"article","news_desk":"National","section_name":"Science","subsection_name":null,"type_of_material":"Obituary (Obit)","_id":"58af8d547c459f2525d1e359"},{"web_url":"http:\/\/query.nytimes.com\/gst\/abstract.html?res=9C0CE2DD113FEE3ABC4152DFB266838A639EDE","snippet":"Because Albert F. Gilmore, in charge of the Christian Science Committee on Publication for the State of New York, objected to an article, \"Science and Health,\" in the fourth and last volume ......","lead_paragraph":"Because Albert F. Gilmore, in charge of the Christian Science Committee on Publication for the State of New York, objected to an article, \"Science and Health,\" in the fourth and last volume ...","abstract":"G P Putnam's Sons stops sale and recalls volume edited by Prof Trent and colleagues because of A E Gilmore's objection to article by Prof Riley, \"Science and Health,\" deriding Mrs Eddy; statements by I Putnam and Prof Riley","blog":[],"source":"The New York Times","headline":{"main":"STOP SALE OF BOOK DERIDING MRS. EDDY; She Is Called \"Thrice Married Female Trismegistus\" in History of Literature. PUTNAMS RECALL VOLUME Christian Science Official Protests Against Article Written by Vassar Professor."},"pub_date":"1921-04-19T00:00:00Z","document_type":"article","news_desk":null,"section_name":null,"subsection_name":null,"type_of_material":"Front Page","_id":"4fc098e445c1498b0d398574"},{"web_url":"http:\/\/www.nytimes.com\/2017\/01\/20\/business\/dealbook\/world-economic-forum-davos-women-gender-inequality.html","snippet":"Following a behavioral economist from Harvard as she navigates the World Economic Forum in Davos, Switzerland, where 80 percent of the participants are men....","lead_paragraph":"Following a behavioral economist from Harvard as she navigates the World Economic Forum in Davos, Switzerland, where 80 percent of the participants are men.","abstract":null,"blog":[],"source":"The New York Times","headline":{"main":"A Gathering of the Global Elite, Through a Woman\u2019s Eyes","print_headline":"Global Elite, as Viewed by a Woman"},"pub_date":"2017-01-20T10:00:19+0000","document_type":"article","news_desk":"Business","section_name":"Business Day","subsection_name":"DealBook","type_of_material":"News","_id":"5881dfc27c459f2525d17ac1"},{"web_url":"http:\/\/query.nytimes.com\/gst\/abstract.html?res=9D04E5D81039EF32A2575BC2A9629C946795D6CF","snippet":"WASHINGTON, April 27. -- Striking chemical differences between the sexes of uncomplicated one-celled organisms were reported by Dr. A.F. Blakeslee of the Carnegie Station for Experimental Evolution at Cold Spring Harbor, one of the speakers at tod...","lead_paragraph":"WASHINGTON, April 27. -- Striking chemical differences between the sexes of uncomplicated one-celled organisms were reported by Dr. A.F. Blakeslee of the Carnegie Station for Experimental Evolution at Cold Spring Harbor, one of the speakers at today's meeting of the National Academy of Sciences.","abstract":"Add at convention of Natl Academy of Sciences on differences in sex of one-celled organisms","blog":[],"source":"The New York Times","headline":{"main":"FINDS DIFFERENCES IN SEX OF ORGANISMS; Dr. Blakeslee Tells the Science Academy Female Leads in Chemical Activity. SIMPLE BREAD MOLD STUDIED Tests Showed Sex Distinctions of Fungi Resembled Higher Life, He Says. ASTRONOMY HALL OUTLINED Details of Natural History Museum's Proposed Building Here Announced for the First Time."},"pub_date":"1926-04-28T00:00:00Z","document_type":"article","news_desk":null,"section_name":null,"subsection_name":null,"type_of_material":"Article","_id":"4fc089b745c1498b0d3502d3"},{"web_url":"http:\/\/www.nytimes.com\/2016\/12\/30\/business\/why-arent-there-more-female-billionaires.html","snippet":"A study shows that women are making inroads among the wealthy, but that their ranks at the very top of the earnings ladder are still remarkably thin....","lead_paragraph":"A study shows that women are making inroads among the wealthy, but that their ranks at the very top of the earnings ladder are still remarkably thin.","abstract":null,"blog":[],"source":"The New York Times","headline":{"main":"Why Aren\u2019t There More Female Billionaires?","content_kicker":"Inside Wealth","kicker":"Inside Wealth","print_headline":"Plenty of Billionaires, but Few Are Women"},"pub_date":"2016-12-30T18:57:49+0000","document_type":"article","news_desk":"SundayBusiness","section_name":"Business Day","subsection_name":null,"type_of_material":"News","_id":"5866ae317c459f2525d143c8"}]