[{"web_url":"http:\/\/www.nytimes.com\/1964\/02\/13\/advertising-living-in-a-female-economy.html","snippet":"W J Lane named Midwest edition ad promotion mgr...","lead_paragraph":"W J Lane named Midwest edition ad promotion mgr","abstract":"W J Lane named Midwest edition ad promotion mgr","blog":[],"source":"The New York Times","headline":{"main":"Advertising: Living in a \u2018Female Economy\u2019"},"pub_date":"1964-02-13T00:00:00Z","document_type":"article","news_desk":null,"section_name":null,"subsection_name":null,"type_of_material":"News","_id":"536b9fe038f0d8040ba1e1e4"},{"web_url":"http:\/\/query.nytimes.com\/gst\/abstract.html?res=9E06E6DD1531E632A25753C1A9629C946990D6CF","snippet":"PARIS, April 9--These are hard times for Western European workers, and harder still if they happen to be women....","lead_paragraph":"PARIS, April 9--These are hard times for Western European workers, and harder still if they happen to be women.","abstract":"Article on plight of women workers in W Eur as unemployment rises and cos, usually with consent of labor unions, discharge them and keep males employed; notes that with more than 7 million unemployed in W Eur, up by 1 million from 2 yrs ago, priority of most govts, businesses and unions is to maintain employment for male heads of families and to facilitate entry into job mkt of males under age 25 who are viewed as particularly volatile pol force (M)","blog":[],"source":"The New York Times","headline":{"main":"Female Workers Are Hardest Hit As Unemployment Gains in Europe; Female Workers Are the Hardest Hit as Slump in Europe Brings Big Loss of Jobs Amid a Booming Economy Any Brief Advantage Obliterated Few Allies When Going Gets Tough"},"pub_date":"1978-04-10T00:00:00Z","document_type":"article","news_desk":null,"section_name":null,"subsection_name":null,"type_of_material":"Front Page","_id":"4fc4932045c1498b0da6855d"},{"web_url":"http:\/\/query.nytimes.com\/gst\/abstract.html?res=9C0CE4DD1531E632A25753C1A9629C946990D6CF","snippet":"PARIS, April 9--These are hard times for Western European workers, and harder still if they happen to be women....","lead_paragraph":"PARIS, April 9--These are hard times for Western European workers, and harder still if they happen to be women.","abstract":null,"blog":[],"source":"The New York Times","headline":{"main":"Women Hardest Hit As Europe Grapples With Unemployment; More Than Half the Jobless Female Workers Are the Hardest Hit as Slump in Europe Brings Big Loss of Jobs Amid a Booming Economy Any Brief Advantage Obliterated Few Allies When Going Gets Tough","kicker":"2"},"pub_date":"1978-04-10T00:00:00Z","document_type":"article","news_desk":null,"section_name":null,"subsection_name":null,"type_of_material":"Article","_id":"4fc49bb445c1498b0da8d3b1"},{"web_url":"http:\/\/query.nytimes.com\/gst\/abstract.html?res=9802E4D81038E432A25750C0A9679D94619FD6CF","snippet":"Ronald Reagan and President Carter, their already close race tightened by their debate last Tuesday, appeared to be running about even in popular support with two days to go until the Presidential election....","lead_paragraph":"Ronald Reagan and President Carter, their already close race tightened by their debate last Tuesday, appeared to be running about even in popular support with two days to go until the Presidential election.","abstract":"Carter-Reagan stands on major issues reviewed; diagrams","blog":[],"source":"The New York Times","headline":{"main":"Reagan and Carter Stand Nearly Even in Last Polls; Differences on War Issue Reagan and Carter Stand Almost Even in Final Polls Effects of the Debate Male-Female Preferences Catholics and Conservatives Fears About the Economy The New York Times\/CBS News Poll"},"pub_date":"1980-11-03T00:00:00Z","document_type":"article","news_desk":null,"section_name":null,"subsection_name":null,"type_of_material":"Front Page","_id":"4fc4a49c45c1498b0dab4938"},{"web_url":"http:\/\/www.nytimes.com\/2016\/02\/03\/sports\/australian-groups-warned-on-gender-equality.html","snippet":"Sports bodies in the country were told that they would face cuts if female and male athletes did not travel in the same style when taking part in major events overseas....","lead_paragraph":"Sports bodies in the country were told that they would face cuts if female and male athletes did not travel in the same style when taking part in major events overseas.","abstract":"Australian sports authorities warn country's sports bodies of consequences if female and male athletes do not receive equal travel accommodations for events abroad.","blog":[],"source":"The New York Times","headline":{"main":"Australian Groups Warned on Gender Equality","content_kicker":"Sports Briefing | International Sports","print_headline":"Australian Groups Warned"},"pub_date":"2016-02-03T00:00:00Z","document_type":"article","news_desk":"Sports","section_name":"Sports","subsection_name":null,"type_of_material":"Brief","_id":"56b187cd38f0d873ef295230"},{"web_url":"http:\/\/www.nytimes.com\/2017\/02\/05\/business\/dealbook\/fortune-500-board-directors-diversity.html","snippet":"Women and minorities occupied nearly 31 percent of the board seats of Fortune 500 companies in 2016. But white men still held more than two-thirds of the positions....","lead_paragraph":"Women and minorities occupied nearly 31 percent of the board seats of Fortune 500 companies in 2016. But white men still held more than two-thirds of the positions.","abstract":null,"blog":[],"source":"The New York Times","headline":{"main":"Study Finds Only Modest Gains by Women and Minorities on Fortune 500 Boards","print_headline":"Study Finds Only Modest Gains by Women and Minorities on Fortune 500 Boards"},"pub_date":"2017-02-05T22:00:25+0000","document_type":"article","news_desk":"Business","section_name":"Business Day","subsection_name":"DealBook","type_of_material":"News","_id":"5897a0857c459f2525d1a962"},{"web_url":"http:\/\/www.nytimes.com\/2016\/12\/17\/world\/asia\/afghanistan-kandahar-women-in-the-work-force.html","snippet":"With the Taliban making gains in their insurgency and seizing control of territory from the government, opportunities for women in the Afghan work force have shrunk....","lead_paragraph":"With the Taliban making gains in their insurgency and seizing control of territory from the government, opportunities for women in the Afghan work force have shrunk.","abstract":null,"blog":[],"source":"The New York Times","headline":{"main":"Gunmen in Afghanistan Kill 5 Female Airport Employees","print_headline":"Gunmen in Kandahar Kill 5 Women"},"pub_date":"2016-12-17T17:15:39+0000","document_type":"article","news_desk":"Foreign","section_name":"World","subsection_name":"Asia Pacific","type_of_material":"News","_id":"585572c17c459f2525d126b9"},{"web_url":"http:\/\/www.nytimes.com\/reuters\/2017\/01\/17\/world\/asia\/17reuters-india-women-air-india.html","snippet":"Air India will introduce women-only seats on its domestic flights to give female passengers more choice and comfort, said a senior official from the national carrier, rejecting claims the move was linked to reports of in-flight sex attacks....","lead_paragraph":"Air India will introduce women-only seats on its domestic flights to give female passengers more choice and comfort, said a senior official from the national carrier, rejecting claims the move was linked to reports of in-flight sex attacks. ","abstract":null,"blog":[],"source":"Reuters","headline":{"main":"Air India Says Women-Only Seats for Comfort After Reported In-Flight Sex Attacks","print_headline":"Air India Says Women-Only Seats for Comfort After Reported In-Flight Sex Attacks"},"pub_date":"2017-01-17T12:57:34+0000","document_type":"article","news_desk":null,"section_name":"World","subsection_name":"Asia Pacific","type_of_material":"News","_id":"587e14c57c459f2525d16f6f"},{"web_url":"http:\/\/www.nytimes.com\/2017\/02\/20\/fashion\/watches-women-united-arab-emirates.html","snippet":"Many top horlogers are designing wares to take advantage of the region\u2019s appetite for elegantly adorned, exclusive timepieces....","lead_paragraph":"Many top horlogers are designing wares to take advantage of the region\u2019s appetite for elegantly adorned, exclusive timepieces.","abstract":null,"blog":[],"source":"International New York Times","headline":{"main":"Watchmakers Look to Women in the Middle East","print_headline":"Women take the spotlight"},"pub_date":"2017-02-20T10:16:45+0000","document_type":"article","news_desk":"Styles","section_name":"Fashion & Style","subsection_name":null,"type_of_material":"News","_id":"58aac2157c459f2525d1d79f"},{"web_url":"http:\/\/www.nytimes.com\/2011\/05\/17\/opinion\/l17kristof.html","snippet":"A reader responds to a recent column about female genital mutilation....","lead_paragraph":"A reader responds to a recent column about female genital mutilation.","abstract":null,"blog":[],"source":"The New York Times","headline":{"main":"Ending Genital Mutilation","kicker":"Letter","print_headline":"Ending Genital Mutilation","content_kicker":"Letter"},"pub_date":"2011-05-17T00:00:00Z","document_type":"article","news_desk":"Letters","section_name":"Opinion","subsection_name":null,"type_of_material":"Letter","_id":"540dd37c38f0d863ce5a41af"},{"web_url":"http:\/\/www.nytimes.com\/2009\/09\/06\/magazine\/06letters-t-003.html","snippet":"Letters in response to the 8.23.09 issue....","lead_paragraph":"Letters in response to the 8.23.09 issue.","abstract":null,"blog":[],"source":"The New York Times","headline":{"main":"The Daughter Deficit","print_headline":"The Daughter Deficit","content_kicker":"Letter"},"pub_date":"2009-09-06T00:00:00Z","document_type":"article","news_desk":"Magazine","section_name":"Magazine","subsection_name":null,"type_of_material":"Letter","_id":"545524af38f0d84a08fb1b25"},{"web_url":"http:\/\/www.nytimes.com\/2014\/07\/02\/opinion\/women-leaving-jobs.html","snippet":"David Ruth of the Elsevier Foundation writes about the need to retain our female STEM work force....","lead_paragraph":"David Ruth of the Elsevier Foundation writes about the need to retain our female STEM work force.","abstract":null,"blog":[],"source":"The New York Times","headline":{"main":"Women Leaving Jobs","kicker":"Letter","print_headline":"Women Leaving Jobs","content_kicker":"Letter"},"pub_date":"2014-07-02T00:00:00Z","document_type":"article","news_desk":"Letters","section_name":"Opinion","subsection_name":null,"type_of_material":"Letter","_id":"53b329fd38f0d841fe32d7f2"},{"web_url":"http:\/\/www.nytimes.com\/2014\/09\/22\/us\/politics\/women-hold-vital-votes-in-senate-races.html","snippet":"In the 10 most competitive Senate races, Democrats need a big margin, at least in the double digits, with female voters to prevail....","lead_paragraph":"In the 10 most competitive Senate races, Democrats need a big margin, at least in the double digits, with female voters to prevail.","abstract":null,"blog":[],"source":"The New York Times","headline":{"main":"Women Hold Vital Votes in Senate Races","kicker":"Letter From Washington","print_headline":"Women Hold Vital Votes in Senate Races","content_kicker":"Letter From Washington"},"pub_date":"2014-09-22T20:40:00Z","document_type":"article","news_desk":"Foreign","section_name":"U.S.","subsection_name":"Politics","type_of_material":"News","_id":"541ef8ea38f0d82d9dae0cb2"},{"web_url":"http:\/\/www.nytimes.com\/2017\/02\/10\/world\/middleeast\/camel-beauty-contest-abu-dhabi.html","snippet":"An annual festival celebrating the camel kicked off near Abu Dhabi, with camel races and beauty contests....","lead_paragraph":"An annual festival celebrating the camel kicked off near Abu Dhabi, with camel races and beauty contests.","abstract":null,"blog":[],"source":"The New York Times","headline":{"main":"Where Camels Race and Win Beauty Contests"},"pub_date":"2017-02-10T20:02:55+0000","document_type":"article","news_desk":"Foreign","section_name":"World","subsection_name":"Middle East","type_of_material":"News","_id":"589e1c797c459f2525d1ba01"},{"web_url":"http:\/\/www.nytimes.com\/2017\/01\/14\/us\/women-voters-trump.html","snippet":"Even when offended, some looked past Donald J. Trump\u2019s flaws to issues like jobs and immigration. Distrust of Hillary Clinton and a liking for Ivanka Trump also helped....","lead_paragraph":"Even when offended, some looked past Donald J. Trump\u2019s flaws to issues like jobs and immigration. Distrust of Hillary Clinton and a liking for Ivanka Trump also helped.","abstract":null,"blog":[],"source":"The New York Times","headline":{"main":"\u2018You Focus on the Good\u2019: Women Who Voted for Trump, in Their Own Words","print_headline":"Women Who Voted  for Donald Trump,  in Their Own Words"},"pub_date":"2017-01-14T10:00:19+0000","document_type":"article","news_desk":"National","section_name":"U.S.","subsection_name":null,"type_of_material":"News","_id":"5879f6bb7c459f2525d168fb"},{"web_url":"http:\/\/www.nytimes.com\/2017\/01\/24\/business\/economy\/women-labor-force.html","snippet":"Men have been the focus of concern about a stubborn trend of working-age Americans neither working nor looking for jobs. But the trend applies to women, too....","lead_paragraph":"Men have been the focus of concern about a stubborn trend of working-age Americans neither working nor looking for jobs. But the trend applies to women, too.","abstract":null,"blog":[],"source":"The New York Times","headline":{"main":"Why Women Quit Working: It\u2019s Not for the Reasons Men Do","print_headline":"\u2018Care Chasm\u2019 Forces Women to Forgo Jobs"},"pub_date":"2017-01-24T23:07:11+0000","document_type":"article","news_desk":"Business","section_name":"Business Day","subsection_name":"Economy","type_of_material":"News","_id":"5887de257c459f2525d186d4"},{"web_url":"http:\/\/www.nytimes.com\/aponline\/2017\/02\/13\/world\/americas\/ap-us-united-states-canada-.html","snippet":"A political odd couple, President Donald Trump and Canadian Prime Minister Justin Trudeau resolutely played up their similarities at their first meeting Monday, even as obvious differences lurked behind their public smiles....","lead_paragraph":"A political odd couple, President Donald Trump and Canadian Prime Minister Justin Trudeau resolutely played up their similarities at their first meeting Monday, even as obvious differences lurked behind their public smiles.","abstract":null,"blog":[],"source":"AP","headline":{"main":"Canada's Trudeau Talks Trade With Trump at White House","print_headline":"Canada's Trudeau Talks Trade With Trump at White House"},"pub_date":"2017-02-13T05:03:36+0000","document_type":"article","news_desk":null,"section_name":"World","subsection_name":"Americas","type_of_material":"News","_id":"58a13e307c459f2525d1bf86"},{"web_url":"http:\/\/www.nytimes.com\/2013\/07\/13\/business\/economy\/gender-gaps-appear-in-employment-recovery.html","snippet":"Jobs lost by women during the recession have since been recovered, though women\u2019s share of the jobs in most industries has fallen....","lead_paragraph":"Jobs lost by women during the recession have since been recovered, though women\u2019s share of the jobs in most industries has fallen.","abstract":"Floyd Norris Off The Charts column analyzes report from Bureau of Labor Statistics finding that all jobs lost by women during Great Recession have been recovered, while men still have long way to go; suggests some professions with predominately female work force have done better than economy as whole.","blog":[],"source":"The New York Times","headline":{"main":"Gender Gaps Appear as Employment Recovers From the Recession","content_kicker":"Off the Charts","kicker":"Off The Charts","print_headline":"Gender Gaps Appear as Employment Recovers From the Recession"},"pub_date":"2013-07-13T00:00:00Z","document_type":"article","news_desk":"Business","section_name":"Business Day","subsection_name":"Economy","type_of_material":"News","_id":"51dfff837e0d9c0839d2f661"},{"web_url":"http:\/\/www.nytimes.com\/2014\/07\/29\/opinion\/japans-need-for-women-workers.html","snippet":"Prime Minister Abe wants more women in management to promote economic growth....","lead_paragraph":"Prime Minister Abe wants more women in management to promote economic growth.","abstract":null,"blog":[],"source":"The New York Times","headline":{"main":"Japan\u2019s Need for Women Workers","kicker":"Editorial","print_headline":"Japan's Need for Women Workers","content_kicker":"Editorial"},"pub_date":"2014-07-29T00:00:00Z","document_type":"article","news_desk":"Editorial","section_name":"Opinion","subsection_name":null,"type_of_material":"Editorial","_id":"53d61b7f38f0d81a98fabea0"},{"web_url":"http:\/\/takingnote.blogs.nytimes.com\/2016\/09\/16\/donald-trumps-cynical-play-for-womens-votes\/","snippet":"Mr. Trump\u2019s recent comments on maternity leave and birth control should sway no one....","lead_paragraph":null,"abstract":"Mr. Trump\u2019s recent comments on maternity leave and birth control should sway no one.","blog":[],"source":"The New York Times","headline":{"main":"Donald Trump\u2019s Cynical Play for Women\u2019s Votes","kicker":"Taking Note"},"pub_date":"2016-09-16T22:38:03Z","document_type":"blogpost","news_desk":"OpEd","section_name":"Opinion","subsection_name":null,"type_of_material":"Blog","_id":"57dc74b37c459f227dbab7c6"}]