[{"web_url":"http:\/\/www.nytimes.com\/2012\/09\/05\/world\/middleeast\/05iht-letter05.html","snippet":"Egypt\u2019s Muslim Brotherhood is committed to upholding patriarchal and traditional values around a woman\u2019s place in society, and many Egyptian women need no convincing....","lead_paragraph":"Egypt\u2019s Muslim Brotherhood is committed to upholding patriarchal and traditional values around a woman\u2019s place in society, and many Egyptian women need no convincing.","abstract":"Egypt's Muslim Brotherhood is committed to upholding patriarchal and traditional values about a woman\u2019s place in society; in a country where a vast majority of women already cover their hair and voluntarily separate from men in coed environments, many Egyptian women need no convincing.","blog":[],"source":"The New York Times","headline":{"main":"Family Life According to the Brotherhood","print_headline":"Extolling Female Subservience, And Adding Followers in Egypt","content_kicker":"The Female Factor"},"pub_date":"2012-09-05T14:20:00Z","document_type":"article","news_desk":"Foreign","section_name":"World","subsection_name":"Middle East","type_of_material":"News","_id":"53fa86e238f0d8431914d8eb"},{"web_url":"http:\/\/mediadecoder.blogs.nytimes.com\/2009\/02\/01\/abc-family-orders-three-female-skewing-series\/","snippet":"The ABC Family cable channel is following \"The Secret Life of the American Teenager\" with three new female-oriented series....","lead_paragraph":"ABC Family orders three female-oriented series | According to The Hollywood Reporter, the ABC Family cable channel is following \"The Secret Life of the American Teenager\" with three new female-oriented series: \"Comedies 'Ruby and the Rockits' and '10 Things I Hate About You' and the drama 'Perfect 10' all have received 10-episode orders.\" 2\/1, 11:27 p.m.","abstract":"The ABC Family cable channel is following \"The Secret Life of the American Teenager\" with three new female-oriented series.","blog":[],"source":"The New York Times","headline":{"main":"ABC Family Orders Three Female-Oriented Series","kicker":"Media Decoder"},"pub_date":"2009-02-01T23:27:59Z","document_type":"blogpost","news_desk":null,"section_name":"Business","subsection_name":null,"type_of_material":"Blog","_id":"4fd394328eb7c8105d8c8d7c"},{"web_url":"http:\/\/query.nytimes.com\/gst\/abstract.html?res=9E0CEED6123EE63BBC4F51DFB2668382669FDE","snippet":"To the outward observer, indeed, no  changes are visible. It is true that the yashmak, or veil, has become lighter and more transparent; the carriage windows larger and less curtained. More than this, travelers of last Winter have noticed how, at ...","lead_paragraph":"To the outward observer, indeed, no changes are visible. It is true that the yashmak, or veil, has become lighter and more transparent; the carriage windows larger and less curtained. More than this, travelers of last Winter have noticed how, at a wateringplace a few miles from Cairo, one of the Egyp- ...","abstract":null,"blog":[],"source":"The New York Times","headline":{"main":"THE FEMALE PORTION OF THE KHEDIVE'S; FAMILY.","kicker":"1"},"pub_date":"1879-04-27T00:03:58Z","document_type":"article","news_desk":null,"section_name":null,"subsection_name":null,"type_of_material":"Article","_id":"4fbff62345c1498b0d0a56d6"},{"web_url":"http:\/\/www.nytimes.com\/2003\/12\/28\/movies\/film-the-lows-weak-female-roles-and-cynical-family-comedies.html","snippet":"What were the year's worst movies? A. O. Scott, Elvis Mitchell and Stephen Holden recently sat down to survey the wreckage.    SCOTT -- It has been a very tragic holiday season, full of pain and suffering and big wars and dead children.    HOLDEN ...","lead_paragraph":"What were the year's worst movies? A. O. Scott, Elvis Mitchell and Stephen Holden recently sat down to survey the wreckage. SCOTT -- It has been a very tragic holiday season, full of pain and suffering and big wars and dead children. HOLDEN -- I call it the season of tears.","abstract":"A O Scott, Elvis Mitchell and Stephen Holden offer their selections for worst movies in 2003; photos (L)","blog":[],"source":"The New York Times","headline":{"main":"Weak Female Roles and Cynical Family Comedies","kicker":"FILM: THE LOWS"},"pub_date":"2003-12-28T00:00:00Z","document_type":"article","news_desk":"Arts and Leisure Desk","section_name":"Movies; Arts","subsection_name":null,"type_of_material":"News","_id":"4fd2776b8eb7c8105d838db2"},{"web_url":"http:\/\/www.nytimes.com\/2014\/10\/14\/nyregion\/cuomos-family-aiding-push-for-female-voters.html","snippet":"In a new campaign ad, Gov. Andrew M. Cuomo\u2019s daughters and girlfriend speak against gender inequality....","lead_paragraph":"In a new campaign ad, Gov. Andrew M. Cuomo\u2019s daughters and girlfriend speak against gender inequality.","abstract":"Ad Campaign column provides analysis of latest television ad from Gov Andrew M Cuomo's gubernatorial campaign; spot features Cuomo's daughters and his girlfriend, Sandra Lee, and is aimed at voters supporting gender equality.","blog":[],"source":"The New York Times","headline":{"main":"Cuomo\u2019s Family, Aiding Push for Female Voters","kicker":"The Ad Campaign: New York Governor","print_headline":"Cuomo\u2019s Family Aids Push for Female Voters","content_kicker":"The Ad Campaign: New York Governor"},"pub_date":"2014-10-14T00:00:00Z","document_type":"article","news_desk":"Metro","section_name":"N.Y. \/ Region","subsection_name":null,"type_of_material":"News","_id":"543c773338f0d87099ffacf1"},{"web_url":"http:\/\/query.nytimes.com\/gst\/abstract.html?res=9C05E1DF1539F937A2575AC0A966948260","snippet":"INEVER gave it a moment's thought. As a matter of fact. I didn't know that the word existed. Matrilineage, that is. Then I saw the Women's Experimental Theater production of the play, ''Daughters,'' which deals, as you might guess,  with the mothe...","lead_paragraph":"INEVER gave it a moment's thought. As a matter of fact. I didn't know that the word existed. Matrilineage, that is. Then I saw the Women's Experimental Theater production of the play, ''Daughters,'' which deals, as you might guess, with the mother-daughter relationship. It begins with each one of the four performers stating her matrilineage. ''I am Roberta, daughter of Rose, daughter of Golda, daughter of Ruhel, daughter of a woman from Odessa whose name I don't know.'' ''I am Mary, daughter of Chew Guang Ping, daughter of Nook Yip Lee, daughter of a woman from the village of San Huoy in China.'' The naming, as this part of the performance is called, is repeated several times during the play, and it is surprisingly affecting. Roberta Sklar, one of the artistic directors of the troupe, calls the naming a feminist ritual. After the performance, she invites the audience to participate.","abstract":null,"blog":[],"source":"The New York Times","headline":{"main":"UNMASKING SOME FEMALE BRANCHES ON A FAMILY TREE","kicker":"SPEAKING PERSONALLY"},"pub_date":"1980-09-14T00:00:00Z","document_type":"article","news_desk":"Column 1","section_name":null,"subsection_name":null,"type_of_material":"News","_id":"4fd10a418eb7c8105d5bd562"},{"web_url":"http:\/\/learning.blogs.nytimes.com\/2012\/02\/09\/how-do-male-and-female-roles-differ-in-your-family\/","snippet":"Tell us about the gender roles in your house. Who would you say does most of the \"parenting,\" whether that means helping with homework, cooking meals, attending school functions or just being home most often--and whether it's done by a mother or f...","lead_paragraph":null,"abstract":"Tell us about the gender roles in your house. Who would you say does most of the \"parenting,\" whether that means helping with homework, cooking meals, attending school functions or just being home most often--and whether it's done by a mother or father, or by a sibling, grandparent or someone else?","blog":[],"source":"The New York Times","headline":{"main":"How Do Male and Female Roles Differ in Your Family?","kicker":"The Learning Network Blog"},"pub_date":"2012-02-09T05:16:05Z","document_type":"blogpost","news_desk":null,"section_name":"U.S.","subsection_name":"Education","type_of_material":"Blog","_id":"54f2c77f38f0d8529ba34ca6"},{"web_url":"http:\/\/learning.blogs.nytimes.com\/2012\/02\/09\/how-do-male-and-female-roles-differ-in-your-family\/","snippet":"Tell us about the gender roles in your house. Who would you say does most of the \"parenting,\" whether that means helping with homework, cooking meals, attending school functions or just being home most often--and whether it's done by a mother or f...","lead_paragraph":"A recent Motherlode post about how the U.S. Census Bureau considers mothers the \"designated parent\" inspired us to ask this question. Who would you say does most of the \"parenting\" in your house (even if that person is neither a mother nor a father, but a grandparent, sibling or someone else)? Who does most of the housework? To what extent do the roles in your house seem to fall along traditional gender lines? Why?","abstract":"Tell us about the gender roles in your house. Who would you say does most of the \"parenting,\" whether that means helping with homework, cooking meals, attending school functions or just being home most often--and whether it's done by a mother or father, or by a sibling, grandparent or someone else?","blog":[],"source":"The New York Times","headline":{"main":"How Do Male and Female Roles Differ in Your Family?","kicker":"The Learning Network"},"pub_date":"2012-02-09T05:16:05Z","document_type":"blogpost","news_desk":null,"section_name":"U.S.","subsection_name":null,"type_of_material":"Blog","_id":"4fd3a2b78eb7c8105d8eb0d5"},{"web_url":"http:\/\/query.nytimes.com\/gst\/abstract.html?res=9901E1D81538E232A25757C1A96F9C94619FD6CF","snippet":"I NEVER gave it a moment's thought. As a matter of fact. I didn't know that the word existed. Matrilineage, that is....","lead_paragraph":"I NEVER gave it a moment's thought. As a matter of fact. I didn't know that the word existed. Matrilineage, that is.","abstract":null,"blog":[],"source":"The New York Times","headline":{"main":"Unmasking Some Female Branches on a Family Tree","kicker":"1"},"pub_date":"1980-09-14T00:00:00Z","document_type":"article","news_desk":null,"section_name":null,"subsection_name":null,"type_of_material":"Article","_id":"4fc4a81745c1498b0dac39b5"},{"web_url":"http:\/\/query.nytimes.com\/gst\/abstract.html?res=9801E1D9123EE732A25752C2A9669D946890D6CF","snippet":"HER great-grandmother,  Elizabeth Cady Stanton, helped found and lead the American suffragist movement. And her grandmother and mother followed in those feminist footsteps--marching, picketing and pouring tea for women's rights....","lead_paragraph":"HER great-grandmother, Elizabeth Cady Stanton, helped found and lead the American suffragist movement. And her grandmother and mother followed in those feminist footsteps--marching, picketing and pouring tea for women's rights.","abstract":"Barbara Basler interview with Rhoda Jenkins, great-granddaughter of suffragist Elizabeth Cady Stanton; Jenkins portriat (M)","blog":[],"source":"The New York Times","headline":{"main":"Growing Up Female In a Feminist Family; A Struggle for Identity in a Suffragist's Family"},"pub_date":"1979-10-21T00:00:00Z","document_type":"article","news_desk":null,"section_name":null,"subsection_name":null,"type_of_material":"Article","_id":"4fc4a0c145c1498b0daa4b08"},{"web_url":"http:\/\/query.nytimes.com\/gst\/abstract.html?res=9F0CE3DA1238EF34BC4151DFB166838A669EDE","snippet":"WASHINGTON, July 28 -- When the Bureaus of Census and Labor Statistics issued this week their annual thick compendium of statistics about the status of black Americans, many eyes stopped on a single number at the bottom of Table 86....","lead_paragraph":"WASHINGTON, July 28 -- When the Bureaus of Census and Labor Statistics issued this week their annual thick compendium of statistics about the status of black Americans, many eyes stopped on a single number at the bottom of Table 86.","abstract":"Hill's disagreement with Fed rept on black families discussed; his analysis of data and BLS analysis contrasted","blog":[],"source":"The New York Times","headline":{"main":"The 'Female-Headed Household'; A Researcher Denies the Negro Family Is Deteriorating"},"pub_date":"1971-07-29T00:00:00Z","document_type":"article","news_desk":null,"section_name":null,"subsection_name":null,"type_of_material":"Article","_id":"4fc4751245c1498b0d9e46b5"},{"web_url":"http:\/\/query.nytimes.com\/gst\/abstract.html?res=9504E6DC163BE53ABC4C52DFB366838D649EDE","snippet":null,"lead_paragraph":null,"abstract":null,"blog":[],"source":"The New York Times","headline":{"main":"PYTHONS START FAMILY; Female at Bronx Zoo Lays Clutch of 24 Eggs","kicker":"1"},"pub_date":"1956-05-14T00:00:00Z","document_type":"article","news_desk":null,"section_name":null,"subsection_name":null,"type_of_material":"Article","_id":"4fc3b70345c1498b0d80b156"},{"web_url":"http:\/\/query.nytimes.com\/gst\/abstract.html?res=9D04E7DE153CEE34BC4C53DFB5668383649FDE","snippet":null,"lead_paragraph":null,"abstract":null,"blog":[],"source":"The New York Times","headline":{"main":"FIRE IN A PUBLIC SCHOOL-HOUSE.; A Female Teacher Family Burned-Terrible Consentration of the Scholars.","kicker":"1"},"pub_date":"1858-03-04T00:03:58Z","document_type":"article","news_desk":null,"section_name":null,"subsection_name":null,"type_of_material":"Article","_id":"4fbfd74545c1498b0d01d322"},{"web_url":"http:\/\/query.nytimes.com\/gst\/abstract.html?res=9801EED9133EE63BBC4E53DFB0668382669FDE","snippet":"Mr. J.S. Spring, of Fryeburg, some years ago went to California and engaged in mining. He struck a profitable vein of ore and became a wealthy mine-owner. He resided at first at Grass Valley, but subsequently at Ophir, having his mine at Oakland, ...","lead_paragraph":"Mr. J.S. Spring, of Fryeburg, some years ago went to California and engaged in mining. He struck a profitable vein of ore and became a wealthy mine-owner. He resided at first at Grass Valley, but subsequently at Ophir, having his mine at Oakland, near by, and doing business also in ...","abstract":"Swindles J. S. Spring","blog":[],"source":"The New York Times","headline":{"main":"A FEMALE ADVENTURER.; HOW SHE DECEIVED A WEALTHY FAMILY IN CALIFORNIA."},"pub_date":"1879-06-06T00:03:58Z","document_type":"article","news_desk":null,"section_name":null,"subsection_name":null,"type_of_material":"Article","_id":"4fbfffc045c1498b0d0d2dab"},{"web_url":"http:\/\/query.nytimes.com\/gst\/abstract.html?res=9501EEDE103AE13BBC4953DFB366838D679EDE","snippet":"Two psychologists who are conducting the first large-scale study of female homosexuals, have found that their backgrounds are similar to those of other women and are lacking in the kind of pathological family situations often found in studies of h...","lead_paragraph":"Two psychologists who are conducting the first large-scale study of female homosexuals, have found that their backgrounds are similar to those of other women and are lacking in the kind of pathological family situations often found in studies of homosexual men.","abstract":"Drs Gunlach and Reiss, in Postgrad Center for Mental Health study, find no distinction between family situations of Lesbians and other women; no parallel seen with male homosexual pattern of aversion to women and dominant mother-withdrawn father background","blog":[],"source":"The New York Times","headline":{"main":"No Male-Female Parallel Found for Homosexuals; Study Finds That Family Histories of Each Group Art Not Comparable"},"pub_date":"1966-05-01T00:00:00Z","document_type":"article","news_desk":null,"section_name":null,"subsection_name":null,"type_of_material":"Article","_id":"4fc4279945c1498b0d952ddd"},{"web_url":"http:\/\/query.nytimes.com\/gst\/abstract.html?res=9E00EED8103AE63BBC4053DFB266838C669FDE","snippet":"The discovery of two former inmates of the Delaware County Poor-house living together in the woods of Wayne County, Penn., has recalled one of the most singular family histories ever recorded. In 1854 Lucy Ann Lobdell, daughter of an old lumberman...","lead_paragraph":"The discovery of two former inmates of the Delaware County Poor-house living together in the woods of Wayne County, Penn., has recalled one of the most singular family histories ever recorded. In 1854 Lucy Ann Lobdell, daughter of an old lumberman living on the Delaware in the vicinity of Long Eddy, was married to a raftman named Henry Slater.","abstract":"Romantic History","blog":[],"source":"The New York Times","headline":{"main":"A MOUNTAIN ROMANCE.; STRANGE LIFE OF UNHAPPY WOMEN A SINGULAR FAMILY HISTORY THE FEMALE HUNTRESS OF LONG EDDY STRANGE LOVE OF TWO WOMEN AN ACCOMPLISHED BOSTON GIRL A VOLUNTARY OUTCAST AN UNFORTUNATE DAUGHTER."},"pub_date":"1877-04-08T00:03:58Z","document_type":"article","news_desk":null,"section_name":null,"subsection_name":null,"type_of_material":"Article","_id":"4fbff43645c1498b0d09c700"},{"web_url":"http:\/\/query.nytimes.com\/gst\/abstract.html?res=9902E5D81539E732A25752C1A9609C946890D6CF","snippet":"Recent census results issued by the Soviet Union have disclosed a sharp increase in some death rates and declines in births that may aggravate a labor shortage in the economy in the 1980's....","lead_paragraph":"Recent census results issued by the Soviet Union have disclosed a sharp increase in some death rates and declines in births that may aggravate a labor shortage in the economy in the 1980's.","abstract":"Soviet economists suggest easing labor shortage by recalling 30 million old-age pensioners to work force and letting them earn regular wages in addition to their social security payments (M)","blog":[],"source":"The New York Times","headline":{"main":"DEATH RATE OF MEN UP IN SOVIET TOWNS; Cause Unreported but Alcoholism, Accidents and Effects of War Are Considered Factors Results Given in Republic Papers Male-Female Imbalance Reduced Situation Varies With Regions Rural Family Traditionally Larger"},"pub_date":"1979-06-11T00:00:00Z","document_type":"article","news_desk":null,"section_name":null,"subsection_name":null,"type_of_material":"Article","_id":"4fc4a1b145c1498b0daa91fc"},{"web_url":"http:\/\/www.nytimes.com\/2017\/02\/24\/science\/chaco-canyon-new-mexico-maternal.html","snippet":"A study of DNA from 14 bodies in a burial site in New Mexico\u2019s Chaco Canyon found a matrilineal link, raising questions about a society\u2019s structure....","lead_paragraph":"A study of DNA from 14 bodies in a burial site in New Mexico\u2019s Chaco Canyon found a matrilineal link, raising questions about a society\u2019s structure.","abstract":null,"blog":[],"source":"The New York Times","headline":{"main":"In an Ancient Burial Place, 3 Centuries of One Woman\u2019s Descendants","content_kicker":"Trilobites","kicker":"Trilobites","print_headline":"Power Lines: Burial Secrets"},"pub_date":"2017-02-24T17:22:32+0000","document_type":"article","news_desk":"Science","section_name":"Science","subsection_name":null,"type_of_material":"News","_id":"58b06bde7c459f2525d1e5b9"},{"web_url":"http:\/\/query.nytimes.com\/gst\/fullpage.html?res=9A0DE2DB133AF936A35757C0A9639D8B63","snippet":"FRANKENBERG--Babette Meyers Known to her family and many friends as \"Bobbe,\" died February 28 at age 98, having lived a richly variegated and adventurous life that channeled her pioneering spirit as a feminist before her time. Bobbe was born on Ma...","lead_paragraph":"FRANKENBERG--Babette Meyers Known to her family and many friends as \"Bobbe,\" died February 28 at age 98, having lived a richly variegated and adventurous life that channeled her pioneering spirit as a feminist before her time. Bobbe was born on May 16, 1916, in the hardscrabble mining town of Bisbee, AZ, and moved with her parents to Beverly Hills when Sunset Boulevard had yet to be fully paved. She was a successful business woman in the 1940s, when female entrepreneurs were a rare breed, and through the 1980s, as women increasingly rose to prominence in corporate America. She found great success in commercial and residential real estate as well in public relations. In the 1950s she handled Mark Taper's PR for his ambitious Lakewood development. With Coldwell Banker, Bobbe sold many of the more remarkable Los Angeles homes of her time, remarkable both for their lavishness and their residents. Bobbe was also an outdoors woman and athlete, fishing and riding horses. She skied and played tennis competitively, often against men. She raised and trained dogs and was a sports car enthusiast, well-known for the rainbow-painted Porsche in which she made her real estate rounds. Bobbe traveled widely throughout Europe, Asia, Africa and the Americas. As a patron of the arts she greatly enjoyed classical music and in recent years, Lady Gaga. Her rapier wit and playful sense of humor was matched by her care and concern for others. Never one to talk about herself, Bobbe focused her incandescent personality on whomever she was with; her joyful presence absorbed as much as her quiet smile radiated. Bobbe leaves behind friends and classmates from Beverly Hills High School (1935, Class President), UC Berkeley and UCLA (1939, BA European History). She will be dearly missed by her family, including her niece Jeanne Meyers (Richard Carr) and nephews Charles Franklin (Susie) and Wayne Franklin (Susan); her grandnieces and nephews, Elissa (Clark Middleton) and Lucas Meyers (Margaret); Zachary Franklin (Sofia Zander), Seth Franklin (Kristin), Judd Franklin (Tybe Goldberg); and Jason Franklin, Barrett Franklin (Lea) and Shannon Hegarty (Terry); as well as by her great grandnieces and nephew, Ellington and August Meyers; Molly Franklin and Clara Zander; and Adena Franklin. Bobbe was predeceased by her younger brothers Benny (Ben Jr.) (same day as Bobbe, February 28, but 1973) and Maynard Franklin (2011). Beneficiaries of Babette's profoundly philanthropic nature include several health and educational institutes. She and her brother Maynard left the gem and mineral collection originally amassed by their parents, Ben and Clara, in Bisbee, to the Los Angeles County Museum of Natural History, where it can now be seen by all. 1","abstract":null,"blog":[],"source":"The New York Times","headline":{"main":"Paid Notice: Memorials  FRANKENBERG, BABETTE MEYERS KNOWN TO HER FAMILY AND MANY FRIENDS AS \"BOBBE,\" DIED FEBRUARY 28 AT AGE 98, HAVING LIVED A RICHLY VARIEGATED AND ADVENTUROUS LIFE THAT CHANNELED HER PIONEERING SPIRIT AS A FEMINIST BEFORE HER TIME. BOBBE WAS BORN ON MAY 16, 1916, IN THE HARDSCRABBLE MINING TOWN OF BISBEE, AZ, AND MOVED WITH HER PARENTS TO BEVERLY HILLS WHEN SUNSET BOULEVARD HAD YET TO BE FULLY PAVED. SHE WAS A SUCCESSFUL BUSINESS WOMAN IN THE 1940S, WHEN FEMALE ENTREPRENEURS WERE A RARE BREED, AND THROUGH THE 1980S, AS WOMEN INCREASINGLY ROSE TO PROMINENCE IN CORPORATE AMERICA. SHE FOUND GREAT SUCCESS IN COMMERCIAL AND RESIDENTIAL REAL ESTATE AS WELL IN PUBLIC RELATIONS. IN THE 1950S SHE HANDLED MARK TAPER'S PR FOR HIS AMBITIOUS LAKEWOOD DEVELOPMENT. WITH COLDWELL BANKER, BOBBE SOLD MANY OF THE MORE REMARKABLE LOS ANGELES HOMES OF HER TIME, REMARKABLE BOTH FOR THEIR LAVISHNESS AND THEIR RESIDENTS. BOBBE WAS ALSO AN OUTDOORS WOMAN AND ATHLETE, FISHING AND RIDING HORSES. SHE SKIED AND PLAYED TENNIS COMPETITIVELY, OFTEN AGAINST MEN. SHE RAISED AND TRAINED DOGS AND WAS A SPORTS CAR ENTHUSIAST, WELL, KNOWN FOR THE RAINBOW, PAINTED PORSCHE IN WHICH SHE MADE HER REAL ESTATE ROUNDS. BOBBE TRAVELED WIDELY THROUGHOUT EUROPE, ASIA, AFRICA AND THE AMERICAS. AS A PATRON OF THE ARTS SHE GREATLY ENJOYED CLASSICAL MUSIC AND IN RECENT YEARS, LADY GAGA. HER RAPIER WIT AND PLAYFUL SENSE OF HUMOR WAS MATCHED BY HER CARE AND CONCERN FOR OTHERS. NEVER ONE TO TALK ABOUT HERSELF, BOBBE FOCUSED HER INCANDESCENT PERSONALITY ON WHOMEVER SHE WAS WITH; HER JOYFUL PRESENCE ABSORBED AS MUCH AS HER QUIET SMILE RADIATED. BOBBE LEAVES BEHIND FRIENDS AND CLASSMATES FROM BEVERLY HILLS HIGH SCHOOL (1935, CLASS PRESIDENT), UC BERKELEY AND UCLA (1939, BA EUROPEAN HISTORY). SHE WILL BE DEARLY MISSED BY HER FAMILY, INCLUDING HER NIECE JEANNE MEYERS (RICHARD CARR) AND NEPHEWS CHARLES FRANKLIN (SUSIE) AND WAYNE FRANKLIN (SUSAN); HER GRANDNIECES AND NEPHEWS, ELISSA (CLARK MIDDLETON) AND LUCAS MEYERS (MARGARET); ZACHARY FRANKLIN (SOFIA ZANDER), SETH FRANKLIN (KRISTIN), JUDD FRANKLIN (TYBE GOLDBERG); AND JASON FRANKLIN, BARRETT FRANKLIN (LEA) AND SHANNON HEGARTY (TERRY); AS WELL AS BY HER GREAT GRANDNIECES AND NEPHEW, ELLINGTON AND AUGUST MEYERS; MOLLY FRANKLIN AND CLARA ZANDER; AND ADENA FRANKLIN. BOBBE WAS PREDECEASED BY HER YOUNGER BROTHERS BENNY (BEN JR.) (SAME DAY AS BOBBE, FEBRUARY 28, BUT 1973) AND MAYNARD FRANKLIN (2011). BENEFICIARIES OF BABETTE'S PROFOUNDLY PHILANTHROPIC NATURE INCLUDE SEVERAL HEALTH AND EDUCATIONAL INSTITUTES. SHE AND HER BROTHER MAYNARD LEFT THE GEM AND MINERAL COLLECTION ORIGINALLY AMASSED BY THEIR PARENTS, BEN AND CLARA, IN BISBEE, TO THE LOS ANGELES COUNTY MUSEUM OF NATURAL HISTORY, WHERE IT CAN NOW BE SEEN BY ALL. 1"},"pub_date":"2015-04-05T00:00:00Z","document_type":"article","news_desk":"Classified","section_name":"Paid Death Notices","subsection_name":null,"type_of_material":"Paid Death Notice","_id":"552b324038f0d824bd2ecd66"},{"web_url":"http:\/\/www.nytimes.com\/2017\/01\/28\/world\/asia\/japan-emperor-female-heirs.html","snippet":"As the governing party considers allowing Emperor Akihito to retire, many in the public believe the law should be permanently changed to admit women as heirs to the throne....","lead_paragraph":"As the governing party considers allowing Emperor Akihito to retire, many in the public believe the law should be permanently changed to admit women as heirs to the throne.","abstract":null,"blog":[],"source":"The New York Times","headline":{"main":"Many Japanese Look for a Shift to Female Heirs to the Throne","print_headline":"Many in Japan Look for Shift to Allow Female Heirs"},"pub_date":"2017-01-28T18:15:23+0000","document_type":"article","news_desk":"Foreign","section_name":"World","subsection_name":"Asia Pacific","type_of_material":"News","_id":"588cdfc37c459f2525d192ec"}]