[{"web_url":"http:\/\/www.nytimes.com\/2017\/02\/06\/opinion\/why-melissa-mccarthy-had-to-play-sean-spicer.html","snippet":"She showed that cross-gender casting can be a lot more interesting than just putting a man in a dress....","lead_paragraph":"She showed that cross-gender casting can be a lot more interesting than just putting a man in a dress.","abstract":null,"blog":[],"source":"The New York Times","headline":{"main":"Why Melissa McCarthy Had to Play Sean Spicer","content_kicker":"Taking Note","kicker":"Taking Note"},"pub_date":"2017-02-06T05:01:02+0000","document_type":"article","news_desk":"Editorial","section_name":"Opinion","subsection_name":null,"type_of_material":"Op-Ed","_id":"589803117c459f2525d1a9da"},{"web_url":"https:\/\/lens.blogs.nytimes.com\/2017\/02\/01\/highlighting-women-in-photojournalism\/","snippet":"Daniella Zalcman has put together a website featuring the photojournalism work of hundreds of women. She wants to show editors that there\u2019s \u201cnot a shortage of women photographers, just a lack of equitable hiring.\u201d...","lead_paragraph":"In 1973, Sara Krulwich visited 29 newspapers, looking for a job after graduating from the University of Michigan. She met with male photo editors who mostly scoffed at the idea of a woman as a news photographer. One editor, she said, told her that hiring a woman was like \u201chiring half a person.\u201d","abstract":"Daniella Zalcman has put together a website featuring the photojournalism work of hundreds of women. She wants to show editors that there\u2019s \u201cnot a shortage of women photographers, just a lack of equitable hiring.\u201d","blog":[],"source":"The New York Times","headline":{"main":"Highlighting Women in Photojournalism","kicker":"Lens"},"pub_date":"2017-02-01T17:16:44+0000","document_type":"blogpost","news_desk":null,"section_name":"Multimedia","subsection_name":null,"type_of_material":"Blog","_id":"589218497c459f2525d19dda"},{"web_url":"http:\/\/www.nytimes.com\/2017\/02\/14\/dining\/chef-dominique-crenn.html","snippet":"The San Francisco chef is suddenly one of the world\u2019s most acclaimed and visible cooks \u2014 and one of the few women ranked alongside men....","lead_paragraph":"The San Francisco chef is suddenly one of the world\u2019s most acclaimed and visible cooks \u2014 and one of the few women ranked alongside men.","abstract":null,"blog":[],"source":"The New York Times","headline":{"main":"Does Fame Have a Recipe? Dominique Crenn\u2019s Fast Rise","print_headline":"Here, There  and Rising"},"pub_date":"2017-02-14T18:00:08+0000","document_type":"article","news_desk":"Dining","section_name":"Food","subsection_name":null,"type_of_material":"News","_id":"58a345af7c459f2525d1c538"},{"web_url":"http:\/\/www.nytimes.com\/2017\/02\/17\/arts\/television\/famke-janssen-plays-another-lethal-woman-in-a-blacklist-spinoff.html","snippet":"The star of \u201cThe Blacklist: Redemption\u201d talks about depicting powerful female characters and shares her thoughts on sexism in Hollywood....","lead_paragraph":"The star of \u201cThe Blacklist: Redemption\u201d talks about depicting powerful female characters and shares her thoughts on sexism in Hollywood.","abstract":null,"blog":[],"source":"The New York Times","headline":{"main":"Famke Janssen Plays Another Lethal Woman in a \u2018Blacklist\u2019 Spinoff","content_kicker":"A Word With","kicker":"A Word With","print_headline":"Famke Janssen Plays Another Lethal Woman"},"pub_date":"2017-02-17T15:30:16+0000","document_type":"article","news_desk":"Arts&Leisure","section_name":"Arts","subsection_name":"Television","type_of_material":"News","_id":"58a717117c459f2525d1d15c"},{"web_url":"http:\/\/www.nytimes.com\/2017\/01\/04\/upshot\/why-men-dont-want-the-jobs-done-mostly-by-women.html","snippet":"When men take so-called pink-collar jobs, they have more job security but they also feel stigmatized....","lead_paragraph":"When men take so-called pink-collar jobs, they have more job security but they also feel stigmatized.","abstract":null,"blog":[],"source":"The New York Times","headline":{"main":"Why Men Don\u2019t Want the Jobs Done Mostly by Women","content_kicker":"Pink-Collar Work","kicker":"The Upshot","print_headline":"Why Men Don\u2019t Want  Jobs Done Mostly by Women"},"pub_date":"2017-01-04T14:00:27+0000","document_type":"article","news_desk":"Upshot","section_name":"The Upshot","subsection_name":null,"type_of_material":"News","_id":"586cfffe7c459f2525d14c47"},{"web_url":"http:\/\/www.nytimes.com\/2017\/01\/13\/business\/mutfund\/a-trillion-dollar-question-why-dont-more-women-run-mutual-funds.html","snippet":"Only 9.4 percent of American mutual fund managers are women. The hiring pipeline needs work from start to finish....","lead_paragraph":"Only 9.4 percent of American mutual fund managers are women. The hiring pipeline needs work from start to finish.","abstract":null,"blog":[],"source":"The New York Times","headline":{"main":"A Trillion-Dollar Question: Why Don\u2019t More Women Run Mutual Funds?","print_headline":"A Trillion-Dollar Puzzle"},"pub_date":"2017-01-13T20:43:16+0000","document_type":"article","news_desk":"SundayBusiness","section_name":"Business Day","subsection_name":"Mutual Funds","type_of_material":"News","_id":"58793be97c459f2525d167d1"},{"web_url":"http:\/\/www.nytimes.com\/2017\/02\/04\/opinion\/sunday\/the-womens-march-in-my-living-room.html","snippet":"I gained 40 pounds with one Betty\u2019s fudge cake while trying to digest the other Betty\u2019s \u201cFeminine Mystique.\u201d...","lead_paragraph":"I gained 40 pounds with one Betty\u2019s fudge cake while trying to digest the other Betty\u2019s \u201cFeminine Mystique.\u201d","abstract":null,"blog":[],"source":"The New York Times","headline":{"main":"The Women\u2019s March in My Living Room","content_kicker":"Opinion","kicker":"Opinion","print_headline":"The Women\u2019s March in My Living Room"},"pub_date":"2017-02-04T19:30:04+0000","document_type":"article","news_desk":"OpEd","section_name":"Opinion","subsection_name":"Sunday Review","type_of_material":"Op-Ed","_id":"58962bc27c459f2525d1a7f2"},{"web_url":"http:\/\/www.nytimes.com\/2017\/01\/25\/arts\/television\/mary-tyler-moore-show-moments.html","snippet":"A look at pivotal moments from \u201cThe Mary Tyler Moore Show,\u201d which was sometimes a laboratory for social issues of the day....","lead_paragraph":"A look at pivotal moments from \u201cThe Mary Tyler Moore Show,\u201d which was sometimes a laboratory for social issues of the day.","abstract":null,"blog":[],"source":"The New York Times","headline":{"main":"Sex and That \u201970s Single Woman, Mary Tyler Moore"},"pub_date":"2017-01-25T20:05:47+0000","document_type":"article","news_desk":"Culture","section_name":"Arts","subsection_name":"Television","type_of_material":"News","_id":"588905237c459f2525d189f2"},{"web_url":"http:\/\/www.nytimes.com\/2017\/02\/23\/science\/mildred-dresselhaus-dead-queen-of-carbon.html","snippet":"Dr. Dresselhaus, who helped transform carbon into the superstar of modern materials science, was renowned for her efforts to promote the cause of women in science....","lead_paragraph":"Dr. Dresselhaus, who helped transform carbon into the superstar of modern materials science, was renowned for her efforts to promote the cause of women in science.","abstract":null,"blog":[],"source":"The New York Times","headline":{"main":"Mildred Dresselhaus, the Queen of Carbon, Dies at 86","print_headline":"Mildred Dresselhaus, Who Pioneered Revolution in Carbon Use, Dies at 86"},"pub_date":"2017-02-24T01:32:59+0000","document_type":"article","news_desk":"National","section_name":"Science","subsection_name":null,"type_of_material":"Obituary (Obit)","_id":"58af8d547c459f2525d1e359"},{"web_url":"http:\/\/www.nytimes.com\/2017\/02\/07\/upshot\/how-to-close-a-gender-gap-let-employees-control-their-schedules.html","snippet":"A new company places women in jobs that give them schedule flexibility, which economists say can make a big difference....","lead_paragraph":"A new company places women in jobs that give them schedule flexibility, which economists say can make a big difference.","abstract":null,"blog":[],"source":"The New York Times","headline":{"main":"How to Close a Gender Gap: Let Employees Control Their Schedules","content_kicker":"Women\u2019s Work","kicker":"The Upshot","print_headline":"How to Close a Gender Gap: True Job Flexibility"},"pub_date":"2017-02-07T08:30:14+0000","document_type":"article","news_desk":"Upshot","section_name":"The Upshot","subsection_name":null,"type_of_material":"News","_id":"589985a07c459f2525d1ad39"},{"web_url":"http:\/\/www.nytimes.com\/aponline\/2017\/02\/27\/technology\/ap-us-tec-uber-executive-departure.html","snippet":"A top engineering executive at Uber, Amit Singhal, is out five weeks after his hire was announced. According to a report in the tech blog Recode, Singhal failed to disclose that he'd left his previous job at Google because of a sexual harassment a...","lead_paragraph":"A top engineering executive at Uber, Amit Singhal, is out five weeks after his hire was announced. According to a report in the tech blog Recode, Singhal failed to disclose that he'd left his previous job at Google because of a sexual harassment allegation.","abstract":null,"blog":[],"source":"AP","headline":{"main":"Report: Uber Exec Out After Failing to Disclose Allegation","print_headline":"Report: Uber Exec Out After Failing to Disclose Allegation"},"pub_date":"2017-02-27T23:55:06+0000","document_type":"article","news_desk":null,"section_name":"Technology","subsection_name":null,"type_of_material":"News","_id":"58b4bc647c459f2525d1ed77"},{"web_url":"http:\/\/takingnote.blogs.nytimes.com\/2015\/06\/11\/hire-the-next-first-lady\/","snippet":"Handling the social responsibilities of the presidency is a job in its own right. We should treat it like one....","lead_paragraph":null,"abstract":"Handling the social responsibilities of the presidency is a job in its own right. We should treat it like one.","blog":[],"source":"The New York Times","headline":{"main":"Hire the Next First Lady","kicker":"Taking Note"},"pub_date":"2015-06-11T10:47:39Z","document_type":"blogpost","news_desk":"OpEd","section_name":"false","subsection_name":"false","type_of_material":"Blog","_id":"55799fe138f0d808b502d5cd"},{"web_url":"http:\/\/www.nytimes.com\/aponline\/2017\/02\/10\/us\/ap-us-grammywatch-presenters-breakthrough.html","snippet":"At Sunday's Grammys, a man and a transgender woman will join the so-called trophy girls who bring music's top honors onstage....","lead_paragraph":"At Sunday's Grammys, a man and a transgender woman will join the so-called trophy girls who bring music's top honors onstage.","abstract":null,"blog":[],"source":"AP","headline":{"main":"Grammys Add 1st Man, Transgender Woman as Trophy Presenters","print_headline":"Grammys Add 1st Man, Transgender Woman as Trophy Presenters"},"pub_date":"2017-02-10T13:39:46+0000","document_type":"article","news_desk":null,"section_name":"U.S.","subsection_name":null,"type_of_material":"News","_id":"589dc2a67c459f2525d1b8a8"},{"web_url":"http:\/\/www.nytimes.com\/2016\/12\/06\/opinion\/scarlett-johansson-admitting-that-youre-vulnerable-is-a-very-powerful-thing.html","snippet":"The highest-grossing actress of all time on how women\u2019s roles in real life are changing their roles in film....","lead_paragraph":"The highest-grossing actress of all time on how women\u2019s roles in real life are changing their roles in film.","abstract":null,"blog":[],"source":"International New York Times","headline":{"main":"Scarlett Johansson: \u2018Admitting That You\u2019re Vulnerable Is a Very Powerful Thing\u2019","content_kicker":"Turning Points","kicker":"Turning Points","print_headline":"Scarlett Johansson on a changing Hollywood"},"pub_date":"2016-12-06T14:06:22+0000","document_type":"article","news_desk":"SpecialSections","section_name":"Opinion","subsection_name":null,"type_of_material":"Op-Ed","_id":"5846c5e17c459f2525d10398"},{"web_url":"http:\/\/www.nytimes.com\/2016\/12\/10\/arts\/music\/madonna-billboard-awards-speech-ageism-sexism.html","snippet":"While accepting Billboard\u2019s Woman of the Year award, the 58-year-old star said that all was not well and fair for female entertainers, or for women in general....","lead_paragraph":"While accepting Billboard\u2019s Woman of the Year award, the 58-year-old star said that all was not well and fair for female entertainers, or for women in general.","abstract":null,"blog":[],"source":"The New York Times","headline":{"main":"\u2018To Age Is a Sin\u2019: In Blunt Speech, Madonna Confronts Bias in Various Forms"},"pub_date":"2016-12-10T21:08:35+0000","document_type":"article","news_desk":"Culture","section_name":"Arts","subsection_name":"Music","type_of_material":"News","_id":"584c6eda7c459f2525d1123e"},{"web_url":"http:\/\/www.nytimes.com\/2011\/06\/17\/opinion\/l17doctors.html","snippet":"Readers respond to an Op-Ed about female part-time doctors....","lead_paragraph":"Readers respond to an Op-Ed about female part-time doctors.","abstract":null,"blog":[],"source":"The New York Times","headline":{"main":"Seeking a Balance: Part-Time Doctor and Mom","kicker":"Letters","print_headline":"Seeking a Balance: Part-Time Doctor and Mom","content_kicker":"Letters"},"pub_date":"2011-06-17T00:00:00Z","document_type":"article","news_desk":"Letters","section_name":"Opinion","subsection_name":null,"type_of_material":"Letter","_id":"540ecfb738f0d863ce5a5422"},{"web_url":"http:\/\/bits.blogs.nytimes.com\/2012\/07\/17\/marissa-mayer-new-yahoo-chief-is-pregnant\/","snippet":"By tackling a difficult corporate job while pregnant, Marissa Mayer, the new chief of Yahoo, is challenging the idea that senior executive ambitions and a woman's family life don't mix....","lead_paragraph":null,"abstract":"By tackling a difficult corporate job while pregnant, Marissa Mayer, the new chief of Yahoo, is challenging the idea that senior executive ambitions and a woman's family life don't mix.","blog":[],"source":"The New York Times","headline":{"main":"Yahoo Chief's Challenge? Corner Office, New Baby","kicker":"Bits","print_headline":"Yahoo Chief\u2019s Challenge? Corner Office, New Baby"},"pub_date":"2012-07-17T00:33:26Z","document_type":"blogpost","news_desk":null,"section_name":"Technology","subsection_name":null,"type_of_material":"Blog","_id":"5004ebb11c22dfde670b08d2"},{"web_url":"http:\/\/economix.blogs.nytimes.com\/2013\/07\/22\/college-counseling-and-job-prospects\/","snippet":"More than a third of college graduates say they regret their choice of major. But a study shows than under 10 percent of graduating seniors discussed the choice with a career counselor....","lead_paragraph":null,"abstract":"More than a third of college graduates say they regret their choice of major. But a study shows than under 10 percent of graduating seniors discussed the choice with a career counselor.","blog":[],"source":"The New York Times","headline":{"main":"College Counseling and Job Prospects","kicker":"Economix"},"pub_date":"2013-07-22T16:44:30Z","document_type":"blogpost","news_desk":null,"section_name":"Business Day","subsection_name":"Economy","type_of_material":"Blog","_id":"51ed9c4b38f0d8431a75aedc"},{"web_url":"http:\/\/www.nytimes.com\/2014\/12\/28\/movies\/in-hollywood-its-a-mens-mens-mens-world.html","snippet":"Even though women hold power positions throughout the industry, only a handful of movies directed by women have been released by the major Hollywood studios this year....","lead_paragraph":"Even though women hold power positions throughout the industry, only a handful of movies directed by women have been released by the major Hollywood studios this year.","abstract":"Warner Bros has hired Michelle MacLaren to direct its Wonder Woman movie, becoming first studio to tap female director for major superhero project; news offers further evidence that female directors are inching closer to closing gender gap, but big disparities remain, particularly in Hollywood and in action genre (Series: The Director Gap).","blog":[],"source":"The New York Times","headline":{"main":"In Hollywood, It\u2019s a Men\u2019s, Men\u2019s, Men\u2019s World","content_kicker":"The Director Gap","print_headline":"It\u2019s a Men\u2019s, Men\u2019s, Men\u2019s World"},"pub_date":"2014-12-28T00:00:00Z","document_type":"article","news_desk":"Arts&Leisure","section_name":"Movies","subsection_name":null,"type_of_material":"News","_id":"549aed1438f0d879a541872e"},{"web_url":"http:\/\/www.nytimes.com\/2016\/11\/30\/business\/dealbook\/more-law-degrees-for-women-but-fewer-good-jobs.html","snippet":"Female law students tend to be clustered in lower-ranked law schools, a new study found, putting them at a disadvantage in landing top legal jobs....","lead_paragraph":"Female law students tend to be clustered in lower-ranked law schools, a new study found, putting them at a disadvantage in landing top legal jobs.","abstract":null,"blog":[],"source":"The New York Times","headline":{"main":"More Law Degrees for Women, but Fewer Good Jobs","print_headline":"More Women Are Lawyers, but Fewer Find Good Jobs"},"pub_date":"2016-11-30T05:01:23+0000","document_type":"article","news_desk":"Business","section_name":"Business Day","subsection_name":"DealBook","type_of_material":"News","_id":"583e5d2e7c459f2525d0f00c"}]