[{"web_url":"http:\/\/www.nytimes.com\/2017\/02\/15\/opinion\/fighting-college-sexual-assault-in-the-trump-era.html","snippet":"In recent years, schools have had to answer hard questions about how they handle sexual violence. Is that about to end?...","lead_paragraph":"In recent years, schools have had to answer hard questions about how they handle sexual violence. Is that about to end?","abstract":null,"blog":[],"source":"The New York Times","headline":{"main":"Fighting College Sexual Assault in the Trump Era","content_kicker":"Op-Ed Contributor","kicker":"Op-Ed Contributor"},"pub_date":"2017-02-15T20:10:26+0000","document_type":"article","news_desk":"OpEd","section_name":"Opinion","subsection_name":null,"type_of_material":"Op-Ed","_id":"58a4b5b77c459f2525d1c9ee"},{"web_url":"http:\/\/www.nytimes.com\/2014\/01\/16\/books\/how-it-feels-to-be-free-salutes-black-female-entertainers.html","snippet":"In \u201cHow It Feels to Be Free,\u201d Ruth Feldstein traces the impact of black female singers and actors in the civil rights movement....","lead_paragraph":"In \u201cHow It Feels to Be Free,\u201d Ruth Feldstein traces the impact of black female singers and actors in the civil rights movement.","abstract":"Farah Jasmine Griffin reviews book How It Feels to Be Free: Black Women Entertainers and the Civil Rights Movement by Ruth Feldstein.","blog":[],"source":"The New York Times","headline":{"seo":"\u2018How It Feels to Be Free\u2019 Salutes Black Female Entertainers","main":"Harnessing Celebrity to Civil Rights Cause","kicker":"Books of The Times","print_headline":"Harnessing Celebrity to Civil Rights Cause","content_kicker":"Books of The Times"},"pub_date":"2014-01-16T00:00:00Z","document_type":"article","news_desk":"Culture","section_name":"Books","subsection_name":null,"type_of_material":"Review","_id":"52d6fd4738f0d867640260a9"},{"web_url":"http:\/\/www.nytimes.com\/2017\/01\/26\/books\/review\/house-full-of-females-laurel-thatcher-ulrich.html","snippet":"The historian Laurel Ulrich uses the diaries of 19th-century Mormon women to tell the story of polygamy in \u201cA House Full of Females.\u201d...","lead_paragraph":"The historian Laurel Ulrich uses the diaries of 19th-century Mormon women to tell the story of polygamy in \u201cA House Full of Females.\u201d","abstract":null,"blog":[],"source":"The New York Times","headline":{"main":"How the Women of the Mormon Church Came to Embrace Polygamy","content_kicker":"Nonfiction","kicker":"Nonfiction","print_headline":"Book of Mormons"},"pub_date":"2017-01-26T10:00:03+0000","document_type":"article","news_desk":"BookReview","section_name":"Books","subsection_name":"Book Review","type_of_material":"Review","_id":"5889c8ad7c459f2525d18bca"},{"web_url":"http:\/\/www.nytimes.com\/2017\/02\/07\/magazine\/how-a-fractious-womens-movement-came-to-lead-the-left.html","snippet":"Feminism brought the opposition together. But how long will that last, and how many converts can it win?...","lead_paragraph":"Feminism brought the opposition together. But how long will that last, and how many converts can it win?","abstract":null,"blog":[],"source":"The New York Times","headline":{"main":"How a Fractious Women\u2019s Movement Came to Lead the Left","content_kicker":"Feature","kicker":"Feature","print_headline":"Forces in Opposition"},"pub_date":"2017-02-07T10:00:06+0000","document_type":"article","news_desk":"Magazine","section_name":"Magazine","subsection_name":null,"type_of_material":"News","_id":"58999aad7c459f2525d1ad60"},{"web_url":"http:\/\/www.nytimes.com\/2017\/02\/28\/us\/aileen-hernandez-dead-womens-rights-champion.html","snippet":"Ms. Hernandez was one of the first African-American women to battle sex discrimination from inside the government and in the top ranks of the feminist movement....","lead_paragraph":"Ms. Hernandez was one of the first African-American women to battle sex discrimination from inside the government and in the top ranks of the feminist movement.","abstract":null,"blog":[],"source":"The New York Times","headline":{"main":"Aileen Hernandez, 90, Ex-NOW President and Feminist Trailblazer, Dies","print_headline":"Aileen Hernandez, Ex-NOW President and Feminist Trailblazer, Dies at 90"},"pub_date":"2017-03-01T02:07:47+0000","document_type":"article","news_desk":"National","section_name":"U.S.","subsection_name":null,"type_of_material":"Obituary (Obit)","_id":"58b62d047c459f2525d1f12f"},{"web_url":"http:\/\/thelede.blogs.nytimes.com\/2013\/01\/10\/in-saudi-town-women-protest-detentions-leading-to-their-own\/","snippet":"Last weekend, Saudi security forces encircled and arrested a small group of women who were protesting the long-term detention of relatives without charges on suspicion of terrorism, and the event has touched off nearly a week of unrest in the Saud...","lead_paragraph":null,"abstract":"Last weekend, Saudi security forces encircled and arrested a small group of women who were protesting the long-term detention of relatives without charges on suspicion of terrorism, and the event has touched off nearly a week of unrest in the Saudi town of Buraida.","blog":[],"source":"The New York Times","headline":{"main":"In Saudi Town, Women Protest Detentions, Leading to Their Own ","kicker":"The Lede"},"pub_date":"2013-01-10T16:03:49Z","document_type":"blogpost","news_desk":null,"section_name":null,"subsection_name":null,"type_of_material":"Blog","_id":"50ef2ead00315214fbb83882"},{"web_url":"http:\/\/www.nytimes.com\/2003\/05\/28\/us\/supreme-court-states-rights-justices-6-3-rule-workers-can-sue-states-over-leave.html","snippet":"In a surprising break with its march toward states' rights, the Supreme Court ruled today that states can be sued for violating their employees' federally guaranteed right to take time off for family emergencies.    The vote to reject Nevada's cla...","lead_paragraph":"In a surprising break with its march toward states' rights, the Supreme Court ruled today that states can be sued for violating their employees' federally guaranteed right to take time off for family emergencies. The vote to reject Nevada's claim to constitutional immunity from suit under the Family and Medical Leave Act was a decisive 6 to 3. Most unexpectedly, the author of the majority opinion was Chief Justice William H. Rehnquist, under whose leadership the court has produced a series of bitterly contested 5-to-4 decisions expanding the scope of the states' immunity from suit and, correspondingly, curbing the power of Congress to make federal law fully binding.","abstract":"Supreme Court, in surprising break with its march toward states' rights, rules 6-3 that states can be sued for violating employees' federally guaranteed right to take time off for family emergencies; Chief Justice William Rehnquist is unexpected author of majority ruling rejecting Nevada's claim of constitutional immunity from suit under Family and Medical Leave Act; majority finds federal law narrowly targeted to address persistent, well-documented workplace problem of gender-based discrimination which assumes that caring for family is women's work; suit was brought by male employee, William Hibbs, who was dismissed after taking time off to care for ailing wife; photo (M)","blog":[],"source":"The New York Times","headline":{"main":"JUSTICES, 6-3, RULE WORKERS CAN SUE STATES OVER LEAVE","kicker":"THE SUPREME COURT: STATES' RIGHTS"},"pub_date":"2003-05-28T00:00:00Z","document_type":"article","news_desk":"National Desk","section_name":"Front Page; U.S.","subsection_name":null,"type_of_material":"News","_id":"4fd28f648eb7c8105d866c44"},{"web_url":"http:\/\/www.nytimes.com\/2014\/12\/05\/us\/advocates-seek-civil-rights-bill-for-lesbian-gay-bisexual-and-transgender-americans.html","snippet":"As same-sex marriage gains ground, advocates are planning to seek broader protections akin to those provided for women and racial minorities in 1964....","lead_paragraph":"As same-sex marriage gains ground, advocates are planning to seek broader protections akin to those provided for women and racial minorities in 1964.","abstract":"Gay rights advocates are seeking legislation for broader protection of lesbian, gay, bisexual and transgender people from discrimination; plans for civil rights bill are still in early stages, but advocates envision it to be comparable to 1964 Civil Rights Act.","blog":[],"source":"The New York Times","headline":{"main":"Rights Bill Sought for Lesbian, Gay, Bisexual and Transgender Americans","print_headline":"Rights Bill Sought for Lesbian, Gay, Bisexual and Transgender Americans"},"pub_date":"2014-12-05T00:00:00Z","document_type":"article","news_desk":"National","section_name":"U.S.","subsection_name":null,"type_of_material":"News","_id":"5480949938f0d874625c741b"},{"web_url":"http:\/\/www.nytimes.com\/2010\/08\/27\/world\/asia\/27afghan.html","snippet":"Ten workers for a female parliamentary candidate were abducted by gunmen, and the Taliban claimed responsibility for two deadly attacks....","lead_paragraph":"Ten workers for a female parliamentary candidate were abducted by gunmen, and the Taliban claimed responsibility for two deadly attacks.","abstract":null,"blog":[],"source":"The New York Times","headline":{"seo":"Workers for Female Afghan Politician Are Abducted","main":"Afghan Candidate\u2019s Campaign Workers Abducted","print_headline":"Afghan Female Candidate\u2019s Campaign Workers Abducted"},"pub_date":"2010-08-27T00:00:00Z","document_type":"article","news_desk":"Foreign","section_name":"World","subsection_name":"Asia Pacific","type_of_material":"News","_id":"5419f31b38f0d80959e6beaf"},{"web_url":"http:\/\/www.nytimes.com\/2015\/11\/01\/us\/tactics-and-antagonists-draw-attention-to-houston-rights-vote.html","snippet":"A referendum on Tuesday on an anti-discrimination measure, one that opponents say goes too far, has become a widely watched battle over transgender and gay rights....","lead_paragraph":"A referendum on Tuesday on an anti-discrimination measure, one that opponents say goes too far, has become a widely watched battle over transgender and gay rights.","abstract":"Upcoming referendum to keep or repeal Houston's equal rights ordinance has sparked costly battle between some of city's most powerful conservatives and lesbian Mayor Annise D Parker and her supporters; opponents have narrowed discussion of law's broad protections to issue of gender identity, using advertising tactics that equate transgender men with sexual predators; bitter fight has turned local ordinance into referendum on gay and transgender rights being watched across nation. ","blog":[],"source":"The New York Times","headline":{"main":"Tactics and Antagonists Draw Attention to Houston Rights Vote","print_headline":"Tactics and Antagonists Draw Attention to Houston Vote on Rights Law "},"pub_date":"2015-11-01T00:00:00Z","document_type":"article","news_desk":"National","section_name":"U.S.","subsection_name":null,"type_of_material":"News","_id":"563540f738f0d87d1a1ab6af"},{"web_url":"http:\/\/www.nytimes.com\/2017\/01\/24\/magazine\/who-didnt-go-to-the-womens-march-matters-more-than-who-did.html","snippet":"Millions of women turned out to march last Saturday. But were they marching for everyone?...","lead_paragraph":"Millions of women turned out to march last Saturday. But were they marching for everyone?","abstract":null,"blog":[],"source":"The New York Times","headline":{"main":"Who Didn\u2019t Go to the Women\u2019s March Matters More Than Who Did","content_kicker":"Notebook","kicker":"Notebook"},"pub_date":"2017-01-24T16:27:20+0000","document_type":"article","news_desk":"Magazine","section_name":"Magazine","subsection_name":null,"type_of_material":"News","_id":"588780717c459f2525d1857e"},{"web_url":"http:\/\/cityroom.blogs.nytimes.com\/2012\/01\/12\/plea-agreement-for-officer-accused-of-civil-rights-violation\/","snippet":"Michael Daragjati, who was recorded last April using a racial slur to brag about the arrest of the black man, has reached an agreement with prosecutors to plead guilty....","lead_paragraph":"A white New York City police officer who was charged with violating the civil rights of a black man on Staten Island has reached an agreement with prosecutors to plead guilty, his lawyer said on Thursday.","abstract":"Michael Daragjati, who was recorded last April using a racial slur to brag about the arrest of the black man, has reached an agreement with prosecutors to plead guilty.","blog":[],"source":"The New York Times","headline":{"main":"Plea Deal for Officer Accused of Civil Rights Violation","kicker":"City Room"},"pub_date":"2012-01-12T14:06:15Z","document_type":"blogpost","news_desk":null,"section_name":"N.Y. \/ Region","subsection_name":null,"type_of_material":"Blog","_id":"4fd3a2e88eb7c8105d8eb77f"},{"web_url":"http:\/\/www.nytimes.com\/2009\/10\/31\/us\/31brfs-KINGDAUGHTER_BRF.html","snippet":"The Rev. Bernice King, daughter of the Rev. Dr. Martin Luther King Jr., has been chosen as the first female president of the Southern Christian Leadership Conference....","lead_paragraph":"The Rev. Bernice King, daughter of the Rev. Dr. Martin Luther King Jr., has been chosen as the first female president of the Southern Christian Leadership Conference.","abstract":null,"blog":[],"source":"The New York Times","headline":{"main":"Georgia: King Daughter Is Elected","print_headline":"Georgia: King Daughter Is Elected","content_kicker":"National Briefing | SOUTH"},"pub_date":"2009-10-31T00:00:00Z","document_type":"article","news_desk":"National","section_name":"U.S.","subsection_name":null,"type_of_material":"Brief","_id":"5457eb5f38f0d8086c45d9a0"},{"web_url":"http:\/\/cityroom.blogs.nytimes.com\/2012\/01\/24\/officer-pleads-guilty-to-civil-rights-violation\/","snippet":"Michael Daragjati, a white police officer, admitted to violating the civil rights of a black man on Staten Island, and also pleaded guilty to extortion....","lead_paragraph":"5:01 p.m. | Updated A white New York City police officer pleaded guilty on Tuesday to violating the civil rights of a black man on Staten Island by charging him with resisting arrest knowing that there was no probable cause to support the charge.","abstract":"Michael Daragjati, a white police officer, admitted to violating the civil rights of a black man on Staten Island, and also pleaded guilty to extortion.","blog":[],"source":"The New York Times","headline":{"main":"Officer Pleads Guilty to Civil Rights Violation","kicker":"City Room"},"pub_date":"2012-01-24T14:10:42Z","document_type":"blogpost","news_desk":null,"section_name":"N.Y. \/ Region","subsection_name":null,"type_of_material":"Blog","_id":"4fd3a2728eb7c8105d8ea63c"},{"web_url":"http:\/\/www.nytimes.com\/2011\/11\/23\/world\/middleeast\/23iht-letter23.html","snippet":"After the overthrow of the regime of Col. Muammar el-Qaddafi, women are voicing their hopes for bigger roles in politics and society, but fears remain....","lead_paragraph":"After the overthrow of the regime of Col. Muammar el-Qaddafi, women are voicing their hopes for bigger roles in politics and society, but fears remain.","abstract":null,"blog":[],"source":"International Herald Tribune","headline":{"main":"For Women in Libya, a Long Road to Rights","print_headline":"For Women in Libya, a Long Road to Rights","content_kicker":"The Female Factor"},"pub_date":"2011-11-23T16:45:00Z","document_type":"article","news_desk":"Foreign","section_name":"World","subsection_name":"Middle East","type_of_material":"News","_id":"5403740c38f0d80e250f3eda"},{"web_url":"http:\/\/india.blogs.nytimes.com\/2012\/06\/20\/goa-points-the-way-for-women\/","snippet":"After you have spent some time in relatively conservative northern India, the state of Goa can give the impression of a feminist paradise....","lead_paragraph":null,"abstract":"After you have spent some time in relatively conservative northern India, the state of Goa can give the impression of a feminist paradise.","blog":[],"source":"The New York Times","headline":{"main":"Goa Points the Way for Women","kicker":"India Ink"},"pub_date":"2012-06-20T03:17:13Z","document_type":"blogpost","news_desk":null,"section_name":"World","subsection_name":"Asia Pacific","type_of_material":"Blog","_id":"4fe1f6a0439ee47a72ecba25"},{"web_url":"http:\/\/www.nytimes.com\/2012\/12\/05\/world\/asia\/05iht-letter05.html","snippet":"They call themselves the Volunteers, a growing band of young Chinese who stage playful but pointed public protests for greater rights for women....","lead_paragraph":"They call themselves the Volunteers, a growing band of young Chinese who stage playful but pointed public protests for greater rights for women.","abstract":null,"blog":[],"source":"International Herald Tribune","headline":{"main":"A Merry Band of Rights Pranksters","print_headline":"A Merry Band of Rights Pranksters","content_kicker":"Letter from China"},"pub_date":"2012-12-05T13:00:00Z","document_type":"article","news_desk":"Foreign","section_name":"World","subsection_name":"Asia Pacific","type_of_material":"News","_id":"50be625300315214fbb7d588"},{"web_url":"http:\/\/www.nytimes.com\/aponline\/2015\/09\/19\/us\/politics\/ap-us-obama.html","snippet":"President Barack Obama paid tribute Saturday to black women for their role in helping shape American democracy, calling them \"the thinkers and the doers\" who made things happen at the height of the civil rights movement half a century ago....","lead_paragraph":"President Barack Obama paid tribute Saturday to black women for their role in helping shape American democracy, calling them \"the thinkers and the doers\" who made things happen at the height of the civil rights movement half a century ago.","abstract":null,"blog":[],"source":"AP","headline":{"main":"Obama Pays Tribute to Female Civil Rights Leaders","print_headline":"Obama Pays Tribute to Female Civil Rights Leaders"},"pub_date":"2015-09-19T09:28:26Z","document_type":"article","news_desk":"None","section_name":"U.S.","subsection_name":"Politics","type_of_material":"News","_id":"55fd63b938f0d86e9cb6101e"},{"web_url":"http:\/\/www.nytimes.com\/1982\/07\/09\/us\/supreme-court-term-divisions-over-rights-news-analysis.html","snippet":"In its term that ended last week, a deeply divided Supreme Court granted new constitutional rights to illegal aliens, retarded people in state institutions and public school students fighting the politically motivated removal of books from school ...","lead_paragraph":"In its term that ended last week, a deeply divided Supreme Court granted new constitutional rights to illegal aliens, retarded people in state institutions and public school students fighting the politically motivated removal of books from school libaries. At the same time, the Court made it more difficult to seek some rights in the Federal courts. It placed new barriers in the path of prisoners seeking to challenge their convictions in Federal court and giving government officials new protection against suits by citizens whose rights they may have violated. Many of the Court's most important rulings this year seemed more the product of fragile and shifting coalitions among the Justices than of any overriding vision of the law or the Constitution. Among the numerous 5-to-4 decisions were those holding that the President of the United States is absolutely immune from civil suit for illegal or unconstitutional acts taken in his term, that illegal alien children are entitled to a free public education, that male students may not be barred from a state-operated school of nursing and that the Constitution limits the discretion of school boards to remove books from library shelves.","abstract":null,"blog":[],"source":"The New York Times","headline":{"main":"News Analysis","kicker":"SUPREME COURT TERM: DIVISIONS OVER RIGHTS"},"pub_date":"1982-07-09T00:00:00Z","document_type":"article","news_desk":"National Desk","section_name":"Front Page; Education; U.S.; Books","subsection_name":null,"type_of_material":"An Analysis","_id":"4fd125928eb7c8105d5ebaf7"},{"web_url":"http:\/\/www.nytimes.com\/2015\/09\/28\/world\/asia\/china-united-nations-womens-rights.html","snippet":"The Chinese president\u2019s remarks came at a United Nations conference Sunday where world leaders promised to change their laws and practices to advance gender equality....","lead_paragraph":"The Chinese president\u2019s remarks came at a United Nations conference Sunday where world leaders promised to change their laws and practices to advance gender equality.","abstract":"Chinese Pres Xi Jinping promises to reaffirm his government's commitment to gender equality at United Nations conference of global leaders, which marks 20th anniversary of landmark UN summit in Beijing regarding gender equality; analysts say event, which was jointly hosted by China, was meant to showcase China's ascendancy, but highlighted tensions over human rights issues between United States and China.","blog":[],"source":"The New York Times","headline":{"main":"Xi Jinping Vows to \u2018Reaffirm\u2019 China\u2019s Commitment to Women\u2019s Rights","print_headline":" Xi Vows to &#8216;Reaffirm&#8217; Women&#8217;s Rights Efforts"},"pub_date":"2015-09-28T00:00:00Z","document_type":"article","news_desk":"Foreign","section_name":"World","subsection_name":"Asia Pacific","type_of_material":"News","_id":"5608668138f0d826487997ff"}]