[{"web_url":"http:\/\/www.nytimes.com\/slideshow\/2013\/06\/13\/education\/17educlede.html","snippet":"Japanese universities are pushing to increase female enrollment in science and technology, despite a culture that pushes most women toward the humanities....","lead_paragraph":"Japanese universities are pushing to increase female enrollment in science and technology, despite a culture that pushes most women toward the humanities.","abstract":null,"blog":[],"source":"The New York Times","headline":{"main":"Making Science Attractive for Women"},"pub_date":"2013-06-13T00:00:00Z","document_type":"multimedia","news_desk":"Education","section_name":"Education","subsection_name":null,"type_of_material":"Slideshow","_id":"51be2de17e0d9c0839d28cf9"},{"web_url":"http:\/\/www.nytimes.com\/2017\/02\/10\/movies\/star-wars-women-visual-effects.html","snippet":"Behind the scenes, female executives and visual effects experts have been working to bring gender equity to a specialty field....","lead_paragraph":"Behind the scenes, female executives and visual effects experts have been working to bring gender equity to a specialty field.","abstract":null,"blog":[],"source":"The New York Times","headline":{"main":"The Women of \u2018Star Wars.\u2019 (It\u2019s Not Who You Think.)","print_headline":"The Women Behind the Force"},"pub_date":"2017-02-10T12:00:16+0000","document_type":"article","news_desk":"Arts&Leisure","section_name":"Movies","subsection_name":null,"type_of_material":"News","_id":"589dab577c459f2525d1b85d"},{"web_url":"http:\/\/www.nytimes.com\/2017\/02\/14\/dining\/chef-dominique-crenn.html","snippet":"The San Francisco chef is suddenly one of the world\u2019s most acclaimed and visible cooks \u2014 and one of the few women ranked alongside men....","lead_paragraph":"The San Francisco chef is suddenly one of the world\u2019s most acclaimed and visible cooks \u2014 and one of the few women ranked alongside men.","abstract":null,"blog":[],"source":"The New York Times","headline":{"main":"Does Fame Have a Recipe? Dominique Crenn\u2019s Fast Rise","print_headline":"Here, There  and Rising"},"pub_date":"2017-02-14T18:00:08+0000","document_type":"article","news_desk":"Dining","section_name":"Food","subsection_name":null,"type_of_material":"News","_id":"58a345af7c459f2525d1c538"},{"web_url":"http:\/\/www.nytimes.com\/2017\/01\/20\/business\/dealbook\/world-economic-forum-davos-women-gender-inequality.html","snippet":"Following a behavioral economist from Harvard as she navigates the World Economic Forum in Davos, Switzerland, where 80 percent of the participants are men....","lead_paragraph":"Following a behavioral economist from Harvard as she navigates the World Economic Forum in Davos, Switzerland, where 80 percent of the participants are men.","abstract":null,"blog":[],"source":"The New York Times","headline":{"main":"A Gathering of the Global Elite, Through a Woman\u2019s Eyes","print_headline":"Global Elite, as Viewed by a Woman"},"pub_date":"2017-01-20T10:00:19+0000","document_type":"article","news_desk":"Business","section_name":"Business Day","subsection_name":"DealBook","type_of_material":"News","_id":"5881dfc27c459f2525d17ac1"},{"web_url":"http:\/\/topics.nytimes.com\/top\/news\/technology\/columns\/q_and_a\/index.html","snippet":"J.D. Biersdorfer has been writing the computer Q &amp; A column for the Circuits section of The New York Times since 1998. She is deeply interested in the collision of technology and popular culture, and has written about everything from 17th-cent...","lead_paragraph":"<p>J.D. Biersdorfer has been writing the computer Q &amp; A column for the Circuits section of The New York Times since 1998. She is deeply interested in the collision of technology and popular culture, and has written about everything from 17th-century Indian art to the world of female hackers for The Times. Her work has also appeared in Rolling Stone, Budget Travel and the AIGA Journal of Graphic Design. In addition to being the production editor of The New York Times Book Review, she is also the author of iPod: The Missing Manual and The iPod Shuffle Fan Book. She is co-author of the second edition of Google: The Missing Manual and The Internet: The Missing Manual (with David Pogue).<\/p>","abstract":null,"blog":[],"source":null,"headline":{"main":"Q & A (Technology Column)"},"pub_date":null,"document_type":"topic","news_desk":null,"section_name":"Technology","subsection_name":null,"type_of_material":"timestopic","_id":"51f92d3b38f0d807d77622c4"},{"web_url":"http:\/\/www.nytimes.com\/2016\/12\/30\/business\/why-arent-there-more-female-billionaires.html","snippet":"A study shows that women are making inroads among the wealthy, but that their ranks at the very top of the earnings ladder are still remarkably thin....","lead_paragraph":"A study shows that women are making inroads among the wealthy, but that their ranks at the very top of the earnings ladder are still remarkably thin.","abstract":null,"blog":[],"source":"The New York Times","headline":{"main":"Why Aren\u2019t There More Female Billionaires?","content_kicker":"Inside Wealth","kicker":"Inside Wealth","print_headline":"Plenty of Billionaires, but Few Are Women"},"pub_date":"2016-12-30T18:57:49+0000","document_type":"article","news_desk":"SundayBusiness","section_name":"Business Day","subsection_name":null,"type_of_material":"News","_id":"5866ae317c459f2525d143c8"},{"web_url":"http:\/\/www.nytimes.com\/2017\/02\/05\/business\/dealbook\/fortune-500-board-directors-diversity.html","snippet":"Women and minorities occupied nearly 31 percent of the board seats of Fortune 500 companies in 2016. But white men still held more than two-thirds of the positions....","lead_paragraph":"Women and minorities occupied nearly 31 percent of the board seats of Fortune 500 companies in 2016. But white men still held more than two-thirds of the positions.","abstract":null,"blog":[],"source":"The New York Times","headline":{"main":"Study Finds Only Modest Gains by Women and Minorities on Fortune 500 Boards","print_headline":"Study Finds Only Modest Gains by Women and Minorities on Fortune 500 Boards"},"pub_date":"2017-02-05T22:00:25+0000","document_type":"article","news_desk":"Business","section_name":"Business Day","subsection_name":"DealBook","type_of_material":"News","_id":"5897a0857c459f2525d1a962"},{"web_url":"http:\/\/www.nytimes.com\/2017\/02\/23\/science\/mildred-dresselhaus-dead-queen-of-carbon.html","snippet":"Dr. Dresselhaus, who helped transform carbon into the superstar of modern materials science, was renowned for her efforts to promote the cause of women in science....","lead_paragraph":"Dr. Dresselhaus, who helped transform carbon into the superstar of modern materials science, was renowned for her efforts to promote the cause of women in science.","abstract":null,"blog":[],"source":"The New York Times","headline":{"main":"Mildred Dresselhaus, the Queen of Carbon, Dies at 86","print_headline":"Mildred Dresselhaus, Who Pioneered Revolution in Carbon Use, Dies at 86"},"pub_date":"2017-02-24T01:32:59+0000","document_type":"article","news_desk":"National","section_name":"Science","subsection_name":null,"type_of_material":"Obituary (Obit)","_id":"58af8d547c459f2525d1e359"},{"web_url":"http:\/\/www.nytimes.com\/2016\/10\/21\/technology\/sequoia-capital-hires-first-female-investment-partner-in-us.html","snippet":"Jess Lee, 33, an entrepreneur and the former chief executive of Polyvore, a fashion start-up, will join Sequoia in November....","lead_paragraph":"Jess Lee, 33, an entrepreneur and the former chief executive of Polyvore, a fashion start-up, will join Sequoia in November.","abstract":null,"blog":[],"source":"The New York Times","headline":{"main":"Sequoia Capital Hires First Female Investment Partner in U.S."},"pub_date":"2016-10-20T23:34:07+0000","document_type":"article","news_desk":"Business","section_name":"Technology","subsection_name":null,"type_of_material":"News","_id":"580954717c459f606398ae53"},{"web_url":"http:\/\/www.nytimes.com\/2015\/07\/27\/opinion\/improving-gender-equity-in-medical-research.html","snippet":"Readers discuss the need for more female subjects....","lead_paragraph":"Readers discuss the need for more female subjects.","abstract":null,"blog":[],"source":"The New York Times","headline":{"main":"Improving Gender Equity in Medical Research","content_kicker":"Letters","kicker":"Letters","print_headline":"Improving Gender Equity in Medical Research"},"pub_date":"2015-07-27T00:00:00Z","document_type":"article","news_desk":"Letters","section_name":"Opinion","subsection_name":null,"type_of_material":"Letter","_id":"55b5dbe338f0d8556445e877"},{"web_url":"http:\/\/www.nytimes.com\/reuters\/2017\/01\/18\/business\/18reuters-oracle-usa-labor.html","snippet":"The U.S. Labor Department has sued Oracle America Inc, alleging that the technology company systematically paid its white, male employees more than other workers and unlawfully favored Asian applicants in its recruiting and hiring efforts....","lead_paragraph":"The U.S. Labor Department has sued Oracle America Inc, alleging that the technology company systematically paid its white, male employees more than other workers and unlawfully favored Asian applicants in its recruiting and hiring efforts.","abstract":null,"blog":[],"source":"Reuters","headline":{"main":"U.S. Sues Oracle, Alleges Salary and Hiring Discrimination","print_headline":"U.S. Sues Oracle, Alleges Salary and Hiring Discrimination"},"pub_date":"2017-01-18T18:18:37+0000","document_type":"article","news_desk":null,"section_name":"Business Day","subsection_name":null,"type_of_material":"News","_id":"587fb1857c459f2525d17435"},{"web_url":"http:\/\/www.nytimes.com\/reuters\/2017\/02\/27\/technology\/27reuters-uber-tech-sexual-harassment-singhal.html","snippet":"Uber Technologies Inc [UBER.UL] has asked a senior executive to leave the company for failing to disclose a sexual harassment allegation stemming from his tenure at Alphabet Inc's Google, an Uber spokeswoman said on Monday....","lead_paragraph":"Uber Technologies Inc [UBER.UL] has asked a senior executive to leave the company for failing to disclose a sexual harassment allegation stemming from his tenure at Alphabet Inc's Google, an Uber spokeswoman said on Monday.","abstract":null,"blog":[],"source":"Reuters","headline":{"main":"Uber Asks Exec to Resign for Not Disclosing Sexual Harassment Allegation","print_headline":"Uber Asks Exec to Resign for Not Disclosing Sexual Harassment Allegation"},"pub_date":"2017-02-27T21:12:30+0000","document_type":"article","news_desk":null,"section_name":"Technology","subsection_name":null,"type_of_material":"News","_id":"58b496417c459f2525d1ed04"},{"web_url":"http:\/\/www.nytimes.com\/reuters\/2017\/02\/20\/business\/20reuters-uber-tech-sexual-harassment.html","snippet":"Uber Technologies Inc has hired former U.S. Attorney General Eric Holder to conduct a review of sexual harassment claims at the ride-hailing service made by a former employee....","lead_paragraph":"Uber Technologies Inc has hired former U.S. Attorney General Eric Holder to conduct a review of sexual harassment claims at the ride-hailing service made by a former employee.","abstract":null,"blog":[],"source":"Reuters","headline":{"main":"Uber Hires Ex-U.S. Attorney General Holder to Probe Sexual Harassment","print_headline":"Uber Hires Ex-U.S. Attorney General Holder to Probe Sexual Harassment"},"pub_date":"2017-02-20T05:42:30+0000","document_type":"article","news_desk":null,"section_name":"Business Day","subsection_name":null,"type_of_material":"News","_id":"58aa81ce7c459f2525d1d71b"},{"web_url":"http:\/\/www.nytimes.com\/reuters\/2017\/02\/27\/world\/asia\/27reuters-australia-un-violence-woman.html","snippet":"Australia is failing to protect its female indigenous people from violence, which is aggravated by high levels of inequity, the United Nations said on Monday....","lead_paragraph":"Australia is failing to protect its female indigenous people from violence, which is aggravated by high levels of inequity, the United Nations said on Monday.","abstract":null,"blog":[],"source":"Reuters","headline":{"main":"Australia Must Do More to Protect Indigenous Women: U.N.","print_headline":"Australia Must Do More to Protect Indigenous Women: U.N."},"pub_date":"2017-02-27T06:51:41+0000","document_type":"article","news_desk":null,"section_name":"World","subsection_name":"Asia Pacific","type_of_material":"News","_id":"58b3cc847c459f2525d1ead9"},{"web_url":"http:\/\/www.nytimes.com\/aponline\/2017\/01\/18\/technology\/ap-us-tec-oracle-discrimination-suit.html","snippet":"The U.S. Department of Labor has filed a lawsuit against Oracle, claiming that the technology giant has a \"systemic practice\" of paying white male workers more than their non-white and female counterparts with the same job titles....","lead_paragraph":"The U.S. Department of Labor has filed a lawsuit against Oracle, claiming that the technology giant has a \"systemic practice\" of paying white male workers more than their non-white and female counterparts with the same job titles.","abstract":null,"blog":[],"source":"AP","headline":{"main":"US Sues Oracle, Says It Pays White Men More Than Others","print_headline":"US Sues Oracle, Says It Pays White Men More Than Others"},"pub_date":"2017-01-18T20:06:49+0000","document_type":"article","news_desk":null,"section_name":"Technology","subsection_name":null,"type_of_material":"News","_id":"587fcadf7c459f2525d1749c"},{"web_url":"http:\/\/www.nytimes.com\/reuters\/2017\/02\/07\/technology\/07reuters-tech-diversity.html","snippet":"About a quarter of U.S. workers in the technology sector, which has faced criticism for a lack of diversity, said they felt discrimination at their workplace in a survey released on Tuesday by job site Indeed.com....","lead_paragraph":"About a quarter of U.S. workers in the technology sector, which has faced criticism for a lack of diversity, said they felt discrimination at their workplace in a survey released on Tuesday by job site Indeed.com. ","abstract":null,"blog":[],"source":"Reuters","headline":{"main":"Quarter of U.S. Tech Workers Perceive Discrimination: Survey","print_headline":"Quarter of U.S. Tech Workers Perceive Discrimination: Survey"},"pub_date":"2017-02-08T01:00:29+0000","document_type":"article","news_desk":null,"section_name":"Technology","subsection_name":null,"type_of_material":"News","_id":"589a6db87c459f2525d1afbd"},{"web_url":"http:\/\/www.nytimes.com\/2017\/01\/13\/business\/mutfund\/a-trillion-dollar-question-why-dont-more-women-run-mutual-funds.html","snippet":"Only 9.4 percent of American mutual fund managers are women. The hiring pipeline needs work from start to finish....","lead_paragraph":"Only 9.4 percent of American mutual fund managers are women. The hiring pipeline needs work from start to finish.","abstract":null,"blog":[],"source":"The New York Times","headline":{"main":"A Trillion-Dollar Question: Why Don\u2019t More Women Run Mutual Funds?","print_headline":"A Trillion-Dollar Puzzle"},"pub_date":"2017-01-13T20:43:16+0000","document_type":"article","news_desk":"SundayBusiness","section_name":"Business Day","subsection_name":"Mutual Funds","type_of_material":"News","_id":"58793be97c459f2525d167d1"},{"web_url":"http:\/\/www.nytimes.com\/2014\/07\/02\/opinion\/women-leaving-jobs.html","snippet":"David Ruth of the Elsevier Foundation writes about the need to retain our female STEM work force....","lead_paragraph":"David Ruth of the Elsevier Foundation writes about the need to retain our female STEM work force.","abstract":null,"blog":[],"source":"The New York Times","headline":{"main":"Women Leaving Jobs","kicker":"Letter","print_headline":"Women Leaving Jobs","content_kicker":"Letter"},"pub_date":"2014-07-02T00:00:00Z","document_type":"article","news_desk":"Letters","section_name":"Opinion","subsection_name":null,"type_of_material":"Letter","_id":"53b329fd38f0d841fe32d7f2"},{"web_url":"http:\/\/www.nytimes.com\/2013\/03\/13\/opinion\/women-in-agriculture.html","snippet":"Women Thrive Worldwide responds to an Op-Ed article, \u201cThe Feminization of Farming.\u201d...","lead_paragraph":"Women Thrive Worldwide responds to an Op-Ed article, \u201cThe Feminization of Farming.\u201d","abstract":null,"blog":[],"source":"The New York Times","headline":{"main":"Women in Agriculture","kicker":"Letter","print_headline":"Women in Agriculture","content_kicker":"Letter"},"pub_date":"2013-03-13T00:00:00Z","document_type":"article","news_desk":"Letters","section_name":"Opinion","subsection_name":null,"type_of_material":"Letter","_id":"51409c18cf28d02e3d0000a0"},{"web_url":"http:\/\/www.nytimes.com\/aponline\/2017\/01\/06\/world\/europe\/ap-eu-poland-politics.html","snippet":"The leader of Poland's popular anti-government movement is under pressure to explain why funds from public collections for the movement have gone to his information technology company....","lead_paragraph":"The leader of Poland's popular anti-government movement is under pressure to explain why funds from public collections for the movement have gone to his information technology company.","abstract":null,"blog":[],"source":"AP","headline":{"main":"Funds From Polish Protest Movement Went to Leader's Firm","print_headline":"Funds From Polish Protest Movement Went to Leader's Firm"},"pub_date":"2017-01-06T18:04:04+0000","document_type":"article","news_desk":null,"section_name":"World","subsection_name":"Europe","type_of_material":"News","_id":"586fdc1b7c459f2525d153ab"}]