[{"web_url":"https:\/\/www.nytimes.com\/2017\/03\/02\/world\/europe\/political-strategy-for-europes-far-right-female-leaders-wooing-female-voters.html","snippet":"Women are leading, or have recently led, what were once fringe parties \u2014 pushing their extremist views to the mainstream with an appeal to women who vote....","lead_paragraph":"Women are leading, or have recently led, what were once fringe parties \u2014 pushing their extremist views to the mainstream with an appeal to women who vote.","abstract":null,"blog":[],"source":"The New York Times","headline":{"main":"On Europe\u2019s Far Right, Female Leaders Look to Female Voters","kicker":"Memo From the United Nations","print_headline":"Europe\u2019s Far Right: Female Leaders Wooing Female Voters","content_kicker":"Memo From the United Nations"},"pub_date":"2017-03-02T14:30:27+0000","document_type":"article","news_desk":"Foreign","section_name":"World","subsection_name":"Europe","type_of_material":"News","_id":"58b82c8c95d0e024902fd233"},{"web_url":"http:\/\/www.nytimes.com\/2010\/10\/18\/business\/global\/18forum.html","snippet":"The greater presence of men at this year\u2019s forum is indicative of a shift among prominent women towards the idea that men are key to the next stage of women\u2019s advancement....","lead_paragraph":"The greater presence of men at this year\u2019s forum is indicative of a shift among prominent women towards the idea that men are key to the next stage of women\u2019s advancement.","abstract":null,"blog":[],"source":"International Herald Tribune","headline":{"main":"Plenty of Suits and Ties at Annual Women\u2019s Business Forum","content_kicker":"Female Factor","kicker":"The Female Factor","print_headline":"Plenty of Suits and Ties at Annual Women's Business Forum"},"pub_date":"2010-10-18T00:00:00Z","document_type":"article","news_desk":"Business","section_name":"Business Day","subsection_name":"Global Business","type_of_material":"News","_id":"541bc16f38f0d8296cb100cf"},{"web_url":"https:\/\/www.nytimes.com\/2017\/03\/05\/world\/africa\/liberia-president-ellen-johnson-sirleaf-women-voters.html","snippet":"The story of how Liberian women upended centuries of male rule in 2005 has acquired a keen relevance as American women who supported Hillary Clinton grapple with the whys of November\u2019s election....","lead_paragraph":"The story of how Liberian women upended centuries of male rule in 2005 has acquired a keen relevance as American women who supported Hillary Clinton grapple with the whys of November\u2019s election.","abstract":null,"blog":[],"source":"The New York Times","headline":{"main":"How Liberian Women Delivered Africa\u2019s First Female President","print_headline":"How Women Delivered Africa\u2019s First Female President"},"pub_date":"2017-03-05T22:32:28+0000","document_type":"article","news_desk":"Foreign","section_name":"World","subsection_name":"Africa","type_of_material":"News","_id":"58bc920595d0e024902fda91"},{"web_url":"http:\/\/www.nytimes.com\/2013\/03\/13\/world\/europe\/13iht-letter13.html","snippet":"The broader backdrop of British politics suggests the likelihood of having a woman lead Britain again any time soon is remarkably slim....","lead_paragraph":"The broader backdrop of British politics suggests the likelihood of having a woman lead Britain again any time soon is remarkably slim.","abstract":null,"blog":[],"source":"International Herald Tribune","headline":{"main":"Weak Odds for Women in Britain","print_headline":"Weak Odds for Women in Britain","content_kicker":"The Female Factor"},"pub_date":"2013-03-13T16:45:00Z","document_type":"article","news_desk":"Foreign","section_name":"World","subsection_name":"Europe","type_of_material":"News","_id":"513f1fddcf28d04ae00025a7"},{"web_url":"http:\/\/www.nytimes.com\/2011\/12\/07\/world\/asia\/07iht-letter07.html","snippet":"Field workers say the official estimate of 10,000 homeless women in the Indian capital is too low, and there is ample evidence that those who are there face a bitter struggle for survival....","lead_paragraph":"Field workers say the official estimate of 10,000 homeless women in the Indian capital is too low, and there is ample evidence that those who are there face a bitter struggle for survival.","abstract":null,"blog":[],"source":"International Herald Tribune","headline":{"main":"Invisible Among the Uncounted","print_headline":"Invisible Among the Uncounted","content_kicker":"The Female Factor"},"pub_date":"2011-12-07T13:20:00Z","document_type":"article","news_desk":"Foreign","section_name":"World","subsection_name":"Asia Pacific","type_of_material":"News","_id":"5403ecba38f0d80e250f45f9"},{"web_url":"http:\/\/www.nytimes.com\/2011\/01\/21\/arts\/21iht-women21.html","snippet":"In some numbers now, female artists are forging images and voices....","lead_paragraph":"In some numbers now, female artists are forging images and voices.","abstract":null,"blog":[],"source":"International Herald Tribune","headline":{"main":"Bringing a Woman's Touch to Chinese Art Scene","print_headline":"Bringing a Woman's Touch to Chinese Art Scene","content_kicker":"Female Factor"},"pub_date":"2011-01-21T00:00:00Z","document_type":"article","news_desk":"Culture","section_name":"Arts","subsection_name":null,"type_of_material":"News","_id":"540fbf4638f0d87641c68214"},{"web_url":"http:\/\/www.nytimes.com\/2010\/11\/24\/us\/24iht-letter.html","snippet":"The 112th U.S. Congress will have a record number of eight new Republican women, who are different from established female Republican officeholders and most of the Democratic women on Capitol Hill....","lead_paragraph":"The 112th U.S. Congress will have a record number of eight new Republican women, who are different from established female Republican officeholders and most of the Democratic women on Capitol Hill.","abstract":null,"blog":[],"source":"International Herald Tribune","headline":{"main":"The Women Who Would Be Ms. Palin","content_kicker":"The Female Factor","print_headline":"The Women Who Would Be Ms. Palin"},"pub_date":"2010-11-24T00:00:00Z","document_type":"article","news_desk":"Foreign","section_name":"U.S.","subsection_name":null,"type_of_material":"News","_id":"5422335438f0d83c6e5b7c7f"},{"web_url":"http:\/\/www.nytimes.com\/2010\/11\/18\/sports\/18SAUDISPORTS.html","snippet":"Physical activity is forbidden in Saudi Arabia\u2019s state-run girls\u2019 schools, and the country is one of the few that have not sent women to the Olympic Games....","lead_paragraph":"Physical activity is forbidden in Saudi Arabia\u2019s state-run girls\u2019 schools, and the country is one of the few that have not sent women to the Olympic Games.","abstract":null,"blog":[],"source":"The New York Times","headline":{"seo":"For Saudi Women, Biggest Challenge Is Getting to Play","main":"For Saudi Women, Biggest Challenge Is Getting to Play","content_kicker":"The Female Factor","kicker":"The Female Factor","print_headline":"Saudi Women\nAnd the Right\nTo Play Sports"},"pub_date":"2010-11-18T00:00:00Z","document_type":"article","news_desk":"Sports","section_name":"Sports","subsection_name":null,"type_of_material":"News","_id":"54222f1438f0d83c6e5b7c23"},{"web_url":"http:\/\/www.nytimes.com\/2010\/11\/17\/world\/asia\/17iht-letter.html","snippet":"This year was the first time that women won the majority of medals awarded to India at the Commonwealth Games, and few of them are from socially privileged or wealthy families....","lead_paragraph":"This year was the first time that women won the majority of medals awarded to India at the Commonwealth Games, and few of them are from socially privileged or wealthy families.","abstract":null,"blog":[],"source":"The New York Times","headline":{"main":"In Sports, a Boost for Rural Indian Women","content_kicker":"The Female Factor","kicker":"The Female Factor","print_headline":"In Sports, a Boost for Rural Indian Women"},"pub_date":"2010-11-17T00:00:00Z","document_type":"article","news_desk":"Foreign","section_name":"World","subsection_name":"Asia Pacific","type_of_material":"News","_id":"54222e4438f0d83c6e5b7c12"},{"web_url":"http:\/\/www.nytimes.com\/2010\/04\/28\/world\/asia\/28iht-quotas.html","snippet":"More than a million women have come to power as village chiefs since a constitutional amendment was passed in 1993. A bill being considered would offer women even more opportunities....","lead_paragraph":"More than a million women have come to power as village chiefs since a constitutional amendment was passed in 1993. A bill being considered would offer women even more opportunities.","abstract":null,"blog":[],"source":"International Herald Tribune","headline":{"main":"Women Spreading Political Wings With Help of India's Quota System","content_kicker":"The Female Factor","kicker":"The Female Factor","print_headline":"Women Spreading Political Wings With Help of India's Quota System"},"pub_date":"2010-04-28T00:00:00Z","document_type":"article","news_desk":"Foreign","section_name":"World","subsection_name":"Asia Pacific","type_of_material":"News","_id":"544592cf38f0d832c813ef5a"},{"web_url":"http:\/\/www.nytimes.com\/2010\/01\/28\/world\/28sallie.html","snippet":"Even as Sallie Krawcheck makes a prominent comeback at Bank of America, there is deep anxiety among women in finance that their career paths are narrowing....","lead_paragraph":"Even as Sallie Krawcheck makes a prominent comeback at Bank of America, there is deep anxiety among women in finance that their career paths are narrowing.","abstract":null,"blog":[],"source":"The New York Times","headline":{"seo":"Setbacks Seen for Women on Wall Street","main":"Where Are the Women on Wall Street?","content_kicker":"The Female Factor","kicker":"The Female Factor","print_headline":"Fewer Women Betting on Wall Street Careers"},"pub_date":"2010-01-28T00:00:00Z","document_type":"article","news_desk":"Business","section_name":"World","subsection_name":null,"type_of_material":"Series","_id":"54381c5b38f0d83c143b8b0b"},{"web_url":"http:\/\/www.nytimes.com\/2012\/05\/02\/world\/americas\/02iht-letter02.html","snippet":"The Latin America-Caribbean region has more female heads of state and heads of government than any other area and a higher percentage of female members of parliament....","lead_paragraph":"The Latin America-Caribbean region has more female heads of state and heads of government than any other area and a higher percentage of female members of parliament.","abstract":null,"blog":[],"source":"International Herald Tribune","headline":{"main":"Latin America Opens Up to Equality","print_headline":"Latin America Opens Up to Equality","content_kicker":"The Female Factor"},"pub_date":"2012-05-02T14:20:00Z","document_type":"article","news_desk":"Foreign","section_name":"World","subsection_name":"Americas","type_of_material":"News","_id":"53f6471738f0d821a37b1f5d"},{"web_url":"http:\/\/www.nytimes.com\/2012\/04\/11\/world\/europe\/11iht-letter11.html","snippet":"Millions of Muslims are worried that deadly attacks in France by a radical Muslim will increase Islamophobia in the West....","lead_paragraph":"Millions of Muslims are worried that deadly attacks in France by a radical Muslim will increase Islamophobia in the West.","abstract":null,"blog":[],"source":"International Herald Tribune","headline":{"main":"Muslims in France Waiting for the Backlash","print_headline":"Muslims in France Waiting for the Backlash","content_kicker":"The Female Factor"},"pub_date":"2012-04-11T17:45:00Z","document_type":"article","news_desk":"Foreign","section_name":"World","subsection_name":"Europe","type_of_material":"News","_id":"53f58dd538f0d87ef470e73c"},{"web_url":"http:\/\/www.nytimes.com\/2012\/02\/22\/world\/europe\/22iht-letter22.html","snippet":"Ireland's abortion policies are the strictest in Europe, but the Irish government may be about to address the previously unapproachable: whether to loosen restrictions on ending a pregnancy....","lead_paragraph":"Ireland's abortion policies are the strictest in Europe, but the Irish government may be about to address the previously unapproachable: whether to loosen restrictions on ending a pregnancy.","abstract":null,"blog":[],"source":"International Herald Tribune","headline":{"main":"Irish Poised to Revisit Abortion Law","print_headline":"Irish Poised to Revisit Abortion Law","content_kicker":"The Female Factor"},"pub_date":"2012-02-22T13:20:00Z","document_type":"article","news_desk":"Foreign","section_name":"World","subsection_name":"Europe","type_of_material":"News","_id":"53f3ce9638f0d857ea2d0759"},{"web_url":"http:\/\/www.nytimes.com\/2011\/02\/22\/world\/asia\/22iht-women22.html","snippet":"While equal opportunity is enshrined in the city's legal code and the culture is more Westernized than in neighboring countries, conservative attitudes lead many women to abandon the work force....","lead_paragraph":"While equal opportunity is enshrined in the city's legal code and the culture is more Westernized than in neighboring countries, conservative attitudes lead many women to abandon the work force.","abstract":null,"blog":[],"source":"International Herald Tribune","headline":{"main":"Women Still Face Barriers in Hong Kong","content_kicker":"Female Factor","kicker":"Female Factor","print_headline":"Women Still Face Barriers in Hong Kong"},"pub_date":"2011-02-22T00:00:00Z","document_type":"article","news_desk":"Foreign","section_name":"World","subsection_name":"Asia Pacific","type_of_material":"Series","_id":"540fd7f938f0d87641c683ec"},{"web_url":"http:\/\/www.nytimes.com\/2010\/12\/30\/world\/europe\/30iht-dutch30.html","snippet":"Part-time work in the Netherlands has turned from being the prerogative of women into a powerful tool to attract talent in a competitive labor market....","lead_paragraph":"Part-time work in the Netherlands has turned from being the prerogative of women into a powerful tool to attract talent in a competitive labor market.","abstract":null,"blog":[],"source":"The New York Times","headline":{"main":"Working (Part-Time) in the 21st Century","content_kicker":"The Female Factor","kicker":"The Female Factor","print_headline":"Flexible Workweek Alters\nThe Rhythm of Dutch Life"},"pub_date":"2010-12-30T00:00:00Z","document_type":"article","news_desk":"Foreign","section_name":"World","subsection_name":"Europe","type_of_material":"News","_id":"54224cee38f0d83c6e5b7eb1"},{"web_url":"http:\/\/www.nytimes.com\/2010\/12\/01\/world\/europe\/01iht-letter.html","snippet":"As more women match or overtake men in education and the labor market, they are also turning traditional gender roles on their head, with some profound consequences for relationship dynamics....","lead_paragraph":"As more women match or overtake men in education and the labor market, they are also turning traditional gender roles on their head, with some profound consequences for relationship dynamics.","abstract":null,"blog":[],"source":"International Herald Tribune","headline":{"main":"Keeping Romance Alive in the Age of Female Empowerment","content_kicker":"The Female Factor","print_headline":"Keeping Romance Alive in the Age of Female Empowerment"},"pub_date":"2010-12-01T00:00:00Z","document_type":"article","news_desk":"Foreign","section_name":"World","subsection_name":"Europe","type_of_material":"News","_id":"542239fb38f0d83c6e5b7d21"},{"web_url":"http:\/\/www.nytimes.com\/2010\/09\/22\/world\/asia\/22iht-letter.html","snippet":"The sluggish pace of change in the country\u2019s rape laws is an indication of a larger cultural silence regarding violence against women....","lead_paragraph":"The sluggish pace of change in the country\u2019s rape laws is an indication of a larger cultural silence regarding violence against women.","abstract":null,"blog":[],"source":"International Herald Tribune","headline":{"main":"For Indian Rape Laws, Change Is Slow to Come","kicker":"The Female Factor","print_headline":"For Indian Rape Laws, Change Is Slow to Come","content_kicker":"The Female Factor"},"pub_date":"2010-09-22T00:00:00Z","document_type":"article","news_desk":"Foreign","section_name":"World","subsection_name":"Asia Pacific","type_of_material":"News","_id":"541ad5ba38f0d80959e6d341"},{"web_url":"http:\/\/www.nytimes.com\/2013\/02\/27\/world\/asia\/27iht-letter27.html","snippet":"Several high-profile cases may change social attitudes about rape and the handling of rape cases in China and India, two places where victims are often shamed and justice is elusive....","lead_paragraph":"Several high-profile cases may change social attitudes about rape and the handling of rape cases in China and India, two places where victims are often shamed and justice is elusive.","abstract":null,"blog":[],"source":"International Herald Tribune","headline":{"main":"2 Countries, 2 Struggles for Justice","print_headline":"2 Countries, 2 Struggles for Justice","content_kicker":"Female Factor"},"pub_date":"2013-02-27T16:45:00Z","document_type":"article","news_desk":"Foreign","section_name":"World","subsection_name":"Asia Pacific","type_of_material":"News","_id":"512cd261cf28d009de002158"},{"web_url":"http:\/\/www.nytimes.com\/2013\/01\/16\/world\/europe\/16iht-letter16.html","snippet":"Blithely criticizing failings in attitudes toward women far away is easy. Focusing on why it is that so few women come forward to report sex crimes in England and Wales has proved harder....","lead_paragraph":"Blithely criticizing failings in attitudes toward women far away is easy. Focusing on why it is that so few women come forward to report sex crimes in England and Wales has proved harder.","abstract":null,"blog":[],"source":"International Herald Tribune","headline":{"main":"New Delhi Only Seems Far Away","print_headline":"New Delhi Only Seems Far Away","content_kicker":"The Female Factor"},"pub_date":"2013-01-16T20:55:00Z","document_type":"article","news_desk":"Foreign","section_name":"World","subsection_name":"Europe","type_of_material":"News","_id":"50f56c7100315214fbb8506c"},{"web_url":"http:\/\/query.nytimes.com\/gst\/abstract.html?res=9B00E4D7173EE03BBC4951DFB1668388659EDE","snippet":"Female of the Species; ed by E Queen...","lead_paragraph":null,"abstract":"Female of the Species; ed by E Queen","blog":[],"source":"The New York Times","headline":{"main":"Books of the Times"},"pub_date":"1943-07-21T00:00:00Z","document_type":"article","news_desk":null,"section_name":null,"subsection_name":null,"type_of_material":"Review","_id":"4fc22c6845c1498b0d6501ae"},{"web_url":"http:\/\/query.nytimes.com\/gst\/abstract.html?res=9904E1DF153AE53ABC4E52DFB6678382659EDE","snippet":"FROM each sex according to its abilities, to each according to its needs. That, if I may tamper with the Marxian motto, is the parting message of Dr. Mead's new book, which analyzes sex relations among the natives of seven South Sea Islands and th...","lead_paragraph":"FROM each sex according to its abilities, to each according to its needs. That, if I may tamper with the Marxian motto, is the parting message of Dr. Mead's new book, which analyzes sex relations among the natives of seven South Sea Islands and the United States.","abstract":"Mead, M: Male and Female","blog":[],"source":"The New York Times","headline":{"main":"The Sexes in Differing Cultures; MALE AND FEMALE: A Study of the Sexes in a Changing World. By Margaret Mead. 477 pp. New York: William Morrow & Co. $5."},"pub_date":"1949-10-16T00:00:00Z","document_type":"article","news_desk":null,"section_name":null,"subsection_name":null,"type_of_material":"Review","_id":"4fc30fcd45c1498b0d71c3a3"},{"web_url":"http:\/\/www.nytimes.com\/2000\/07\/23\/style\/c-corrections-330710.html","snippet":"A report on the Pulse page last week about the Female Athlete, a catalog for sports women, misstated the toll-free telephone number. It is (888) 316-5882....","lead_paragraph":"A report on the Pulse page last week about the Female Athlete, a catalog for sports women, misstated the toll-free telephone number. It is (888) 316-5882.","abstract":"Correction of July 16 Pulse item about Female Athlete catalogue, which gave wrong phone number (S)","blog":[],"source":"The New York Times","headline":{"main":"Corrections"},"pub_date":"2000-07-23T00:00:00Z","document_type":"article","news_desk":"Style Desk","section_name":"Style; Corrections","subsection_name":null,"type_of_material":"Correction","_id":"4fd2251e8eb7c8105d7abaf2"},{"web_url":"http:\/\/query.nytimes.com\/gst\/abstract.html?res=9907E6D71530E73BBC4D51DFB266838A669EDE","snippet":"I must admit I approached \"The Female Eunuch\" with suspicion. I first heard about it last fall from a male magazine editor who had read the British edition and said it was the most brilliant piece of feminist writing he had ever read, and it has s...","lead_paragraph":"I must admit I approached \"The Female Eunuch\" with suspicion. I first heard about it last fall from a male magazine editor who had read the British edition and said it was the most brilliant piece of feminist writing he had ever read, and it has since been recommended to me by four different men, not to mention Norman Mailer, who plugged it in the course of his anti-feminist tirade in the February Harper's.","abstract":"Greer, Germaine: The Female Eunuch","blog":[],"source":"The New York Times","headline":{"main":"The Female Eunuch; By Germaine Greer. 349 pp. New York: McGraw-Hill Book Company. $6.95. The Female Eunuch"},"pub_date":"1971-04-25T00:00:00Z","document_type":"article","news_desk":null,"section_name":null,"subsection_name":null,"type_of_material":"Review","_id":"4fc478c645c1498b0d9f5c27"},{"web_url":"http:\/\/query.nytimes.com\/gst\/fullpage.html?res=9A01E6DB133CF931A25755C0A9669D8B63","snippet":"JIDDA -- Roughly two years ago, Rowdha Yousef began to notice a disturbing trend: Saudi women like herself were beginning to organize campaigns for greater personal freedoms. Suddenly, there were women asking for the right to drive, to choose whet...","lead_paragraph":"JIDDA -- Roughly two years ago, Rowdha Yousef began to notice a disturbing trend: Saudi women like herself were beginning to organize campaigns for greater personal freedoms. Suddenly, there were women asking for the right to drive, to choose whether to wear a veil, and to take a job without a male relative's permission, all using the Internet to collect signatures and organize meetings and all becoming, she felt, more voluble by the month. The final straw came last summer, when she read reports that a female activist in Saudi Arabia's eastern province, Wajeha al-Huwaider, had been to the border with Bahrain, demanding to cross using only her passport, without a male chaperon or a male guardian's written permission.","abstract":"Saturday profile of Rowdha Yousef who is fighting for women's rights in Saudi Arabia; tussle in Saudi society has made female factor major issue in the kingdom's future; photos (M)","blog":[],"source":"The New York Times","headline":{"main":"Fighting for the Right to Have Limited Rights","kicker":"THE FEMALE FACTOR"},"pub_date":"2010-06-12T00:00:00Z","document_type":"article","news_desk":"Foreign Desk","section_name":"World","subsection_name":null,"type_of_material":"News","_id":"4fd2a7f78eb7c8105d891f48"},{"web_url":"http:\/\/www.nytimes.com\/2002\/06\/30\/movies\/l-female-directors-male-critics-741914.html","snippet":"To the Editor:    Re ''An Impatient Sisterhood'' by Dana Kennedy [June 2]:    In seeking explanations for the career frustrations of prominent female directors, why not try looking closer to home?...","lead_paragraph":"To the Editor: Re ''An Impatient Sisterhood'' by Dana Kennedy [June 2]: In seeking explanations for the career frustrations of prominent female directors, why not try looking closer to home?","abstract":"Films for Two online guide creative director Jan Lisa Huttner letter maintains films by women would have more box office clout if more major publications hired more female film critics","blog":[],"source":"The New York Times","headline":{"main":"Male Critics","kicker":"FEMALE DIRECTORS"},"pub_date":"2002-06-30T00:00:00Z","document_type":"article","news_desk":"Arts and Leisure Desk","section_name":"Movies; Arts; Opinion","subsection_name":null,"type_of_material":"Letter","_id":"4fd237d38eb7c8105d7cab9b"},{"web_url":"http:\/\/www.nytimes.com\/1999\/02\/21\/movies\/l-female-filmmakers-daddys-boys-399302.html","snippet":"To the Editor:     Congratulations on the pair of articles exposing the sidelining of women directors in the film industry [''Female Directors Battle the Indie Boys Club'' and ''Female Directors Battle the Studio Stereotypes,'' Jan. 31]....","lead_paragraph":"To the Editor: Congratulations on the pair of articles exposing the sidelining of women directors in the film industry [''Female Directors Battle the Indie Boys Club'' and ''Female Directors Battle the Studio Stereotypes,'' Jan. 31].","abstract":"B Ruby Rich letter hails Jan 31 articles deplores sidelining of women film directors2","blog":[],"source":"The New York Times","headline":{"main":"Daddys' Boys","kicker":"FEMALE FILMMAKERS"},"pub_date":"1999-02-21T00:00:00Z","document_type":"article","news_desk":"Arts and Leisure Desk","section_name":"Movies; Arts; Opinion","subsection_name":null,"type_of_material":"Letter","_id":"4fd1f4088eb7c8105d74ce2c"},{"web_url":"http:\/\/query.nytimes.com\/gst\/fullpage.html?res=9F0CE5DD1338F936A25755C0A9669D8B63","snippet":"SPOLAND, SWEDEN -- Mikael Karlsson owns a snowmobile, two hunting dogs and five guns. In his spare time, this soldier-turned-game warden shoots moose and trades potty-training tips with other fathers. Cradling 2-month-old Siri in his arms, he can'...","lead_paragraph":"SPOLAND, SWEDEN -- Mikael Karlsson owns a snowmobile, two hunting dogs and five guns. In his spare time, this soldier-turned-game warden shoots moose and trades potty-training tips with other fathers. Cradling 2-month-old Siri in his arms, he can't imagine not taking baby leave. ''Everyone does.'' From trendy central Stockholm to this village in the rugged forest south of the Arctic Circle, 85 percent of Swedish fathers take parental leave. Those who don't face questions from family, friends and colleagues. As other countries still tinker with maternity leave and women's rights, Sweden may be a glimpse of the future.","abstract":"Figures show that 85 percent of Swedish fathers take parental leave and that those who do not face questions from family, friends and colleagues; laws reserving at least two months of 13-month paid parental leave for fathers--quota that could double if Social Democrats win September election--have set off profound social change; photos (M)","blog":[],"source":"The New York Times","headline":{"main":"Paternity Leave Law Helps to Redefine Masculinity in Sweden","kicker":"THE FEMALE FACTOR"},"pub_date":"2010-06-15T00:00:00Z","document_type":"article","news_desk":"Foreign Desk","section_name":"World","subsection_name":null,"type_of_material":"News","_id":"4fd27f828eb7c8105d849d15"},{"web_url":"http:\/\/query.nytimes.com\/gst\/abstract.html?res=9E04E1D91639E136A05750C2A9649C946490D6CF","snippet":"The recent opening of \"Female Trouble,\" directed, written and photographed by John Waters, the Baltimorean who made \"Pink Flamingos,\" prompts the following defense of Bad Taste, which might otherwise get a rotten reputation after being refined wit...","lead_paragraph":"The recent opening of \"Female Trouble,\" directed, written and photographed by John Waters, the Baltimorean who made \"Pink Flamingos,\" prompts the following defense of Bad Taste, which might otherwise get a rotten reputation after being refined with such effective recklessness by master practitioners on the order of Lenny Bruce, Mark Twain, Mel Brooks, the...","abstract":null,"blog":[],"source":"The New York Times","headline":{"main":"FILM VIEW; What's So Good About Bad Taste?"},"pub_date":"1975-02-23T00:00:00Z","document_type":"article","news_desk":null,"section_name":null,"subsection_name":null,"type_of_material":"Article","_id":"4fc48a7a45c1498b0da444db"},{"web_url":"http:\/\/query.nytimes.com\/gst\/abstract.html?res=9F04EEDC173DE034BC4152DFBF66838D669EDE","snippet":"Now that theatrical workshops, stashed away in old brownstones, garages, lofts and church basements, have multiplied felicitously and even ferociously taking over almost entirely for a defunct Off Broadway I'd like to offer playwrights approaching...","lead_paragraph":"Now that theatrical workshops, stashed away in old brownstones, garages, lofts and church basements, have multiplied felicitously and even ferociously taking over almost entirely for a defunct Off Broadway I'd like to offer playwrights approaching them a handy rule of thumb. It's really a double-pronged rule: (a) Use the workshop for all it's worth; (b) Don't fall in love with it.","abstract":"W Kerr comment on benefits of presenting play in workshop or small theater form; discusses production of Steve Gooch play Female Transport","blog":[],"source":"The New York Times","headline":{"main":"STAGE VIEW; The Danger of Sheltered Productions STAGE VIEW The Danger of Sheltered Productions"},"pub_date":"1976-09-19T00:00:00Z","document_type":"article","news_desk":null,"section_name":null,"subsection_name":null,"type_of_material":"Article","_id":"4fc4910945c1498b0da5fa32"},{"web_url":"http:\/\/www.nytimes.com\/2012\/09\/26\/world\/europe\/26iht-letter26.html","snippet":"Conservative politicians in Britain have been criticized for their handling of women's issues. Two quips by the prime minister, now nicknamed \"Mr. Butch,\" haven't helped....","lead_paragraph":"Conservative politicians in Britain have been criticized for their handling of women's issues. Two quips by the prime minister, now nicknamed \"Mr. Butch,\" haven't helped.","abstract":null,"blog":[],"source":"International Herald Tribune","headline":{"main":"Calm Down, Dear; You\u2019re Being \u2018Butch\u2019","print_headline":"Calm Down, Dear; You're Being 'Butch'","content_kicker":"The Female Factor"},"pub_date":"2012-09-26T14:20:00Z","document_type":"article","news_desk":"Foreign","section_name":"World","subsection_name":"Europe","type_of_material":"News","_id":"507c444595e998af711838de"},{"web_url":"http:\/\/www.nytimes.com\/2011\/11\/30\/world\/europe\/30iht-letter30.html","snippet":"Once a fixer in Kosovo for the BBC, Jeta Xharra rakes over the mix of corruption, organized crime and weak governance that is her nascent country today....","lead_paragraph":"Once a fixer in Kosovo for the BBC, Jeta Xharra rakes over the mix of corruption, organized crime and weak governance that is her nascent country today.","abstract":null,"blog":[],"source":"International Herald Tribune","headline":{"main":"Determined to Bring Out the Truth in Kosovo","print_headline":"Determined to Bring Out the Truth in Kosovo","content_kicker":"The Female Factor"},"pub_date":"2011-11-30T16:45:00Z","document_type":"article","news_desk":"Foreign","section_name":"World","subsection_name":"Europe","type_of_material":"News","_id":"5403adc638f0d80e250f4219"},{"web_url":"http:\/\/www.nytimes.com\/2011\/11\/21\/world\/middleeast\/mixed-messages-for-tunisian-women.html","snippet":"After the tumult of the Arab Spring, many Tunisian women are wondering whether they should be optimistic or concerned about preserving and expanding their rights....","lead_paragraph":"After the tumult of the Arab Spring, many Tunisian women are wondering whether they should be optimistic or concerned about preserving and expanding their rights.","abstract":null,"blog":[],"source":"International Herald Tribune","headline":{"main":"Mixed Messages for Tunisian Women","content_kicker":"The Female Factor","print_headline":"Mixed Messages for Tunisian Women"},"pub_date":"2011-11-21T00:00:00Z","document_type":"article","news_desk":"Foreign","section_name":"World","subsection_name":"Middle East","type_of_material":"News","_id":"5403690638f0d80e250f3e32"},{"web_url":"http:\/\/www.nytimes.com\/2011\/06\/01\/world\/europe\/01iht-letter01.html","snippet":"Has a Guinean chambermaid's accusation of attempted rape against Dominique Strauss-Kahn forever altered what French women will tolerate?...","lead_paragraph":"Has a Guinean chambermaid's accusation of attempted rape against Dominique Strauss-Kahn forever altered what French women will tolerate?","abstract":null,"blog":[],"source":"International Herald Tribune","headline":{"main":"A Change in French Sexual Views","content_kicker":"The Female Factor","print_headline":"A Change in French Sexual Views"},"pub_date":"2011-06-01T17:45:00Z","document_type":"article","news_desk":"Foreign","section_name":"World","subsection_name":"Europe","type_of_material":"News","_id":"541023c838f0d87641c689bd"},{"web_url":"http:\/\/www.nytimes.com\/2011\/02\/03\/world\/europe\/03italy.html","snippet":"The scandals around the Italian premier Silvio Berlusconi are a reminder of Italy\u2019s persistent gender gap....","lead_paragraph":"The scandals around the Italian premier Silvio Berlusconi are a reminder of Italy\u2019s persistent gender gap.","abstract":null,"blog":[],"source":"The New York Times","headline":{"seo":"Berlusconi Sex Scandals Fuel Anger of Italian Women","main":"Sex Scandals in Italy Fuel Discontent of Women","content_kicker":"Female Factor","print_headline":"Sex Scandals In Italy Fuel Discontent Of Women"},"pub_date":"2011-02-03T00:00:00Z","document_type":"article","news_desk":"Foreign","section_name":"World","subsection_name":"Europe","type_of_material":"News","_id":"540a655f38f0d84fb8833950"},{"web_url":"http:\/\/www.nytimes.com\/2010\/06\/30\/us\/30iht-letter.html","snippet":"In the West, female philanthropy is on the rise, but professional women often find themselves unable to make much of a world-changing impact....","lead_paragraph":"In the West, female philanthropy is on the rise, but professional women often find themselves unable to make much of a world-changing impact.","abstract":null,"blog":[],"source":"International Herald Tribune","headline":{"main":"Reaching a Sisterhood of the Needy","content_kicker":"The Female Factor","print_headline":"Reaching a Sisterhood of the Needy"},"pub_date":"2010-06-30T00:00:00Z","document_type":"article","news_desk":"Foreign","section_name":"U.S.","subsection_name":null,"type_of_material":"News","_id":"5417ff8d38f0d851fd3a8c40"},{"web_url":"http:\/\/www.nytimes.com\/2010\/03\/06\/world\/africa\/06iht-ffpeace.html","snippet":"As modern peacekeeping has evolved, the number of female police officers in U.N. peacekeeping missions around the world has doubled during the past five years....","lead_paragraph":"As modern peacekeeping has evolved, the number of female police officers in U.N. peacekeeping missions around the world has doubled during the past five years.","abstract":null,"blog":[],"source":"The New York Times","headline":{"main":"A Female Approach to Peacekeeping","content_kicker":"The Female Factor","print_headline":"Women Put Own Stamp On Mission In Liberia"},"pub_date":"2010-03-06T00:00:00Z","document_type":"article","news_desk":"Foreign","section_name":"World","subsection_name":"Africa","type_of_material":"News","_id":"5400b97538f0d841b2f38684"},{"web_url":"http:\/\/www.nytimes.com\/2010\/02\/08\/world\/europe\/08iht-bulgwomen.html","snippet":"Prime Minister Boiko M. Borisov has in recent months promoted several women, heralding what some see as a political sexual revolution in the Balkan country....","lead_paragraph":"Prime Minister Boiko M. Borisov has in recent months promoted several women, heralding what some see as a political sexual revolution in the Balkan country.","abstract":null,"blog":[],"source":"International Herald Tribune","headline":{"main":"Women\u2019s Influence Grows in Bulgarian Public Life","content_kicker":"The Female Factor","print_headline":"Women Achieving Influence in Bulgarian Public Life"},"pub_date":"2010-02-08T00:00:00Z","document_type":"article","news_desk":"Foreign","section_name":"World","subsection_name":"Europe","type_of_material":"Series","_id":"543bf2c638f0d84026a0663e"},{"web_url":"http:\/\/www.nytimes.com\/2013\/04\/24\/world\/asia\/24iht-letter24.html","snippet":"Chinese society has long told women to get married by 25, lest they become old and undesriable. But proudly single professionals are pushing back against the stereotype....","lead_paragraph":"Chinese society has long told women to get married by 25, lest they become old and undesriable. But proudly single professionals are pushing back against the stereotype.","abstract":null,"blog":[],"source":"International Herald Tribune","headline":{"main":"Rejecting the 'Leftover Women' Label","print_headline":"Rejecting the 'Leftover Women' Label","content_kicker":"The Female Factor"},"pub_date":"2013-04-24T17:45:00Z","document_type":"article","news_desk":"Foreign","section_name":"World","subsection_name":"Asia Pacific","type_of_material":"News","_id":"51768661cf28d02a61002571"},{"web_url":"http:\/\/www.nytimes.com\/2012\/06\/06\/world\/europe\/06iht-letter06.html","snippet":"Zemra Acarli is a strong believer in kismet, or personal destiny, and hers was to create a fashion label that would merge Western and Oriental elements and help Turkish women make a living....","lead_paragraph":"Zemra Acarli is a strong believer in kismet, or personal destiny, and hers was to create a fashion label that would merge Western and Oriental elements and help Turkish women make a living.","abstract":null,"blog":[],"source":"International Herald Tribune","headline":{"main":"Bridging Cultures and Finding Self","print_headline":"Bridging Cultures and Finding Self","content_kicker":"The Female Factor"},"pub_date":"2012-06-06T14:20:00Z","document_type":"article","news_desk":"Foreign","section_name":"World","subsection_name":"Europe","type_of_material":"News","_id":"53f77c0038f0d835538dbe36"},{"web_url":"http:\/\/www.nytimes.com\/2011\/07\/20\/us\/20iht-letter20.html","snippet":"Kirsten E. Gillibrand, a Democrat from New York, is using a Web campaign, Off the Sidelines, to get more women involved in public life and to get herself re-elected in 2012....","lead_paragraph":"Kirsten E. Gillibrand, a Democrat from New York, is using a Web campaign, Off the Sidelines, to get more women involved in public life and to get herself re-elected in 2012.","abstract":null,"blog":[],"source":"International Herald Tribune","headline":{"main":"A Senator Looks for More Women in Office","print_headline":"A Senator Looks for More Women in Office","content_kicker":"The Female Factor"},"pub_date":"2011-07-20T14:30:00Z","document_type":"article","news_desk":"Foreign","section_name":"U.S.","subsection_name":null,"type_of_material":"News","_id":"5410780438f0d80f295215ea"},{"web_url":"http:\/\/www.nytimes.com\/2011\/03\/09\/world\/asia\/09iht-letter09.html","snippet":"Community centers established at Pakistani refugee camps are offering women the chance to learn to read, write, count, sew and break the bounds of tradition....","lead_paragraph":"Community centers established at Pakistani refugee camps are offering women the chance to learn to read, write, count, sew and break the bounds of tradition.","abstract":null,"blog":[],"source":"International Herald Tribune","headline":{"main":"Pakistani Women Move Beyond Traditional Roles","print_headline":"Pakistani Women Move Beyond Traditional Roles","content_kicker":"The Female Factor"},"pub_date":"2011-03-09T13:30:00Z","document_type":"article","news_desk":"Foreign","section_name":"World","subsection_name":"Asia Pacific","type_of_material":"News","_id":"540fe4a138f0d87641c684e5"},{"web_url":"http:\/\/www.nytimes.com\/2011\/01\/27\/world\/asia\/27iht-dong27.html","snippet":"Dong Mingzhu, president of the air-conditioning powerhouse Gree, is a rarity in China: an entirely self-made woman at the pinnacle in a country where, in her words, \u201cmen are in charge, politically.\u201d...","lead_paragraph":"Dong Mingzhu, president of the air-conditioning powerhouse Gree, is a rarity in China: an entirely self-made woman at the pinnacle in a country where, in her words, \u201cmen are in charge, politically.\u201d","abstract":null,"blog":[],"source":"International Herald Tribune","headline":{"main":"Setting the Pace With Toughness","content_kicker":"The Female Factor","print_headline":"Setting the Pace With Toughness"},"pub_date":"2011-01-27T00:00:00Z","document_type":"article","news_desk":"Foreign","section_name":"World","subsection_name":"Asia Pacific","type_of_material":"News","_id":"540fc43338f0d87641c6826d"},{"web_url":"http:\/\/www.nytimes.com\/2010\/10\/20\/world\/asia\/20iht-letter.html","snippet":"Lesbians in India face more challenges than gay men. Like women in general, they are less likely to be independent and have greater pressure to marry....","lead_paragraph":"Lesbians in India face more challenges than gay men. Like women in general, they are less likely to be independent and have greater pressure to marry.","abstract":null,"blog":[],"source":"International Herald Tribune","headline":{"main":"Gay Women Face Double the Pressure in India","print_headline":"Gay Women Face Double the Pressure in India","content_kicker":"The Female Factor"},"pub_date":"2010-10-20T00:00:00Z","document_type":"article","news_desk":"Foreign","section_name":"World","subsection_name":"Asia Pacific","type_of_material":"News","_id":"541bd16638f0d8296cb10238"},{"web_url":"http:\/\/www.nytimes.com\/2010\/07\/01\/world\/01iht-poll.html","snippet":"People around the world say they firmly support equal rights, but many still believe men should get preference....","lead_paragraph":"People around the world say they firmly support equal rights, but many still believe men should get preference.","abstract":null,"blog":[],"source":"International Herald Tribune","headline":{"main":"Equal Rights for Women? Survey Says: Yes, but ...","content_kicker":"The Female Factor","kicker":"The Female Factor","print_headline":"Equal Rights for Women? Survey Says: Yes, but . . ."},"pub_date":"2010-07-01T00:00:00Z","document_type":"article","news_desk":"Foreign","section_name":"World","subsection_name":null,"type_of_material":"News","_id":"54180b0238f0d851fd3a8d47"},{"web_url":"http:\/\/www.nytimes.com\/2010\/03\/06\/world\/africa\/06iht-ffellen.html","snippet":"Ellen Johnson Sirleaf, the Liberian president, has relied on mothers and women for popular support and to rebuild a country that essentially failed....","lead_paragraph":"Ellen Johnson Sirleaf, the Liberian president, has relied on mothers and women for popular support and to rebuild a country that essentially failed.","abstract":null,"blog":[],"source":"International Herald Tribune","headline":{"main":"The Nation Full of Strong Women","content_kicker":"The Female Factor","print_headline":"The Nation Full of Strong Women"},"pub_date":"2010-03-06T00:00:00Z","document_type":"article","news_desk":"Foreign","section_name":"World","subsection_name":"Africa","type_of_material":"News","_id":"5401db7738f0d841b2f3a2dd"},{"web_url":"http:\/\/www.nytimes.com\/2010\/01\/30\/world\/asia\/30iht-afwomen.html","snippet":"Supporting female entrepreneurs and bolstering Afghanistan\u2019s economy are part of countering an increasingly emboldened insurgency....","lead_paragraph":"Supporting female entrepreneurs and bolstering Afghanistan\u2019s economy are part of countering an increasingly emboldened insurgency.","abstract":null,"blog":[],"source":"International Herald Tribune","headline":{"main":"U.S. Military Experiments With Empowering Afghan Businesswomen","content_kicker":"The Female Factor","print_headline":"U.S. Military Experiments With Empowering Afghan Businesswomen"},"pub_date":"2010-01-30T00:00:00Z","document_type":"article","news_desk":"Business","section_name":"World","subsection_name":"Asia Pacific","type_of_material":"News","_id":"54383f7238f0d83c143b90aa"},{"web_url":"http:\/\/www.nytimes.com\/2013\/06\/12\/world\/europe\/12iht-letter12.html","snippet":"There's a rush of British interest in the suffrage movement of the early 20th century, as seen in a BBC comedy series. Some are also using the moment to reflect on what still has not been achieved....","lead_paragraph":"There's a rush of British interest in the suffrage movement of the early 20th century, as seen in a BBC comedy series. Some are also using the moment to reflect on what still has not been achieved.","abstract":null,"blog":[],"source":"International Herald Tribune","headline":{"main":"Drawing on the Suffragettes' Legacy","print_headline":"Drawing on the Suffragettes' Legacy","content_kicker":"The Female Factor"},"pub_date":"2013-06-12T20:55:00Z","document_type":"article","news_desk":"Foreign","section_name":"World","subsection_name":"Europe","type_of_material":"News","_id":"51b8882d7e0d9c0839d27370"},{"web_url":"http:\/\/www.nytimes.com\/2012\/10\/24\/world\/europe\/24iht-letter24.html","snippet":"Members of the Conservative government have ignited a largely dormant debate in Britain by saying they favor reducing abortion term limits, and the subject has now become a political flash point....","lead_paragraph":"Members of the Conservative government have ignited a largely dormant debate in Britain by saying they favor reducing abortion term limits, and the subject has now become a political flash point.","abstract":null,"blog":[],"source":"International Herald Tribune","headline":{"main":"British Conservatives Play the Abortion Card","print_headline":"British Conservatives Play the Abortion Card","content_kicker":"The Female Factor"},"pub_date":"2012-10-24T14:20:00Z","document_type":"article","news_desk":"Foreign","section_name":"World","subsection_name":"Europe","type_of_material":"News","_id":"5087276795e998af7118888f"},{"web_url":"http:\/\/www.nytimes.com\/2012\/10\/10\/world\/asia\/10iht-letter10.html","snippet":"China's liberal Hui tradition challenges the power of Wahhabism, the puritanical, patriarchal Muslim sect dominant in Saudi Arabia today that is behind much Islamic extremism....","lead_paragraph":"China's liberal Hui tradition challenges the power of Wahhabism, the puritanical, patriarchal Muslim sect dominant in Saudi Arabia today that is behind much Islamic extremism.","abstract":null,"blog":[],"source":"International Herald Tribune","headline":{"main":"A Model of Inclusion for Muslim Women","print_headline":"A Model of Inclusion for Muslim Women","content_kicker":"Female Factor"},"pub_date":"2012-10-10T14:20:00Z","document_type":"article","news_desk":"Foreign","section_name":"World","subsection_name":"Asia Pacific","type_of_material":"News","_id":"507c4d9b95e998af71185e7e"},{"web_url":"http:\/\/www.nytimes.com\/2012\/10\/11\/world\/europe\/european-commission-official-fights-for-women-in-the-boardroom.html","snippet":"Viviane Reding, vice president of the European Commission, is pressing the case to mandate quotas for women on boards of European companies despite meeting strong resistance....","lead_paragraph":"Viviane Reding, vice president of the European Commission, is pressing the case to mandate quotas for women on boards of European companies despite meeting strong resistance.","abstract":null,"blog":[],"source":"International Herald Tribune","headline":{"seo":"European Commission Official Fights for Women in the Boardroom","main":"European Commission Official Fights for Women in the Boardroom","kicker":"The Female Factor","print_headline":"Fighting for Women in the Boardroom","content_kicker":"The Female Factor"},"pub_date":"2012-10-11T00:00:00Z","document_type":"article","news_desk":"Foreign","section_name":"World","subsection_name":"Europe","type_of_material":"News","_id":"507c4e8e95e998af711861db"},{"web_url":"http:\/\/www.nytimes.com\/2012\/08\/22\/us\/22iht-letter22.html","snippet":"It's a wonder why Mitt Romney, who trails Barack Obama in polls of female voters, chose a No. 2 who seems unlikely to draw women to the Republicans' side....","lead_paragraph":"It's a wonder why Mitt Romney, who trails Barack Obama in polls of female voters, chose a No. 2 who seems unlikely to draw women to the Republicans' side.","abstract":null,"blog":[],"source":"International Herald Tribune","headline":{"main":"For Women, It's Not Just About the Economy","print_headline":"For Women, It's Not Just About the Economy","content_kicker":"The Female Factor"},"pub_date":"2012-08-22T14:00:00Z","document_type":"article","news_desk":"Foreign","section_name":"U.S.","subsection_name":null,"type_of_material":"News","_id":"53fa0d8c38f0d8431914d32e"},{"web_url":"http:\/\/www.nytimes.com\/2011\/08\/29\/world\/asia\/29iht-malay29.html","snippet":"Despite quotas and \u201cwomen\u2019s wings\u201d in the big political parties, analysts say women in Malaysia still face steep challenges in the male-dominated government....","lead_paragraph":"Despite quotas and \u201cwomen\u2019s wings\u201d in the big political parties, analysts say women in Malaysia still face steep challenges in the male-dominated government.","abstract":null,"blog":[],"source":"International Herald Tribune","headline":{"main":"Halls of Power Narrow for Malaysian Women","kicker":"The Female Factor","print_headline":"Halls of Power Narrow for Malaysian Women","content_kicker":"The Female Factor"},"pub_date":"2011-08-29T00:00:00Z","document_type":"article","news_desk":"Foreign","section_name":"World","subsection_name":"Asia Pacific","type_of_material":"News","_id":"5411cdbf38f0d832853e84b8"},{"web_url":"http:\/\/www.nytimes.com\/2011\/08\/10\/world\/asia\/10iht-letter10.html","snippet":"As the Internet opens up to Hindi, Bengali, Tamil and other languages, Indian women are developing a rich online community....","lead_paragraph":"As the Internet opens up to Hindi, Bengali, Tamil and other languages, Indian women are developing a rich online community.","abstract":null,"blog":[],"source":"International Herald Tribune","headline":{"main":"Indian Women Bloggers Find Their Voice, in Their Own Language","print_headline":"Indian Women Bloggers Find Their Voice, in Their Own Language","content_kicker":"The Female Factor"},"pub_date":"2011-08-10T14:30:00Z","document_type":"article","news_desk":"Foreign","section_name":"World","subsection_name":"Asia Pacific","type_of_material":"News","_id":"54112efa38f0d80f2952237e"},{"web_url":"http:\/\/www.nytimes.com\/2011\/07\/13\/world\/asia\/13iht-letter13.html","snippet":"A common platitude in India is that domestic workers are part of the family, which belies the depressing slew of stories about underpaid or physically abused workers....","lead_paragraph":"A common platitude in India is that domestic workers are part of the family, which belies the depressing slew of stories about underpaid or physically abused workers.","abstract":null,"blog":[],"source":"International Herald Tribune","headline":{"main":"In India, Maids Need Protection and Respect","print_headline":"In India, Maids Need Protection and Respect","content_kicker":"The Female Factor"},"pub_date":"2011-07-13T14:30:00Z","document_type":"article","news_desk":"Foreign","section_name":"World","subsection_name":"Asia Pacific","type_of_material":"News","_id":"5410429a38f0d87641c68c28"},{"web_url":"http:\/\/www.nytimes.com\/2011\/01\/27\/world\/27iht-rules27.html","snippet":"In many companies, employees have been guided not only by official manuals but also by informal rules and corporate rituals that men and women have interpreted very differently....","lead_paragraph":"In many companies, employees have been guided not only by official manuals but also by informal rules and corporate rituals that men and women have interpreted very differently.","abstract":null,"blog":[],"source":"International Herald Tribune","headline":{"main":"The Codes That Need to Be Broken","content_kicker":"The Female Factor","print_headline":"The Codes That Need to Be Broken"},"pub_date":"2011-01-27T00:00:00Z","document_type":"article","news_desk":"Foreign","section_name":"World","subsection_name":null,"type_of_material":"News","_id":"540fc40038f0d87641c68269"},{"web_url":"http:\/\/www.nytimes.com\/2010\/11\/03\/world\/europe\/03iht-letter.html","snippet":"Women, say a growing number of security experts, may well be as important to 21st-century security as new nuance on a European missile shield....","lead_paragraph":"Women, say a growing number of security experts, may well be as important to 21st-century security as new nuance on a European missile shield.","abstract":null,"blog":[],"source":"International Herald Tribune","headline":{"main":"Waging War and Peace With Women","content_kicker":"The Female Factor","print_headline":"Waging War and Peace With Women"},"pub_date":"2010-11-03T00:00:00Z","document_type":"article","news_desk":"Foreign","section_name":"World","subsection_name":"Europe","type_of_material":"News","_id":"542220d438f0d83c6e5b7ae6"},{"web_url":"http:\/\/www.nytimes.com\/2010\/03\/06\/education\/06iht-ffharvard.html","snippet":"Harvard has changed in the five years since Lawrence H. Summers suggested that innate differences might explain why fewer women than men succeed in science and math....","lead_paragraph":"Harvard has changed in the five years since Lawrence H. Summers suggested that innate differences might explain why fewer women than men succeed in science and math.","abstract":null,"blog":[],"source":"International Herald Tribune","headline":{"main":"After Harvard Controversy, Conditions Change but Reputation Lingers","content_kicker":"The Female Factor","print_headline":"After Harvard Controversy, Conditions Change but Reputation Lingers"},"pub_date":"2010-03-06T00:00:00Z","document_type":"article","news_desk":"Foreign","section_name":"Education","subsection_name":null,"type_of_material":"News","_id":"5443958638f0d8246e88d621"},{"web_url":"http:\/\/www.nytimes.com\/2010\/01\/28\/world\/asia\/28iht-windia.html","snippet":"In India\u2019s relatively young financial industry, women are often running the show....","lead_paragraph":"In India\u2019s relatively young financial industry, women are often running the show.","abstract":null,"blog":[],"source":"International Herald Tribune","headline":{"main":"Female Bankers in India Earn Chances to Rule","content_kicker":"The Female Factor","print_headline":"Female Bankers in India Earn Opportunities to Rule"},"pub_date":"2010-01-28T00:00:00Z","document_type":"article","news_desk":"Foreign","section_name":"World","subsection_name":"Asia Pacific","type_of_material":"Series","_id":"54381bd638f0d83c143b8ab6"},{"web_url":"http:\/\/www.nytimes.com\/2013\/06\/12\/world\/europe\/12iht-letter12.html","snippet":"There's a rush of British interest in the suffrage movement of the early 20th century, as seen in a BBC comedy series. Some are also using the moment to reflect on what still has not been achieved....","lead_paragraph":"There's a rush of British interest in the suffrage movement of the early 20th century, as seen in a BBC comedy series. Some are also using the moment to reflect on what still has not been achieved.","abstract":null,"blog":[],"source":"International Herald Tribune","headline":{"main":"Drawing on the Suffragettes' Legacy","print_headline":"Drawing on the Suffragettes' Legacy","content_kicker":"The Female Factor"},"pub_date":"2013-06-12T20:55:00Z","document_type":"article","news_desk":"Foreign","section_name":"World","subsection_name":"Europe","type_of_material":"News","_id":"51b8882d7e0d9c0839d27370"},{"web_url":"http:\/\/query.nytimes.com\/gst\/fullpage.html?res=9B0CE2D6173AF933A15752C1A9669D8B63","snippet":"After the 18-year-old Saudi equestrian Dalma Malhas won a bronze medal in show jumping at the first Youth Olympic Games in Singapore in August, she was singled out for praise by Jacques Rogge, chairman of the International Olympic Committee, in a ...","lead_paragraph":"After the 18-year-old Saudi equestrian Dalma Malhas won a bronze medal in show jumping at the first Youth Olympic Games in Singapore in August, she was singled out for praise by Jacques Rogge, chairman of the International Olympic Committee, in a news conference at the Games' conclusion. ''This is indeed the first time that a Saudi woman is participating in an international event,'' let alone winning a medal, Mr. Rogge said of Olympic events. Ms. Malhas's achievement, he said, had made the I.O.C. ''absolutely happy.''","abstract":"Saudi Arabia is grappling with rules that prevent women from exercising after Saudi woman Dalma Malhas wins medal in horse jumping at Youth Olympic Games; photos (M)","blog":[],"source":"The New York Times","headline":{"main":"Saudi Women And the Right To Play Sports","kicker":"THE FEMALE FACTOR"},"pub_date":"2010-11-20T00:00:00Z","document_type":"article","news_desk":"Sports Desk","section_name":"Front Page; Sports","subsection_name":null,"type_of_material":"News","_id":"4fd2b7428eb7c8105d8ac271"},{"web_url":"http:\/\/www.nytimes.com\/1999\/02\/14\/movies\/l-female-filmakers-a-sexist-system-310808.html","snippet":"To the Editor:     Your writers Manohla Dargis and Nancy Hass should be thanked for telling it like it is. In 1991, my first film, ''Paris Is Burning,'' grossed nearly $4 million at the box office in the United States, more than first films by Que...","lead_paragraph":"To the Editor: Your writers Manohla Dargis and Nancy Hass should be thanked for telling it like it is. In 1991, my first film, ''Paris Is Burning,'' grossed nearly $4 million at the box office in the United States, more than first films by Quentin Tarentino, Richard Linkletter or Hal Hartley, men who were immediately given money for more films. I am told that I've had difficulty with my second movie, a drama, because my first feature was a documentary. But that doesn't explain how, after one documentary, Michael Moore got millions to direct the flop ''Canadian Bacon.''","abstract":"Jennie Livingston letter on Jan 31 articles on dearth of women in upper echelons of film industry blames sexism for funding probems she faced after success of her first film","blog":[],"source":"The New York Times","headline":{"main":"A Sexist System","kicker":"FEMALE FILMAKERS"},"pub_date":"1999-02-14T00:00:00Z","document_type":"article","news_desk":"Arts and Leisure Desk","section_name":"Movies; Arts; Opinion","subsection_name":null,"type_of_material":"Letter","_id":"4fd20dbe8eb7c8105d77e968"},{"web_url":"http:\/\/www.nytimes.com\/2012\/05\/09\/world\/middleeast\/09iht-letter09.html","snippet":"Three expatriate Western women living in Bahrain say that during anti-government demonstrations last year they sympathized with protesters -- but not any longer....","lead_paragraph":"MANAMA, BAHRAIN -- No member of this trio ever planned on staying on this island. They had come either to visit friends or to work a one-year contract in the Gulf state. But they never left -- and now they offer an interesting view of the stirrings in Bahrain, which unlike any of the other Arab states affected by uprisings in the past year, has a majority population of expatriates.","abstract":null,"blog":[],"source":"International Herald Tribune","headline":{"main":"Losing Faith With Protesters in Bahrain","kicker":"THE FEMALE FACTOR"},"pub_date":"2012-05-08T00:00:00Z","document_type":"article","news_desk":"World \/ Middle East","section_name":"World","subsection_name":null,"type_of_material":"News","_id":"4fd2bbab8eb7c8105d8b1ba1"},{"web_url":"http:\/\/www.nytimes.com\/2003\/03\/23\/theater\/l-female-playwrights-report-on-women-864633.html","snippet":"To the Editor:    In ''These Women Seduced With Wit'' [March 9], Angeline Goreau cited the ''Report on the Status of Women: A Limited Engagement?'' which we co-authored and which was published by the New York State Council on the Arts Theater Prog...","lead_paragraph":"To the Editor: In ''These Women Seduced With Wit'' [March 9], Angeline Goreau cited the ''Report on the Status of Women: A Limited Engagement?'' which we co-authored and which was published by the New York State Council on the Arts Theater Program. This prompted many queries. The report can be accessed online at the Women's Project:","abstract":"Suzanne Bennett and Susan Jonas letter provides online addresses for theater organization Women's Project (S)","blog":[],"source":"The New York Times","headline":{"main":"Report on Women","kicker":"FEMALE PLAYWRIGHTS"},"pub_date":"2003-03-23T00:00:00Z","document_type":"article","news_desk":"Arts and Leisure Desk","section_name":"Technology; Arts; Theater; Opinion","subsection_name":null,"type_of_material":"Letter","_id":"4fd28e748eb7c8105d864c72"},{"web_url":"http:\/\/www.nytimes.com\/2013\/03\/13\/world\/europe\/13iht-letter13.html","snippet":"The broader backdrop of British politics suggests the likelihood of having a woman lead Britain again any time soon is remarkably slim....","lead_paragraph":"The broader backdrop of British politics suggests the likelihood of having a woman lead Britain again any time soon is remarkably slim.","abstract":null,"blog":[],"source":"International Herald Tribune","headline":{"main":"Weak Odds for Women in Britain","print_headline":"Weak Odds for Women in Britain","content_kicker":"The Female Factor"},"pub_date":"2013-03-13T16:45:00Z","document_type":"article","news_desk":"Foreign","section_name":"World","subsection_name":"Europe","type_of_material":"News","_id":"513f1fddcf28d04ae00025a7"},{"web_url":"http:\/\/www.nytimes.com\/2011\/12\/07\/world\/asia\/07iht-letter07.html","snippet":"Field workers say the official estimate of 10,000 homeless women in the Indian capital is too low, and there is ample evidence that those who are there face a bitter struggle for survival....","lead_paragraph":"Field workers say the official estimate of 10,000 homeless women in the Indian capital is too low, and there is ample evidence that those who are there face a bitter struggle for survival.","abstract":null,"blog":[],"source":"International Herald Tribune","headline":{"main":"Invisible Among the Uncounted","print_headline":"Invisible Among the Uncounted","content_kicker":"The Female Factor"},"pub_date":"2011-12-07T13:20:00Z","document_type":"article","news_desk":"Foreign","section_name":"World","subsection_name":"Asia Pacific","type_of_material":"News","_id":"5403ecba38f0d80e250f45f9"},{"web_url":"http:\/\/www.nytimes.com\/2011\/01\/21\/arts\/21iht-women21.html","snippet":"In some numbers now, female artists are forging images and voices....","lead_paragraph":"In some numbers now, female artists are forging images and voices.","abstract":null,"blog":[],"source":"International Herald Tribune","headline":{"main":"Bringing a Woman's Touch to Chinese Art Scene","print_headline":"Bringing a Woman's Touch to Chinese Art Scene","content_kicker":"Female Factor"},"pub_date":"2011-01-21T00:00:00Z","document_type":"article","news_desk":"Culture","section_name":"Arts","subsection_name":null,"type_of_material":"News","_id":"540fbf4638f0d87641c68214"},{"web_url":"http:\/\/www.nytimes.com\/2010\/11\/24\/us\/24iht-letter.html","snippet":"The 112th U.S. Congress will have a record number of eight new Republican women, who are different from established female Republican officeholders and most of the Democratic women on Capitol Hill....","lead_paragraph":"The 112th U.S. Congress will have a record number of eight new Republican women, who are different from established female Republican officeholders and most of the Democratic women on Capitol Hill.","abstract":null,"blog":[],"source":"International Herald Tribune","headline":{"main":"The Women Who Would Be Ms. Palin","content_kicker":"The Female Factor","print_headline":"The Women Who Would Be Ms. Palin"},"pub_date":"2010-11-24T00:00:00Z","document_type":"article","news_desk":"Foreign","section_name":"U.S.","subsection_name":null,"type_of_material":"News","_id":"5422335438f0d83c6e5b7c7f"},{"web_url":"http:\/\/www.nytimes.com\/2010\/11\/18\/sports\/18SAUDISPORTS.html","snippet":"Physical activity is forbidden in Saudi Arabia\u2019s state-run girls\u2019 schools, and the country is one of the few that have not sent women to the Olympic Games....","lead_paragraph":"Physical activity is forbidden in Saudi Arabia\u2019s state-run girls\u2019 schools, and the country is one of the few that have not sent women to the Olympic Games.","abstract":null,"blog":[],"source":"The New York Times","headline":{"seo":"For Saudi Women, Biggest Challenge Is Getting to Play","main":"For Saudi Women, Biggest Challenge Is Getting to Play","content_kicker":"The Female Factor","kicker":"The Female Factor","print_headline":"Saudi Women\nAnd the Right\nTo Play Sports"},"pub_date":"2010-11-18T00:00:00Z","document_type":"article","news_desk":"Sports","section_name":"Sports","subsection_name":null,"type_of_material":"News","_id":"54222f1438f0d83c6e5b7c23"},{"web_url":"http:\/\/www.nytimes.com\/2010\/11\/17\/world\/asia\/17iht-letter.html","snippet":"This year was the first time that women won the majority of medals awarded to India at the Commonwealth Games, and few of them are from socially privileged or wealthy families....","lead_paragraph":"This year was the first time that women won the majority of medals awarded to India at the Commonwealth Games, and few of them are from socially privileged or wealthy families.","abstract":null,"blog":[],"source":"The New York Times","headline":{"main":"In Sports, a Boost for Rural Indian Women","content_kicker":"The Female Factor","kicker":"The Female Factor","print_headline":"In Sports, a Boost for Rural Indian Women"},"pub_date":"2010-11-17T00:00:00Z","document_type":"article","news_desk":"Foreign","section_name":"World","subsection_name":"Asia Pacific","type_of_material":"News","_id":"54222e4438f0d83c6e5b7c12"},{"web_url":"http:\/\/www.nytimes.com\/2011\/02\/23\/world\/middleeast\/23iht-letter23.html","snippet":"Beyond the pride that many Tunisians feel for inspiring popular movements elsewhere, another point of pride is Tunisia\u2019s tradition of women\u2019s rights and education....","lead_paragraph":"Beyond the pride that many Tunisians feel for inspiring popular movements elsewhere, another point of pride is Tunisia\u2019s tradition of women\u2019s rights and education.","abstract":null,"blog":[],"source":"International Herald Tribune","headline":{"main":"Women's Rights a Strong Point in Tunisia","print_headline":"Women's Rights a Strong Point in Tunisia","content_kicker":"The Female Factor"},"pub_date":"2011-02-23T00:00:00Z","document_type":"article","news_desk":"Foreign","section_name":"World","subsection_name":"Middle East","type_of_material":"News","_id":"540fd8a838f0d87641c683f9"},{"web_url":"http:\/\/www.nytimes.com\/2011\/01\/29\/business\/global\/29iht-afbiz29.html","snippet":"And often they invite their husbands and children and friends to join them, spreading the effect of their efforts....","lead_paragraph":"And often they invite their husbands and children and friends to join them, spreading the effect of their efforts.","abstract":null,"blog":[],"source":"International Herald Tribune","headline":{"main":"Women Help Each Other Start Businesses in Afghanistan","content_kicker":"The Female Factor","kicker":"The Female Factor","print_headline":"Women Help Each Other Start Businesses in Afghanistan"},"pub_date":"2011-01-29T00:00:00Z","document_type":"article","news_desk":"Business","section_name":"Business Day","subsection_name":"Global Business","type_of_material":"News","_id":"540fc6af38f0d87641c6829f"},{"web_url":"http:\/\/www.nytimes.com\/2010\/11\/10\/world\/middleeast\/10iht-letter.html","snippet":"Women in Yemen are not subject to police searches while in the company of male relatives. This is what allowed an anonymous woman to send a bomb using someone else's identity....","lead_paragraph":"Women in Yemen are not subject to police searches while in the company of male relatives. This is what allowed an anonymous woman to send a bomb using someone else's identity.","abstract":null,"blog":[],"source":"International Herald Tribune","headline":{"main":"In Yemen, Cultural Propriety Poses a Security Challenge","print_headline":"In Yemen, Cultural Propriety Poses a Security Challenge","content_kicker":"The Female Factor"},"pub_date":"2010-11-10T00:00:00Z","document_type":"article","news_desk":"Foreign","section_name":"World","subsection_name":"Middle East","type_of_material":"News","_id":"542226f238f0d83c6e5b7b74"},{"web_url":"http:\/\/www.nytimes.com\/2010\/10\/13\/world\/middleeast\/13iht-letter.html","snippet":"What do Egyptian woman have to say about the killing of the Lebanese pop star Suzanne Tamim by her real estate tycoon lover? Mostly, that she deserved it....","lead_paragraph":"What do Egyptian woman have to say about the killing of the Lebanese pop star Suzanne Tamim by her real estate tycoon lover? Mostly, that she deserved it.","abstract":null,"blog":[],"source":"International Herald Tribune","headline":{"main":"For Egyptians, Lebanese Pop Star's Murder Was Her Own Fault","print_headline":"For Egyptians, Lebanese Pop Star's Murder Was Her Own Fault","content_kicker":"The Female Factor"},"pub_date":"2010-10-13T00:00:00Z","document_type":"article","news_desk":"Foreign","section_name":"World","subsection_name":"Middle East","type_of_material":"News","_id":"541b94f038f0d8296cb0fce0"},{"web_url":"http:\/\/www.nytimes.com\/2013\/05\/22\/world\/asia\/22iht-letter22.html","snippet":"The involvement of women has been crucial to ensuring more reliable sources of drinking water in rural India....","lead_paragraph":"The involvement of women has been crucial to ensuring more reliable sources of drinking water in rural India.","abstract":null,"blog":[],"source":"International Herald Tribune","headline":{"main":"Leading a Push for Clean Water","print_headline":"Leading a Push for Clean Water","content_kicker":"The Female Factor"},"pub_date":"2013-05-22T14:00:00Z","document_type":"article","news_desk":"Foreign","section_name":"World","subsection_name":"Asia Pacific","type_of_material":"News","_id":"519b768440e9ec457e2a2971"},{"web_url":"http:\/\/www.nytimes.com\/2013\/03\/27\/world\/asia\/27iht-letter27.html","snippet":"As China's first lady goes abroad with her husband, the coverage at home is frank about her role in cultivating soft power....","lead_paragraph":"As China's first lady goes abroad with her husband, the coverage at home is frank about her role in cultivating soft power.","abstract":null,"blog":[],"source":"International Herald Tribune","headline":{"main":"Ironic Encore for a Beloved Entertainer","print_headline":"Ironic Encore for a Beloved Entertainer","content_kicker":"The Female Factor"},"pub_date":"2013-03-27T13:00:00Z","document_type":"article","news_desk":"Foreign","section_name":"World","subsection_name":"Asia Pacific","type_of_material":"News","_id":"51518de3fdc5926e77002564"},{"web_url":"http:\/\/www.nytimes.com\/2012\/09\/12\/world\/asia\/12iht-letter12.html","snippet":"On paper at least, women are entitled to better treatment in Chinese prisons than in the United States....","lead_paragraph":"On paper at least, women are entitled to better treatment in Chinese prisons than in the United States.","abstract":null,"blog":[],"source":"International Herald Tribune","headline":{"main":"Women in Prison Fare Better in China","print_headline":"Women in Prison Fare Better in China","content_kicker":"The Female Factor"},"pub_date":"2012-09-12T14:20:00Z","document_type":"article","news_desk":"Foreign","section_name":"World","subsection_name":"Asia Pacific","type_of_material":"News","_id":"5050ce581c22dfde670c6a8f"},{"web_url":"http:\/\/www.nytimes.com\/2012\/08\/01\/world\/europe\/01iht-letter01.html","snippet":"Despite campaigns against stereotyping of boys' and girls' toys, stores find resistance to true equality....","lead_paragraph":"Despite campaigns against stereotyping of boys' and girls' toys, stores find resistance to true equality.","abstract":null,"blog":[],"source":"International Herald Tribune","headline":{"main":"Toys Start the Gender Equality Rift","print_headline":"Toys Start the Gender Equality Rift","content_kicker":"The Female Factor"},"pub_date":"2012-08-01T14:20:00Z","document_type":"article","news_desk":"Foreign","section_name":"World","subsection_name":"Europe","type_of_material":"News","_id":"53f9587138f0d84410bcae64"},{"web_url":"http:\/\/www.nytimes.com\/2012\/04\/25\/world\/asia\/25iht-letter25.html","snippet":"Several Muslim women's groups are calling for the compulsory registration of marriages with the state and the establishment of a more reliable system of financial support for wives....","lead_paragraph":"Several Muslim women's groups are calling for the compulsory registration of marriages with the state and the establishment of a more reliable system of financial support for wives.","abstract":null,"blog":[],"source":"International Herald Tribune","headline":{"main":"Muslim Women in India Seek Gender Equality in Marriage","print_headline":"Muslim Women in India Seek Gender Equality in Marriage","content_kicker":"The Female Factor"},"pub_date":"2012-04-25T14:20:00Z","document_type":"article","news_desk":"Foreign","section_name":"World","subsection_name":"Asia Pacific","type_of_material":"News","_id":"53f6050438f0d87ef470ee2d"},{"web_url":"http:\/\/www.nytimes.com\/2012\/03\/07\/us\/07iht-letter07.html","snippet":"As the battle for women's advancement has grown into a global movement, a former president of Chile emphasizes political participation....","lead_paragraph":"As the battle for women's advancement has grown into a global movement, a former president of Chile emphasizes political participation.","abstract":null,"blog":[],"source":"International Herald Tribune","headline":{"main":"Evaluating Challenges Women Face","print_headline":"Evaluating Challenges Women Face","content_kicker":"The Female Factor"},"pub_date":"2012-03-07T16:45:00Z","document_type":"article","news_desk":"Foreign","section_name":"U.S.","subsection_name":null,"type_of_material":"News","_id":"53f450a938f0d857ea2d0e93"},{"web_url":"http:\/\/www.nytimes.com\/2012\/03\/05\/business\/global\/eu-considers-quotas-for-women-in-boardrooms.html","snippet":"The senior justice official in the European Union was to announce a new effort Monday that could result in legislation requiring that women occupy up to 60 percent of the seats on corporate boards....","lead_paragraph":"The senior justice official in the European Union was to announce a new effort Monday that could result in legislation requiring that women occupy up to 60 percent of the seats on corporate boards.","abstract":"European Union senior justice official Viviane Reding is set to announce new effort that could result in legislation requiring that women occupy up to 60 percent of the seats on corporate boards.","blog":[],"source":"The New York Times","headline":{"main":"E.U. Considers Quotas for Women in Boardrooms","print_headline":"Europe to Study Quotas For Women on Boards","content_kicker":"Female Factor"},"pub_date":"2012-03-05T00:00:00Z","document_type":"article","news_desk":"Business","section_name":"Business Day","subsection_name":"Global Business","type_of_material":"News","_id":"53f441c838f0d857ea2d0dc9"},{"web_url":"http:\/\/www.nytimes.com\/2012\/02\/29\/world\/asia\/29iht-letter29.html","snippet":"Sexual violence throughout the country has been variously attributed to women's dress, behavior, caste and presence in insurgent areas....","lead_paragraph":"Sexual violence throughout the country has been variously attributed to women's dress, behavior, caste and presence in insurgent areas.","abstract":null,"blog":[],"source":"International Herald Tribune","headline":{"main":"In India, a 'Blame the Victim' Mentality","print_headline":"In India, a 'Blame the Victim' Mentality","content_kicker":"The Female Factor"},"pub_date":"2012-02-29T13:20:00Z","document_type":"article","news_desk":"Foreign","section_name":"World","subsection_name":"Asia Pacific","type_of_material":"News","_id":"53f40f8338f0d857ea2d0af0"},{"web_url":"http:\/\/www.nytimes.com\/2012\/01\/25\/world\/europe\/25iht-letter25.html","snippet":"Despite progress, there is still a stubborn dearth of female power brokers, perhaps because women believe they can have it all, and men just want a stellar career....","lead_paragraph":"Despite progress, there is still a stubborn dearth of female power brokers, perhaps because women believe they can have it all, and men just want a stellar career.","abstract":null,"blog":[],"source":"International Herald Tribune","headline":{"main":"New Goal for Women? Rising Above Having It All","print_headline":"New Goal for Women? Rising Above Having It All","content_kicker":"The Female Factor"},"pub_date":"2012-01-25T13:20:00Z","document_type":"article","news_desk":"Foreign","section_name":"World","subsection_name":"Europe","type_of_material":"News","_id":"53f2d88038f0d847437e0071"},{"web_url":"http:\/\/www.nytimes.com\/2011\/08\/31\/world\/europe\/31iht-letter31.html","snippet":"Mariam Fizazi had a husband run off to Pakistan, and saw her brother and father arrested over terrorist attacks in Morocco -- yet she still tries to promote what she sees as the truths of Islam....","lead_paragraph":"Mariam Fizazi had a husband run off to Pakistan, and saw her brother and father arrested over terrorist attacks in Morocco -- yet she still tries to promote what she sees as the truths of Islam.","abstract":null,"blog":[],"source":"International Herald Tribune","headline":{"main":"Stuck Between 2 Sides of Islam","print_headline":"Stuck Between 2 Sides of Islam","content_kicker":"The Female Factor"},"pub_date":"2011-08-31T17:45:00Z","document_type":"article","news_desk":"Foreign","section_name":"World","subsection_name":"Europe","type_of_material":"News","_id":"5411dbe438f0d832853e858a"},{"web_url":"http:\/\/www.nytimes.com\/2011\/05\/18\/world\/asia\/18iht-letter18.html","snippet":"Women's and civil rights advocates have expressed growing concern over the often deadly verdicts passed by Indian councils known as khap panchayats....","lead_paragraph":"Women's and civil rights advocates have expressed growing concern over the often deadly verdicts passed by Indian councils known as khap panchayats.","abstract":null,"blog":[],"source":"International Herald Tribune","headline":{"main":"A Challenge to Doing Gender Justice by Violence","print_headline":"A Challenge to Doing Gender Justice by Violence","content_kicker":"The Female Factor"},"pub_date":"2011-05-18T14:30:00Z","document_type":"article","news_desk":"Foreign","section_name":"World","subsection_name":"Asia Pacific","type_of_material":"News","_id":"541018af38f0d87641c688d9"},{"web_url":"http:\/\/www.nytimes.com\/2011\/04\/13\/world\/asia\/13iht-letter13.html","snippet":"An imbalance in the ratio of girls to boys shows that the aborting of female fetuses has increased as medical technology has made it easier to detect the sex of an unborn child....","lead_paragraph":"An imbalance in the ratio of girls to boys shows that the aborting of female fetuses has increased as medical technology has made it easier to detect the sex of an unborn child.","abstract":null,"blog":[],"source":"International Herald Tribune","headline":{"main":"A Campaign Against Girls in India","print_headline":"A Campaign Against Girls in India","content_kicker":"The Female Factor"},"pub_date":"2011-04-13T13:30:00Z","document_type":"article","news_desk":"Foreign","section_name":"World","subsection_name":"Asia Pacific","type_of_material":"News","_id":"5410002738f0d87641c686f0"},{"web_url":"http:\/\/www.nytimes.com\/2010\/03\/15\/world\/asia\/15joya.html","snippet":"Malalai Joya has received so many death threats that she lives what she calls a fugitive\u2019s life in her own country....","lead_paragraph":"Malalai Joya has received so many death threats that she lives what she calls a fugitive\u2019s life in her own country.","abstract":null,"blog":[],"source":"International Herald Tribune","headline":{"main":"An Afghan Politician Pushes for a Comeback","content_kicker":"The Female Factor","print_headline":"Risking Her Life, an Afghan Politician Pushes for a Comeback"},"pub_date":"2010-03-15T00:00:00Z","document_type":"article","news_desk":"Foreign","section_name":"World","subsection_name":"Asia Pacific","type_of_material":"News","_id":"5443f74038f0d82782d9af64"},{"web_url":"http:\/\/www.nytimes.com\/2010\/03\/02\/world\/asia\/02iht-women.html","snippet":"Discriminated against in the private sector, educated women are choosing government jobs instead....","lead_paragraph":"Discriminated against in the private sector, educated women are choosing government jobs instead.","abstract":null,"blog":[],"source":"International Herald Tribune","headline":{"main":"Korean Women Flock to Government","content_kicker":"The Female Factor","kicker":"The Female Factor","print_headline":"Blocked in the Private Sector, Korean Women Flock to Government"},"pub_date":"2010-03-02T00:00:00Z","document_type":"article","news_desk":"Foreign","section_name":"World","subsection_name":"Asia Pacific","type_of_material":"News","_id":"5443677938f0d8246e88d22d"},{"web_url":"http:\/\/www.nytimes.com\/2010\/01\/18\/world\/europe\/18iht-women.html","snippet":"A social revolution is driving a search for fresh ways of combining family life and motherhood with a more powerful role for women....","lead_paragraph":"A social revolution is driving a search for fresh ways of combining family life and motherhood with a more powerful role for women.","abstract":null,"blog":[],"source":"International Herald Tribune","headline":{"main":"In Germany, a Tradition Falls, and Women Rise","content_kicker":"The Female Factor","kicker":"The Female Factor","print_headline":"In Germany, a Tradition Falls, and Women Rise"},"pub_date":"2010-01-18T00:00:00Z","document_type":"article","news_desk":"Foreign","section_name":"World","subsection_name":"Europe","type_of_material":"Series","_id":"54380cba38f0d83c143b81af"},{"web_url":"http:\/\/www.nytimes.com\/2013\/01\/09\/us\/09iht-letter09.html","snippet":"As women's issues become increasingly global, the expectations are rising and the challenges getting larger. Familiar issues haven't gone away, but they're likely to get more prominence this year....","lead_paragraph":"As women's issues become increasingly global, the expectations are rising and the challenges getting larger. Familiar issues haven't gone away, but they're likely to get more prominence this year.","abstract":null,"blog":[],"source":"International Herald Tribune","headline":{"main":"The Internationalization of Women's Issues","kicker":"The Female Factor","print_headline":"The Internationalization of Women's Issues","content_kicker":"The Female Factor"},"pub_date":"2013-01-09T13:00:00Z","document_type":"article","news_desk":"Foreign","section_name":"U.S.","subsection_name":null,"type_of_material":"News","_id":"50ec16f600315214fbb82fc6"},{"web_url":"http:\/\/www.nytimes.com\/2012\/07\/04\/world\/europe\/04iht-letter04.html","snippet":"At a recent TED conference, it took about a day to realize that the usual pangs of irritation were missing. Unlike many other similar gatherings, this one featured a critical mass of female speakers....","lead_paragraph":"At a recent TED conference, it took about a day to realize that the usual pangs of irritation were missing. Unlike many other similar gatherings, this one featured a critical mass of female speakers.","abstract":null,"blog":[],"source":"International Herald Tribune","headline":{"main":"Diversity, Minus the Tokenism","print_headline":"Diversity, Minus the Tokenism","content_kicker":"The Female Factor"},"pub_date":"2012-07-04T14:20:00Z","document_type":"article","news_desk":"Foreign","section_name":"World","subsection_name":"Europe","type_of_material":"News","_id":"53f875b638f0d835538dcb64"},{"web_url":"http:\/\/www.nytimes.com\/2012\/06\/29\/world\/africa\/female-bearers-in-the-democratic-republic-of-congo.html","snippet":"Across Congo, women carry hundreds of kilograms of goods per week on their backs because horses, donkeys and trucks are too expensive, residents say....","lead_paragraph":"Across Congo, women carry hundreds of kilograms of goods per week on their backs because horses, donkeys and trucks are too expensive, residents say.","abstract":null,"blog":[],"source":"International Herald Tribune","headline":{"seo":"Female Bearers in the Democratic Republic of Congo","main":"Women as Human Pack Horses in the Democratic Republic of Congo","kicker":"Female Factor","print_headline":"Women as Human Pack Horses","content_kicker":"Female Factor"},"pub_date":"2012-06-29T00:00:00Z","document_type":"article","news_desk":"Foreign","section_name":"World","subsection_name":"Africa","type_of_material":"News","_id":"53f84ab438f0d835538dc939"},{"web_url":"http:\/\/www.nytimes.com\/2012\/06\/27\/us\/27iht-letter27.html","snippet":"Anne-Marie Slaughter's cover story in The Atlantic on the struggle of women to get ahead at work really settles nothing. But it did get a good conversation going....","lead_paragraph":"Anne-Marie Slaughter's cover story in The Atlantic on the struggle of women to get ahead at work really settles nothing. But it did get a good conversation going.","abstract":null,"blog":[],"source":"International Herald Tribune","headline":{"main":"Inciting a Debate on Women and Work","print_headline":"Inciting a Debate on Women and Work","content_kicker":"The Female Factor"},"pub_date":"2012-06-27T14:20:00Z","document_type":"article","news_desk":"Foreign","section_name":"U.S.","subsection_name":null,"type_of_material":"News","_id":"53f8391238f0d835538dc865"},{"web_url":"http:\/\/www.nytimes.com\/2012\/05\/23\/world\/asia\/23iht-letter23.html","snippet":"In India, researchers are beginning to study the effects that the explosive growth in the mobile phone market has had on women's lives, in some cases, breaking the pattern of marital isolation....","lead_paragraph":"In India, researchers are beginning to study the effects that the explosive growth in the mobile phone market has had on women's lives, in some cases, breaking the pattern of marital isolation.","abstract":null,"blog":[],"source":"International Herald Tribune","headline":{"main":"Mobile Phones Offer Indian Women a Better Life","print_headline":"Mobile Phones Offer Indian Women a Better Life","content_kicker":"The Female Factor"},"pub_date":"2012-05-23T14:20:00Z","document_type":"article","news_desk":"Foreign","section_name":"World","subsection_name":"Asia Pacific","type_of_material":"News","_id":"53f7019d38f0d821a37b297b"},{"web_url":"http:\/\/www.nytimes.com\/2012\/01\/11\/us\/11iht-letter11.html","snippet":"The past year wasn't exactly a banner year for women. But it had its moments, and there is hope for the new year....","lead_paragraph":"The past year wasn't exactly a banner year for women. But it had its moments, and there is hope for the new year.","abstract":null,"blog":[],"source":"International Herald Tribune","headline":{"main":"High Hopes 2012 Will Be a Good Year for Women","print_headline":"High Hopes 2012 Will Be a Good Year for Women","content_kicker":"The Female Factor"},"pub_date":"2012-01-11T16:45:00Z","document_type":"article","news_desk":"Foreign","section_name":"U.S.","subsection_name":null,"type_of_material":"News","_id":"53f253b138f0d847437df8f9"},{"web_url":"http:\/\/www.nytimes.com\/2012\/01\/04\/world\/asia\/04iht-letter04.html","snippet":"The passage of a bill intended to increase the number of female members of the Indian Parliament was thought to be a formality until it turned into an exhausting round of political battles....","lead_paragraph":"The passage of a bill intended to increase the number of female members of the Indian Parliament was thought to be a formality until it turned into an exhausting round of political battles.","abstract":null,"blog":[],"source":"International Herald Tribune","headline":{"main":"For Indian Women, a Long Wait for Equality in Parliament","print_headline":"For Indian Women, a Long Wait for Equality in Parliament","content_kicker":"The Female Factor"},"pub_date":"2012-01-04T13:20:00Z","document_type":"article","news_desk":"Foreign","section_name":"World","subsection_name":"Asia Pacific","type_of_material":"News","_id":"5404cbdb38f0d8119d1575d8"},{"web_url":"http:\/\/www.nytimes.com\/2011\/11\/16\/world\/americas\/16iht-letter16.html","snippet":"Since Dilma Rousseff became president of Brazil, women have moved ahead in education and health. But their economic and political power has grown more slowly....","lead_paragraph":"Since Dilma Rousseff became president of Brazil, women have moved ahead in education and health. But their economic and political power has grown more slowly.","abstract":null,"blog":[],"source":"International Herald Tribune","headline":{"main":"Paving a Way for Women in Brazil","content_kicker":"The Female Factor","print_headline":"Paving a Way for Women in Brazil"},"pub_date":"2011-11-16T13:20:00Z","document_type":"article","news_desk":"Foreign","section_name":"World","subsection_name":"Americas","type_of_material":"News","_id":"540334eb38f0d80cceb2034e"},{"web_url":"http:\/\/www.nytimes.com\/2011\/01\/12\/world\/asia\/12iht-letter12.html","snippet":"While laws like Pakistan's blasphemy ban focus on anyone seen as insulting the dominant religion, women who are accused of violations often end up facing sexual violence and a lifetime of humiliation....","lead_paragraph":"While laws like Pakistan's blasphemy ban focus on anyone seen as insulting the dominant religion, women who are accused of violations often end up facing sexual violence and a lifetime of humiliation.","abstract":null,"blog":[],"source":"International Herald Tribune","headline":{"main":"In Realm of Religion, Women Lose Out","print_headline":"In Realm of Religion, Women Lose Out","content_kicker":"The Female Factor"},"pub_date":"2011-01-12T13:30:00Z","document_type":"article","news_desk":"Foreign","section_name":"World","subsection_name":"Asia Pacific","type_of_material":"News","_id":"540fb87738f0d87641c6817e"},{"web_url":"http:\/\/www.nytimes.com\/2010\/11\/26\/world\/asia\/26iht-china.html","snippet":"Practical concerns about coping in a highly competitive world are feeding into a powerful identity crisis among China\u2019s women....","lead_paragraph":"Practical concerns about coping in a highly competitive world are feeding into a powerful identity crisis among China\u2019s women.","abstract":null,"blog":[],"source":"The New York Times","headline":{"main":"For China\u2019s Women, More Opportunities, More Pitfalls","print_headline":"Old Biases Hamper Women in China\u2019s New Economy","content_kicker":"The Female Factor"},"pub_date":"2010-11-26T00:00:00Z","document_type":"article","news_desk":"Foreign","section_name":"World","subsection_name":"Asia Pacific","type_of_material":"News","_id":"5422362b38f0d83c6e5b7cd7"},{"web_url":"http:\/\/www.nytimes.com\/2010\/02\/17\/world\/middleeast\/17iraqwomen.html","snippet":"In a sign of progress, 12 women have formed their own party, with a platform built on women\u2019s rights and jobs for Iraq\u2019s many widows....","lead_paragraph":"In a sign of progress, 12 women have formed their own party, with a platform built on women\u2019s rights and jobs for Iraq\u2019s many widows.","abstract":null,"blog":[],"source":"The New York Times","headline":{"main":"Iraqi Women Are Seeking Greater Political Influence","content_kicker":"The Female Factor","sub":"Organizing to Combat  Cultural Resistance  ;","print_headline":"Iraqi Women Are Seeking Greater Political Influence"},"pub_date":"2010-02-17T00:00:00Z","document_type":"article","news_desk":"Foreign","section_name":"World","subsection_name":"Middle East","type_of_material":"News","_id":"5442ed8738f0d8246e88c822"}]