[{"web_url":"http:\/\/www.nytimes.com\/2017\/02\/25\/opinion\/sunday\/what-to-ask-a-celebrity-instead-of-are-you-a-feminist.html","snippet":"Don\u2019t talk about what they are wearing. Do ask about equal pay....","lead_paragraph":"Don\u2019t talk about what they are wearing. Do ask about equal pay.","abstract":null,"blog":[],"source":"The New York Times","headline":{"main":"What to Ask a Celebrity Instead of \u2018Are You a Feminist?\u2019","content_kicker":"Opinion","kicker":"Opinion","print_headline":"What to Ask Instead of \u2018Are You a Feminist?\u2019"},"pub_date":"2017-02-25T21:38:09+0000","document_type":"article","news_desk":"OpEd","section_name":"Opinion","subsection_name":"Sunday Review","type_of_material":"Op-Ed","_id":"58b1f9477c459f2525d1e867"},{"web_url":"http:\/\/query.nytimes.com\/gst\/abstract.html?res=9503E0D8173EE53BBC4F51DFB566838C669EDE","snippet":"Feminists keep announcing that we need new versions of the past; Elaine Showalter's provocative chapter of literary history shows what they mean and how right they are. Based on an impressive range of scholarship (the bibliography ......","lead_paragraph":"Feminists keep announcing that we need new versions of the past; Elaine Showalter's provocative chapter of literary history shows what they mean and how right they are. Based on an impressive range of scholarship (the bibliography ...","abstract":"Showalter, Elaine (Prof): A Literature of Their Own: British Women Novelists from Bronte to Lessing revd by Patricia Meyer Spacks","blog":[],"source":"The New York Times","headline":{"main":"Feminine to feminist to female; Literature Of Their Own"},"pub_date":"1977-03-27T00:00:00Z","document_type":"article","news_desk":null,"section_name":null,"subsection_name":null,"type_of_material":"Article","_id":"4fc4917f45c1498b0da619ee"},{"web_url":"http:\/\/query.nytimes.com\/gst\/abstract.html?res=9A02E4DF1031E632A2575AC0A9609C946990D6CF","snippet":"The three Middle Eastern women were ordering tea and coffee at a Greenwich Village cafe one morning this week, and the fact that they were sitting there together struck even them as remarkable....","lead_paragraph":"The three Middle Eastern women were ordering tea and coffee at a Greenwich Village cafe one morning this week, and the fact that they were sitting there together struck even them as remarkable.","abstract":"filmmakers, Layla Abou-Saif from Egypt, Edna Politi from Israel and Marva Nabili from Iran, whose works are being shown at Mideast Film Festival at Bleeker St Cinema, int (M)","blog":[],"source":"The New York Times","headline":{"main":"Mideast Feminism: Views of Female Film Makers; Feminist Films Trying to Change Attitudes"},"pub_date":"1978-06-09T00:00:00Z","document_type":"article","news_desk":null,"section_name":null,"subsection_name":null,"type_of_material":"Article","_id":"4fc49bf445c1498b0da8e96a"},{"web_url":"http:\/\/query.nytimes.com\/gst\/abstract.html?res=9800E6DE1239E334BC4E51DFB466838C669EDE","snippet":"\"Give Jeri Lee an inch, and she'll take a mile. A streak of sassiness runs through this vivacious, 21-year-old with snapping blue eyes. She admits she is dominant and hard to control. But the warmth of her native California sun brings out a softer...","lead_paragraph":"\"Give Jeri Lee an inch, and she'll take a mile. A streak of sassiness runs through this vivacious, 21-year-old with snapping blue eyes. She admits she is dominant and hard to control. But the warmth of her native California sun brings out a softer, more mellow side in her nature, and she enjoys nothing so much as relaxing her gorgeous, 38-25-36 frame on a secluded beach.\"","abstract":"Comment on women who work for 'men's magazines'; Cindy Himel and Heidi Handman (Penthouse) and Christie Hefner, Michelle Urry, Gretchen McNeese and Marilyn Grabowski (Playboy) comment on jobs and feminism (M)","blog":[],"source":"The New York Times","headline":{"main":"There's Feminist Editing Behind the Female Form In Top Men's Magazines"},"pub_date":"1977-02-26T00:00:00Z","document_type":"article","news_desk":null,"section_name":null,"subsection_name":null,"type_of_material":"Article","_id":"4fc491f345c1498b0da635c4"},{"web_url":"http:\/\/query.nytimes.com\/gst\/abstract.html?res=9400E6D91738E33BBC4053DFBE668388659EDE","snippet":"Heymann, Lida G; por...","lead_paragraph":null,"abstract":"Heymann, Lida G; por","blog":[],"source":"The New York Times","headline":{"main":"DR. HEYMANN DIES; FEMINIST LEADER; A Founder of Female Suffrage Movement in Germany -- Succumbs in Zurich"},"pub_date":"1943-08-08T00:00:00Z","document_type":"article","news_desk":null,"section_name":null,"subsection_name":null,"type_of_material":"Obituary","_id":"4fc23e1245c1498b0d6a282d"},{"web_url":"http:\/\/query.nytimes.com\/gst\/abstract.html?res=9801E1D9123EE732A25752C2A9669D946890D6CF","snippet":"HER great-grandmother,  Elizabeth Cady Stanton, helped found and lead the American suffragist movement. And her grandmother and mother followed in those feminist footsteps--marching, picketing and pouring tea for women's rights....","lead_paragraph":"HER great-grandmother, Elizabeth Cady Stanton, helped found and lead the American suffragist movement. And her grandmother and mother followed in those feminist footsteps--marching, picketing and pouring tea for women's rights.","abstract":"Barbara Basler interview with Rhoda Jenkins, great-granddaughter of suffragist Elizabeth Cady Stanton; Jenkins portriat (M)","blog":[],"source":"The New York Times","headline":{"main":"Growing Up Female In a Feminist Family; A Struggle for Identity in a Suffragist's Family"},"pub_date":"1979-10-21T00:00:00Z","document_type":"article","news_desk":null,"section_name":null,"subsection_name":null,"type_of_material":"Article","_id":"4fc4a0c145c1498b0daa4b08"},{"web_url":"http:\/\/www.nytimes.com\/video\/us\/politics\/100000004471953\/obama-im-a-feminist.html","snippet":"At the White House\u2019s United State of Women meeting, President Obama described himself as a feminist and spoke of the first female presidential candidate for a major political party....","lead_paragraph":"At the White House\u2019s United State of Women meeting, President Obama described himself as a feminist and spoke of the first female presidential candidate for a major political party.","abstract":null,"blog":[],"source":"Reuters","headline":{"main":"Obama: I\u2019m a Feminist"},"pub_date":"2016-06-14T17:41:43Z","document_type":"multimedia","news_desk":"U.S. \/ Politics","section_name":"U.S.","subsection_name":"Politics","type_of_material":"Video","_id":"57607a3338f0d879a23594b8"},{"web_url":"http:\/\/www.nytimes.com\/2017\/02\/07\/magazine\/how-a-fractious-womens-movement-came-to-lead-the-left.html","snippet":"Feminism brought the opposition together. But how long will that last, and how many converts can it win?...","lead_paragraph":"Feminism brought the opposition together. But how long will that last, and how many converts can it win?","abstract":null,"blog":[],"source":"The New York Times","headline":{"main":"How a Fractious Women\u2019s Movement Came to Lead the Left","content_kicker":"Feature","kicker":"Feature","print_headline":"Forces in Opposition"},"pub_date":"2017-02-07T10:00:06+0000","document_type":"article","news_desk":"Magazine","section_name":"Magazine","subsection_name":null,"type_of_material":"News","_id":"58999aad7c459f2525d1ad60"},{"web_url":"http:\/\/www.nytimes.com\/aponline\/2017\/02\/03\/world\/europe\/ap-eu-sweden-trump.html","snippet":"Sweden's Deputy Prime Minister has posted on Facebook an all-woman photo including herself signing a proposal for the country's new climate law &#8212; a photo many online commentators have taken as a direct swipe at Donald Trump....","lead_paragraph":"Sweden's Deputy Prime Minister has posted on Facebook an all-woman photo including herself signing a proposal for the country's new climate law &#8212; a photo many online commentators have taken as a direct swipe at Donald Trump.","abstract":null,"blog":[],"source":"AP","headline":{"main":"Sweden's 'Feminist Government' Takes Swipe at Trump","print_headline":"Sweden's 'Feminist Government' Takes Swipe at Trump"},"pub_date":"2017-02-03T14:48:52+0000","document_type":"article","news_desk":null,"section_name":"World","subsection_name":"Europe","type_of_material":"News","_id":"5894985e7c459f2525d1a508"},{"web_url":"http:\/\/query.nytimes.com\/gst\/abstract.html?res=9C07EFDC1230E53BBC4E51DFBF668388659EDE","snippet":"Stowe-Gullen, (Mrs) Augusta...","lead_paragraph":null,"abstract":"Stowe-Gullen, (Mrs) Augusta","blog":[],"source":"The New York Times","headline":{"main":"DR. STOWE-GULLEN IS DEAD IN TORONTO; First Woman Medical Alumna of a Canadian University Was Feminist Leader PHYSICIAN FOR 60 YEARS Daughter of Canada's First Female Doctor Had Served Toronto Hospital Board"},"pub_date":"1943-09-26T00:00:00Z","document_type":"article","news_desk":null,"section_name":null,"subsection_name":null,"type_of_material":"Obituary","_id":"4fc2282d45c1498b0d63dd3d"},{"web_url":"http:\/\/query.nytimes.com\/gst\/abstract.html?res=9E06E5D9123CE336A05752C2A9679D946790D6CF","snippet":"Thanksgiving is a country feast eaten in a citified nation. Even the farm families in my locality, which is rural Iowa, go to the supermarket  not the barnyard, bog or pumpkin patch for their plastic-wrapped turkeys, frozen cranberry relish and ca...","lead_paragraph":"Thanksgiving is a country feast eaten in a citified nation. Even the farm families in my locality, which is rural Iowa, go to the supermarket not the barnyard, bog or pumpkin patch for their plastic-wrapped turkeys, frozen cranberry relish and canned pumpkin-pie filling.","abstract":"Vance Bourjaily article on mythological and historical role female image has played in harvest festivals, including Thanksgiving Day in US; illus; drawings (L)","blog":[],"source":"The New York Times","headline":{"main":"Pilgrim Mothers,; feminist forebears Thanksgiving wasn't always what it now seems. The female essence of the harvest festival must go back to the caves. Whoever heard of Father Earth? Thanksgiving"},"pub_date":"1976-11-21T00:00:00Z","document_type":"article","news_desk":null,"section_name":null,"subsection_name":null,"type_of_material":"Article","_id":"4fc4980945c1498b0da7d615"},{"web_url":"http:\/\/www.nytimes.com\/2017\/01\/23\/opinion\/discovering-feminist-students-in-the-middle-east.html","snippet":"My American students thought feminism was for angry man-haters. Women in Abu Dhabi were inspired by it to take risks and take charge of their lives....","lead_paragraph":"My American students thought feminism was for angry man-haters. Women in Abu Dhabi were inspired by it to take risks and take charge of their lives.","abstract":null,"blog":[],"source":"The New York Times","headline":{"main":"Discovering Feminist Students in the Middle East","content_kicker":"On Campus","kicker":"On Campus","print_headline":"Discovering Feminist Students in the Middle East"},"pub_date":"2017-01-23T08:21:21+0000","document_type":"article","news_desk":"OpEd","section_name":"Opinion","subsection_name":null,"type_of_material":"Op-Ed","_id":"5885bd067c459f2525d180e8"},{"web_url":"http:\/\/www.nytimes.com\/2017\/02\/13\/fashion\/new-york-fashion-week-altuzarra-diane-von-furstenberg.html","snippet":"From Joseph Altuzarra to Diane von Furstenberg, different proposals for defining a woman\u2019s wardrobe....","lead_paragraph":"From Joseph Altuzarra to Diane von Furstenberg, different proposals for defining a woman\u2019s wardrobe.","abstract":null,"blog":[],"source":"The New York Times","headline":{"main":"What Does \u2018Dress Like a Woman\u2019 Mean? Designers Tackle the Question","content_kicker":"Fashion Review","kicker":"Fashion Review","print_headline":"What Does It Mean to Dress Like a Woman?"},"pub_date":"2017-02-13T13:38:46+0000","document_type":"article","news_desk":"Styles","section_name":"Fashion & Style","subsection_name":null,"type_of_material":"Review","_id":"58a1b6f17c459f2525d1c0c5"},{"web_url":"http:\/\/www.nytimes.com\/2017\/02\/14\/dining\/chef-dominique-crenn.html","snippet":"The San Francisco chef is suddenly one of the world\u2019s most acclaimed and visible cooks \u2014 and one of the few women ranked alongside men....","lead_paragraph":"The San Francisco chef is suddenly one of the world\u2019s most acclaimed and visible cooks \u2014 and one of the few women ranked alongside men.","abstract":null,"blog":[],"source":"The New York Times","headline":{"main":"Does Fame Have a Recipe? Dominique Crenn\u2019s Fast Rise","print_headline":"Here, There  and Rising"},"pub_date":"2017-02-14T18:00:08+0000","document_type":"article","news_desk":"Dining","section_name":"Food","subsection_name":null,"type_of_material":"News","_id":"58a345af7c459f2525d1c538"},{"web_url":"http:\/\/www.nytimes.com\/2017\/02\/06\/theater\/wooster-group-town-hall-affair.html","snippet":"This piece by the Wooster Group was inspired by a 1971 debate that pitted Norman Mailer against some of the most outspoken feminists of the day....","lead_paragraph":"This piece by the Wooster Group was inspired by a 1971 debate that pitted Norman Mailer against some of the most outspoken feminists of the day.","abstract":null,"blog":[],"source":"The New York Times","headline":{"main":"\u2018The Town Hall Affair\u2019 Recreates a Feminist Firestorm","print_headline":"A Feminist Firestorm Redux"},"pub_date":"2017-02-06T22:50:41+0000","document_type":"article","news_desk":"Culture","section_name":"Theater","subsection_name":null,"type_of_material":"News","_id":"5898fdcc7c459f2525d1ac4b"},{"web_url":"http:\/\/query.nytimes.com\/gst\/fullpage.html?res=9A0DE2DB133AF936A35757C0A9639D8B63","snippet":"FRANKENBERG--Babette Meyers Known to her family and many friends as \"Bobbe,\" died February 28 at age 98, having lived a richly variegated and adventurous life that channeled her pioneering spirit as a feminist before her time. Bobbe was born on Ma...","lead_paragraph":"FRANKENBERG--Babette Meyers Known to her family and many friends as \"Bobbe,\" died February 28 at age 98, having lived a richly variegated and adventurous life that channeled her pioneering spirit as a feminist before her time. Bobbe was born on May 16, 1916, in the hardscrabble mining town of Bisbee, AZ, and moved with her parents to Beverly Hills when Sunset Boulevard had yet to be fully paved. She was a successful business woman in the 1940s, when female entrepreneurs were a rare breed, and through the 1980s, as women increasingly rose to prominence in corporate America. She found great success in commercial and residential real estate as well in public relations. In the 1950s she handled Mark Taper's PR for his ambitious Lakewood development. With Coldwell Banker, Bobbe sold many of the more remarkable Los Angeles homes of her time, remarkable both for their lavishness and their residents. Bobbe was also an outdoors woman and athlete, fishing and riding horses. She skied and played tennis competitively, often against men. She raised and trained dogs and was a sports car enthusiast, well-known for the rainbow-painted Porsche in which she made her real estate rounds. Bobbe traveled widely throughout Europe, Asia, Africa and the Americas. As a patron of the arts she greatly enjoyed classical music and in recent years, Lady Gaga. Her rapier wit and playful sense of humor was matched by her care and concern for others. Never one to talk about herself, Bobbe focused her incandescent personality on whomever she was with; her joyful presence absorbed as much as her quiet smile radiated. Bobbe leaves behind friends and classmates from Beverly Hills High School (1935, Class President), UC Berkeley and UCLA (1939, BA European History). She will be dearly missed by her family, including her niece Jeanne Meyers (Richard Carr) and nephews Charles Franklin (Susie) and Wayne Franklin (Susan); her grandnieces and nephews, Elissa (Clark Middleton) and Lucas Meyers (Margaret); Zachary Franklin (Sofia Zander), Seth Franklin (Kristin), Judd Franklin (Tybe Goldberg); and Jason Franklin, Barrett Franklin (Lea) and Shannon Hegarty (Terry); as well as by her great grandnieces and nephew, Ellington and August Meyers; Molly Franklin and Clara Zander; and Adena Franklin. Bobbe was predeceased by her younger brothers Benny (Ben Jr.) (same day as Bobbe, February 28, but 1973) and Maynard Franklin (2011). Beneficiaries of Babette's profoundly philanthropic nature include several health and educational institutes. She and her brother Maynard left the gem and mineral collection originally amassed by their parents, Ben and Clara, in Bisbee, to the Los Angeles County Museum of Natural History, where it can now be seen by all. 1","abstract":null,"blog":[],"source":"The New York Times","headline":{"main":"Paid Notice: Memorials  FRANKENBERG, BABETTE MEYERS KNOWN TO HER FAMILY AND MANY FRIENDS AS \"BOBBE,\" DIED FEBRUARY 28 AT AGE 98, HAVING LIVED A RICHLY VARIEGATED AND ADVENTUROUS LIFE THAT CHANNELED HER PIONEERING SPIRIT AS A FEMINIST BEFORE HER TIME. BOBBE WAS BORN ON MAY 16, 1916, IN THE HARDSCRABBLE MINING TOWN OF BISBEE, AZ, AND MOVED WITH HER PARENTS TO BEVERLY HILLS WHEN SUNSET BOULEVARD HAD YET TO BE FULLY PAVED. SHE WAS A SUCCESSFUL BUSINESS WOMAN IN THE 1940S, WHEN FEMALE ENTREPRENEURS WERE A RARE BREED, AND THROUGH THE 1980S, AS WOMEN INCREASINGLY ROSE TO PROMINENCE IN CORPORATE AMERICA. SHE FOUND GREAT SUCCESS IN COMMERCIAL AND RESIDENTIAL REAL ESTATE AS WELL IN PUBLIC RELATIONS. IN THE 1950S SHE HANDLED MARK TAPER'S PR FOR HIS AMBITIOUS LAKEWOOD DEVELOPMENT. WITH COLDWELL BANKER, BOBBE SOLD MANY OF THE MORE REMARKABLE LOS ANGELES HOMES OF HER TIME, REMARKABLE BOTH FOR THEIR LAVISHNESS AND THEIR RESIDENTS. BOBBE WAS ALSO AN OUTDOORS WOMAN AND ATHLETE, FISHING AND RIDING HORSES. SHE SKIED AND PLAYED TENNIS COMPETITIVELY, OFTEN AGAINST MEN. SHE RAISED AND TRAINED DOGS AND WAS A SPORTS CAR ENTHUSIAST, WELL, KNOWN FOR THE RAINBOW, PAINTED PORSCHE IN WHICH SHE MADE HER REAL ESTATE ROUNDS. BOBBE TRAVELED WIDELY THROUGHOUT EUROPE, ASIA, AFRICA AND THE AMERICAS. AS A PATRON OF THE ARTS SHE GREATLY ENJOYED CLASSICAL MUSIC AND IN RECENT YEARS, LADY GAGA. HER RAPIER WIT AND PLAYFUL SENSE OF HUMOR WAS MATCHED BY HER CARE AND CONCERN FOR OTHERS. NEVER ONE TO TALK ABOUT HERSELF, BOBBE FOCUSED HER INCANDESCENT PERSONALITY ON WHOMEVER SHE WAS WITH; HER JOYFUL PRESENCE ABSORBED AS MUCH AS HER QUIET SMILE RADIATED. BOBBE LEAVES BEHIND FRIENDS AND CLASSMATES FROM BEVERLY HILLS HIGH SCHOOL (1935, CLASS PRESIDENT), UC BERKELEY AND UCLA (1939, BA EUROPEAN HISTORY). SHE WILL BE DEARLY MISSED BY HER FAMILY, INCLUDING HER NIECE JEANNE MEYERS (RICHARD CARR) AND NEPHEWS CHARLES FRANKLIN (SUSIE) AND WAYNE FRANKLIN (SUSAN); HER GRANDNIECES AND NEPHEWS, ELISSA (CLARK MIDDLETON) AND LUCAS MEYERS (MARGARET); ZACHARY FRANKLIN (SOFIA ZANDER), SETH FRANKLIN (KRISTIN), JUDD FRANKLIN (TYBE GOLDBERG); AND JASON FRANKLIN, BARRETT FRANKLIN (LEA) AND SHANNON HEGARTY (TERRY); AS WELL AS BY HER GREAT GRANDNIECES AND NEPHEW, ELLINGTON AND AUGUST MEYERS; MOLLY FRANKLIN AND CLARA ZANDER; AND ADENA FRANKLIN. BOBBE WAS PREDECEASED BY HER YOUNGER BROTHERS BENNY (BEN JR.) (SAME DAY AS BOBBE, FEBRUARY 28, BUT 1973) AND MAYNARD FRANKLIN (2011). BENEFICIARIES OF BABETTE'S PROFOUNDLY PHILANTHROPIC NATURE INCLUDE SEVERAL HEALTH AND EDUCATIONAL INSTITUTES. SHE AND HER BROTHER MAYNARD LEFT THE GEM AND MINERAL COLLECTION ORIGINALLY AMASSED BY THEIR PARENTS, BEN AND CLARA, IN BISBEE, TO THE LOS ANGELES COUNTY MUSEUM OF NATURAL HISTORY, WHERE IT CAN NOW BE SEEN BY ALL. 1"},"pub_date":"2015-04-05T00:00:00Z","document_type":"article","news_desk":"Classified","section_name":"Paid Death Notices","subsection_name":null,"type_of_material":"Paid Death Notice","_id":"552b324038f0d824bd2ecd66"},{"web_url":"http:\/\/www.nytimes.com\/2017\/02\/20\/opinion\/topless-uprising-against-sexism.html","snippet":"A debate about women\u2019s right to control their bodies led to bare-breasted protests....","lead_paragraph":"A debate about women\u2019s right to control their bodies led to bare-breasted protests.","abstract":null,"blog":[],"source":"The New York Times","headline":{"main":"Topless Uprising Against Sexism","content_kicker":"Op-Ed Contributor","kicker":"Op-Ed Contributor","print_headline":"A topless uprising"},"pub_date":"2017-02-20T15:53:24+0000","document_type":"article","news_desk":"OpEd","section_name":"Opinion","subsection_name":null,"type_of_material":"Op-Ed","_id":"58ab10fd7c459f2525d1d846"},{"web_url":"http:\/\/www.nytimes.com\/2017\/02\/15\/magazine\/marilyn-minter-finds-art-in-the-female-form.html","snippet":"The visual artist on her explicit aesthetic, activism in art and supporting younger feminists....","lead_paragraph":"The visual artist on her explicit aesthetic, activism in art and supporting younger feminists.","abstract":null,"blog":[],"source":"The New York Times","headline":{"main":"Marilyn Minter Finds Art in the Female Form","content_kicker":"Talk","kicker":"Talk","print_headline":"Marilyn Minter Finds Art in the Female Form"},"pub_date":"2017-02-15T13:02:00+0000","document_type":"article","news_desk":"Magazine","section_name":"Magazine","subsection_name":null,"type_of_material":"News","_id":"58a4514c7c459f2525d1c85d"},{"web_url":"http:\/\/www.nytimes.com\/2017\/01\/12\/arts\/dance\/of-women-men-and-ballet-in-the-21st-century.html","snippet":"Our chief dance critic asks whether ballet can express a modern view of the sexes....","lead_paragraph":"Our chief dance critic asks whether ballet can express a modern view of the sexes.","abstract":null,"blog":[],"source":"The New York Times","headline":{"main":"Of Women, Men and Ballet in the 21st Century","print_headline":"Women, Men and Ballet in the 21st Century"},"pub_date":"2017-01-12T21:08:45+0000","document_type":"article","news_desk":"Arts&Leisure","section_name":"Arts","subsection_name":"Dance","type_of_material":"News","_id":"5877f0637c459f2525d16422"},{"web_url":"http:\/\/www.nytimes.com\/2017\/02\/04\/opinion\/sunday\/the-womens-march-in-my-living-room.html","snippet":"I gained 40 pounds with one Betty\u2019s fudge cake while trying to digest the other Betty\u2019s \u201cFeminine Mystique.\u201d...","lead_paragraph":"I gained 40 pounds with one Betty\u2019s fudge cake while trying to digest the other Betty\u2019s \u201cFeminine Mystique.\u201d","abstract":null,"blog":[],"source":"The New York Times","headline":{"main":"The Women\u2019s March in My Living Room","content_kicker":"Opinion","kicker":"Opinion","print_headline":"The Women\u2019s March in My Living Room"},"pub_date":"2017-02-04T19:30:04+0000","document_type":"article","news_desk":"OpEd","section_name":"Opinion","subsection_name":"Sunday Review","type_of_material":"Op-Ed","_id":"58962bc27c459f2525d1a7f2"}]