[{"web_url":"http:\/\/www.nytimes.com\/2016\/12\/30\/business\/why-arent-there-more-female-billionaires.html","snippet":"A study shows that women are making inroads among the wealthy, but that their ranks at the very top of the earnings ladder are still remarkably thin....","lead_paragraph":"A study shows that women are making inroads among the wealthy, but that their ranks at the very top of the earnings ladder are still remarkably thin.","abstract":null,"blog":[],"source":"The New York Times","headline":{"main":"Why Aren\u2019t There More Female Billionaires?","content_kicker":"Inside Wealth","kicker":"Inside Wealth","print_headline":"Plenty of Billionaires, but Few Are Women"},"pub_date":"2016-12-30T18:57:49+0000","document_type":"article","news_desk":"SundayBusiness","section_name":"Business Day","subsection_name":null,"type_of_material":"News","_id":"5866ae317c459f2525d143c8"},{"web_url":"http:\/\/query.nytimes.com\/gst\/abstract.html?res=9904E2DA133EEE34BC4852DFB766838A669FDE","snippet":"Newcombe, Mr.; Report on Condition of...","lead_paragraph":null,"abstract":"Newcombe, Mr.; Report on Condition of","blog":[],"source":"The New York Times","headline":{"main":"WASHINGTON.; The San Domingo Resolutions in the House Condition of Affairs in Texas A Dull Morning in the Senate The Women in the Arena on Wednesday Sprague's Contraband Traffic Case The Georgia Senators Repeal of the Income Tax New Registry Law Loss of the Saginaw. A DULL MORNING IN THE SENTATE. THE WOMEN TO HAVE A HEARING. THE FEMALE SUFFRAGE CONVENTION. THE SPRAGUE CONTRABAND TRAFFIC CASE. THE GEORGIA SENATORS. CIVIL SERVICE REFORM. THE INCOME TAX. THE OLD SAN DOMINGO REPORTS."},"pub_date":"1871-01-10T00:03:58Z","document_type":"article","news_desk":null,"section_name":null,"subsection_name":null,"type_of_material":"Article","_id":"4fbfecb445c1498b0d079f69"},{"web_url":"http:\/\/www.nytimes.com\/2017\/02\/23\/science\/mildred-dresselhaus-dead-queen-of-carbon.html","snippet":"Dr. Dresselhaus, who helped transform carbon into the superstar of modern materials science, was renowned for her efforts to promote the cause of women in science....","lead_paragraph":"Dr. Dresselhaus, who helped transform carbon into the superstar of modern materials science, was renowned for her efforts to promote the cause of women in science.","abstract":null,"blog":[],"source":"The New York Times","headline":{"main":"Mildred Dresselhaus, the Queen of Carbon, Dies at 86","print_headline":"Mildred Dresselhaus, Who Pioneered Revolution in Carbon Use, Dies at 86"},"pub_date":"2017-02-24T01:32:59+0000","document_type":"article","news_desk":"National","section_name":"Science","subsection_name":null,"type_of_material":"Obituary (Obit)","_id":"58af8d547c459f2525d1e359"},{"web_url":"http:\/\/www.nytimes.com\/2010\/09\/26\/fashion\/26Studied.html","snippet":"A study suggests that the more a man depends on his female partner\u2019s paycheck, the better the chances he will cheat....","lead_paragraph":"A study suggests that the more a man depends on his female partner\u2019s paycheck, the better the chances he will cheat.","abstract":null,"blog":[],"source":"The New York Times","headline":{"seo":"Studied: By Her Support, Did She Earn His Infidelity?","main":"By Her Support, Does She Earn His Infidelity?","kicker":"Studied","print_headline":"By Her Support, Does She Earn His Infidelity?","content_kicker":"Studied"},"pub_date":"2010-09-26T00:00:00Z","document_type":"article","news_desk":"Styles","section_name":"Fashion & Style","subsection_name":null,"type_of_material":"News","_id":"541afac138f0d80959e6d6c2"},{"web_url":"http:\/\/www.nytimes.com\/2017\/02\/07\/magazine\/how-a-fractious-womens-movement-came-to-lead-the-left.html","snippet":"Feminism brought the opposition together. But how long will that last, and how many converts can it win?...","lead_paragraph":"Feminism brought the opposition together. But how long will that last, and how many converts can it win?","abstract":null,"blog":[],"source":"The New York Times","headline":{"main":"How a Fractious Women\u2019s Movement Came to Lead the Left","content_kicker":"Feature","kicker":"Feature","print_headline":"Forces in Opposition"},"pub_date":"2017-02-07T10:00:06+0000","document_type":"article","news_desk":"Magazine","section_name":"Magazine","subsection_name":null,"type_of_material":"News","_id":"58999aad7c459f2525d1ad60"},{"web_url":"http:\/\/www.nytimes.com\/2017\/01\/13\/business\/mutfund\/a-trillion-dollar-question-why-dont-more-women-run-mutual-funds.html","snippet":"Only 9.4 percent of American mutual fund managers are women. The hiring pipeline needs work from start to finish....","lead_paragraph":"Only 9.4 percent of American mutual fund managers are women. The hiring pipeline needs work from start to finish.","abstract":null,"blog":[],"source":"The New York Times","headline":{"main":"A Trillion-Dollar Question: Why Don\u2019t More Women Run Mutual Funds?","print_headline":"A Trillion-Dollar Puzzle"},"pub_date":"2017-01-13T20:43:16+0000","document_type":"article","news_desk":"SundayBusiness","section_name":"Business Day","subsection_name":"Mutual Funds","type_of_material":"News","_id":"58793be97c459f2525d167d1"},{"web_url":"http:\/\/www.nytimes.com\/reuters\/2017\/02\/05\/world\/europe\/05reuters-bulgaria-politics.html","snippet":"The Bulgarian Socialist Party (BSP) pledged to speed up economic growth and fight corruption when it presented its program on Sunday for the early parliamentary election in March....","lead_paragraph":"The Bulgarian Socialist Party (BSP) pledged to speed up economic growth and fight corruption when it presented its program on Sunday for the early parliamentary election in March.","abstract":null,"blog":[],"source":"Reuters","headline":{"main":"Bulgaria&#8217;s Socialists, Preparing for General Election, Promise to Boost Economy","print_headline":"Bulgaria&#8217;s Socialists, Preparing for General Election, Promise to Boost Economy"},"pub_date":"2017-02-05T19:36:28+0000","document_type":"article","news_desk":null,"section_name":"World","subsection_name":"Europe","type_of_material":"News","_id":"58977ec07c459f2525d1a936"},{"web_url":"http:\/\/www.legacy.com\/Link.asp?I=LS000161513389","snippet":"KUAN--Dr. Shu-chuang, 93, of China, November 6, 2012. First Asian female Harvard PhD in Economics. Her \"Income Norm Hypothesis\" (1948) of consumption was among the earliest of its kind. First female Senior Fellow of Economics, Chinese Academy of S...","lead_paragraph":"<!-- SHU-CHUANG  KUAN -->KUAN--Dr. Shu-chuang, 93, of China, November 6, 2012. First Asian female Harvard PhD in Economics. Her \"Income Norm Hypothesis\" (1948) of consumption was among the earliest of its kind. First female Senior Fellow of Economics, Chinese Academy of Social Sciences.<br><br>\n ","abstract":null,"blog":[],"source":"The New York Times","headline":{"main":"Paid Notice: Deaths  KUAN, SHU-CHUANG "},"pub_date":"2012-12-06T01:15:33Z","document_type":"article","news_desk":"Classified","section_name":"Paid Death Notices","subsection_name":null,"type_of_material":"Paid Death Notice","_id":"52141c2338f0d8740ac92fc5"},{"web_url":"http:\/\/www.nytimes.com\/2016\/07\/12\/health\/women-doctors-salaries-pay-gap.html","snippet":"A broad analysis of salary information from public medical schools found that women made almost $20,000 less a year than comparable male doctors....","lead_paragraph":"A broad analysis of salary information from public medical schools found that women made almost $20,000 less a year than comparable male doctors.","abstract":"Study published in journal JAMA Internal Medicine shows female physicians at public medical schools make on average nearly $20,000 less than their male counterparts.","blog":[],"source":"The New York Times","headline":{"main":"Dr. Paid Less: An Old Title Still Fits Female Physicians","print_headline":"A Diagnosis That Hasn\u2019t Changed for Female Physicians: Lower Pay"},"pub_date":"2016-07-11T15:02:02+0000","document_type":"article","news_desk":"National","section_name":"Health","subsection_name":null,"type_of_material":"News","_id":"5783b4ec38f0d874e6b5a55e"},{"web_url":"http:\/\/economix.blogs.nytimes.com\/2013\/12\/09\/the-minimum-wage-aint-what-it-used-to-be\/","snippet":"Comparisons of the real value of today\u2019s minimum wage with what prevailed decades ago fail to account for the rise of the earned-income tax credit as a primary vehicle for helping low-income families, an economist writes....","lead_paragraph":"David Neumark is professor of economics and director of the Center for Economics and Public Policy at the University of California, Irvine.","abstract":"Comparisons of the real value of today\u2019s minimum wage with what prevailed decades ago fail to account for the rise of the earned-income tax credit as a primary vehicle for helping low-income families, an economist writes.","blog":[],"source":"The New York Times","headline":{"main":"The Minimum Wage Ain\u2019t What It Used to Be","kicker":"Economix"},"pub_date":"2013-12-09T11:00:20Z","document_type":"blogpost","news_desk":null,"section_name":"Business Day","subsection_name":"Economy","type_of_material":"Blog","_id":"54ee207d38f0d85e5cb21f83"},{"web_url":"http:\/\/www.nytimes.com\/2011\/05\/14\/opinion\/l14mother.html","snippet":"A reader responds to a recent Op-Ed on motherhood during the 1950s....","lead_paragraph":"A reader responds to a recent Op-Ed on motherhood during the 1950s.","abstract":null,"blog":[],"source":"The New York Times","headline":{"main":"Mothers in the Work Force","kicker":"Letter","print_headline":"Mothers in the Work Force","content_kicker":"Letter"},"pub_date":"2011-05-14T00:00:00Z","document_type":"article","news_desk":"Letters","section_name":"Opinion","subsection_name":null,"type_of_material":"Letter","_id":"540dbf3838f0d85bf2515e2e"},{"web_url":"http:\/\/www.nytimes.com\/reuters\/2017\/02\/16\/arts\/16reuters-disney-starwars.html","snippet":"Walt Disney Co and major retailers will release the galaxy's newest \"Star Wars\" toys at a Sept. 1 midnight event ahead of the holiday debut of the next film in the saga, \"The Last Jedi,\" company executives told Reuters....","lead_paragraph":"Walt Disney Co and major retailers will release the galaxy's newest \"Star Wars\" toys at a Sept. 1 midnight event ahead of the holiday debut of the next film in the saga, \"The Last Jedi,\" company executives told Reuters.","abstract":null,"blog":[],"source":"Reuters","headline":{"main":"Disney Plans Midnight 'Star Wars' Event to Unveil 'Last Jedi' Toys","print_headline":"Disney Plans Midnight 'Star Wars' Event to Unveil 'Last Jedi' Toys"},"pub_date":"2017-02-16T11:06:29+0000","document_type":"article","news_desk":null,"section_name":"Arts","subsection_name":null,"type_of_material":"News","_id":"58a587bd7c459f2525d1cc31"},{"web_url":"http:\/\/www.nytimes.com\/aponline\/2017\/02\/13\/us\/politics\/ap-us-not-at-fault-accidents.html","snippet":"Most drivers don't expect to be hit with a rate hike on their auto insurance after a car accident that wasn't their fault. But a consumer group says it happens, and it's a problem....","lead_paragraph":"Most drivers don't expect to be hit with a rate hike on their auto insurance after a car accident that wasn't their fault. But a consumer group says it happens, and it's a problem.","abstract":null,"blog":[],"source":"AP","headline":{"main":"Drivers See Higher Premiums After Not-At-Fault Crashes","print_headline":"Drivers See Higher Premiums After Not-At-Fault Crashes"},"pub_date":"2017-02-13T16:57:39+0000","document_type":"article","news_desk":null,"section_name":"U.S.","subsection_name":"Politics","type_of_material":"News","_id":"58a1e58d7c459f2525d1c15b"},{"web_url":"http:\/\/takingnote.blogs.nytimes.com\/2016\/06\/20\/conversations-poking-fun-at-tech-culture-on-silicon-valley\/","snippet":"A writer for \u201cSilicon Valley\u201d talks about the show\u2019s female characters and influence on the real Valley....","lead_paragraph":null,"abstract":"A writer for \u201cSilicon Valley\u201d talks about the show\u2019s female characters and influence on the real Valley.","blog":[],"source":"The New York Times","headline":{"main":"Conversations: Poking Fun at Tech Culture on \u2018Silicon Valley\u2019","kicker":"Taking Note"},"pub_date":"2016-06-20T12:32:15Z","document_type":"blogpost","news_desk":"OpEd","section_name":"Opinion","subsection_name":null,"type_of_material":"Blog","_id":"57681b0538f0d879d39418a4"},{"web_url":"http:\/\/well.blogs.nytimes.com\/2012\/06\/28\/among-doctors-too-women-are-paid-less\/","snippet":"Male physician-researchers made over $12,000 per year more than comparable women, a study found, even after researchers took into account differences in specialty, publications, academic rank, hours worked and leadership positions....","lead_paragraph":null,"abstract":"Male physician-researchers made over $12,000 per year more than comparable women, a study found, even after researchers took into account differences in specialty, publications, academic rank, hours worked and leadership positions.","blog":[],"source":"The New York Times","headline":{"main":"Among Doctors, Too, Women Are Paid Less","kicker":"Well"},"pub_date":"2012-06-28T15:50:07Z","document_type":"blogpost","news_desk":null,"section_name":"Health","subsection_name":null,"type_of_material":"Blog","_id":"4fecc636439ee47a72ecd16e"},{"web_url":"http:\/\/www.nytimes.com\/2012\/12\/20\/world\/middleeast\/uae-requires-women-board-members.html","snippet":"It is now mandatory to have female board members in every company and government agency in the United Arab Emirates, the first requirement of its kind in the Arab world....","lead_paragraph":"It is now mandatory to have female board members in every company and government agency in the United Arab Emirates, the first requirement of its kind in the Arab world.","abstract":null,"blog":[],"source":"International Herald Tribune","headline":{"seo":"U.A.E. Requires Women Board Members","main":"U.A.E. Promotes Women in the Boardroom","kicker":"I.H.T. Special Report","print_headline":"U.A.E. Promotes Women in the Boardroom","content_kicker":"I.H.T. Special Report"},"pub_date":"2012-12-20T00:00:00Z","document_type":"article","news_desk":"Foreign","section_name":"World","subsection_name":"Middle East","type_of_material":"Special Report","_id":"50d22aec00315214fbb804b0"},{"web_url":"http:\/\/www.nytimes.com\/2015\/04\/27\/opinion\/how-to-attract-female-engineers.html","snippet":"There are too few women in engineering, but we have seen that real-world programs can attract them to the field....","lead_paragraph":"There are too few women in engineering, but we have seen that real-world programs can attract them to the field.","abstract":"Op-Ed article by policy expert Lina Nilsson offers evidence that the opportunity to work on societally meaningful projects could be key factor in convincing more women to become engineers; argues that while there are many social factors inhibiting women from such careers, reframing goals of engineering research may be one of the easiest to fix.","blog":[],"source":"The New York Times","headline":{"main":"How to Attract Female Engineers","content_kicker":"Op-Ed Contributor","kicker":"Op-Ed Contributor","print_headline":"How to Attract Female Engineers"},"pub_date":"2015-04-27T00:00:00Z","document_type":"article","news_desk":"OpEd","section_name":"Opinion","subsection_name":null,"type_of_material":"Op-Ed","_id":"553de37538f0d8472d91b6a4"},{"web_url":"http:\/\/www.nytimes.com\/2015\/04\/14\/opinion\/women-still-earn-a-lot-less-than-men.html","snippet":"The longer the pay gap persists, the less it can be explained away by factors other than discrimination....","lead_paragraph":"The longer the pay gap persists, the less it can be explained away by factors other than discrimination.","abstract":"Editorial notes, on occasion of Equal Pay Day, that progress toward closing gender pay gap has stalled in last decade, and that persistence of gap lends more and more credence to idea that it is primarily result of discrimination; observes congressional Republicans have thrice blocked consideration of bill that would extend federal contractor pay-equity rules to entire American work force; suggests issue should be prominent in 2016 presidential election.","blog":[],"source":"The New York Times","headline":{"main":"Women Still Earn a Lot Less Than Men","content_kicker":"Editorial","kicker":"Editorial","print_headline":"Women Still Earn a Lot Less Than Men"},"pub_date":"2015-04-14T00:00:00Z","document_type":"article","news_desk":"Editorial","section_name":"Opinion","subsection_name":null,"type_of_material":"Editorial","_id":"552cbff238f0d8273c42869f"},{"web_url":"http:\/\/www.nytimes.com\/2011\/03\/08\/world\/europe\/08iht-ffdocs08.html","snippet":"A generation of young women in the West have been flocking to the front lines of primary care....","lead_paragraph":"A generation of young women in the West have been flocking to the front lines of primary care.","abstract":null,"blog":[],"source":"International Herald Tribune","headline":{"main":"The Changing Face of Medical Care","content_kicker":"The Female Factor","kicker":"The Female Factor","print_headline":"The Changing Face of Medical Care"},"pub_date":"2011-03-08T00:00:00Z","document_type":"article","news_desk":"Foreign","section_name":"World","subsection_name":"Europe","type_of_material":"News","_id":"540fe41b38f0d87641c684d8"},{"web_url":"http:\/\/www.nytimes.com\/2013\/04\/04\/opinion\/lean-in-what-about-child-care.html","snippet":"Our tax code discourages many middle-class mothers from working....","lead_paragraph":"Our tax code discourages many middle-class mothers from working.","abstract":"Op-Ed article by law Prof Lilian V Faulhaber identifies ways in which tax code discourages many middle-class mothers from working.","blog":[],"source":"The New York Times","headline":{"seo":"Lean In? What About Child Care?","main":"How the I.R.S. Hurts Mothers","kicker":"Op-Ed Contributor","print_headline":"How the I.R.S. Hurts Mothers","content_kicker":"Op-Ed Contributor"},"pub_date":"2013-04-04T00:00:00Z","document_type":"article","news_desk":"OpEd","section_name":"Opinion","subsection_name":null,"type_of_material":"Op-Ed","_id":"515dc9c7cf28d0219d00546d"}]