[{"web_url":"http:\/\/www.nytimes.com\/reuters\/2017\/01\/10\/us\/10reuters-michigan-sexcrimes.html","snippet":"Eighteen female athletes on Tuesday sued a sports doctor to Olympian gymnasts, saying he sexually assaulted them under the guise of medical examinations over two decades when most of them were minors....","lead_paragraph":"Eighteen female athletes on Tuesday sued a sports doctor to Olympian gymnasts, saying he sexually assaulted them under the guise of medical examinations over two decades when most of them were minors.    ","abstract":null,"blog":[],"source":"Reuters","headline":{"main":"Female Athletes Sue Famed U.S. Sports Doctor for Sexual Assault","print_headline":"Female Athletes Sue Famed U.S. Sports Doctor for Sexual Assault"},"pub_date":"2017-01-11T02:24:32+0000","document_type":"article","news_desk":null,"section_name":"U.S.","subsection_name":null,"type_of_material":"News","_id":"5875976d7c459f2525d15e09"},{"web_url":"http:\/\/www.nytimes.com\/2011\/01\/02\/sports\/02endorse.html","snippet":"Athletes like Maria Sharapova owe a debt to the pioneers who paved the way for lucrative endorsement deals, but who was the first?...","lead_paragraph":"Athletes like Maria Sharapova owe a debt to the pioneers who paved the way for lucrative endorsement deals, but who was the first?","abstract":null,"blog":[],"source":"The New York Times","headline":{"seo":"Looking Back for Sports\u2019 First Female Pitchman","main":"Searching for Sports\u2019 First Female Pitchman","print_headline":"Looking Back for Sports\u2019\nFirst Female Pitchman"},"pub_date":"2011-01-02T00:00:00Z","document_type":"article","news_desk":"Sports","section_name":"Sports","subsection_name":null,"type_of_material":"News","_id":"54060d6b38f0d81983bde4a2"},{"web_url":"http:\/\/www.nytimes.com\/2013\/12\/18\/business\/media\/abc-viewers-tilt-female-for-a-network-light-on-sports.html","snippet":"For ABC, every important ratings measure in prime time is qualified by what amounts to a footnote: \u201cnot counting sports.\u201d...","lead_paragraph":"For ABC, every important ratings measure in prime time is qualified by what amounts to a footnote: \u201cnot counting sports.\u201d","abstract":"ABC, among four big broadcasters, has completed fall ratings season with no help from the National Football League and virtually no help from sports programming at all; television viewing is dominated by women and about 62 percent of ABC audience is female; top five most popular shows among women are on ABC, as well as seven of 10 most popular.","blog":[],"source":"The New York Times","headline":{"main":"ABC Viewers Tilt Female for a Network Light on Sports","print_headline":"ABC Viewers Tilt Female, Absent Sports"},"pub_date":"2013-12-18T00:00:00Z","document_type":"article","news_desk":"Business","section_name":"Business Day","subsection_name":"Media","type_of_material":"News","_id":"52b0ffec38f0d807ba62f032"},{"web_url":"http:\/\/www.nytimes.com\/2013\/04\/19\/sports\/ncaabasketball\/brittney-griner-comes-out-and-sports-world-shrugs.html","snippet":"A revelation by Brittney Griner, the No. 1 pick in the W.N.B.A. draft, drew little notice, nothing close to the surge in attention expected to follow a male athlete\u2019s coming out....","lead_paragraph":"A revelation by Brittney Griner, the No. 1 pick in the W.N.B.A. draft, drew little notice, nothing close to the surge in attention expected to follow a male athlete\u2019s coming out.","abstract":"Baylor center Brittney Griner, No. 1 pick in WNBA, comes out as gay, but revelation draws collective shrug from sports world.","blog":[],"source":"The New York Times","headline":{"seo":"Brittney Griner Comes Out, and Sports World Shrugs","main":"Female Star Comes Out as Gay, and Sports World Shrugs","print_headline":"A Female Star Comes Out, and the Sports World Shrugs"},"pub_date":"2013-04-19T00:00:00Z","document_type":"article","news_desk":"Sports","section_name":"Sports","subsection_name":"College Basketball","type_of_material":"News","_id":"5170d2c5cf28d02a6100186a"},{"web_url":"http:\/\/www.nytimes.com\/2016\/05\/08\/us\/majority-female-council-in-seattle-faces-backlash-after-sports-arena-vote.html","snippet":"The women on the City Council were attacked in sexist emails and social media posts after they rejected a land-use deal that would have paved the way for a sports arena....","lead_paragraph":"The women on the City Council were attacked in sexist emails and social media posts after they rejected a land-use deal that would have paved the way for a sports arena.","abstract":"Seattle City Council's five-woman majority provokes sexist backlash on social media after voting against deal aimed at building new sports arena; male officials' effort to defend council members itself draws fire; issue pits city's liberal ethos against its ardor for sports.","blog":[],"source":"The New York Times","headline":{"main":"Majority-Female Council in Seattle Faces Backlash After Sports Arena Vote","print_headline":"Majority-Female Council in Seattle Faces Backlash for Rejecting Arena Deal"},"pub_date":"2016-05-08T00:00:00Z","document_type":"article","news_desk":"National","section_name":"U.S.","subsection_name":null,"type_of_material":"News","_id":"572e899c38f0d804c36c1697"},{"web_url":"http:\/\/www.nytimes.com\/1983\/05\/29\/sports\/l-female-sports-are-not-inferior-198846.html","snippet":"To the Sports Editor: How can William D. Warner (Mailbox, May 15) dare to say he holds professional sports ''very dear'' when he means he holds men's sports very dear? The idea that someone with such limited, one-sided vision still exists more tha...","lead_paragraph":"To the Sports Editor: How can William D. Warner (Mailbox, May 15) dare to say he holds professional sports ''very dear'' when he means he holds men's sports very dear? The idea that someone with such limited, one-sided vision still exists more than 10 years after the inception of the women's movement amazes and depresses me. When the late Jack Dolph, a relative of mine, was commissioner of the American Basketball Association, I had the opportunity to attend several games.","abstract":null,"blog":[],"source":"The New York Times","headline":{"main":"Female Sports Are Not Inferior"},"pub_date":"1983-05-29T00:00:00Z","document_type":"article","news_desk":"Sports Desk","section_name":"Sports; Opinion","subsection_name":null,"type_of_material":"Letter","_id":"4fd12c598eb7c8105d5f65a7"},{"web_url":"http:\/\/www.nytimes.com\/1982\/01\/02\/sports\/sports-people-top-female-jockey.html","snippet":"Patti Cooksey, a regular rider on the thoroughbred circuit in Ohio and Kentucky, won more races and more money than any female jockey in 1981, according to Daily Racing Form statistics. Miss Cooksey, 23, finished the year with 197 victories and mo...","lead_paragraph":"Patti Cooksey, a regular rider on the thoroughbred circuit in Ohio and Kentucky, won more races and more money than any female jockey in 1981, according to Daily Racing Form statistics. Miss Cooksey, 23, finished the year with 197 victories and more than $850,000 in purses earned by her mounts.","abstract":null,"blog":[],"source":"The New York Times","headline":{"main":"Sports People; Top Female Jockey"},"pub_date":"1982-01-02T00:00:00Z","document_type":"article","news_desk":"Sports Desk","section_name":"Sports","subsection_name":null,"type_of_material":"News","_id":"4fd11d7d8eb7c8105d5dbab0"},{"web_url":"http:\/\/www.nytimes.com\/1988\/03\/22\/sports\/sports-people-female-director-named.html","snippet":"LEAD: Judith Davidson has been named athletic director at Central Connecticut State University, becoming only the second full-time female athletic director in Division I. The other is Eileen Livingston of Duquesne. Davidson, 43 years old, was the ...","lead_paragraph":"LEAD: Judith Davidson has been named athletic director at Central Connecticut State University, becoming only the second full-time female athletic director in Division I. The other is Eileen Livingston of Duquesne. Davidson, 43 years old, was the head field hockey coach at Iowa, where she was named Big Ten Coach of the Year three times and led her team to the national championship in 1986.","abstract":null,"blog":[],"source":"The New York Times","headline":{"main":"Sports People; Female Director Named"},"pub_date":"1988-03-22T00:00:00Z","document_type":"article","news_desk":"Sports Desk","section_name":"Sports","subsection_name":null,"type_of_material":"News","_id":"4fd175d28eb7c8105d66b540"},{"web_url":"http:\/\/www.nytimes.com\/1981\/09\/12\/sports\/sports-people-female-jockeys-angry.html","snippet":"Female jockeys plan to picket Del Mar track in California on Sept.  20 and hope to shut it down on that date unless the track schedules a parimutuel race solely for female riders....","lead_paragraph":"Female jockeys plan to picket Del Mar track in California on Sept. 20 and hope to shut it down on that date unless the track schedules a parimutuel race solely for female riders.","abstract":null,"blog":[],"source":"The New York Times","headline":{"main":"Sports People; Female Jockeys Angry"},"pub_date":"1981-09-12T00:00:00Z","document_type":"article","news_desk":"Sports Desk","section_name":"Sports","subsection_name":null,"type_of_material":"News","_id":"4fd11cf88eb7c8105d5da3a7"},{"web_url":"http:\/\/www.nytimes.com\/1997\/09\/12\/sports\/sports-of-the-times-guy-heroes-female-heroines.html","snippet":"MY wife is mourning Diana. I am mourning Richie Ashburn. I am thinking of writing a book about the difference between women and men. The tentative title is, ''Women Are From London; Men Are From Philadelphia.''     Don't get me wrong. I feel terri...","lead_paragraph":"MY wife is mourning Diana. I am mourning Richie Ashburn. I am thinking of writing a book about the difference between women and men. The tentative title is, ''Women Are From London; Men Are From Philadelphia.'' Don't get me wrong. I feel terrible about the senseless death of a vibrant young mother, I respect her altruistic impulses, and I'm sorry she died on the run from her dysfunctional in-laws and the hellhounds from the tabloids, but I feel no psychic connection to Diana because, generally speaking, guys do not grow up relating to princesses.","abstract":"George Vecsey, in Sports of The Times, offers tribute to baseball player Richie Ashburn, who has died at age 70; recalls Ashburn's 'one glorious season' with New York Mets; photl (M)","blog":[],"source":"The New York Times","headline":{"main":"Sports of The Times; Guy Heroes, Female Heroines"},"pub_date":"1997-09-12T00:00:00Z","document_type":"article","news_desk":"Sports Desk","section_name":"Sports","subsection_name":null,"type_of_material":"News","_id":"4fd1d7f68eb7c8105d716640"},{"web_url":"http:\/\/query.nytimes.com\/gst\/abstract.html?res=9C04E2D71F3CE731A25754C0A9659C946790D6CF","snippet":"Stormy weather has overshadowed the sunshine on Fordham University's campus in recent weeks. Fordham's men's basketball team finished the season with a 7-19 ......","lead_paragraph":"Stormy weather has overshadowed the sunshine on Fordham University's campus in recent weeks. Fordham's men's basketball team finished the season with a 7-19 ...","abstract":null,"blog":[],"source":"The New York Times","headline":{"main":"Fordham Bright Spot: Spirited Female Five; Women in Sports","kicker":"1"},"pub_date":"1976-03-07T00:00:00Z","document_type":"article","news_desk":null,"section_name":null,"subsection_name":null,"type_of_material":"Article","_id":"4fc48f9345c1498b0da58adc"},{"web_url":"http:\/\/query.nytimes.com\/gst\/abstract.html?res=940DEEDF113EEF3BBC4C53DFB766838A649EDE","snippet":"NEVER underestimate the power of a woman. That dainty bit of propaganda has been hammered home so constantly--by female  propagandists, naturally--that even the not-toobright male portion of the population has grown to accept it as gospel. If the ...","lead_paragraph":"NEVER underestimate the power of a woman. That dainty bit of propaganda has been hammered home so constantly--by female propagandists, naturally--that even the not-toobright male portion of the population has grown to accept it as gospel. If the distaff side needs more ammunition, here it is.","abstract":null,"blog":[],"source":"The New York Times","headline":{"main":"Sports of The Times; Female of the Species","kicker":"1"},"pub_date":"1951-01-04T00:00:00Z","document_type":"article","news_desk":null,"section_name":null,"subsection_name":null,"type_of_material":"Article","_id":"4fc3967a45c1498b0d7744bf"},{"web_url":"http:\/\/www.nytimes.com\/aponline\/2016\/10\/07\/sports\/olympics\/ap-oly-vatican-conference-women.html","snippet":"One in four IOC members are women, but only three are on the 14-member IOC executive board....","lead_paragraph":"One in four IOC members are women, but only three are on the 14-member IOC executive board.","abstract":null,"blog":[],"source":"","headline":{"main":"Female Sports Pioneers Carry Message to Vatican Conference","print_headline":"Female Sports Pioneers Carry Message to Vatican Conference"},"pub_date":"2016-10-07T15:22:21Z","document_type":"article","news_desk":"None","section_name":"Sports","subsection_name":"Olympics","type_of_material":"News","_id":"57f7be707c459f60639887d8"},{"web_url":"http:\/\/query.nytimes.com\/gst\/abstract.html?res=9D05E0D9153FEF34BC4E52DFB766838F669EDE","snippet":"Mrs. Billie Jean King, whose verbal blasts are almost as powerful as her tennis shots, was named yesterday Female Athlete of the Year by the Associated Press. \"I should have won it in 1971,\" she said, when told of the award. Mrs. Billie Jean King ...","lead_paragraph":"Mrs. Billie Jean King, whose verbal blasts are almost as powerful as her tennis shots, was named yesterday Female Athlete of the Year by the Associated Press. \"I should have won it in 1971,\" she said, when told of the award. Mrs. Billie Jean King in Virginia Slims tournament at San Francisco Monday night. Yesterday she was named Female Athlete of the Year by Associated Press.","abstract":"Fran Tarkenton, Minnesota Vikings quarterback, donates $3,750 to Daytop Village, NYC drug-treatment facility (S)","blog":[],"source":"The New York Times","headline":{"main":"People in Sports: King Female Athlete of Year; Previous Winners"},"pub_date":"1974-01-16T00:00:00Z","document_type":"article","news_desk":null,"section_name":null,"subsection_name":null,"type_of_material":"Article","_id":"4fc488de45c1498b0da3cb0a"},{"web_url":"http:\/\/query.nytimes.com\/gst\/abstract.html?res=9906E2D9153FEF34BC4E52DFB766838F669EDE","snippet":"Mrs. Billie Jean King, whose verbal blasts are almost as powerful as her tennis shots, was named yesterday by the Associated Press. \"I should have won it in 1971,\" she said, when told of the award....","lead_paragraph":"Mrs. Billie Jean King, whose verbal blasts are almost as powerful as her tennis shots, was named yesterday by the Associated Press. \"I should have won it in 1971,\" she said, when told of the award.","abstract":null,"blog":[],"source":"The New York Times","headline":{"main":"People in Sports: King Female Athlete of Year","kicker":"1"},"pub_date":"1974-01-16T00:00:00Z","document_type":"article","news_desk":null,"section_name":null,"subsection_name":null,"type_of_material":"Article","_id":"4fc48f1c45c1498b0da568d9"},{"web_url":"http:\/\/www.nytimes.com\/1996\/07\/15\/business\/media-business-advertising-sports-illustrated-nike-hope-girls-just-want-read.html","snippet":"THE Cyndi Lauper song \"Girls Just Want to Have Fun\" is becoming a marketing mantra for a leading media company and a large advertiser as they play up sales  efforts aimed at young female athletes.         Sports Illustrated for Kids, published by ...","lead_paragraph":"THE Cyndi Lauper song \"Girls Just Want to Have Fun\" is becoming a marketing mantra for a leading media company and a large advertiser as they play up sales efforts aimed at young female athletes. Sports Illustrated for Kids, published by Time Inc. under the aegis of Sports Illustrated magazine, will introduce a 16-page editorial section, Girls and Sports Extra, aimed at readers ages 8 to 14. Nike Inc. has agreed to be the sole sponsor of the first two sections. After they run -- probably in the October and December issues of Sports Illustrated for Kids -- the section is to appear six times a year beginning in 1997.","abstract":null,"blog":[],"source":"The New York Times","headline":{"main":"Sports Illustrated and Nike hope girls just want to read about women's sports and female athletes.","kicker":"THE MEDIA BUSINESS: ADVERTISING"},"pub_date":"1996-07-15T00:00:00Z","document_type":"article","news_desk":"Business\/Financial Desk","section_name":"Business","subsection_name":null,"type_of_material":"News","_id":"4fd1f20c8eb7c8105d748fb4"},{"web_url":"http:\/\/www.nytimes.com\/2000\/08\/09\/business\/media-business-advertising-sex-appeal-still-overpowers-sports-skill-when-it.html","snippet":"THE lightning struck first in 1996, when the United States women's soccer team won the gold at the summer Olympic Games, a traditional generator of sports heroes. Then it happened again, a year ago. After a month of matches, the United States wome...","lead_paragraph":"THE lightning struck first in 1996, when the United States women's soccer team won the gold at the summer Olympic Games, a traditional generator of sports heroes. Then it happened again, a year ago. After a month of matches, the United States women's soccer team -- composed largely of Olympic athletes -- beat China in a spectacular finale and captured the 1999 Women's World Cup. Before, during and after, the nation watched, rapt, as it rarely had for any women's team sport. Players like Mia Hamm became media darlings, their names known to all. And Madison Avenue sat up and paid attention. Or did it?","abstract":"Among women athletes, sex appeal trumps athletic prowess in winning product endorsement contracts, and few achieve success in advertising on par with men (M)","blog":[],"source":"The New York Times","headline":{"main":"Sex appeal still overpowers sports skill when it comes to the marketing of female athletes.","kicker":"THE MEDIA BUSINESS: ADVERTISING"},"pub_date":"2000-08-09T00:00:00Z","document_type":"article","news_desk":"Business\/Financial Desk","section_name":"Business","subsection_name":null,"type_of_material":"News","_id":"4fd1fa798eb7c8105d75833c"},{"web_url":"http:\/\/www.nytimes.com\/2011\/03\/27\/sports\/ncaabasketball\/27acl.html","snippet":"Caroline Doty, a junior point guard at UConn, has torn the anterior cruciate ligament in her left knee three times....","lead_paragraph":"Caroline Doty, a junior point guard at UConn, has torn the anterior cruciate ligament in her left knee three times.","abstract":"Connecticut women's basketball point guard Caroline Doty has torn the anterior cruciate ligament in her left knee three times and has not played in current season; serves to illustrate that female athletes in certain sports like basketball are up to five times more likely than men to suffer injuries for reasons believed to be anatomical, biomechanical and hormonal.","blog":[],"source":"The New York Times","headline":{"seo":"For Female Athletes, A.C.L. Injuries Take a Toll","main":"For Women in Sports, A.C.L. Injuries Take Toll","print_headline":"For Women in Sports, A.C.L. Injuries Take Toll"},"pub_date":"2011-03-27T00:00:00Z","document_type":"article","news_desk":"Sports","section_name":"Sports","subsection_name":"College Basketball","type_of_material":"News","_id":"515db9e1cf28d0219d004c7d"},{"web_url":"http:\/\/www.nytimes.com\/2000\/08\/21\/sports\/sports-of-the-times-female-gymnasts-braved-an-audition-and-a-trial.html","snippet":"IT is never fun to be cut. In high school sports, the process can be as simple as scanning a list posted on the gymnasium wall.     ''Wait. Maybe Coach misspelled my name.'' Right....","lead_paragraph":"IT is never fun to be cut. In high school sports, the process can be as simple as scanning a list posted on the gymnasium wall. ''Wait. Maybe Coach misspelled my name.'' Right.","abstract":"sports of4","blog":[],"source":"The New York Times","headline":{"main":"Sports of The Times; Female Gymnasts Braved an Audition, and a Trial"},"pub_date":"2000-08-21T00:00:00Z","document_type":"article","news_desk":"Sports Desk","section_name":"Sports","subsection_name":null,"type_of_material":"News","_id":"4fd1fa7b8eb7c8105d7584ef"},{"web_url":"http:\/\/www.nytimes.com\/1995\/06\/15\/sports\/sports-of-the-times-the-trials-of-a-pro-female-pitcher.html","snippet":"HOLLYWOOD pitch to Penny Marshall for the sequel to \"A League of Their Own:\" She could have been Marcia Clark, but she played real hardball instead.   Sold....","lead_paragraph":"HOLLYWOOD pitch to Penny Marshall for the sequel to \"A League of Their Own:\" She could have been Marcia Clark, but she played real hardball instead. Sold.","abstract":null,"blog":[],"source":"The New York Times","headline":{"main":"Sports of The Times; The Trials of a Pro Female Pitcher"},"pub_date":"1995-06-15T00:00:00Z","document_type":"article","news_desk":"Sports Desk","section_name":"Sports","subsection_name":null,"type_of_material":"News","_id":"4fd1e9708eb7c8105d737c9a"}]