[{"web_url":"http:\/\/www.nytimes.com\/2016\/04\/01\/sports\/soccer\/uswnt-us-women-carli-lloyd-alex-morgan-hope-solo-complain.html","snippet":"Carli Lloyd, Alex Morgan and Hope Solo are among those contending that they are the driving economic force for U.S. Soccer but are paid far less than men\u2019s players....","lead_paragraph":"Carli Lloyd, Alex Morgan and Hope Solo are among those contending that they are the driving economic force for U.S. Soccer but are paid far less than men\u2019s players.","abstract":"Five top players on women's national soccer team file federal complaint with Equal Employment Opportunity Commission accusing US Soccer of wage discrimination, citing pay as little as 40 percent of what athletes on men's national team earn; players, which include Carli Lloyd, Alex Morgan and Hope Solo, claim they receive lower bonuses, appearance fees and per diems, among other things, despite superior performance to men's team.","blog":[],"source":"","headline":{"main":"Top Female Players Accuse U.S. Soccer of Wage Discrimination","print_headline":"Five Leading Female Players Allege U.S. Soccer Wage Bias "},"pub_date":"2016-03-31T11:22:46Z","document_type":"article","news_desk":"Sports","section_name":"Sports","subsection_name":"Soccer","type_of_material":"News","_id":"56fd088838f0d83ee37365b0"},{"web_url":"http:\/\/london2012.blogs.nytimes.com\/2012\/07\/20\/a-female-canoeist-files-a-discrimination-claim\/","snippet":"A British canoeist, Samantha Rippington, has filed a challenge claiming that the lack of women's canoeing events at the Olympics constitutes discrimination....","lead_paragraph":null,"abstract":"A British canoeist, Samantha Rippington, has filed a challenge claiming that the lack of women's canoeing events at the Olympics constitutes discrimination.","blog":[],"source":"The New York Times","headline":{"main":"A Female Canoeist Files a Discrimination Claim","kicker":"2012 London Olympics","print_headline":"Canoeing Case in Court"},"pub_date":"2012-07-20T14:05:55Z","document_type":"blogpost","news_desk":null,"section_name":"Sports","subsection_name":null,"type_of_material":"Blog","_id":"50099e341c22dfde670b17bb"},{"web_url":"http:\/\/www.nytimes.com\/2012\/02\/16\/sports\/olympics\/olympic-ban-on-saudi-arabia-is-urged-over-lack-of-female-athletes.html","snippet":"The International Olympic Committee should make Saudi Arabia send female athletes to the London Olympics, a human rights group says, or it should be prohibited from competing....","lead_paragraph":"The International Olympic Committee should make Saudi Arabia send female athletes to the London Olympics, a human rights group says, or it should be prohibited from competing.","abstract":"Human Rights Watch report calls on the International Olympic Committee to keep Saudi Arabia out of the 2012 London Olympics unless they include a female athlete in their delegation; Saudi Arabia is one of three established Olympic nations that have yet to send a female athlete to the Games.","blog":[],"source":"The New York Times","headline":{"seo":"Olympic Ban on Saudi Arabia Is Urged Over Lack of Female Athletes","main":"Ban Urged on Saudi Arabia Over Discrimination","print_headline":"Ban Urged on Saudi Arabia Over Discrimination"},"pub_date":"2012-02-16T00:00:00Z","document_type":"article","news_desk":"Sports","section_name":"Sports","subsection_name":"Olympics","type_of_material":"News","_id":"53f3a0e938f0d857ea2d0487"},{"web_url":"http:\/\/www.nytimes.com\/1994\/03\/13\/us\/female-agents-sue-fbi-alleging-discrimination.html","snippet":"Two female agents have sued the Federal Bureau of Investigation for sexual discrimination, charging that their superiors at the male-dominated agency have sexually harassed them and then retaliated against them for making formal complaints.   In w...","lead_paragraph":"Two female agents have sued the Federal Bureau of Investigation for sexual discrimination, charging that their superiors at the male-dominated agency have sexually harassed them and then retaliated against them for making formal complaints. In what was the latest of a series of discrimination complaints against Federal law-enforcement agencies, the two agents, based in Santa Ana, 25 miles south of downtown Los Angeles, described a history of crude behavior and intimidation in papers filed on Friday in Federal District Court .","abstract":null,"blog":[],"source":"The New York Times","headline":{"main":"Female Agents Sue F.B.I., Alleging Discrimination"},"pub_date":"1994-03-13T00:00:00Z","document_type":"article","news_desk":"National Desk","section_name":"U.S.","subsection_name":null,"type_of_material":"News","_id":"4fd1c5938eb7c8105d6f5f34"},{"web_url":"http:\/\/www.nytimes.com\/1999\/03\/23\/us\/mit-admits-discrimination-against-female-professors.html","snippet":"In an extraordinary admission, top officials at the Massachusetts Institute of Technology, the most prestigious science and engineering university in the country, have issued a report acknowledging that female professors here suffer from pervasive...","lead_paragraph":"In an extraordinary admission, top officials at the Massachusetts Institute of Technology, the most prestigious science and engineering university in the country, have issued a report acknowledging that female professors here suffer from pervasive, if unintentional, discrimination. ''I have always believed that contemporary gender discrimination within universities is part reality and part perception,'' the university's president, Charles M. Vest, said in comments to be published in the faculty newsletter within days and already posted on the World Wide Web. ''True, but I now understand that reality is by far the greater part of the balance.''","abstract":"Massachusetts Institute of Technology, in extraordinary admission, issues report acknowledging that its female professors are victims of pervasive, if unintentional, discrimination; report, five years in making and initiated by some women on faculty, documents pattern of sometimes subtle discrimination, which national experts say continues and has worsened at institutions nationwide; American Assn of University Professors reports while women have grown to 34 percent of faculty nationwide, up from 28 percent in 1975, gap between salaries for male and female professors actually widened during period; findings of MIT report discussed; university president Charles M Vest comments; photos (M)","blog":[],"source":"The New York Times","headline":{"main":"M.I.T. Admits Discrimination Against Female Professors"},"pub_date":"1999-03-23T00:00:00Z","document_type":"article","news_desk":"National Desk","section_name":"Front Page; Education; U.S.","subsection_name":null,"type_of_material":"News","_id":"4fd1e8798eb7c8105d736ab8"},{"web_url":"http:\/\/atwar.blogs.nytimes.com\/2012\/05\/22\/female-sergeant-major-claims-gender-discrimination\/","snippet":"A retired command sergeant major has come forward to say that she was the victim of gender discrimination by her superiors while she was commandant of the 3rd Infantry Division....","lead_paragraph":null,"abstract":"A retired command sergeant major has come forward to say that she was the victim of gender discrimination by her superiors while she was commandant of the 3rd Infantry Division.","blog":[],"source":"The New York Times","headline":{"main":"Female Sergeant Major Claims Gender Discrimination","kicker":"atwar"},"pub_date":"2012-05-22T19:33:18Z","document_type":"blogpost","news_desk":null,"section_name":"World","subsection_name":null,"type_of_material":"Blog","_id":"4fd3a4958eb7c8105d8ef58d"},{"web_url":"http:\/\/www.nytimes.com\/aponline\/2016\/01\/30\/us\/ap-us-chauffeur-discrimination.html","snippet":"A federal judge has awarded damages to three Minnesota women who sued after they were dismissed from their chauffeur jobs because a Saudi prince wanted only male drivers....","lead_paragraph":"A federal judge has awarded damages to three Minnesota women who sued after they were dismissed from their chauffeur jobs because a Saudi prince wanted only male drivers.","abstract":null,"blog":[],"source":"AP","headline":{"main":"3 Female Chauffeurs Win $130K Each in Discrimination Case","print_headline":"3 Female Chauffeurs Win $130K Each in Discrimination Case"},"pub_date":"2016-01-30T14:34:08Z","document_type":"article","news_desk":"None","section_name":"U.S.","subsection_name":null,"type_of_material":"News","_id":"56ad10c538f0d81d27cb2212"},{"web_url":"http:\/\/www.nytimes.com\/aponline\/2015\/03\/17\/us\/ap-us-silicon-valley-sexual-discrimination.html","snippet":"One of the most powerful women in venture capital and a well-respected tech investor says she never saw or experienced gender discrimination at the firm at the center of a $16 million gender bias lawsuit....","lead_paragraph":"One of the most powerful women in venture capital and a well-respected tech investor says she never saw or experienced gender discrimination at the firm at the center of a $16 million gender bias lawsuit.","abstract":null,"blog":[],"source":"AP","headline":{"main":"Female Senior Partner: No Discrimination at Investment Firm","print_headline":"Female Senior Partner: No Discrimination at Investment Firm"},"pub_date":"2015-03-17T09:55:49Z","document_type":"article","news_desk":"None","section_name":"U.S.","subsection_name":null,"type_of_material":"News","_id":"550832f138f0d87501d705b4"},{"web_url":"http:\/\/www.nytimes.com\/reuters\/2016\/03\/02\/world\/asia\/02reuters-india-scavenging-women.html","snippet":"New legislation in India to crack down on the practice of forcing mainly the poorest women to clear other people's excreta will have little impact unless deeply entrenched sexism and caste bias are changed, activists said....","lead_paragraph":"New legislation in India to crack down on the practice of forcing mainly the poorest women to clear other people's excreta will have little impact unless deeply entrenched sexism and caste bias are changed, activists said.","abstract":null,"blog":[],"source":"Reuters","headline":{"main":"India's Female Scavengers Enslaved by Caste, Gender Discrimination","print_headline":"India's Female Scavengers Enslaved by Caste, Gender Discrimination"},"pub_date":"2016-03-02T20:12:30Z","document_type":"article","news_desk":"None","section_name":"World","subsection_name":"Asia Pacific","type_of_material":"News","_id":"56d7903738f0d8655e09bbcf"},{"web_url":"http:\/\/www.nytimes.com\/aponline\/2015\/11\/05\/us\/ap-us-chauffeur-discrimination.html","snippet":"A federal judge has ruled in favor of three Minnesota women who sued after they were dismissed from their chauffeur jobs because a Saudi prince wanted only male drivers....","lead_paragraph":"A federal judge has ruled in favor of three Minnesota women who sued after they were dismissed from their chauffeur jobs because a Saudi prince wanted only male drivers.","abstract":null,"blog":[],"source":"AP","headline":{"main":"Judge Sides With Female Drivers in Discrimination Complaint","print_headline":"Judge Sides With Female Drivers in Discrimination Complaint"},"pub_date":"2015-11-05T09:47:53Z","document_type":"article","news_desk":"None","section_name":"U.S.","subsection_name":null,"type_of_material":"News","_id":"563b6c6538f0d8307b5dd27b"},{"web_url":"http:\/\/www.nytimes.com\/reuters\/2014\/09\/11\/sports\/baseball\/11reuters-usa-lawsuit-new-york-mets.html","snippet":"A former New York Mets ticket sales executive sued the baseball club for discrimination on Wednesday, alleging in a federal lawsuit she was \"frequently humiliated\" and later fired by the team owner's son because she was pregnant while unmarried....","lead_paragraph":"A former New York Mets ticket sales executive sued the baseball club for discrimination on Wednesday, alleging in a federal lawsuit she was \"frequently humiliated\" and later fired by the team owner's son because she was pregnant while unmarried.","abstract":null,"blog":[],"source":"Reuters","headline":{"main":"Former New York Mets Female Ticketing Executive Sues Team Over Discrimination","print_headline":"Former New York Mets Female Ticketing Executive Sues Team Over Discrimination"},"pub_date":"2014-09-11T01:18:10Z","document_type":"article","news_desk":null,"section_name":"Sports","subsection_name":"Baseball","type_of_material":"News","_id":"541130b538f0d80f29522398"},{"web_url":"http:\/\/www.nytimes.com\/aponline\/2017\/02\/28\/us\/politics\/ap-us-sterling-jewelers-stock.html","snippet":"Shares of Signet Jewelers fell sharply Tuesday after a report of widespread sexual harassment and discrimination at a subsidiary....","lead_paragraph":"Shares of Signet Jewelers fell sharply Tuesday after a report of widespread sexual harassment and discrimination at a subsidiary.","abstract":null,"blog":[],"source":"AP","headline":{"main":"Signet Tumbles After Report of Harassment at Subsidiary","print_headline":"Signet Tumbles After Report of Harassment at Subsidiary"},"pub_date":"2017-02-28T20:51:54+0000","document_type":"article","news_desk":null,"section_name":"U.S.","subsection_name":"Politics","type_of_material":"News","_id":"58b5f38e7c459f2525d1f04a"},{"web_url":"http:\/\/www.nytimes.com\/2017\/02\/23\/opinion\/trump-will-lose-the-fight-over-bathrooms-for-transgender-students.html","snippet":"Fortunately, the president can\u2019t change what Title IX says and means. Those jobs still belong to Congress and the federal courts....","lead_paragraph":"Fortunately, the president can\u2019t change what Title IX says and means. Those jobs still belong to Congress and the federal courts.","abstract":null,"blog":[],"source":"The New York Times","headline":{"main":"Trump Will Lose the Fight Over Bathrooms for Transgender Students","content_kicker":"Op-Ed Contributor","kicker":"Op-Ed Contributor","print_headline":"Transgender Students Will Win"},"pub_date":"2017-02-23T15:04:39+0000","document_type":"article","news_desk":"OpEd","section_name":"Opinion","subsection_name":null,"type_of_material":"Op-Ed","_id":"58aefa0c7c459f2525d1e176"},{"web_url":"http:\/\/query.nytimes.com\/gst\/abstract.html?res=9E06E5D71738E633A2575AC2A9679D946596D6CF","snippet":"LONDON, Nov. 13. -- One of the problems with which the British social reformer has been seeking to grapple for a generation and more past has developed a new phase in these days of war. This is the drink problem....","lead_paragraph":"LONDON, Nov. 13. -- One of the problems with which the British social reformer has been seeking to grapple for a generation and more past has developed a new phase in these days of war. This is the drink problem.","abstract":"drinking among women increases; Govt. forced to limit hours of selling liquor; women object to discrimination","blog":[],"source":"The New York Times","headline":{"main":"WOMEN SEEK EQUAL RIGHTS OF DRINKING; Object to Discrimination in British Temperance Reform. FEMALE INEBRIETY GROWS Forces the Government to Limit the Hours of Selling Liquor to Women."},"pub_date":"1914-11-29T00:00:00Z","document_type":"article","news_desk":null,"section_name":null,"subsection_name":null,"type_of_material":"Article","_id":"4fc05d9845c1498b0d2806c7"},{"web_url":"http:\/\/query.nytimes.com\/gst\/abstract.html?res=9A02E3D91238E732A25750C0A9629C94619FD6CF","snippet":"At least 19 Bristol, England, police officers are injured during 6-hour riot by about 450 young blacks over police raid on club in city's red-light district; widespread looting is reported (S)...","lead_paragraph":null,"abstract":"At least 19 Bristol, England, police officers are injured during 6-hour riot by about 450 young blacks over police raid on club in city's red-light district; widespread looting is reported (S)","blog":[],"source":"The New York Times","headline":{"main":"World News Briefs; 20 Peasants in Paraguay Reported Killed in Unrest I.L.O. Says Female Workers Face Wide Discrimination 19 Hurt in Riot in England After Police Raid Club"},"pub_date":"1980-04-03T00:00:00Z","document_type":"article","news_desk":null,"section_name":null,"subsection_name":null,"type_of_material":"Article","_id":"4fc4a2a245c1498b0daac728"},{"web_url":"http:\/\/www.nytimes.com\/2017\/02\/28\/business\/sterling-kay-jewelers-jared.html","snippet":"Former Sterling employees described a sexual aggression, gender bias and abuses of power, newly released documents in an arbitration case show....","lead_paragraph":"Former Sterling employees described a sexual aggression, gender bias and abuses of power, newly released documents in an arbitration case show.","abstract":null,"blog":[],"source":"The New York Times","headline":{"main":"Hundreds of Workers Allege Sex Bias by Jeweler, Files Show","print_headline":"Ex-Employees Say Sex Bias Was Common at a Jeweler"},"pub_date":"2017-03-01T01:32:03+0000","document_type":"article","news_desk":"Business","section_name":"Business Day","subsection_name":null,"type_of_material":"News","_id":"58b624997c459f2525d1f11c"},{"web_url":"https:\/\/lens.blogs.nytimes.com\/2017\/02\/01\/highlighting-women-in-photojournalism\/","snippet":"Daniella Zalcman has put together a website featuring the photojournalism work of hundreds of women. She wants to show editors that there\u2019s \u201cnot a shortage of women photographers, just a lack of equitable hiring.\u201d...","lead_paragraph":"In 1973, Sara Krulwich visited 29 newspapers, looking for a job after graduating from the University of Michigan. She met with male photo editors who mostly scoffed at the idea of a woman as a news photographer. One editor, she said, told her that hiring a woman was like \u201chiring half a person.\u201d","abstract":"Daniella Zalcman has put together a website featuring the photojournalism work of hundreds of women. She wants to show editors that there\u2019s \u201cnot a shortage of women photographers, just a lack of equitable hiring.\u201d","blog":[],"source":"The New York Times","headline":{"main":"Highlighting Women in Photojournalism","kicker":"Lens"},"pub_date":"2017-02-01T17:16:44+0000","document_type":"blogpost","news_desk":null,"section_name":"Multimedia","subsection_name":null,"type_of_material":"Blog","_id":"589218497c459f2525d19dda"},{"web_url":"http:\/\/query.nytimes.com\/gst\/abstract.html?res=9405E2DB173FE33BBC4C53DFB4678389659EDE","snippet":"Paul V. McNutt, chairman of the War Manpower Commission, bluntly told a group of 400 railroad executives at the annual meeting of the American Society of Mechanical Engineers at the Hotel Astor yesterday that the railroads must stop their current ...","lead_paragraph":"Paul V. McNutt, chairman of the War Manpower Commission, bluntly told a group of 400 railroad executives at the annual meeting of the American Society of Mechanical Engineers at the Hotel Astor yesterday that the railroads must stop their current practice of discrimination against women and Negroes in their hiring of workers because \"their men will continue to be withdrawn for the armed services.\"","abstract":"P V McNutt warns women employment discrimination must stop; advises age and physical requirements lowering and part-time workers employment","blog":[],"source":"The New York Times","headline":{"main":"RAIL MEN WARNED BY M'NUTT OF BIAS; Discrimination Against Women and Negroes Must End, Says Manpower Chief BRITISH EXAMPLE IS CITED English War Workers 50 Per Cent Female, ODT Aide Says in Broadcast to Engineers"},"pub_date":"1942-12-04T00:00:00Z","document_type":"article","news_desk":null,"section_name":null,"subsection_name":null,"type_of_material":"Article","_id":"4fc20ddc45c1498b0d5c89e1"},{"web_url":"http:\/\/www.nytimes.com\/2017\/02\/24\/us\/transgender-bathroom-law.html","snippet":"The national debate over transgender rights has resulted in a tangle of contradictory laws governing access to public restrooms and locker rooms....","lead_paragraph":"The national debate over transgender rights has resulted in a tangle of contradictory laws governing access to public restrooms and locker rooms.","abstract":null,"blog":[],"source":"The New York Times","headline":{"main":"Understanding Transgender Access Laws"},"pub_date":"2017-02-25T00:36:26+0000","document_type":"article","news_desk":"National","section_name":"U.S.","subsection_name":null,"type_of_material":"News","_id":"58b0d1927c459f2525d1e6e0"},{"web_url":"http:\/\/www.nytimes.com\/1860\/03\/10\/news\/words-people-female-impudence-conduct-ladies-ferry-boats-city-railroads-system.html","snippet":null,"lead_paragraph":null,"abstract":null,"blog":[],"source":"The New York Times","headline":{"main":"WORDS FROM THE PEOPLE.; Female Impudence--Conduct of Ladies on Ferry-boats. City Railroads. SYSTEM AND DISCRIMINATION WANTED. New-York Railroad to the West. The Central Park. Iran Ladders for Fire Escapes."},"pub_date":"1860-03-10T00:03:58Z","document_type":"article","news_desk":null,"section_name":null,"subsection_name":null,"type_of_material":"Letter","_id":"4fbfd8d145c1498b0d0247cd"}]