[{"web_url":"http:\/\/www.nytimes.com\/2014\/06\/21\/opinion\/mona-eltahawy-egypts-sexual-violence.html","snippet":"It doesn\u2019t matter where you stand on the political spectrum \u2014 if you are a woman, your body is not safe....","lead_paragraph":"It doesn\u2019t matter where you stand on the political spectrum \u2014 if you are a woman, your body is not safe.","abstract":"Op-Ed article by writer Mona Eltahawy asserts that real battle that will determine whether Egypt can free itself of authoritarianism is fight between patriarchy and women; notes that increasing number of women are speaking up and voicing anger over sexual assaults; calls for societal shift and comprehensive campaign to tackle sexual violence.","blog":[],"source":"The New York Times","headline":{"main":"Egypt Has a Sexual Violence Problem","kicker":"Op-Ed Contributor","print_headline":"Egypt Has a Sexual Violence Problem","content_kicker":"Op-Ed Contributor "},"pub_date":"2014-06-21T00:00:00Z","document_type":"article","news_desk":"OpEd","section_name":"Opinion","subsection_name":null,"type_of_material":"Op-Ed","_id":"53a422d438f0d82561c7641d"},{"web_url":"http:\/\/query.nytimes.com\/gst\/abstract.html?res=980DE6DE1639E73ABC4F53DFB6678388669EDE","snippet":"A flood of material about women--from fliers and hastily imeographed position papers to large scholarly tomes--has appeared in the last few years....","lead_paragraph":"A flood of material about women--from fliers and hastily imeographed position papers to large scholarly tomes--has appeared in the last few years.","abstract":"book Women and Sex. Sexual Experiences and Reactions of a Group of Thirty Women as Told to a Female Psychotherapist, by L C Schaefer, revd by L Dickstein","blog":[],"source":"The New York Times","headline":{"main":"Women And Sex; For a better understanding of female sexuality Sexual Experiences and Reactions of a Group of Thirty Women as told to a Female Psychotherapist. By Leah Cahan Schaefer. 269 pp. New York: Pantheon Books. $8.95."},"pub_date":"1973-10-07T00:00:00Z","document_type":"article","news_desk":null,"section_name":null,"subsection_name":null,"type_of_material":"Review","_id":"4fc4812945c1498b0da1a65b"},{"web_url":"http:\/\/www.nytimes.com\/2016\/02\/26\/nyregion\/6-inmates-file-suit-alleging-persistent-sexual-abuse-of-women-in-new-york-state-prisons.html","snippet":"The suit, replete with claims of forcible intercourse, harassment and voyeurism, seeks to end what it calls the \u201cpattern of sexual misconduct\u201d at the state\u2019s all-female correctional facilities....","lead_paragraph":"The suit, replete with claims of forcible intercourse, harassment and voyeurism, seeks to end what it calls the \u201cpattern of sexual misconduct\u201d at the state\u2019s all-female correctional facilities.","abstract":"Lawsuit filed by six female prisoners in New York State claims sexual harassment and abuse of female prisoners is widespread and that corrections officers openly disregard policies governing such behavior because Dept of Corrections and Community Supervision rarely disciplines officers.","blog":[],"source":"The New York Times","headline":{"main":"Suit Alleges Persistent Sexual Abuse of Female Inmates in New York State Prisons","print_headline":"Female Inmates\u2019 Suit Says Sex Abuse Is Persistent in State Prisons"},"pub_date":"2016-02-26T00:00:00Z","document_type":"article","news_desk":"Metro","section_name":"N.Y. \/ Region","subsection_name":null,"type_of_material":"News","_id":"56cfadb038f0d80b98a14c37"},{"web_url":"http:\/\/www.nytimes.com\/2017\/02\/15\/opinion\/fighting-college-sexual-assault-in-the-trump-era.html","snippet":"In recent years, schools have had to answer hard questions about how they handle sexual violence. Is that about to end?...","lead_paragraph":"In recent years, schools have had to answer hard questions about how they handle sexual violence. Is that about to end?","abstract":null,"blog":[],"source":"The New York Times","headline":{"main":"Fighting College Sexual Assault in the Trump Era","content_kicker":"Op-Ed Contributor","kicker":"Op-Ed Contributor"},"pub_date":"2017-02-15T20:10:26+0000","document_type":"article","news_desk":"OpEd","section_name":"Opinion","subsection_name":null,"type_of_material":"Op-Ed","_id":"58a4b5b77c459f2525d1c9ee"},{"web_url":"http:\/\/www.nytimes.com\/2017\/02\/28\/business\/sterling-kay-jewelers-jared.html","snippet":"Former Sterling employees described a sexual aggression, gender bias and abuses of power, newly released documents in an arbitration case show....","lead_paragraph":"Former Sterling employees described a sexual aggression, gender bias and abuses of power, newly released documents in an arbitration case show.","abstract":null,"blog":[],"source":"The New York Times","headline":{"main":"Hundreds of Workers Allege Sex Bias by Jeweler, Files Show","print_headline":"Ex-Employees Say Sex Bias Was Common at a Jeweler"},"pub_date":"2017-03-01T01:32:03+0000","document_type":"article","news_desk":"Business","section_name":"Business Day","subsection_name":null,"type_of_material":"News","_id":"58b624997c459f2525d1f11c"},{"web_url":"http:\/\/health.nytimes.com\/health\/guides\/disease\/inhibited-sexual-desire\/overview.html","snippet":"Inhibited sexual desire (ISD) refers to a low level of sexual interest. A person with ISD will not start, or respond to their partner's desire for, sexual activity. ISD can be primary (in which the person has never felt much sexual desire or inter...","lead_paragraph":"Inhibited sexual desire (ISD) refers to a low level of sexual interest. A person with ISD will not start, or respond to their partner's desire for, sexual activity. ISD can be primary (in which the person has never felt much sexual desire or interest), or secondary (in which the person used to feel sexual desire, but no longer does). ISD can also relate to the partner (the person with ISD is interested in other people, but not his or her partner), or it can be general ( the person with ISD isn't sexually interested in anyone). In the extreme form of sexual aversion, the person not only lacks sexual desire, but may find sex repulsive. Sometimes, the sexual desire is not inhibited. The two partners have different sexual interest levels, even though both of their interest levels are within the normal range. Someone can claim that his or her partner has ISD, when in fact they have overactive sexual desire and are very demanding sexually.","abstract":null,"blog":[],"source":null,"headline":{"main":"Inhibited Sexual Desire"},"pub_date":null,"document_type":"topic","news_desk":null,"section_name":null,"subsection_name":null,"type_of_material":"healthtopic","_id":"52446c2b38f0d8198973c40b"},{"web_url":"http:\/\/www.nytimes.com\/1990\/12\/20\/opinion\/essay-bad-year-for-women.html","snippet":"The wirephoto showed a couple of blurred male faces in the background -- Boris Yeltsin and Mikhail Gorbachev, in their funereal dark suits and ties -- while in the forefront, Sazhi Umalatova, 37, a deputy elected by the angry citizens of Chechen-I...","lead_paragraph":"The wirephoto showed a couple of blurred male faces in the background -- Boris Yeltsin and Mikhail Gorbachev, in their funereal dark suits and ties -- while in the forefront, Sazhi Umalatova, 37, a deputy elected by the angry citizens of Chechen-Ingush, a bright knitted jacket on her broad shoulders, lashed into the man at the top. \"You do not have the right to lead the country,\" she said. \"You brought devastation, hunger, cold, blood, tears.\" The defiant woman from the Caucasus answered the Soviet leader's demand for dictatorial powers with her own call for a vote of no confidence. But only one-fourth of the 2,000 delegates in the Congress of People's Deputies -- mostly male apparatchiks -- voted with her; Mr. Gorbachev, ominously promising \"discipline,\" prevailed.","abstract":null,"blog":[],"source":"The New York Times","headline":{"main":"Bad Year for Women","kicker":"ESSAY"},"pub_date":"1990-12-20T00:00:00Z","document_type":"article","news_desk":"Editorial Desk","section_name":"Opinion","subsection_name":null,"type_of_material":"Op-Ed","_id":"4fd1b4bf8eb7c8105d6d9d87"},{"web_url":"http:\/\/health.nytimes.com\/health\/guides\/symptoms\/female-sexual-dysfunction\/overview.html","snippet":"Sexual dysfunction in women may involve a reduction in sex drive, a strong dislike of sexual activity, difficulty becoming aroused, inability to achieve orgasm, or pain with sexual activity or intercourse....","lead_paragraph":"Sexual dysfunction in women may involve a reduction in sex drive, a strong dislike of sexual activity, difficulty becoming aroused, inability to achieve orgasm, or pain with sexual activity or intercourse.","abstract":null,"blog":[],"source":null,"headline":{"main":"Female Sexual Dysfunction"},"pub_date":null,"document_type":"topic","news_desk":null,"section_name":null,"subsection_name":null,"type_of_material":"healthtopic","_id":"5244819238f0d8198973c78a"},{"web_url":"http:\/\/health.nytimes.com\/health\/guides\/test\/buccal-smear\/overview.html","snippet":"A buccal  (pronounced \"buckle\") smear is the painless removal of a sample of cells from the inside of your mouth (cheek) for study....","lead_paragraph":"A buccal  (pronounced \"buckle\") smear is the painless removal of a sample of cells from the inside of your mouth (cheek) for study.","abstract":null,"blog":[],"source":null,"headline":{"main":"Buccal Smear"},"pub_date":null,"document_type":"topic","news_desk":null,"section_name":null,"subsection_name":null,"type_of_material":"healthtopic","_id":"5244739f38f0d8198973c540"},{"web_url":"http:\/\/health.nytimes.com\/health\/guides\/disease\/chlamydial-urethritis-male\/overview.html","snippet":"Chlamydia infection in males is an infection of the urethra (the tube that drains urine from the bladder and passes through the penis). This type of chlamydia infection is passed from one person to another during sexual contact. Chlamydia Chlamydi...","lead_paragraph":"Chlamydia infection in males is an infection of the urethra (the tube that drains urine from the bladder and passes through the penis). This type of chlamydia infection is passed from one person to another during sexual contact. Chlamydia Chlamydia infections in women","abstract":null,"blog":[],"source":null,"headline":{"main":"Chlamydial Infections - Male"},"pub_date":null,"document_type":"topic","news_desk":null,"section_name":null,"subsection_name":null,"type_of_material":"healthtopic","_id":"5244991a38f0d8198973cb54"},{"web_url":"http:\/\/health.nytimes.com\/health\/guides\/specialtopic\/sexual-problems-overview\/overview.html","snippet":"Sexual problems are defined as difficulty during any stage of the sexual act (which includes desire, arousal, orgasm, and resolution) that prevents the individual or couple from enjoying sexual activity....","lead_paragraph":"Sexual problems are defined as difficulty during any stage of the sexual act (which includes desire, arousal, orgasm, and resolution) that prevents the individual or couple from enjoying sexual activity.","abstract":null,"blog":[],"source":null,"headline":{"main":"Sexual Problems Overview"},"pub_date":null,"document_type":"topic","news_desk":null,"section_name":null,"subsection_name":null,"type_of_material":"healthtopic","_id":"5244552938f0d8198973c061"},{"web_url":"http:\/\/health.nytimes.com\/health\/guides\/symptoms\/ambiguous-genitalia\/overview.html","snippet":"Ambiguous genitalia is a birth defect where the outer genitals do not have the typical appearance of either a boy or a girl....","lead_paragraph":"Ambiguous genitalia is a birth defect where the outer genitals do not have the typical appearance of either a boy or a girl.","abstract":null,"blog":[],"source":null,"headline":{"main":"Ambiguous Genitalia"},"pub_date":null,"document_type":"topic","news_desk":null,"section_name":null,"subsection_name":null,"type_of_material":"healthtopic","_id":"5244853138f0d8198973c823"},{"web_url":"http:\/\/health.nytimes.com\/health\/guides\/disease\/urethritis\/overview.html","snippet":"Urethritis is inflammation (swelling and irritation) of the urethra. The urethra is the tube that carries urine from the body....","lead_paragraph":"Urethritis is inflammation (swelling and irritation) of the urethra. The urethra is the tube that carries urine from the body.","abstract":null,"blog":[],"source":null,"headline":{"main":"Urethritis"},"pub_date":null,"document_type":"topic","news_desk":null,"section_name":null,"subsection_name":null,"type_of_material":"healthtopic","_id":"5244943e38f0d8198973ca87"},{"web_url":"http:\/\/query.nytimes.com\/gst\/abstract.html?res=9903E2D8153EE43ABC4B52DFBF668388649EDE","snippet":"AMERICANS who read almost any newspaper or magazine hardly need to be reminded at this date of most of the conclusions of this volume which have any popular interest. Many readers are doubtless tired of seeing them printed so often....","lead_paragraph":"AMERICANS who read almost any newspaper or magazine hardly need to be reminded at this date of most of the conclusions of this volume which have any popular interest. Many readers are doubtless tired of seeing them printed so often.","abstract":"Sexual Behavior in the Human Female: by Dr A C Kinsey and others","blog":[],"source":"The New York Times","headline":{"main":"The Complex Kinsey Study and What It Attempts to Do; SEXUAL BEHAVIOR IN THE HUMAN FEMALE. By the staff of the Institute for Sex Research, Indiana University: Alfred C. Kinsey, Wardell B. Pomeroy, Clyde E. Martin, Paul H. Gebhard. 842 pp. Philadelphia: W. B. Saunders Company. $8."},"pub_date":"1953-09-13T00:00:00Z","document_type":"article","news_desk":null,"section_name":null,"subsection_name":null,"type_of_material":"Review","_id":"4fc3a35445c1498b0d7afa48"},{"web_url":"http:\/\/www.nytimes.com\/2017\/01\/12\/arts\/dance\/of-women-men-and-ballet-in-the-21st-century.html","snippet":"Our chief dance critic asks whether ballet can express a modern view of the sexes....","lead_paragraph":"Our chief dance critic asks whether ballet can express a modern view of the sexes.","abstract":null,"blog":[],"source":"The New York Times","headline":{"main":"Of Women, Men and Ballet in the 21st Century","print_headline":"Women, Men and Ballet in the 21st Century"},"pub_date":"2017-01-12T21:08:45+0000","document_type":"article","news_desk":"Arts&Leisure","section_name":"Arts","subsection_name":"Dance","type_of_material":"News","_id":"5877f0637c459f2525d16422"},{"web_url":"https:\/\/lens.blogs.nytimes.com\/2017\/02\/01\/highlighting-women-in-photojournalism\/","snippet":"Daniella Zalcman has put together a website featuring the photojournalism work of hundreds of women. She wants to show editors that there\u2019s \u201cnot a shortage of women photographers, just a lack of equitable hiring.\u201d...","lead_paragraph":"In 1973, Sara Krulwich visited 29 newspapers, looking for a job after graduating from the University of Michigan. She met with male photo editors who mostly scoffed at the idea of a woman as a news photographer. One editor, she said, told her that hiring a woman was like \u201chiring half a person.\u201d","abstract":"Daniella Zalcman has put together a website featuring the photojournalism work of hundreds of women. She wants to show editors that there\u2019s \u201cnot a shortage of women photographers, just a lack of equitable hiring.\u201d","blog":[],"source":"The New York Times","headline":{"main":"Highlighting Women in Photojournalism","kicker":"Lens"},"pub_date":"2017-02-01T17:16:44+0000","document_type":"blogpost","news_desk":null,"section_name":"Multimedia","subsection_name":null,"type_of_material":"Blog","_id":"589218497c459f2525d19dda"},{"web_url":"http:\/\/health.nytimes.com\/health\/guides\/disease\/lymphogranuloma-venereum\/overview.html","snippet":"Lymphogranuloma venereum (LGV) is a sexually transmitted bacterial infection....","lead_paragraph":"Lymphogranuloma venereum (LGV) is a sexually transmitted bacterial infection.","abstract":null,"blog":[],"source":null,"headline":{"main":"Lymphogranuloma Venereum"},"pub_date":null,"document_type":"topic","news_desk":null,"section_name":null,"subsection_name":null,"type_of_material":"healthtopic","_id":"524498a338f0d8198973cb3d"},{"web_url":"http:\/\/well.blogs.nytimes.com\/2015\/03\/18\/better-sleep-for-a-better-sex-life\/","snippet":"A new study found that for women in romantic relationships, each extra hour of sleep corresponded to higher levels of sexual desire and an increase in the likelihood of sexual activity the next day....","lead_paragraph":null,"abstract":"A new study found that for women in romantic relationships, each extra hour of sleep corresponded to higher levels of sexual desire and an increase in the likelihood of sexual activity the next day.","blog":[],"source":"The New York Times","headline":{"main":"Better Sleep for a Better Sex Life","kicker":"Well","print_headline":"Patterns: More Sleep May Improve Sex"},"pub_date":"2015-03-18T11:43:37Z","document_type":"blogpost","news_desk":"Science","section_name":"false","subsection_name":"false","type_of_material":"Blog","_id":"55099d8c38f0d819240d14d2"},{"web_url":"http:\/\/www.nytimes.com\/2017\/02\/02\/arts\/television\/girls-season-six.html","snippet":"Our critics look at the impact of the HBO show on television as it enters its sixth and final season....","lead_paragraph":"Our critics look at the impact of the HBO show on television as it enters its sixth and final season.","abstract":null,"blog":[],"source":"The New York Times","headline":{"main":"6 Ways \u2018Girls\u2019 Changed Television. Or Didn\u2019t.","print_headline":"Voice. Vice. Veracity."},"pub_date":"2017-02-02T10:00:24+0000","document_type":"article","news_desk":"Arts&Leisure","section_name":"Arts","subsection_name":"Television","type_of_material":"News","_id":"589303407c459f2525d1a06d"},{"web_url":"http:\/\/www.nytimes.com\/aponline\/2017\/02\/01\/us\/ap-us-teacher-sex-allegations.html","snippet":"A third former teacher from Plum High School in western Pennsylvania was sentenced Wednesday to three to six years in prison for sex crimes involving a female student, prompting the judge to refer to the school as a \"cesspool.\"...","lead_paragraph":"A third former teacher from Plum High School in western Pennsylvania was sentenced Wednesday to three to six years in prison for sex crimes involving a female student, prompting the judge to refer to the school as a \"cesspool.\"","abstract":null,"blog":[],"source":"AP","headline":{"main":"3rd Ex-Teacher From Same School Gets Prison for Sex Crimes","print_headline":"3rd Ex-Teacher From Same School Gets Prison for Sex Crimes"},"pub_date":"2017-02-01T21:03:58+0000","document_type":"article","news_desk":null,"section_name":"U.S.","subsection_name":null,"type_of_material":"News","_id":"58924d457c459f2525d19e96"}]