[{"web_url":"http:\/\/www.nytimes.com\/video\/world\/europe\/1248069166590\/female-factor.html","snippet":"Katrin Bennhold reports on the advancement of French women helped by state social policies.  But despite the high levels of education and employment, the glass ceiling remains....","lead_paragraph":"Katrin Bennhold reports on the advancement of French women helped by state social policies.  But despite the high levels of education and employment, the glass ceiling remains.  ","abstract":null,"blog":[],"source":"The New York Times","headline":{"main":"Female Factor","sub":"French Women Still Await True Equality"},"pub_date":"2010-10-11T20:45:21Z","document_type":"multimedia","news_desk":"World \/ Europe","section_name":"World","subsection_name":"Europe","type_of_material":"Video","_id":"504a75761c22dfde670bb50f"},{"web_url":"http:\/\/www.nytimes.com\/2013\/12\/22\/arts\/music\/female-conductors-search-for-equality-at-highest-level.html","snippet":"Female conductors no longer attract open-mouthed attention among music lovers or the news media when they appear, yet they remain far from being fairly represented....","lead_paragraph":"Female conductors no longer attract open-mouthed attention among music lovers or the news media when they appear, yet they remain far from being fairly represented.","abstract":"Acceptance of female conductors by opera companies, orchestras and musicians has grown slowly over years but equality remains elusive among major orchestras.","blog":[],"source":"The New York Times","headline":{"seo":"Female Conductors Search for Equality at Highest Level","main":"Missing From Podiums: Women","print_headline":"Missing From Podiums: Women "},"pub_date":"2013-12-22T00:00:00Z","document_type":"article","news_desk":"Arts&Leisure","section_name":"Arts","subsection_name":"Music","type_of_material":"News","_id":"52b4a9b638f0d8536750db40"},{"web_url":"http:\/\/query.nytimes.com\/gst\/abstract.html?res=9D04E2DA173DE63ABC4952DFB767838C679EDE","snippet":"Civil Service Comm orders Govt agencies to try to give women equal job opportunities...","lead_paragraph":null,"abstract":"Civil Service Comm orders Govt agencies to try to give women equal job opportunities","blog":[],"source":"The New York Times","headline":{"main":"Female Job Equality Urged"},"pub_date":"1967-11-11T00:00:00Z","document_type":"article","news_desk":null,"section_name":null,"subsection_name":null,"type_of_material":"Article","_id":"4fc4639b45c1498b0d99404f"},{"web_url":"http:\/\/www.nytimes.com\/reuters\/2015\/11\/10\/world\/asia\/10reuters-nepal-woman-president.html","snippet":"When Bidhya Devi Bhandari was just a child, she witnessed an angry mob in her remote village in eastern Nepal beating and torturing an elderly woman accused of being a witch....","lead_paragraph":"When Bidhya Devi Bhandari was just a child, she witnessed an angry mob in her remote village in eastern Nepal beating and torturing an elderly woman accused of being a witch.","abstract":null,"blog":[],"source":"Reuters","headline":{"main":"In Patriarchal Nepal, First Female President Works for Equality","print_headline":"In Patriarchal Nepal, First Female President Works for Equality"},"pub_date":"2015-11-10T08:05:18Z","document_type":"article","news_desk":"None","section_name":"World","subsection_name":"Asia Pacific","type_of_material":"News","_id":"5641ebea38f0d80e74ff9971"},{"web_url":"http:\/\/www.nytimes.com\/reuters\/2014\/12\/16\/world\/middleeast\/16reuters-syria-women.html","snippet":"Every night before 27-year-old Arin goes to bed, she hangs her  Makarov, a Russian semi-automatic pistol, from a steel coat rack by the entrance to her one-bedroom apartment in a small, dusty town on the Syrian border with Iraq....","lead_paragraph":"Every night before 27-year-old Arin goes to bed, she hangs her  Makarov, a Russian semi-automatic pistol, from a steel coat rack by the entrance to her one-bedroom apartment in a small, dusty town on the Syrian border with Iraq.","abstract":null,"blog":[],"source":"Reuters","headline":{"main":"Female Fighters Battle for Freedom and Equality in Syria: TRFN","print_headline":"Female Fighters Battle for Freedom and Equality in Syria: TRFN"},"pub_date":"2014-12-16T00:02:27Z","document_type":"article","news_desk":"None","section_name":"World","subsection_name":"Middle East","type_of_material":"News","_id":"548fbd4f38f0d8019c0adfb1"},{"web_url":"http:\/\/www.nytimes.com\/video\/world\/middleeast\/100000001843542\/palestinians-go-to-the-polls.html","snippet":"Maysoun Qawasmi leads the first all-woman list of candidates for elective office in the Palestinian territories....","lead_paragraph":"Maysoun Qawasmi leads the first all-woman list of candidates for elective office in the Palestinian territories.","abstract":null,"blog":[],"source":"The New York Times","headline":{"main":"Palestinians Go to the Polls","sub":"Female Candidates Push for Equality"},"pub_date":"2012-10-13T18:16:12Z","document_type":"multimedia","news_desk":"World \/ Middle East","section_name":"World","subsection_name":"Middle East","type_of_material":"Video","_id":"508727de95e998af71188a88"},{"web_url":"http:\/\/www.nytimes.com\/reuters\/2016\/08\/04\/sports\/golf\/04reuters-olympics-rio-women-golf.html","snippet":"Golf's return to the Olympics after more than a century gives women golfers the opportunity to show they are as talented as male players and deserve to earn the same, female competitors said ahead of the opening of the Rio Games....","lead_paragraph":"Golf's return to the Olympics after more than a century gives women golfers the opportunity to show they are as talented as male players and deserve to earn the same, female competitors said ahead of the opening of the Rio Games.","abstract":null,"blog":[],"source":"","headline":{"main":"Female Golfers Hope to Score a Birdie for Gender Equality at Rio Olympics","print_headline":"Female Golfers Hope to Score a Birdie for Gender Equality at Rio Olympics"},"pub_date":"2016-08-04T16:01:46Z","document_type":"article","news_desk":"None","section_name":"Sports","subsection_name":"Golf","type_of_material":"News","_id":"57ad08db7c459f21c9993a2b"},{"web_url":"http:\/\/query.nytimes.com\/gst\/abstract.html?res=9B07E2DB133BE63BBC4E53DFB466838B669FDE","snippet":"ST. LOUIS, Feb. 5.--The bill to regulate the compensation of teachers has been amended by the lower branch of the Legislature so as to give females the same pay as males where equally qualified and performing like duties....","lead_paragraph":"ST. LOUIS, Feb. 5.--The bill to regulate the compensation of teachers has been amended by the lower branch of the Legislature so as to give females the same pay as males where equally qualified and performing like duties.","abstract":null,"blog":[],"source":"The New York Times","headline":{"main":"STATE LEGISLATURES.; Female Equality in Missouri--Political Disabilities in Kansas--Impeachment of a Judge in the West Virginia Senate--A Hard Fight on Registration in the House.","kicker":"1"},"pub_date":"1870-02-06T00:03:58Z","document_type":"article","news_desk":null,"section_name":null,"subsection_name":null,"type_of_material":"Front Page","_id":"4fbff23245c1498b0d091f2c"},{"web_url":"http:\/\/www.nytimes.com\/2017\/01\/20\/business\/dealbook\/world-economic-forum-davos-women-gender-inequality.html","snippet":"Following a behavioral economist from Harvard as she navigates the World Economic Forum in Davos, Switzerland, where 80 percent of the participants are men....","lead_paragraph":"Following a behavioral economist from Harvard as she navigates the World Economic Forum in Davos, Switzerland, where 80 percent of the participants are men.","abstract":null,"blog":[],"source":"The New York Times","headline":{"main":"A Gathering of the Global Elite, Through a Woman\u2019s Eyes","print_headline":"Global Elite, as Viewed by a Woman"},"pub_date":"2017-01-20T10:00:19+0000","document_type":"article","news_desk":"Business","section_name":"Business Day","subsection_name":"DealBook","type_of_material":"News","_id":"5881dfc27c459f2525d17ac1"},{"web_url":"http:\/\/www.nytimes.com\/2017\/01\/17\/upshot\/republican-men-say-its-a-better-time-to-be-a-woman-than-a-man.html","snippet":"A survey shows 82 percent of women feel sexism is a problem today, while men underestimate the sexism felt by the women in their lives....","lead_paragraph":"A survey shows 82 percent of women feel sexism is a problem today, while men underestimate the sexism felt by the women in their lives.","abstract":null,"blog":[],"source":"The New York Times","headline":{"main":"Republican Men Say It\u2019s a Better Time to Be a Woman Than a Man","content_kicker":"Gender Inequality","kicker":"The Upshot","print_headline":"Sexes Differ on Persistence of Sexism"},"pub_date":"2017-01-17T15:58:19+0000","document_type":"article","news_desk":"Upshot","section_name":"The Upshot","subsection_name":null,"type_of_material":"News","_id":"587e3f237c459f2525d16fed"},{"web_url":"http:\/\/www.nytimes.com\/2017\/01\/19\/sports\/tennis\/australian-open-nicole-gibbs-social-issues.html","snippet":"Gibbs, a two-time N.C.A.A. singles champion who will face Williams in the third round at the Australian Open, has made herself known inside tennis for her consciousness and outspokenness....","lead_paragraph":"Gibbs, a two-time N.C.A.A. singles champion who will face Williams in the third round at the Australian Open, has made herself known inside tennis for her consciousness and outspokenness.","abstract":null,"blog":[],"source":"The New York Times","headline":{"main":"Nicole Gibbs, Serena Williams\u2019s Next Opponent, Speaks Her Mind","print_headline":"Young Player Has Made Her Name by Speaking Her Mind"},"pub_date":"2017-01-20T01:47:11+0000","document_type":"article","news_desk":"Sports","section_name":"Sports","subsection_name":"Tennis","type_of_material":"News","_id":"58816c297c459f2525d179bf"},{"web_url":"http:\/\/www.nytimes.com\/2016\/05\/12\/opinion\/womens-clubs-at-harvard.html","snippet":"A Harvard student writes that many of these group were created to fight gender discrimination....","lead_paragraph":"A Harvard student writes that many of these group were created to fight gender discrimination.","abstract":null,"blog":[],"source":"The New York Times","headline":{"main":"Women\u2019s Clubs at Harvard","content_kicker":"Letter","kicker":"Letter","print_headline":"Women\u2019s Clubs at Harvard"},"pub_date":"2016-05-12T00:00:00Z","document_type":"article","news_desk":"Letters","section_name":"Opinion","subsection_name":null,"type_of_material":"Letter","_id":"5733889738f0d857ffcae6fe"},{"web_url":"http:\/\/www.nytimes.com\/2017\/02\/24\/opinion\/sunday\/women-do-like-to-compete-against-themselves.html","snippet":"In some situations, they are just as cutthroat as men....","lead_paragraph":"In some situations, they are just as cutthroat as men.","abstract":null,"blog":[],"source":"The New York Times","headline":{"main":"Women Do Like to Compete \u2014 Against Themselves","content_kicker":"Gray Matter","kicker":"Gray Matter","print_headline":"Actually, Women Do Like to Compete"},"pub_date":"2017-02-24T15:26:50+0000","document_type":"article","news_desk":"OpEd","section_name":"Opinion","subsection_name":"Sunday Review","type_of_material":"Op-Ed","_id":"58b050bd7c459f2525d1e54a"},{"web_url":"http:\/\/www.nytimes.com\/reuters\/2017\/02\/23\/sports\/olympics\/23reuters-olympics-shooting-tokyo.html","snippet":"The International Shooting Sport Federation plans to introduce mixed events in air pistol, air rifle and trap for the Tokyo 2020 Olympics to help achieve the IOC's goal of 50 percent female participation in the Olympics Games....","lead_paragraph":"The International Shooting Sport Federation plans to introduce mixed events in air pistol, air rifle and trap for the Tokyo 2020 Olympics to help achieve the IOC's goal of 50 percent female participation in the Olympics Games.","abstract":null,"blog":[],"source":"Reuters","headline":{"main":"Federation Wants Mixed Shooting Events for Tokyo 2020 Games","print_headline":"Federation Wants Mixed Shooting Events for Tokyo 2020 Games"},"pub_date":"2017-02-23T14:54:50+0000","document_type":"article","news_desk":null,"section_name":"Sports","subsection_name":"Olympics","type_of_material":"News","_id":"58aef7c67c459f2525d1e170"},{"web_url":"http:\/\/www.nytimes.com\/2017\/01\/25\/world\/europe\/high-heels-british-inquiry-dress-codes-women.html","snippet":"A parliamentary inquiry prompted by a receptionist\u2019s complaint has concluded that laws against discriminatory dress codes for women needed to be tougher....","lead_paragraph":"A parliamentary inquiry prompted by a receptionist\u2019s complaint has concluded that laws against discriminatory dress codes for women needed to be tougher.","abstract":null,"blog":[],"source":"The New York Times","headline":{"main":"Sent Home for Not Wearing Heels, She Ignited a British Rebellion","print_headline":"Ordered to Wear Heels, She Ignited a Rebellion"},"pub_date":"2017-01-25T21:17:49+0000","document_type":"article","news_desk":"Foreign","section_name":"World","subsection_name":"Europe","type_of_material":"News","_id":"588916017c459f2525d18a2f"},{"web_url":"http:\/\/www.nytimes.com\/aponline\/2017\/02\/03\/world\/europe\/ap-eu-sweden-trump.html","snippet":"Sweden's Deputy Prime Minister has posted on Facebook an all-woman photo including herself signing a proposal for the country's new climate law &#8212; a photo many online commentators have taken as a direct swipe at Donald Trump....","lead_paragraph":"Sweden's Deputy Prime Minister has posted on Facebook an all-woman photo including herself signing a proposal for the country's new climate law &#8212; a photo many online commentators have taken as a direct swipe at Donald Trump.","abstract":null,"blog":[],"source":"AP","headline":{"main":"Sweden's 'Feminist Government' Takes Swipe at Trump","print_headline":"Sweden's 'Feminist Government' Takes Swipe at Trump"},"pub_date":"2017-02-03T14:48:52+0000","document_type":"article","news_desk":null,"section_name":"World","subsection_name":"Europe","type_of_material":"News","_id":"5894985e7c459f2525d1a508"},{"web_url":"http:\/\/www.nytimes.com\/2017\/01\/09\/opinion\/paths-for-feminism-after-the-election.html","snippet":"Readers discuss feminism\u2019s loss in the election, and its future....","lead_paragraph":"Readers discuss feminism\u2019s loss in the election, and its future.","abstract":null,"blog":[],"source":"The New York Times","headline":{"main":"Paths for Feminism After the Election","content_kicker":"Letters","kicker":"Letters","print_headline":"Paths for Feminism After the Election"},"pub_date":"2017-01-09T08:21:03+0000","document_type":"article","news_desk":"Letters","section_name":"Opinion","subsection_name":null,"type_of_material":"Letter","_id":"587347f67c459f2525d15807"},{"web_url":"http:\/\/www.nytimes.com\/2017\/01\/12\/arts\/dance\/of-women-men-and-ballet-in-the-21st-century.html","snippet":"Our chief dance critic asks whether ballet can express a modern view of the sexes....","lead_paragraph":"Our chief dance critic asks whether ballet can express a modern view of the sexes.","abstract":null,"blog":[],"source":"The New York Times","headline":{"main":"Of Women, Men and Ballet in the 21st Century","print_headline":"Women, Men and Ballet in the 21st Century"},"pub_date":"2017-01-12T21:08:45+0000","document_type":"article","news_desk":"Arts&Leisure","section_name":"Arts","subsection_name":"Dance","type_of_material":"News","_id":"5877f0637c459f2525d16422"},{"web_url":"http:\/\/www.nytimes.com\/2017\/02\/20\/opinion\/topless-uprising-against-sexism.html","snippet":"A debate about women\u2019s right to control their bodies led to bare-breasted protests....","lead_paragraph":"A debate about women\u2019s right to control their bodies led to bare-breasted protests.","abstract":null,"blog":[],"source":"The New York Times","headline":{"main":"Topless Uprising Against Sexism","content_kicker":"Op-Ed Contributor","kicker":"Op-Ed Contributor","print_headline":"A topless uprising"},"pub_date":"2017-02-20T15:53:24+0000","document_type":"article","news_desk":"OpEd","section_name":"Opinion","subsection_name":null,"type_of_material":"Op-Ed","_id":"58ab10fd7c459f2525d1d846"},{"web_url":"http:\/\/www.nytimes.com\/2017\/01\/27\/movies\/black-women-directors-film-series.html","snippet":"A BAMcin\u00e9matek series, \u201cOne Way or Another: Black Women\u2019s Cinema 1970-1991,\u201d reminds us that the history of movies is also a history of struggle for equality....","lead_paragraph":"A BAMcin\u00e9matek series, \u201cOne Way or Another: Black Women\u2019s Cinema 1970-1991,\u201d reminds us that the history of movies is also a history of struggle for equality.","abstract":null,"blog":[],"source":"The New York Times","headline":{"main":"A Film Series Honors Black Women Directors","print_headline":"Black Daughters of the Movie Camera"},"pub_date":"2017-01-27T17:21:16+0000","document_type":"article","news_desk":"Arts&Leisure","section_name":"Movies","subsection_name":null,"type_of_material":"News","_id":"588b81977c459f2525d1909e"}]