[{"web_url":"http:\/\/www.nytimes.com\/2017\/02\/09\/t-magazine\/fashion\/new-designers-fashion-week-linder-danielle-cathari-asai.html","snippet":"A handful of new designers showing their collections this month in New York, London and Paris....","lead_paragraph":"A handful of new designers showing their collections this month in New York, London and Paris. ","abstract":null,"blog":[],"source":"The New York Times","headline":{"main":"5 New Designers to Watch This Season"},"pub_date":"2017-02-09T19:55:31+0000","document_type":"article","news_desk":"TStyle","section_name":"T Magazine","subsection_name":"Fashion & Beauty","type_of_material":"News","_id":"589cc9397c459f2525d1b631"},{"web_url":"http:\/\/www.nytimes.com\/2017\/01\/15\/fashion\/mens-style\/neil-barrett-fashion-show-milan-gender-blur.html","snippet":"For his fashion show in Milan, the British designer presents a mash-up of \u201980s references and age-old tailoring traditions....","lead_paragraph":"For his fashion show in Milan, the British designer presents a mash-up of \u201980s references and age-old tailoring traditions.","abstract":null,"blog":[],"source":"The New York Times","headline":{"main":"Neil Barrett\u2019s Gender-Blur Army","content_kicker":"Fashion Review","kicker":"Fashion Review","print_headline":"Neil Barrett\u2019s Gender-Blur Army"},"pub_date":"2017-01-15T22:49:47+0000","document_type":"article","news_desk":"Styles","section_name":"Fashion & Style","subsection_name":"Men\u2019s Style","type_of_material":"Review","_id":"587bfc907c459f2525d16b5e"},{"web_url":"http:\/\/www.nytimes.com\/2017\/02\/17\/t-magazine\/fashion\/ten-looks-that-defined-yves-saint-laurent.html","snippet":"The label revolutionized 20th-century fashion....","lead_paragraph":"The label revolutionized 20th-century fashion.","abstract":null,"blog":[],"source":"The New York Times","headline":{"main":"Ten Looks That Defined Yves Saint Laurent"},"pub_date":"2017-02-17T19:35:36+0000","document_type":"article","news_desk":"TStyle","section_name":"T Magazine","subsection_name":"Fashion & Beauty","type_of_material":"News","_id":"58a7508e7c459f2525d1d253"},{"web_url":"http:\/\/www.nytimes.com\/2017\/02\/09\/t-magazine\/fashion\/raf-simons-calvin-klein-debut-expect.html","snippet":"The Belgian designer, who debuts at Calvin Klein on Friday, has had a long (and memorable) run in fashion....","lead_paragraph":"The Belgian designer, who debuts at Calvin Klein on Friday, has had a long (and memorable) run in fashion. ","abstract":null,"blog":[],"source":"The New York Times","headline":{"main":"10 Standout Moments of Raf Simons\u2019s Career"},"pub_date":"2017-02-09T22:53:39+0000","document_type":"article","news_desk":"TStyle","section_name":"T Magazine","subsection_name":"Fashion & Beauty","type_of_material":"News","_id":"589cf3007c459f2525d1b6be"},{"web_url":"http:\/\/www.nytimes.com\/2017\/02\/14\/t-magazine\/art\/anicka-yi.html","snippet":"She has used tempura-fried flowers, incorporated smell, and injected live snails with oxytocin....","lead_paragraph":"She has used tempura-fried flowers, incorporated smell, and injected live snails with oxytocin.","abstract":null,"blog":[],"source":"The New York Times","headline":{"main":"Anicka Yi Is Inventing a New Kind of Conceptual Art","print_headline":"Burn After Reading"},"pub_date":"2017-02-14T16:02:12+0000","document_type":"article","news_desk":"TStyle","section_name":"T Magazine","subsection_name":"Art","type_of_material":"News","_id":"58a32a087c459f2525d1c4d9"},{"web_url":"http:\/\/www.nytimes.com\/2014\/12\/11\/fashion\/holiday-pop-ups-and-more-in-new-york-city.html","snippet":"Just in time for holiday shopping, a number of brands are opening specialty shops for a limited time this week....","lead_paragraph":"Just in time for holiday shopping, a number of brands are opening specialty shops for a limited time this week.","abstract":null,"blog":[],"source":"The New York Times","headline":{"main":"Holiday Pop-Ups and More in New York City","kicker":"Scouting Report","print_headline":"Holiday Pop-ups","content_kicker":"Scouting Report"},"pub_date":"2014-12-11T00:00:00Z","document_type":"article","news_desk":"Styles","section_name":"Fashion & Style","subsection_name":null,"type_of_material":"News","_id":"5488e87438f0d82a671231c2"},{"web_url":"http:\/\/www.nytimes.com\/aponline\/2017\/01\/23\/world\/europe\/ap-eu-france-paris-fashion-week-watch.html","snippet":"A labyrinth and a scented secret garden led to Christian Dior's enchanted collection Monday &#8212; the hugely anticipated couture debut from new designer Maria Grazia Chiuri....","lead_paragraph":"A labyrinth and a scented secret garden led to Christian Dior's enchanted collection Monday &#8212; the hugely anticipated couture debut from new designer Maria Grazia Chiuri.","abstract":null,"blog":[],"source":"AP","headline":{"main":"Dior Designer Debuts Paris Couture as Dunst Talks Girl Power","print_headline":"Dior Designer Debuts Paris Couture as Dunst Talks Girl Power"},"pub_date":"2017-01-23T17:48:53+0000","document_type":"article","news_desk":null,"section_name":"World","subsection_name":"Europe","type_of_material":"News","_id":"588642137c459f2525d1824f"},{"web_url":"http:\/\/www.nytimes.com\/2013\/11\/01\/arts\/design\/designing-modern-women-1890-1990-at-moma.html","snippet":"\u201cDesigning Modern Women 1890-1990,\u201d at the Museum of Modern Art, examines how women helped shape future ways of living and served as muses to modernity....","lead_paragraph":"\u201cDesigning Modern Women 1890-1990,\u201d at the Museum of Modern Art, examines how women helped shape future ways of living and served as muses to modernity.","abstract":"Ken Johnson reviews design exhibit Designing Modern Women 1890-1990 at Museum of Modern Art.","blog":[],"source":"The New York Times","headline":{"seo":"\u2018Designing Modern Women 1890-1990,\u2019 at MoMA","main":"Shaping the Future, in the Kitchen and Beyond","kicker":"Art Review","print_headline":"Shaping the Future, in the Kitchen and Beyond","content_kicker":"Art Review"},"pub_date":"2013-11-01T00:00:00Z","document_type":"article","news_desk":"Weekend","section_name":"Arts","subsection_name":"Art & Design","type_of_material":"Review","_id":"5272d05338f0d829b45e92cd"},{"web_url":"http:\/\/www.nytimes.com\/2015\/10\/27\/fashion\/apple-and-the-elusive-angela-ahrendts.html","snippet":"She\u2019s the highest-paid female executive in the United States but, after more than a year at Apple, she\u2019s rarely seen....","lead_paragraph":"She\u2019s the highest-paid female executive in the United States but, after more than a year at Apple, she\u2019s rarely seen.","abstract":null,"blog":[],"source":"The New York Times","headline":{"main":"The Mysterious Case of Apple and the Elusive Angela Ahrendts","content_kicker":"On the Runway"},"pub_date":"2015-10-27T00:00:00Z","document_type":"article","news_desk":"Styles","section_name":"Fashion & Style","subsection_name":null,"type_of_material":"News","_id":"562e22d038f0d8190048334e"},{"web_url":"http:\/\/www.nytimes.com\/2015\/06\/26\/arts\/design\/the-independent-art-fair-finds-a-sleek-home-in-tribeca.html","snippet":"The fair is moving from its old Chelsea building into a space at Spring Studios that will allow more flexibility for different types of artists and projects....","lead_paragraph":"The fair is moving from its old Chelsea building into a space at Spring Studios that will allow more flexibility for different types of artists and projects.","abstract":"Inside Art column; Independent Art Fair organizers are excited about new home at Spring Studios, large flexible space overlooking St John's Park in TriBeCa, particularly since it can accommodate works which were difficult to showcase at former Chelsea location.","blog":[],"source":"The New York Times","headline":{"main":"The Independent Art Fair Finds a Sleek Home in TriBeCa","content_kicker":"Inside Art","kicker":"Inside Art","print_headline":"Art Fair Finds a Home in a Sleek TriBeCa Space"},"pub_date":"2015-06-26T00:00:00Z","document_type":"article","news_desk":"Weekend","section_name":"Arts","subsection_name":"Art & Design","type_of_material":"News","_id":"558c6fc538f0d87330e9185d"},{"web_url":"http:\/\/www.nytimes.com\/2012\/03\/01\/fashion\/lacroix-and-blahnik-star-in-fashion-fairy-tales.html","snippet":"Christian Lacroix and Manolo Blahnik are the central figures in the first two fairy tales of Camilla Morton's new series. Next: DVF as an empress....","lead_paragraph":"Christian Lacroix and Manolo Blahnik are the central figures in the first two fairy tales of Camilla Morton's new series. Next: DVF as an empress.","abstract":null,"blog":[],"source":"International Herald Tribune","headline":{"seo":"Lacroix and Blahnik Star in Fashion Fairy Tales","main":"Everyone Wants to Be Cinderella","print_headline":"Everyone Wants to Be Cinderella"},"pub_date":"2012-03-01T00:00:00Z","document_type":"article","news_desk":"Styles","section_name":"Fashion & Style","subsection_name":null,"type_of_material":"News","_id":"53f41b9e38f0d857ea2d0bbf"},{"web_url":"http:\/\/www.nytimes.com\/2016\/12\/07\/arts\/design\/best-art.html","snippet":"Looking back at the season, in light of a presidential election....","lead_paragraph":"Looking back at the season, in light of a presidential election.","abstract":null,"blog":[],"source":"The New York Times","headline":{"main":"The Best Art of 2016","print_headline":"Business as Usual? Not for the Best Shows"},"pub_date":"2016-12-07T17:54:39+0000","document_type":"article","news_desk":"Arts&Leisure","section_name":"Arts","subsection_name":"Art & Design","type_of_material":"News","_id":"58484ce27c459f2525d10856"},{"web_url":"http:\/\/www.nytimes.com\/2013\/04\/09\/fashion\/09iht-fpattern09.html","snippet":"Fashion is now indisputably in a geometric moment, as seen in spring collections and an exhibition in London....","lead_paragraph":"Fashion is now indisputably in a geometric moment, as seen in spring collections and an exhibition in London.","abstract":null,"blog":[],"source":"International Herald Tribune","headline":{"main":"The Many Stripes of Pattern Power","print_headline":"The Many Stripes of Pattern Power"},"pub_date":"2013-04-09T14:00:00Z","document_type":"article","news_desk":"Styles","section_name":"Fashion & Style","subsection_name":null,"type_of_material":"News","_id":"5162b9fdcf28d0219d0063d8"},{"web_url":"http:\/\/www.nytimes.com\/2016\/10\/19\/opinion\/taking-on-the-boys-club-at-the-art-museum.html","snippet":"Leadership of top institutions has too long been denied to women....","lead_paragraph":"Leadership of top institutions has too long been denied to women.","abstract":"Op-Ed article by museum curator Sonnet Stanfill suggests departures of Martin Roth and Nicholas Serota, directors of Victoria and Albert Museum and Tate museums, respectively, offer opportunity to correct gender imbalance in art museum leadership; holds benefits of giving curating opportunities to more diverse pool of talent, and being open to new approaches to arts programming and partnerships, are undeniable.","blog":[],"source":"The New York Times","headline":{"main":"Taking On the Boys\u2019 Club at the Art Museum","content_kicker":"Op-Ed Contributor","kicker":"Op-Ed Contributor","print_headline":"Taking On the Boys\u2019 Club  at the Art Museum"},"pub_date":"2016-10-19T07:21:22+0000","document_type":"article","news_desk":"OpEd","section_name":"Opinion","subsection_name":null,"type_of_material":"Op-Ed","_id":"58071ef77c459f606398a7d6"},{"web_url":"http:\/\/www.nytimes.com\/2014\/02\/12\/fashion\/donna-karan-marks-30-years-in-fashion.html","snippet":"The designer, who put the emphasis on flesh in her winter 2014 collection, has given much to the universe of style....","lead_paragraph":"The designer, who put the emphasis on flesh in her winter 2014 collection, has given much to the universe of style.","abstract":"Suzy Menkes reviews winter 2014 collections by Donna Karan, Phillip Lim and Thom Browne at New York Fashion Week.","blog":[],"source":"The New York Times","headline":{"main":"Donna Karan: Three Decades in Fashion","kicker":"Fashion Review","print_headline":"A 30-Year Affair With the City","content_kicker":"Fashion Review"},"pub_date":"2014-02-12T00:00:00Z","document_type":"article","news_desk":"Styles","section_name":"Fashion & Style","subsection_name":null,"type_of_material":"Review","_id":"52fa44fb38f0d810dc091830"},{"web_url":"http:\/\/www.nytimes.com\/2009\/10\/08\/arts\/design\/08penn.html","snippet":"Mr. Penn\u2019s blend of elegance and minimalism made him one of the most influential photographers of the century....","lead_paragraph":"Mr. Penn\u2019s blend of elegance and minimalism made him one of the most influential photographers of the century.","abstract":null,"blog":[],"source":"The New York Times","headline":{"seo":"Irving Penn, Whose Camera Framed Spare Elegance, Dies at 92","main":"Irving Penn, Fashion Photographer, Is Dead at 92","print_headline":"Irving Penn, Whose Camera Framed Spare Elegance, Dies at 92"},"pub_date":"2009-10-08T00:00:00Z","document_type":"article","news_desk":"Culture","section_name":"Arts","subsection_name":"Art & Design","type_of_material":"Obituary","_id":"5457097938f0d86ef22a11b3"},{"web_url":"http:\/\/www.nytimes.com\/2016\/08\/25\/fashion\/anya-hindmarch-sothebys-auction-london-fashion-week.html","snippet":"The quirky and irreverent accessories designer is curating a sale of contemporary art for Sotheby\u2019s, which will be auctioned off during London Fashion Week....","lead_paragraph":"The quirky and irreverent accessories designer is curating a sale of contemporary art for Sotheby\u2019s, which will be auctioned off during London Fashion Week.","abstract":"Handbag designer Anya Hindmarch has taken on role as guest curator for Sotheby's Contemporary Curated sale in London in September and has selected 10 works to be sold there.","blog":[],"source":"The New York Times","headline":{"main":"Anya Hindmarch Selects Artworks to Sell at Sotheby\u2019s","print_headline":"Sotheby\u2019s Draws in a Designer Curator"},"pub_date":"2016-08-25T04:00:00+0000","document_type":"article","news_desk":"Styles","section_name":"Fashion & Style","subsection_name":null,"type_of_material":"News","_id":"57bdaed17c459f21c99971ee"},{"web_url":"http:\/\/www.nytimes.com\/2016\/10\/26\/fashion\/azzedine-alaia-paris-fashion.html","snippet":"The spring season officially ended almost three weeks ago but the designer\u2019s collection was no postscript....","lead_paragraph":"The spring season officially ended almost three weeks ago but the designer\u2019s collection was no postscript.","abstract":null,"blog":[],"source":"The New York Times","headline":{"main":"Azzedine Ala\u00efa and the Reason Not to Buy Into the \u2018See Now\/Shop Now\u2019 Movement","content_kicker":"On the Runway"},"pub_date":"2016-10-25T11:56:01+0000","document_type":"article","news_desk":"Styles","section_name":"Fashion & Style","subsection_name":null,"type_of_material":"News","_id":"580f485e7c459f606398b968"},{"web_url":"http:\/\/www.nytimes.com\/2017\/02\/22\/arts\/music\/kingdom-tears-in-the-club-interview.html","snippet":"This D.J. and producer\u2019s debut album, \u201cTears in the Club,\u201d is filled with dark tracks topped by vocals from Syd and SZA....","lead_paragraph":"This D.J. and producer\u2019s debut album, \u201cTears in the Club,\u201d is filled with dark tracks topped by vocals from Syd and SZA.","abstract":null,"blog":[],"source":"The New York Times","headline":{"main":"Kingdom Rises From the Underground With Off-Kilter R&B","print_headline":"Rising From the Underground With Off-Kilter R&amp;B"},"pub_date":"2017-02-22T21:51:28+0000","document_type":"article","news_desk":"Culture","section_name":"Arts","subsection_name":"Music","type_of_material":"News","_id":"58ae07e47c459f2525d1df4b"},{"web_url":"http:\/\/www.nytimes.com\/2016\/03\/17\/fashion\/nike-fashion-olympics.html","snippet":"The lines between fashion and athleticwear are increasingly blurring, and Nike is getting ready to be a major global player in both fields....","lead_paragraph":"The lines between fashion and athleticwear are increasingly blurring, and Nike is getting ready to be a major global player in both fields.","abstract":"Sportswear giant Nike has made inroads into fashion world in effort to expand its already formidable footprint as lines between athleticwear and fashion blur.","blog":[],"source":"The New York Times","headline":{"main":"At Nike, Extending the Track to the Runway","print_headline":"Game On"},"pub_date":"2016-03-17T00:00:00Z","document_type":"article","news_desk":"Styles","section_name":"Fashion & Style","subsection_name":null,"type_of_material":"News","_id":"56e9cb6738f0d805324400b4"}]