[{"web_url":"http:\/\/www.nytimes.com\/2010\/04\/07\/opinion\/l07bully.html","snippet":null,"lead_paragraph":null,"abstract":null,"blog":[],"source":"The New York Times","headline":{"main":"Mean Girls Aren\u2019t a Myth. They\u2019re All Too Real.","sub":"(4 Letters)","print_headline":"Mean Girls Aren&#8217;t a Myth. They&#8217;re All Too Real.","content_kicker":"Letters"},"pub_date":"2010-04-07T00:00:00Z","document_type":"article","news_desk":"Letters","section_name":"Opinion","subsection_name":null,"type_of_material":"Letter","_id":"5444cc3e38f0d82782d9c149"},{"web_url":"http:\/\/www.nytimes.com\/aponline\/2017\/02\/22\/world\/americas\/ap-lt-brazil-gangs-and-prisons-photo-gallery.html","snippet":"First, dominate overcrowded prisons. Then, control the streets and international drug routes....","lead_paragraph":"First, dominate overcrowded prisons. Then, control the streets and international drug routes.","abstract":null,"blog":[],"source":"AP","headline":{"main":"AP PHOTOS: Brazil's Crowded Prisons Feed Gangs, Violence","print_headline":"AP PHOTOS: Brazil's Crowded Prisons Feed Gangs, Violence"},"pub_date":"2017-02-22T15:09:52+0000","document_type":"article","news_desk":null,"section_name":"World","subsection_name":"Americas","type_of_material":"News","_id":"58ada9ca7c459f2525d1de0f"},{"web_url":"http:\/\/www.nytimes.com\/reuters\/2017\/02\/05\/us\/05reuters-new-york-jogger-murder.html","snippet":"New York authorities were preparing on Sunday to charge a man arrested over the weekend in last summer's killing and sexual assault of a 30-year-old female jogger on an isolated running path in the borough of Queens, officials said....","lead_paragraph":"New York authorities were preparing on Sunday to charge a man arrested over the weekend in last summer's killing and sexual assault of a 30-year-old female jogger on an isolated running path in the borough of Queens, officials said.","abstract":null,"blog":[],"source":"Reuters","headline":{"main":"New York Man to Face Murder Charge in Killing of Queens Jogger","print_headline":"New York Man to Face Murder Charge in Killing of Queens Jogger"},"pub_date":"2017-02-05T15:00:29+0000","document_type":"article","news_desk":null,"section_name":"U.S.","subsection_name":null,"type_of_material":"News","_id":"58973e137c459f2525d1a8ea"},{"web_url":"http:\/\/www.nytimes.com\/aponline\/2017\/01\/04\/world\/americas\/ap-lt-mexico-violence.html","snippet":"Attackers shot six vendors to death at an informal market Wednesday in the troubled Mexican resort city of Acapulco....","lead_paragraph":"Attackers shot six vendors to death at an informal market Wednesday in the troubled Mexican resort city of Acapulco.","abstract":null,"blog":[],"source":"AP","headline":{"main":"Gunmen Slay 6 Vendors at Pop-Up Market in Mexico's Acapulco","print_headline":"Gunmen Slay 6 Vendors at Pop-Up Market in Mexico's Acapulco"},"pub_date":"2017-01-04T23:54:47+0000","document_type":"article","news_desk":null,"section_name":"World","subsection_name":"Americas","type_of_material":"News","_id":"586d8b4e7c459f2525d14dee"},{"web_url":"http:\/\/www.nytimes.com\/2017\/02\/22\/world\/europe\/scotland-yard-commissioner-cressida-dick.html","snippet":"A onetime beat cop in London\u2019s West End, Ms. Dick, 56, was named the first female police commissioner in the force\u2019s 188-year-history....","lead_paragraph":"A onetime beat cop in London\u2019s West End, Ms. Dick, 56, was named the first female police commissioner in the force\u2019s 188-year-history.","abstract":null,"blog":[],"source":"The New York Times","headline":{"main":"Cressida Dick Will Be First Woman to Lead Scotland Yard","print_headline":"Woman Leads Scotland Yard for First Time"},"pub_date":"2017-02-22T21:48:47+0000","document_type":"article","news_desk":"Foreign","section_name":"World","subsection_name":"Europe","type_of_material":"News","_id":"58ae07487c459f2525d1df47"},{"web_url":"http:\/\/latitude.blogs.nytimes.com\/2012\/07\/03\/in-egypt-mob-violence-and-sexual-harassment-are-only-too-common\/","snippet":"Natasha Smith says that the group sexual assault she suffered on Tahrir Square hasn\u2019t dimmed her affection for Egypt. This is generosity to a fault....","lead_paragraph":null,"abstract":"Natasha Smith says that the group sexual assault she suffered on Tahrir Square hasn\u2019t dimmed her affection for Egypt. This is generosity to a fault.","blog":[],"source":"The New York Times","headline":{"main":"A History of Mob Violence","kicker":"Latitude"},"pub_date":"2012-07-03T07:37:33Z","document_type":"blogpost","news_desk":null,"section_name":"Opinion","subsection_name":null,"type_of_material":"Blog","_id":"50008c471c22dfde670af4c5"},{"web_url":"http:\/\/www.nytimes.com\/2014\/03\/16\/opinion\/sunday\/domestic-violence.html","snippet":"Readers react to Nicholas Kristof\u2019s call for more attention and resources to fight this \u201cscourge.\u201d...","lead_paragraph":"Readers react to Nicholas Kristof\u2019s call for more attention and resources to fight this \u201cscourge.\u201d","abstract":null,"blog":[],"source":"The New York Times","headline":{"main":"Domestic Violence","kicker":"Letters","print_headline":"Domestic Violence","content_kicker":"Letters"},"pub_date":"2014-03-16T00:00:00Z","document_type":"article","news_desk":"Letters","section_name":"Opinion","subsection_name":"Sunday Review","type_of_material":"Letter","_id":"53249c2c38f0d86e6417380e"},{"web_url":"http:\/\/www.nytimes.com\/2014\/12\/22\/opinion\/who-suffers-most-from-rape-and-sexual-assault-in-america.html","snippet":"Why do we pay so much attention to the sexual assault of college students?...","lead_paragraph":"Why do we pay so much attention to the sexual assault of college students?","abstract":"Op-Ed article by Callie Marie Rennison submits that women who do not attend college are more likely to be victims of sexual violence than those who do, with eight per 1,000 experiencing sexual violence as opposed to 6.1 per 1,000 for college students; contends that focus on rape at colleges and universities has distracted nation from victimization of those with fewer social and economic advantages; holds that society must do much more to support women in disadvantaged communities.","blog":[],"source":"The New York Times","headline":{"seo":"Who Suffers Most From Rape and Sexual Assault in America?","main":"Privilege, Among Rape Victims","kicker":"Op-Ed Contributor","print_headline":"Privilege, Among Rape Victims","content_kicker":"Op-Ed Contributor"},"pub_date":"2014-12-22T00:00:00Z","document_type":"article","news_desk":"OpEd","section_name":"Opinion","subsection_name":null,"type_of_material":"Op-Ed","_id":"54975d4638f0d82b2e2f3a25"},{"web_url":"http:\/\/www.nytimes.com\/2013\/03\/12\/opinion\/concerns-at-un-conference-on-violence-against-women.html","snippet":"At a United Nations conference, Iran, Russia and the Vatican are working to block global standards protecting women against violence....","lead_paragraph":"At a United Nations conference, Iran, Russia and the Vatican are working to block global standards protecting women against violence.","abstract":"Editorial criticizes Vatican, Iran and Russia for working to block global standards on protecting women against violence at conference of United Nations Commission on the Status of Women; contends that conference will be failure if it cannot produce ambitious global standards that will deliver concrete results to protect women and girls.","blog":[],"source":"The New York Times","headline":{"seo":"Concerns at U.N. Conference on Violence Against Women","main":"Unholy Alliance","kicker":"Editorial","print_headline":"Unholy Alliance","content_kicker":"Editorial"},"pub_date":"2013-03-12T00:00:00Z","document_type":"article","news_desk":"Editorial","section_name":"Opinion","subsection_name":null,"type_of_material":"Editorial","_id":"513e8008cf28d04ae000243c"},{"web_url":"http:\/\/www.nytimes.com\/2010\/06\/11\/us\/politics\/11gender.html","snippet":"The Justice Department advised federal prosecutors to use a law regardless of whether the victim or the defendant is a man or a woman....","lead_paragraph":"The Justice Department advised federal prosecutors to use a law regardless of whether the victim or the defendant is a man or a woman.","abstract":null,"blog":[],"source":"The New York Times","headline":{"main":"Gay Couples Gain Under Violence Against Women Act","print_headline":"Gay Couples Gain Under Violence Against Women Act"},"pub_date":"2010-06-11T00:00:00Z","document_type":"article","news_desk":"National","section_name":"U.S.","subsection_name":"Politics","type_of_material":"News","_id":"54175b7e38f0d851fd3a7d68"},{"web_url":"http:\/\/www.nytimes.com\/2010\/04\/02\/opinion\/02males.html","snippet":"Despite sensationalized news stories, statistical evidence suggests that young women are growing less violent \u2014 not more....","lead_paragraph":"Despite sensationalized news stories, statistical evidence suggests that young women are growing less violent \u2014 not more.","abstract":null,"blog":[],"source":"The New York Times","headline":{"main":"The Myth of Mean Girls","print_headline":"The Myth of Mean Girls","content_kicker":"Op-Ed Contributors"},"pub_date":"2010-04-02T00:00:00Z","document_type":"article","news_desk":"OpEd","section_name":"Opinion","subsection_name":null,"type_of_material":"Op-Ed","_id":"5444a4f338f0d82782d9bdf4"},{"web_url":"http:\/\/www.nytimes.com\/2011\/08\/20\/opinion\/in-mexico-and-us-more-women-behind-bars.html","snippet":"A reader responds to a recent article on the recent spike in Mexico\u2019s female prison population....","lead_paragraph":"A reader responds to a recent article on the recent spike in Mexico\u2019s female prison population.","abstract":null,"blog":[],"source":"The New York Times","headline":{"seo":"In Mexico and U.S., More Women Behind Bars","main":"More Women Behind Bars","kicker":"Letters","print_headline":"More Women Behind Bars","content_kicker":"Letters"},"pub_date":"2011-08-20T00:00:00Z","document_type":"article","news_desk":"Letters","section_name":"Opinion","subsection_name":null,"type_of_material":"Letter","_id":"54118a7c38f0d80f295229f8"},{"web_url":"http:\/\/rendezvous.blogs.nytimes.com\/2013\/04\/02\/a-global-mission-to-fight-sexual-violence-against-women\/","snippet":"Few people engaged in the battle to protect women can match the firsthand experience prosecuting domestic abuse and rape cases that Cindy Dyer of Vital Voices brings to the front lines....","lead_paragraph":null,"abstract":"Few people engaged in the battle to protect women can match the firsthand experience prosecuting domestic abuse and rape cases that Cindy Dyer of Vital Voices brings to the front lines.","blog":[],"source":"The New York Times","headline":{"main":"A Global Mission to Fight Sexual Violence Against Women","kicker":"IHT Rendezvous"},"pub_date":"2013-04-02T11:41:05Z","document_type":"blogpost","news_desk":null,"section_name":"World","subsection_name":null,"type_of_material":"Blog","_id":"515dbbf4cf28d0219d004f58"},{"web_url":"http:\/\/india.blogs.nytimes.com\/2013\/05\/02\/is-sexual-abuse-of-minors-worse-in-india-ink-readers-debate\/","snippet":"Readers react to the death of a 4-year-old rape victim from Madhya Pradesh....","lead_paragraph":null,"abstract":"Readers react to the death of a 4-year-old rape victim from Madhya Pradesh.","blog":[],"source":"The New York Times","headline":{"main":"Is Sexual Abuse of Minors Worse in India? Ink Readers Debate","kicker":"India Ink"},"pub_date":"2013-05-02T02:41:00Z","document_type":"blogpost","news_desk":null,"section_name":"World","subsection_name":"Asia Pacific","type_of_material":"Blog","_id":"51820adbcf28d05efe000284"},{"web_url":"http:\/\/www.nytimes.com\/2014\/05\/25\/travel\/women-alert-to-travels-darker-side.html","snippet":"Calculating the risk of violence against female travelers abroad....","lead_paragraph":"Calculating the risk of violence against female travelers abroad.","abstract":"Lauren Wolfe travel article discusses the risk of violence against female travelers abroad; news reports about recent high-profile cases have tripped an alarm for many women who venture beyond familiar destinations, some seeking the sort of solo, immersive travel experience that is becoming increasingly common.","blog":[],"source":"The New York Times","headline":{"main":"Women Alert to Travel\u2019s Darker Side","kicker":"Personal Journeys","print_headline":"Women Alert to Travel\u2019s Darker Side","content_kicker":"Personal Journeys"},"pub_date":"2014-05-25T00:00:00Z","document_type":"article","news_desk":"Travel","section_name":"Travel","subsection_name":null,"type_of_material":"News","_id":"537f75eb38f0d876e12a9f85"},{"web_url":"http:\/\/www.nytimes.com\/2013\/12\/11\/opinion\/in-afghanistan-women-betrayed.html","snippet":"Signs are everywhere that a rollback of women\u2019s rights has begun....","lead_paragraph":"Signs are everywhere that a rollback of women\u2019s rights has begun.","abstract":null,"blog":[],"source":"The New York Times","headline":{"main":"In Afghanistan, Women Betrayed","kicker":"Op-Ed Contributor","print_headline":"In Afghanistan, Women Betrayed","content_kicker":"Op-Ed Contributor"},"pub_date":"2013-12-11T00:00:00Z","document_type":"article","news_desk":"OpEd","section_name":"Opinion","subsection_name":null,"type_of_material":"Op-Ed","_id":"52a6f86138f0d85fb93fcf52"},{"web_url":"http:\/\/www.nytimes.com\/2013\/03\/24\/opinion\/sunday\/in-india-womens-issues-are-finally-out-front.html","snippet":"The rape and murder of a young woman in New Delhi last year may have been a tipping point in a long struggle....","lead_paragraph":"The rape and murder of a young woman in New Delhi last year may have been a tipping point in a long struggle.","abstract":"Editorial contends that uproar over rape and murder of young woman in New Delhi may have drawn great public anguish because it came to symbolize collected grievances of hundreds of thousands of women that have been building up for decades; expresses hope that reaction to woman's senseless death is sign of big changes to come for women's issues in India.","blog":[],"source":"The New York Times","headline":{"main":"In India, Women\u2019s Issues Are Finally Out Front","content_kicker":"Editorial Observer","kicker":"Editorial | Sunday Observer","print_headline":"In India, Women\u2019s Issues Are Finally Out Front"},"pub_date":"2013-03-24T00:00:00Z","document_type":"article","news_desk":"Editorial","section_name":"Opinion","subsection_name":"Sunday Review","type_of_material":"Editorial","_id":"514de635fdc5926e77001e4e"},{"web_url":"http:\/\/www.nytimes.com\/2011\/04\/13\/world\/asia\/13iht-letter13.html","snippet":"An imbalance in the ratio of girls to boys shows that the aborting of female fetuses has increased as medical technology has made it easier to detect the sex of an unborn child....","lead_paragraph":"An imbalance in the ratio of girls to boys shows that the aborting of female fetuses has increased as medical technology has made it easier to detect the sex of an unborn child.","abstract":null,"blog":[],"source":"International Herald Tribune","headline":{"main":"A Campaign Against Girls in India","print_headline":"A Campaign Against Girls in India","content_kicker":"The Female Factor"},"pub_date":"2011-04-13T13:30:00Z","document_type":"article","news_desk":"Foreign","section_name":"World","subsection_name":"Asia Pacific","type_of_material":"News","_id":"5410002738f0d87641c686f0"},{"web_url":"http:\/\/www.nytimes.com\/2010\/02\/28\/arts\/28bishop.html","snippet":"The Amy Bishop case frames the role of women in bloodshed in a way that is new to our culture....","lead_paragraph":"The Amy Bishop case frames the role of women in bloodshed in a way that is new to our culture.","abstract":null,"blog":[],"source":"The New York Times","headline":{"seo":"The Amy Bishop Case: Violence That Art Didn\u2019t See Coming","main":"Violence That Art Didn\u2019t See Coming","print_headline":"Violence That Art Didn\u2019t See Coming"},"pub_date":"2010-02-28T00:00:00Z","document_type":"article","news_desk":"Arts&Leisure","section_name":"Arts","subsection_name":null,"type_of_material":"News","_id":"5443327938f0d8246e88cdd7"},{"web_url":"http:\/\/www.nytimes.com\/2017\/02\/09\/movies\/blaxploitation-movies-streaming-on-brown-sugar.html","snippet":"A new service, Brown Sugar, offers some lurid films and some landmarks in its collection....","lead_paragraph":"A new service, Brown Sugar, offers some lurid films and some landmarks in its collection.","abstract":null,"blog":[],"source":"The New York Times","headline":{"main":"Blaxploitation Movies Are Ready to Stream, Nostalgia Included","content_kicker":"Streaming","print_headline":"Delivering Blaxploitation, and Nostalgia"},"pub_date":"2017-02-09T22:30:09+0000","document_type":"article","news_desk":"Arts&Leisure","section_name":"Movies","subsection_name":null,"type_of_material":"News","_id":"589ced797c459f2525d1b6af"}]