[{"web_url":"http:\/\/www.nytimes.com\/reuters\/2017\/02\/19\/world\/americas\/19reuters-ecuador-election-transgender.html","snippet":"Ecuadorean transgender people on Sunday voted for the first time according to their chosen gender, in what activists say are signs of progress in the socially conservative and Catholic Andean nation....","lead_paragraph":"Ecuadorean transgender people on Sunday voted for the first time according to their chosen gender, in what activists say are signs of progress in the socially conservative and Catholic Andean nation.","abstract":null,"blog":[],"source":"Reuters","headline":{"main":"Ecuador Transgender People Vote for First Time According to Chosen Gender","print_headline":"Ecuador Transgender People Vote for First Time According to Chosen Gender"},"pub_date":"2017-02-19T18:24:29+0000","document_type":"article","news_desk":null,"section_name":"World","subsection_name":"Americas","type_of_material":"News","_id":"58a9e2e27c459f2525d1d640"},{"web_url":"http:\/\/www.nytimes.com\/aponline\/2017\/01\/26\/us\/ap-us-gender-state-ids.html","snippet":"Democratic lawmakers on Thursday introduced a bill supporters say would make California the first state to add a third gender option on state identifying documents....","lead_paragraph":"Democratic lawmakers on Thursday introduced a bill supporters say would make California the first state to add a third gender option on state identifying documents.","abstract":null,"blog":[],"source":"AP","headline":{"main":"California Lawmakers Want Third-Gender Option on IDs","print_headline":"California Lawmakers Want Third-Gender Option on IDs"},"pub_date":"2017-01-26T22:37:04+0000","document_type":"article","news_desk":null,"section_name":"U.S.","subsection_name":null,"type_of_material":"News","_id":"588a7a157c459f2525d18e27"},{"web_url":"http:\/\/www.nytimes.com\/reuters\/2017\/02\/24\/sports\/24reuters-texas-lgbt-wrestler.html","snippet":"High school athlete Mack Beggs and many of his opponents want him to wrestle against boys, but the transgender boy on Friday wrestled in a Texas championship for girls because of state sport regulations on gender....","lead_paragraph":"High school athlete Mack Beggs and many of his opponents want him to wrestle against boys, but the transgender boy on Friday wrestled in a Texas championship for girls because of state sport regulations on gender.","abstract":null,"blog":[],"source":"Reuters","headline":{"main":"Teenage Wrestler Takes Transgender Rights to the Mat in Texas Championship","print_headline":"Teenage Wrestler Takes Transgender Rights to the Mat in Texas Championship"},"pub_date":"2017-02-24T21:24:28+0000","document_type":"article","news_desk":null,"section_name":"Sports","subsection_name":null,"type_of_material":"News","_id":"58b0a4927c459f2525d1e68b"},{"web_url":"http:\/\/www.nytimes.com\/aponline\/2017\/02\/02\/world\/asia\/ap-as-india-transgender-model.html","snippet":"It was her big moment. Anjali Lama sashayed down the catwalk in the swanky Mumbai auditorium. A fitted, cream dress highlighted her tall, slender frame. Her pulled-back hair showed off her high cheekbones....","lead_paragraph":"It was her big moment. Anjali Lama sashayed down the catwalk in the swanky Mumbai auditorium. A fitted, cream dress highlighted her tall, slender frame. Her pulled-back hair showed off her high cheekbones.","abstract":null,"blog":[],"source":"AP","headline":{"main":"Transgender Nepali Has Her Big Moment on Indian Catwalk","print_headline":"Transgender Nepali Has Her Big Moment on Indian Catwalk"},"pub_date":"2017-02-03T00:33:55+0000","document_type":"article","news_desk":null,"section_name":"World","subsection_name":"Asia Pacific","type_of_material":"News","_id":"5893cff97c459f2525d1a315"},{"web_url":"http:\/\/www.nytimes.com\/aponline\/2017\/02\/03\/us\/ap-bko-fiba-headgear-ban.html","snippet":"The international group that governs basketball is close to eliminating a longstanding ban on religious headgear in competition, clearing the way for athletes to wear hijabs, turbans and yarmulkes in international competitions....","lead_paragraph":"The international group that governs basketball is close to eliminating a longstanding ban on religious headgear in competition, clearing the way for athletes to wear hijabs, turbans and yarmulkes in international competitions.","abstract":null,"blog":[],"source":"AP","headline":{"main":"Basketball Inches Closer to Ending Ban on Religious Headgear","print_headline":"Basketball Inches Closer to Ending Ban on Religious Headgear"},"pub_date":"2017-02-03T07:39:39+0000","document_type":"article","news_desk":null,"section_name":"U.S.","subsection_name":null,"type_of_material":"News","_id":"589433c27c459f2525d1a3d8"},{"web_url":"http:\/\/www.nytimes.com\/aponline\/2017\/01\/17\/world\/asia\/ap-as-japan-us-kennedy.html","snippet":"Caroline Kennedy is stepping down Wednesday after three years as U.S. ambassador to Japan, where she was welcomed like a celebrity and worked to deepen the U.S.-Japan relationship despite regular flare-ups over American military bases on the south...","lead_paragraph":"Caroline Kennedy is stepping down Wednesday after three years as U.S. ambassador to Japan, where she was welcomed like a celebrity and worked to deepen the U.S.-Japan relationship despite regular flare-ups over American military bases on the southern island of Okinawa.","abstract":null,"blog":[],"source":"AP","headline":{"main":"Caroline Kennedy Leaves Japan After 3 Years as US Ambassador","print_headline":"Caroline Kennedy Leaves Japan After 3 Years as US Ambassador"},"pub_date":"2017-01-18T00:48:47+0000","document_type":"article","news_desk":null,"section_name":"World","subsection_name":"Asia Pacific","type_of_material":"News","_id":"587ebb767c459f2525d1718f"},{"web_url":"http:\/\/www.nytimes.com\/aponline\/2017\/01\/18\/world\/asia\/ap-as-japan-us-kennedy.html","snippet":"Caroline Kennedy stepped down Wednesday after three years as U.S. ambassador to Japan, where she was welcomed like a celebrity and worked to deepen the U.S.-Japan relationship despite regular flare-ups over American military bases on the southern ...","lead_paragraph":"Caroline Kennedy stepped down Wednesday after three years as U.S. ambassador to Japan, where she was welcomed like a celebrity and worked to deepen the U.S.-Japan relationship despite regular flare-ups over American military bases on the southern island of Okinawa.","abstract":null,"blog":[],"source":"AP","headline":{"main":"Caroline Kennedy Boosted US-Japan Ties as US Ambassador","print_headline":"Caroline Kennedy Boosted US-Japan Ties as US Ambassador"},"pub_date":"2017-01-18T07:09:34+0000","document_type":"article","news_desk":null,"section_name":"World","subsection_name":"Asia Pacific","type_of_material":"News","_id":"587f14b27c459f2525d17229"},{"web_url":"http:\/\/www.nytimes.com\/reuters\/2015\/02\/24\/world\/asia\/24reuters-asia-lgbt-families.html","snippet":"Some of those most guilty of violence and discrimination against gays, lesbians and transgender people in Asia are their families, which must instead play a key role in improving LGBTI rights, activists from the region said....","lead_paragraph":"Some of those most guilty of violence and discrimination against gays, lesbians and transgender people in Asia are their families, which must instead play a key role in improving LGBTI rights, activists from the region said.","abstract":null,"blog":[],"source":"Reuters","headline":{"main":"Families Must End LGBTI Violence and Improve Rights in Asia","print_headline":"Families Must End LGBTI Violence and Improve Rights in Asia"},"pub_date":"2015-02-24T11:05:01Z","document_type":"article","news_desk":"None","section_name":"World","subsection_name":"Asia Pacific","type_of_material":"News","_id":"54eca1bf38f0d87adf6b3f4c"},{"web_url":"http:\/\/www.nytimes.com\/reuters\/2016\/11\/15\/world\/asia\/15reuters-myanmar-gay.html","snippet":"When police in Myanmar's biggest city Yangon arrested Chew Su Khin, a young transgender woman, for the third time in a year, they removed her hair extensions and set them on fire, stripped her naked and took pictures for their amusement....","lead_paragraph":"When police in Myanmar's biggest city Yangon arrested Chew Su Khin, a young transgender woman, for the third time in a year, they removed her hair extensions and set them on fire, stripped her naked and took pictures for their amusement.","abstract":null,"blog":[],"source":"Reuters","headline":{"main":"Myanmar's Abused, Intimidated LGBT People Long for Acceptance in New Era","print_headline":"Myanmar's Abused, Intimidated LGBT People Long for Acceptance in New Era"},"pub_date":"2016-11-16T00:15:29Z","document_type":"article","news_desk":null,"section_name":"World","subsection_name":"Asia Pacific","type_of_material":"News","_id":"582ba52c7c459f6a5fcce336"},{"web_url":"http:\/\/www.nytimes.com\/reuters\/2017\/01\/17\/world\/asia\/17reuters-thailand-lgbt.html","snippet":"Thai transgender activist Nada Chaiyajit completed her undergraduate studies in August, and two months later, school officials told her 12 classmates - all men - that their graduation certificates were ready....","lead_paragraph":"Thai transgender activist Nada Chaiyajit completed her undergraduate studies in August, and two months later, school officials told her 12 classmates - all men - that their graduation certificates were ready.","abstract":null,"blog":[],"source":"Reuters","headline":{"main":"In LGBT 'Paradise', Thai Transgender Activist Breaks Barriers to Education","print_headline":"In LGBT 'Paradise', Thai Transgender Activist Breaks Barriers to Education"},"pub_date":"2017-01-18T01:27:28+0000","document_type":"article","news_desk":null,"section_name":"World","subsection_name":"Asia Pacific","type_of_material":"News","_id":"587ec4867c459f2525d1719c"},{"web_url":"http:\/\/www.nytimes.com\/aponline\/2016\/11\/30\/us\/ap-us-discrimination-lawsuit-lesbian.html","snippet":"A rare full-court session of a U.S. appeals court in Chicago heard arguments Wednesday on whether protections under a 1964 Civil Rights Act should be expanded to cover workplace discrimination against LGBT employees, as hopes dim among some gay ri...","lead_paragraph":"A rare full-court session of a U.S. appeals court in Chicago heard arguments Wednesday on whether protections under a 1964 Civil Rights Act should be expanded to cover workplace discrimination against LGBT employees, as hopes dim among some gay rights activists that the question will be resolved in their favor following Republican election victories.","abstract":null,"blog":[],"source":"AP","headline":{"main":"Federal Court Weighs Key Decision on LGBT-Workplace Bias","print_headline":"Federal Court Weighs Key Decision on LGBT-Workplace Bias"},"pub_date":"2016-11-30T12:48:37+0000","document_type":"article","news_desk":null,"section_name":"U.S.","subsection_name":null,"type_of_material":"News","_id":"583ecab07c459f2525d0f128"},{"web_url":"http:\/\/www.nytimes.com\/reuters\/2015\/01\/07\/world\/asia\/07reuters-nepal-lgbt-passports.html","snippet":"Nepal will issue passports to sexual minorities, adding a third gender category, an official said on Wednesday in a sign of the conservative Hindu-majority country becoming more liberal since the end of a decade-long civil war....","lead_paragraph":"Nepal will issue passports to sexual minorities, adding a third gender category, an official said on Wednesday in a sign of the conservative Hindu-majority country becoming more liberal since the end of a decade-long civil war.","abstract":null,"blog":[],"source":"Reuters","headline":{"main":"Nepal&#160;to&#160;issue Passports With Third Gender for Sexual Minorities","print_headline":"Nepal&#160;to&#160;issue Passports With Third Gender for Sexual Minorities"},"pub_date":"2015-01-07T04:37:38Z","document_type":"article","news_desk":"None","section_name":"World","subsection_name":"Asia Pacific","type_of_material":"News","_id":"54acfec438f0d8699a4c5e61"},{"web_url":"http:\/\/www.nytimes.com\/reuters\/2016\/12\/22\/world\/americas\/22reuters-global-news-2016.html","snippet":"As 2016 draws to a close with news dominated by bloodshed, disasters and disease from the Middle East to Africa and Latin America, it may seem there wasn't much to be happy about this year....","lead_paragraph":"As 2016 draws to a close with news dominated by bloodshed, disasters and disease from the Middle East to Africa and Latin America, it may seem there wasn't much to be happy about this year.","abstract":null,"blog":[],"source":"Reuters","headline":{"main":"Five Good News Stories You Might Have Missed in 2016","print_headline":"Five Good News Stories You Might Have Missed in 2016"},"pub_date":"2016-12-23T00:30:28+0000","document_type":"article","news_desk":null,"section_name":"World","subsection_name":"Americas","type_of_material":"News","_id":"585c702e7c459f2525d1350f"},{"web_url":"http:\/\/thelede.blogs.nytimes.com\/2014\/02\/07\/as-olympics-open-social-media-is-a-prism-for-protests-against-russias-ant-gay-law\/","snippet":"Protests against Russia\u2019s discriminatory policies toward lesbian, gay, bisexual and transgender people are taking many forms, including corporate statements, music videos and messages on Twitter....","lead_paragraph":null,"abstract":"Protests against Russia\u2019s discriminatory policies toward lesbian, gay, bisexual and transgender people are taking many forms, including corporate statements, music videos and messages on Twitter.","blog":[],"source":"The New York Times","headline":{"main":"As Olympics Open, Social Media Is a Prism for Protests Against Russia's Anti-Gay Law","kicker":"The Lede"},"pub_date":"2014-02-07T17:14:46Z","document_type":"blogpost","news_desk":null,"section_name":null,"subsection_name":null,"type_of_material":"Blog","_id":"52f55b8938f0d823a37dd679"},{"web_url":"http:\/\/www.nytimes.com\/aponline\/2016\/12\/20\/us\/ap-us-lgbt-rights-north-carolina-news-guide.html","snippet":"North Carolina lawmakers will hold a special session Wednesday to consider the repeal of a law passed earlier this year that limits protections for LGBT people....","lead_paragraph":"North Carolina lawmakers will hold a special session Wednesday to consider the repeal of a law passed earlier this year that limits protections for LGBT people.","abstract":null,"blog":[],"source":"AP","headline":{"main":"What North Carolina's Wide-Ranging 'Bathroom Bill' Covers","print_headline":"What North Carolina's Wide-Ranging 'Bathroom Bill' Covers"},"pub_date":"2016-12-20T19:18:47+0000","document_type":"article","news_desk":null,"section_name":"U.S.","subsection_name":null,"type_of_material":"News","_id":"585984357c459f2525d12de3"},{"web_url":"http:\/\/www.nytimes.com\/aponline\/2016\/12\/21\/us\/ap-us-lgbt-rights-north-carolina-news-guide.html","snippet":"North Carolina lawmakers have failed to follow through on a deal to repeal a law passed earlier this year that limits protections for LGBT people....","lead_paragraph":"North Carolina lawmakers have failed to follow through on a deal to repeal a law passed earlier this year that limits protections for LGBT people.","abstract":null,"blog":[],"source":"AP","headline":{"main":"What North Carolina's Wide-Ranging 'Bathroom Bill' Covers","print_headline":"What North Carolina's Wide-Ranging 'Bathroom Bill' Covers"},"pub_date":"2016-12-21T08:48:41+0000","document_type":"article","news_desk":null,"section_name":"U.S.","subsection_name":null,"type_of_material":"News","_id":"585a41f47c459f2525d12f7a"},{"web_url":"http:\/\/www.nytimes.com\/2014\/12\/28\/movies\/in-hollywood-its-a-mens-mens-mens-world.html","snippet":"Even though women hold power positions throughout the industry, only a handful of movies directed by women have been released by the major Hollywood studios this year....","lead_paragraph":"Even though women hold power positions throughout the industry, only a handful of movies directed by women have been released by the major Hollywood studios this year.","abstract":"Warner Bros has hired Michelle MacLaren to direct its Wonder Woman movie, becoming first studio to tap female director for major superhero project; news offers further evidence that female directors are inching closer to closing gender gap, but big disparities remain, particularly in Hollywood and in action genre (Series: The Director Gap).","blog":[],"source":"The New York Times","headline":{"main":"In Hollywood, It\u2019s a Men\u2019s, Men\u2019s, Men\u2019s World","content_kicker":"The Director Gap","print_headline":"It\u2019s a Men\u2019s, Men\u2019s, Men\u2019s World"},"pub_date":"2014-12-28T00:00:00Z","document_type":"article","news_desk":"Arts&Leisure","section_name":"Movies","subsection_name":null,"type_of_material":"News","_id":"549aed1438f0d879a541872e"},{"web_url":"http:\/\/www.nytimes.com\/reuters\/2016\/01\/21\/world\/asia\/21reuters-india-lgbt-cabs.html","snippet":"Mumbai's lesbian, gay, bisexual and transgender citizens will soon be able to drive private taxis in the city, in a sign of the increasing acceptance of the marginalised community in India's commercial capital....","lead_paragraph":"Mumbai's lesbian, gay, bisexual and transgender citizens will soon be able to drive private taxis in the city, in a sign of the increasing acceptance of the marginalised community in India's commercial capital.","abstract":null,"blog":[],"source":"Reuters","headline":{"main":"LGBT Indians to Drive Taxis in Mumbai, Sign of Social Acceptance","print_headline":"LGBT Indians to Drive Taxis in Mumbai, Sign of Social Acceptance"},"pub_date":"2016-01-21T07:14:17Z","document_type":"article","news_desk":"None","section_name":"World","subsection_name":"Asia Pacific","type_of_material":"News","_id":"56a0cbf138f0d80627b20d40"},{"web_url":"http:\/\/www.nytimes.com\/aponline\/2015\/08\/05\/us\/ap-us-film-inequality-study.html","snippet":"Women had less than a third of speaking parts in the most popular films from 2007 to 2014, according to a new study that gives further evidence of persistent inequality in Hollywood, on-screen and off....","lead_paragraph":"Women had less than a third of speaking parts in the most popular films from 2007 to 2014, according to a new study that gives further evidence of persistent inequality in Hollywood, on-screen and off.","abstract":null,"blog":[],"source":"AP","headline":{"main":"Study Throws Harsh Light on Inequality in Popular Movies","print_headline":"Study Throws Harsh Light on Inequality in Popular Movies"},"pub_date":"2015-08-05T12:29:45Z","document_type":"article","news_desk":"None","section_name":"U.S.","subsection_name":null,"type_of_material":"News","_id":"55c23a7538f0d81c4b04399e"},{"web_url":"http:\/\/www.nytimes.com\/aponline\/2016\/05\/10\/us\/ap-us-pepper-spray-schools.html","snippet":"A North Carolina school system has adopted a policy allowing high school students to carry pepper spray this fall, a policy one board member said may be useful for students who encounter transgender classmates in the bathroom....","lead_paragraph":"A North Carolina school system has adopted a policy allowing high school students to carry pepper spray this fall, a policy one board member said may be useful for students who encounter transgender classmates in the bathroom.","abstract":null,"blog":[],"source":"AP","headline":{"main":"North Carolina School System to Allow Pepper Spray","print_headline":"North Carolina School System to Allow Pepper Spray"},"pub_date":"2016-05-10T18:22:07Z","document_type":"article","news_desk":"None","section_name":"U.S.","subsection_name":null,"type_of_material":"News","_id":"57325fc438f0d83b1f371435"}]