[{"web_url":"http:\/\/thecaucus.blogs.nytimes.com\/2013\/05\/31\/scramble-for-female-votes-in-mass-senate-race\/","snippet":"Representative Edward Markey is aggressively courting women voters with the help of Carole King and others as he tries to tip the balance in the Massachusetts Senate race in his favor....","lead_paragraph":null,"abstract":"Representative Edward Markey is aggressively courting women voters with the help of Carole King and others as he tries to tip the balance in the Massachusetts Senate race in his favor.","blog":[],"source":"The New York Times","headline":{"main":"Scramble for Female Votes in Mass. Senate Race","kicker":"The Caucus"},"pub_date":"2013-05-31T23:38:44Z","document_type":"blogpost","news_desk":null,"section_name":"U.S.","subsection_name":"Politics","type_of_material":"Blog","_id":"51a96dbe40e9ec65d203aa7b"},{"web_url":"http:\/\/www.nytimes.com\/2010\/10\/14\/nyregion\/14mcmahon.html","snippet":"Linda E. McMahon faces a gender gap in her Senate campaign in Connecticut....","lead_paragraph":"Linda E. McMahon faces a gender gap in her Senate campaign in Connecticut.","abstract":null,"blog":[],"source":"The New York Times","headline":{"seo":"Linda McMahon\u2019s Trouble With Female Voters in Connecticut","main":"Female Candidate Finds Tough Audience: Women","print_headline":"A Senate Candidate\u2019s Hurdle: Drawing Women to Her Side"},"pub_date":"2010-10-14T00:00:00Z","document_type":"article","news_desk":"Metro","section_name":"N.Y. \/ Region","subsection_name":null,"type_of_material":"News","_id":"541ba57238f0d8296cb0fe61"},{"web_url":"http:\/\/www.nytimes.com\/aponline\/2016\/05\/05\/us\/politics\/ap-us-senate-2016-women-glance.html","snippet":"Democrats will have female Senate candidates on the ballot in nine states in November, a near-record. A look at the candidates and matchups:...","lead_paragraph":"Democrats will have female Senate candidates on the ballot in nine states in November, a near-record. A look at the candidates and matchups:","abstract":null,"blog":[],"source":"AP","headline":{"main":"Senate Matchups With Female Democratic Candidates","print_headline":"Senate Matchups With Female Democratic Candidates"},"pub_date":"2016-05-05T07:32:47Z","document_type":"article","news_desk":"None","section_name":"U.S.","subsection_name":"Politics","type_of_material":"News","_id":"572b304c38f0d81d0f191f75"},{"web_url":"http:\/\/query.nytimes.com\/gst\/abstract.html?res=9C00E5DC123BE23BBC4C53DFB5668389649EDE","snippet":"ALBANY, March 3 -- A bill permitting the State Correction Department to transfer female prisoners described as \"dull normal and borderline\" intelligence case from Westfield State Farm at Bedford Hills to the Albion State Training School has been a...","lead_paragraph":"ALBANY, March 3 -- A bill permitting the State Correction Department to transfer female prisoners described as \"dull normal and borderline\" intelligence case from Westfield State Farm at Bedford Hills to the Albion State Training School has been approved by the Senate and is awaiting action in an Assembly committee.","abstract":"NYS Correction Dept bill to transfer borderline and dull normal intelligence cases from Westfield State Farm approved, Sen","blog":[],"source":"The New York Times","headline":{"main":"SENATE FAVORS SHIFT OF FEMALE PRISONERS"},"pub_date":"1952-03-04T00:00:00Z","document_type":"article","news_desk":null,"section_name":null,"subsection_name":null,"type_of_material":"Article","_id":"4fc399dd45c1498b0d78515f"},{"web_url":"http:\/\/www.nytimes.com\/aponline\/2014\/01\/22\/us\/politics\/ap-us-senate-female-solidarity.html","snippet":"Rep. Shelley Moore Capito's responsibilities are familiar to many women: plan her daughter's May wedding, look out for her elderly parents and concentrate on her day job. The Republican congresswoman from West Virginia is also running for the U.S....","lead_paragraph":"Rep. Shelley Moore Capito's responsibilities are familiar to many women: plan her daughter's May wedding, look out for her elderly parents and concentrate on her day job. The Republican congresswoman from West Virginia is also running for the U.S. Senate.","abstract":null,"blog":[],"source":"AP","headline":{"main":"In Solidarity, Senate Women Help Female Candidates","print_headline":"In Solidarity, Senate Women Help Female Candidates"},"pub_date":"2014-01-22T15:21:31Z","document_type":"article","news_desk":null,"section_name":"U.S.","subsection_name":"Politics","type_of_material":"News","_id":"52e028f738f0d87ee8852794"},{"web_url":"http:\/\/query.nytimes.com\/gst\/abstract.html?res=9F0CE6DD1E38E732A25753C2A9639C946890D6CF","snippet":"WASHINGTON, May 19 (UPI)--The Senate has liberated its six female pages, and more of them may be hired as a result....","lead_paragraph":"WASHINGTON, May 19 (UPI)--The Senate has liberated its six female pages, and more of them may be hired as a result.","abstract":null,"blog":[],"source":"The New York Times","headline":{"main":"Senate Drops Liability For Its 6 Female Pages","kicker":"1"},"pub_date":"1979-05-20T00:00:00Z","document_type":"article","news_desk":null,"section_name":null,"subsection_name":null,"type_of_material":"Article","_id":"4fc4a7bc45c1498b0dac2040"},{"web_url":"http:\/\/www.nytimes.com\/aponline\/2016\/04\/29\/us\/politics\/ap-us-congress-generals-confirmed.html","snippet":"The Senate has confirmed an Air Force general to be the first female officer to lead one of the military's warfighting commands....","lead_paragraph":"The Senate has confirmed an Air Force general to be the first female officer to lead one of the military's warfighting commands.","abstract":null,"blog":[],"source":"AP","headline":{"main":"Senate Confirms First Female Officer for Warfighting Command","print_headline":"Senate Confirms First Female Officer for Warfighting Command"},"pub_date":"2016-04-29T13:41:59Z","document_type":"article","news_desk":"None","section_name":"U.S.","subsection_name":"Politics","type_of_material":"News","_id":"57239dee38f0d83e7bbb5522"},{"web_url":"http:\/\/www.nytimes.com\/2017\/02\/08\/opinion\/elizabeth-warren-was-told-to-be-quiet-women-can-relate.html","snippet":"Being silenced, or being one of the few women in the room, can be both inhibiting and enraging....","lead_paragraph":"Being silenced, or being one of the few women in the room, can be both inhibiting and enraging.","abstract":null,"blog":[],"source":"The New York Times","headline":{"main":"Elizabeth Warren Was Told to Be Quiet. Women Can Relate.","content_kicker":"Dispatch","kicker":"Dispatch"},"pub_date":"2017-02-08T22:13:24+0000","document_type":"article","news_desk":"OpEd","section_name":"Opinion","subsection_name":null,"type_of_material":"Op-Ed","_id":"589b980c7c459f2525d1b2d0"},{"web_url":"http:\/\/www.nytimes.com\/aponline\/2015\/11\/30\/us\/politics\/ap-us-dem-2016-clinton-senate.html","snippet":"Linking arms in a Capitol Hill ballroom, Hillary Clinton received a public embrace Monday from 13 female Democratic senators who praised her as a trailblazing leader ready to be president. But there was one noticeable absence: Massachusetts Sen. E...","lead_paragraph":"Linking arms in a Capitol Hill ballroom, Hillary Clinton received a public embrace Monday from 13 female Democratic senators who praised her as a trailblazing leader ready to be president. But there was one noticeable absence: Massachusetts Sen. Elizabeth Warren.","abstract":null,"blog":[],"source":"AP","headline":{"main":"Clinton Rallies With Female Senate Democrats _ Except Warren","print_headline":"Clinton Rallies With Female Senate Democrats _ Except Warren"},"pub_date":"2015-11-30T20:27:27Z","document_type":"article","news_desk":"None","section_name":"U.S.","subsection_name":"Politics","type_of_material":"News","_id":"565cf85438f0d83cebcef309"},{"web_url":"http:\/\/www.nytimes.com\/aponline\/2014\/07\/17\/us\/politics\/ap-us-senate-women-voters.html","snippet":"Democratic and Republican Senators are pouring significant time and energy into pursuing female voters, a coveted prize in the Nov. 4 elections....","lead_paragraph":"Democratic and Republican Senators are pouring significant time and energy into pursuing female voters, a coveted prize in the Nov. 4 elections.","abstract":null,"blog":[],"source":"AP","headline":{"main":"Senate Dems, GOP Woo Female Voters for This Fall","print_headline":"Senate Dems, GOP Woo Female Voters for This Fall"},"pub_date":"2014-07-17T03:20:01Z","document_type":"article","news_desk":null,"section_name":"U.S.","subsection_name":"Politics","type_of_material":"News","_id":"53c779a538f0d858f3e38b3e"},{"web_url":"http:\/\/www.nytimes.com\/2012\/10\/06\/nyregion\/for-linda-mcmahon-a-fight-for-female-votes-in-connecticut-senate-race.html","snippet":"Linda E. McMahon, a Republican making her second bid for a Senate seat in Connecticut, has put a great deal of time, energy and money into softening her image among female voters....","lead_paragraph":"Linda E. McMahon, a Republican making her second bid for a Senate seat in Connecticut, has put a great deal of time, energy and money into softening her image among female voters.","abstract":"Linda E McMahon, Republican making her second bid for Senate in Connecticut, has put a great deal of time, energy and money into softening her image among female voters, group that opposed her by a margin of 19 percent in 2010; polls show McMahon in a dead heat with her opponent, Rep Christopher S Murphy, who continues to lead by about six points among women voters.","blog":[],"source":"The New York Times","headline":{"seo":"In Connecticut Senate Race, McMahon Fights for Female Votes","main":"For Woman in Senate Race, Uphill Fight for Female Votes","print_headline":"For Woman in Senate Race, Uphill Fight for Female Votes"},"pub_date":"2012-10-06T00:00:00Z","document_type":"article","news_desk":"Metro","section_name":"N.Y. \/ Region","subsection_name":null,"type_of_material":"News","_id":"507c4f8595e998af7118672f"},{"web_url":"http:\/\/www.nytimes.com\/interactive\/2013\/03\/22\/us\/politics\/women-in-the-senate.html","snippet":"Only 44 women have served in the history of the Senate, and many of them had very brief terms....","lead_paragraph":"Only 44 women have served in the history of the Senate, and many of them had very brief terms.","abstract":null,"blog":[],"source":"The New York Times","headline":{"main":"Women in the Senate"},"pub_date":"2013-03-22T00:00:00Z","document_type":"multimedia","news_desk":"U.S. \/ Politics","section_name":"U.S.","subsection_name":"Politics","type_of_material":"Interactive Feature","_id":"514bc7b1fdc5926e77001929"},{"web_url":"http:\/\/query.nytimes.com\/gst\/abstract.html?res=9E07E0D9153DE633A25750C2A9649C94689ED7CF","snippet":"ALBANY, Feb. 22. -- This afternoon there was a gathering in the Senate chamber of women who participated in the joint hearing given by the Judiciary Committees of both Houses on the measures that have been introduced in the Legislature extending t...","lead_paragraph":"ALBANY, Feb. 22. -- This afternoon there was a gathering in the Senate chamber of women who participated in the joint hearing given by the Judiciary Committees of both Houses on the measures that have been introduced in the Legislature extending the right of suffrage to women.","abstract":"Woman Suffrage; Joint Committee Hearing","blog":[],"source":"The New York Times","headline":{"main":"FEMALE SUFFRAGE HEARING.; Joint Committee Session Held in the Senate Chamber -- Women Argue on Both Sides."},"pub_date":"1899-02-23T00:00:00Z","document_type":"article","news_desk":null,"section_name":null,"subsection_name":null,"type_of_material":"Article","_id":"4fc03caa45c1498b0d1ee17a"},{"web_url":"http:\/\/www.nytimes.com\/2016\/12\/22\/opinion\/the-senate-bathroom-angle.html","snippet":"We are sorely in need of some cheerful news out of Washington, so I\u2019m going to tell you Barbara Mikulski\u2019s story....","lead_paragraph":"We are sorely in need of some cheerful news out of Washington, so I\u2019m going to tell you Barbara Mikulski\u2019s story.","abstract":"Gail Collins Op-Ed column recounts longtime Congresswoman Barbara Mikulski's fight to win adequate bathroom facilities on Capitol Hill for female lawmakers; notes Mikulski is retiring after 30 years in Senate and 10 years in House.","blog":[],"source":"The New York Times","headline":{"main":"The Senate Bathroom Angle","content_kicker":"Op-Ed Columnist","kicker":"Op-Ed Columnist","print_headline":"The Senate Bathroom Angle"},"pub_date":"2016-12-22T08:21:19+0000","document_type":"article","news_desk":"OpEd","section_name":"Opinion","subsection_name":null,"type_of_material":"Op-Ed","_id":"585b8d097c459f2525d132a9"},{"web_url":"http:\/\/query.nytimes.com\/gst\/abstract.html?res=9E03E4DA103EE333A05754C2A96E9C946792D6CF","snippet":"OCEAN CITY, Md., Aug. 26 (AP)--Mrs. Millard E. Tydings announced today she would ask the state's Democrats to name her to the Senatorial nomination relinquished by her husband one week ago....","lead_paragraph":"OCEAN CITY, Md., Aug. 26 (AP)--Mrs. Millard E. Tydings announced today she would ask the state's Democrats to name her to the Senatorial nomination relinquished by her husband one week ago.","abstract":"Illus","blog":[],"source":"The New York Times","headline":{"main":"MRS. TYDINGS BIDS FOR SENATE SEAT; Wife of Former Maryland Legislator Decides to Seek Democratic Nomination Female Prerogative"},"pub_date":"1956-08-27T00:00:00Z","document_type":"article","news_desk":null,"section_name":null,"subsection_name":null,"type_of_material":"Article","_id":"4fc3b54545c1498b0d8037bd"},{"web_url":"http:\/\/query.nytimes.com\/gst\/abstract.html?res=9D03EFDE103AE63BBC4951DFB766838C669FDE","snippet":"Mr. MORTON, of Indiana, presented the credentials of Williaqm Pitt Kellogg, as Senator of the United States from the State of Louisiana for the term of six years from March 4, 1877....","lead_paragraph":"Mr. MORTON, of Indiana, presented the credentials of Williaqm Pitt Kellogg, as Senator of the United States from the State of Louisiana for the term of six years from March 4, 1877.","abstract":null,"blog":[],"source":"The New York Times","headline":{"main":"SENATE.; THE RIGHT OF FEMALE SUFFRAGE. THE TAXATION OF BANKS. THE INDIAN SCHOOL FUND. SPECIE PAYMENTS. THE MILITARY IN VIRGINIA.","kicker":"1"},"pub_date":"1877-01-21T00:03:58Z","document_type":"article","news_desk":null,"section_name":null,"subsection_name":null,"type_of_material":"Article","_id":"4fbff86945c1498b0d0af5f9"},{"web_url":"http:\/\/query.nytimes.com\/gst\/abstract.html?res=9406EEDC1230E733A25755C2A9659C946397D6CF","snippet":"ALBANY, March 25 -- Senator Marshall to-day suffered the most crushing defeat of the session on his bill to amend the labor law so as to permit women over twenty-one years of age to work in factories at night. The bill in its original form raised ...","lead_paragraph":"ALBANY, March 25 -- Senator Marshall to-day suffered the most crushing defeat of the session on his bill to amend the labor law so as to permit women over twenty-one years of age to work in factories at night. The bill in its original form raised the number of hours women might work in a day, but this provision was stricken out.","abstract":"Senate defeats","blog":[],"source":"The New York Times","headline":{"main":"WOMAN LABOR BILL CRUSHED.; Senate Voted Down Marshall Measure to Permit Night Work by Female Factory Hands."},"pub_date":"1902-03-26T00:00:00Z","document_type":"article","news_desk":null,"section_name":null,"subsection_name":null,"type_of_material":"Article","_id":"4fc044a545c1498b0d21098e"},{"web_url":"http:\/\/query.nytimes.com\/gst\/abstract.html?res=9B07E2DB133BE63BBC4E53DFB466838B669FDE","snippet":"ST. LOUIS, Feb. 5.--The bill to regulate the compensation of teachers has been amended by the lower branch of the Legislature so as to give females the same pay as males where equally qualified and performing like duties....","lead_paragraph":"ST. LOUIS, Feb. 5.--The bill to regulate the compensation of teachers has been amended by the lower branch of the Legislature so as to give females the same pay as males where equally qualified and performing like duties.","abstract":null,"blog":[],"source":"The New York Times","headline":{"main":"STATE LEGISLATURES.; Female Equality in Missouri--Political Disabilities in Kansas--Impeachment of a Judge in the West Virginia Senate--A Hard Fight on Registration in the House.","kicker":"1"},"pub_date":"1870-02-06T00:03:58Z","document_type":"article","news_desk":null,"section_name":null,"subsection_name":null,"type_of_material":"Front Page","_id":"4fbff23245c1498b0d091f2c"},{"web_url":"http:\/\/query.nytimes.com\/gst\/abstract.html?res=9F06E3DD153FE432A25754C1A9649C94669FD7CF","snippet":"ALBANY, Feb. 16.--Two measures relating to capital punishment were before the Assembly for a few moments today. They will receive much more general attention when it is really known what they are. The first of them was the Hadley bill, which prohi...","lead_paragraph":"ALBANY, Feb. 16.--Two measures relating to capital punishment were before the Assembly for a few moments today. They will receive much more general attention when it is really known what they are. The first of them was the Hadley bill, which prohibits the hanging of women in this State hereafter.","abstract":null,"blog":[],"source":"The New York Times","headline":{"main":"THE STATE LEGISLATURE; FEMALE MUNICIPAL SUFFRAGE INDORSED BY THE SENATE. A BIG LIFT FOR THE FIELD CODE IN THE ASSEMBLY--THE BILL FOR THE RELIEF OF MURDERESSES."},"pub_date":"1887-02-17T00:00:00Z","document_type":"article","news_desk":null,"section_name":null,"subsection_name":null,"type_of_material":"Article","_id":"4fc014d245c1498b0d135177"},{"web_url":"http:\/\/query.nytimes.com\/gst\/abstract.html?res=9E0DE5DA173EE73BBC4B52DFB467838C669FDE","snippet":"Petitions were presented for a commission to inquire into the alcoholic liquor traffic, for an amendment to the Constitution prohibiting the States from disfranchising citizens on account of sex, that no action concerning a revision of tariff duti...","lead_paragraph":"Petitions were presented for a commission to inquire into the alcoholic liquor traffic, for an amendment to the Constitution prohibiting the States from disfranchising citizens on account of sex, that no action concerning a revision of tariff duties be taken until after ascertaining by official inquiry the condition of the industries of the country, and for other objects, which were referred to appropriate committees.","abstract":null,"blog":[],"source":"The New York Times","headline":{"main":"SENATE.; FEMALE SUFFRAGE. EXPENDITURES IN THE NAVY. ARMING AND EQUIPPING MILITIA. ELECTION OF PRESIDENT. THE DEFICIENCY BILL. THE NATIONAL CREDIT QUESTION. AN EXECUTIVE SESSION."},"pub_date":"1877-12-13T00:03:58Z","document_type":"article","news_desk":null,"section_name":null,"subsection_name":null,"type_of_material":"Article","_id":"4fbfec3c45c1498b0d0779a5"}]