[{"web_url":"http:\/\/www.nytimes.com\/2017\/02\/27\/health\/life-span-south-korea-women.html","snippet":"If current trends persist, women born in South Korea in 2030 will live perhaps 90 years on average, researchers said, the longest life span in the world....","lead_paragraph":"If current trends persist, women born in South Korea in 2030 will live perhaps 90 years on average, researchers said, the longest life span in the world.","abstract":null,"blog":[],"source":"The New York Times","headline":{"main":"Life Span of South Korean Women Is Headed Toward 90","content_kicker":"Global Health","kicker":"Global Health","print_headline":"In South Korea, Female Life Span May Hit 90"},"pub_date":"2017-02-27T17:58:08+0000","document_type":"article","news_desk":"Science","section_name":"Health","subsection_name":null,"type_of_material":"News","_id":"58b468b87c459f2525d1ec78"},{"web_url":"http:\/\/query.nytimes.com\/gst\/abstract.html?res=9807E1DF123AE73ABC4B52DFBE668389669EDE","snippet":"My favorite introduction to any nonfiction book I've read this year (or maybe ever) is in Gay Gaer Luce's \"Body Time\": The author tells the reader that if some part of the book bores him he should feel free to skip it. This suggestion would be par...","lead_paragraph":"My favorite introduction to any nonfiction book I've read this year (or maybe ever) is in Gay Gaer Luce's \"Body Time\": The author tells the reader that if some part of the book bores him he should feel free to skip it. This suggestion would be particularly useful in the introductions to three of the above four books.","abstract":"book the New Sexuality by E C Kennedy revd by R Jaffe","blog":[],"source":"The New York Times","headline":{"main":"The Erotic Life Of the American Wife; By Natalie Gittelson. 380 pp. New York: Delacorte Press. $7.95. Free and Female By Barbara Seaman. 288 pp. New York: Coward, McCann & Geoghegan. $6.95. The New Sexuality By Eugene C. Kennedy. 212 pp. New York: Doubleday & Co. $5.95. The Female Pleasure Hunt By Pamela Mason. 214 pp. Englewood Cliffs, N. J.: Prentice-Hall. $6.95. Female"},"pub_date":"1972-08-13T00:00:00Z","document_type":"article","news_desk":null,"section_name":null,"subsection_name":null,"type_of_material":"Review","_id":"4fc47f3845c1498b0da13801"},{"web_url":"http:\/\/www.nytimes.com\/2014\/01\/20\/opinion\/life-as-a-female-journalist-hot-or-not.html","snippet":"Men are also attacked, but their bodies aren&#8217;t the target....","lead_paragraph":"Men are also attacked, but their bodies aren&#8217;t the target.","abstract":"Op-Ed article by editor Amy Wallace condemns gender-specific attacks on female journalists, particularly those that target journalists' sexuality or physical appearance, rather than fairness and accuracy of their work; maintains men are not subject to such attacks, and that phenomenon contributes to unequal gender representation in journalism.","blog":[],"source":"The New York Times","headline":{"main":"Life as a Female Journalist: Hot or Not?","kicker":"Op-Ed Contributor","print_headline":"Life as a Female Journalist: Hot or Not?","content_kicker":"Op-Ed Contributor"},"pub_date":"2014-01-20T00:00:00Z","document_type":"article","news_desk":"OpEd","section_name":"Opinion","subsection_name":null,"type_of_material":"Op-Ed","_id":"52dc77ba38f0d811ac4ed9d8"},{"web_url":"http:\/\/query.nytimes.com\/gst\/abstract.html?res=9401E1D7103FE63ABC4E52DFBE668383679EDE","snippet":"The Sexual Wilderness: The Contemporary Upheaval in Male-Female Relationships. By Vance Packard. 553 pages. McKay. $6.95. The New People: Desexualization in American Life. By Charles E. Winick. 384 pages. Pegasus. $7.50....","lead_paragraph":"The Sexual Wilderness: The Contemporary Upheaval in Male-Female Relationships. By Vance Packard. 553 pages. McKay. $6.95. The New People: Desexualization in American Life. By Charles E. Winick. 384 pages. Pegasus. $7.50.","abstract":"V Packard book The Sexual Wilderness: The Contemporary Upheaval in Male-Female Relationships, and C E Winick book The New People: Desexualization in American Life, revd","blog":[],"source":"The New York Times","headline":{"main":"Books of The Times; It's Here to Stay -- Are We?"},"pub_date":"1968-08-16T00:00:00Z","document_type":"article","news_desk":null,"section_name":null,"subsection_name":null,"type_of_material":"Review","_id":"4fc4683645c1498b0d9a9349"},{"web_url":"http:\/\/query.nytimes.com\/gst\/abstract.html?res=9402E1D9153BEF34BC4153DFB566838E669FDE","snippet":null,"lead_paragraph":null,"abstract":null,"blog":[],"source":"The New York Times","headline":{"main":"CURIOSITIES OF FEMALE LIFE.","kicker":"1"},"pub_date":"1875-03-09T00:03:58Z","document_type":"article","news_desk":null,"section_name":null,"subsection_name":null,"type_of_material":"Article","_id":"4fbff26845c1498b0d09325c"},{"web_url":"http:\/\/www.nytimes.com\/2012\/09\/05\/world\/middleeast\/05iht-letter05.html","snippet":"Egypt\u2019s Muslim Brotherhood is committed to upholding patriarchal and traditional values around a woman\u2019s place in society, and many Egyptian women need no convincing....","lead_paragraph":"Egypt\u2019s Muslim Brotherhood is committed to upholding patriarchal and traditional values around a woman\u2019s place in society, and many Egyptian women need no convincing.","abstract":"Egypt's Muslim Brotherhood is committed to upholding patriarchal and traditional values about a woman\u2019s place in society; in a country where a vast majority of women already cover their hair and voluntarily separate from men in coed environments, many Egyptian women need no convincing.","blog":[],"source":"The New York Times","headline":{"main":"Family Life According to the Brotherhood","print_headline":"Extolling Female Subservience, And Adding Followers in Egypt","content_kicker":"The Female Factor"},"pub_date":"2012-09-05T14:20:00Z","document_type":"article","news_desk":"Foreign","section_name":"World","subsection_name":"Middle East","type_of_material":"News","_id":"53fa86e238f0d8431914d8eb"},{"web_url":"http:\/\/lens.blogs.nytimes.com\/2015\/09\/24\/young-black-female-and-envisioning-corporate\/","snippet":"In her series \u201cAm I What You\u2019re Looking For?,\u201d Endia Beal questions what it means to be a young minority woman in the workplace....","lead_paragraph":null,"abstract":"In her series \u201cAm I What You\u2019re Looking For?,\u201d Endia Beal questions what it means to be a young minority woman in the workplace.","blog":[],"source":"The New York Times","headline":{"main":"Young, Black, Female and Envisioning Corporate Life","kicker":"Lens"},"pub_date":"2015-09-24T03:00:48Z","document_type":"blogpost","news_desk":null,"section_name":"Multimedia\/Photos","subsection_name":null,"type_of_material":"Blog","_id":"5603a01438f0d84a40af526f"},{"web_url":"http:\/\/www.nytimes.com\/2003\/09\/04\/technology\/in-gaming-as-in-life-the-undersold-female.html","snippet":"IMAGINE a world where men and women are, in fact, created equal. They have matching mental and physical skills and comparable opportunities for advancement. Are the two sexes in this world equally valued?      Not even in fantasyland. Turns out th...","lead_paragraph":"IMAGINE a world where men and women are, in fact, created equal. They have matching mental and physical skills and comparable opportunities for advancement. Are the two sexes in this world equally valued? Not even in fantasyland. Turns out the women there are less highly valued -- 10 percent less, anyway. New research by Edward Castronova, an associate professor of economics at California State University at Fullerton, indicates that people pay $40 to $55 more for the male characters that they use to represent themselves in the popular online fantasy role-playing game EverQuest.","abstract":"Study by Prof Edward Castronova, California State University, finds that video games featuring female characters known as avatars sell for less than those using males, even though there are no differences in capabilities; photos (M)","blog":[],"source":"The New York Times","headline":{"main":"In Gaming as in Life, the Undersold Female"},"pub_date":"2003-09-04T00:00:00Z","document_type":"article","news_desk":"Circuits","section_name":"Technology","subsection_name":null,"type_of_material":"News","_id":"4fd234cf8eb7c8105d7c61ea"},{"web_url":"http:\/\/www.nytimes.com\/1991\/09\/29\/nyregion\/campus-life-bowdoin-fraternity-members-give-female-members-equal-standing.html","snippet":"Faced with the college's mandate that fraternity women receive full membership privileges, Bowdoin College's Alpha Delta Phi chapter this month became the last of four fraternities on campus to sacrifice national affiliation rather than lose colle...","lead_paragraph":"Faced with the college's mandate that fraternity women receive full membership privileges, Bowdoin College's Alpha Delta Phi chapter this month became the last of four fraternities on campus to sacrifice national affiliation rather than lose college recognition. The university administration's policy of integrating women more fully into campus life, including the Greek system, presented a tough choice for fraternities like Alpha Delta Phi, whose national organizations do not recognize women as members. The fraternities had to decide by the first of this month.","abstract":null,"blog":[],"source":"The New York Times","headline":{"main":"CAMPUS LIFE: Bowdoin; Fraternity Members Give Female Members Equal Standing"},"pub_date":"1991-09-29T00:00:00Z","document_type":"article","news_desk":"Metropolitan Desk","section_name":"New York and Region","subsection_name":null,"type_of_material":"News","_id":"4fd1b1208eb7c8105d6d3090"},{"web_url":"http:\/\/query.nytimes.com\/gst\/abstract.html?res=9402EFDC133EE43BBC4151DFB766838E669FDE","snippet":"The following is the first of a series of articles on \"Female Prison Life\" in England, printed in the London Daily News of Dec. 28. The writer says: \"In his 'Essay on Penal Servitude is England, read before the Prison Congress, a paper which is a ...","lead_paragraph":"The following is the first of a series of articles on \"Female Prison Life\" in England, printed in the London Daily News of Dec. 28. The writer says: \"In his 'Essay on Penal Servitude is England, read before the Prison Congress, a paper which is a model of lucid condensation, ...","abstract":"Prisons; Millbank; Female Prison Life","blog":[],"source":"The New York Times","headline":{"main":"FEMALE PRISON LIFE.; THE MILLBANK PENITENTIARY IN ENGLAND."},"pub_date":"1875-01-29T00:03:58Z","document_type":"article","news_desk":null,"section_name":null,"subsection_name":null,"type_of_material":"Article","_id":"4fbfea9045c1498b0d070104"},{"web_url":"http:\/\/www.nytimes.com\/1998\/01\/27\/us\/female-inmate-pleads-for-the-life-of-another.html","snippet":"A woman who spent time on death row for her part in killing a family of five said she believed that Karla Faye Tucker, scheduled to be executed on Feb. 3, should live.    The woman, Linda May Burnett, said: ''If I can do this, come in the prison s...","lead_paragraph":"A woman who spent time on death row for her part in killing a family of five said she believed that Karla Faye Tucker, scheduled to be executed on Feb. 3, should live. The woman, Linda May Burnett, said: ''If I can do this, come in the prison system, and I can live in peace with other people and I can reach out and help out younger people around me, I believe in my heart Karla can. I think Karla is a better person than I am.''","abstract":"Linda May Burnett, who spent time on death row for participating in killing of family of five, pleads for life of Karla Faye Tucker, who is scheduled to die on February 3 for her part in killing of two people in Houston, Tex, in 1983 (S)","blog":[],"source":"AP","headline":{"main":"Female Inmate Pleads for the Life of Another"},"pub_date":"1998-01-27T00:00:00Z","document_type":"article","news_desk":"National Desk","section_name":null,"subsection_name":null,"type_of_material":"News","_id":"4fd204e08eb7c8105d76c764"},{"web_url":"http:\/\/www.nytimes.com\/2015\/03\/10\/science\/to-find-food-follow-the-older-female-whale.html","snippet":"Postmenopausal killer whales were more likely to take the lead on the hunt than male whales, especially in times of scarcity, researchers found....","lead_paragraph":"Postmenopausal killer whales were more likely to take the lead on the hunt than male whales, especially in times of scarcity, researchers found.","abstract":"Dr Lauren Brent study in journal Current Biology finds that postmenopausal female killer whales play key role in survival of young whales by leading them to food in times of scarcity.","blog":[],"source":"The New York Times","headline":{"main":"After Menopause, Female Killer Whales Take Lead in Finding Food","content_kicker":"Observatory","kicker":"Observatory","print_headline":"Marine Life: To Find Food, Follow the Older Female Whale"},"pub_date":"2015-03-05T18:50:52+0000","document_type":"article","news_desk":"Science","section_name":"Science","subsection_name":null,"type_of_material":"News","_id":"54f8a58d38f0d81f0d7a6082"},{"web_url":"http:\/\/www.nytimes.com\/reuters\/2015\/02\/05\/world\/middleeast\/05reuters-women-islamicstate.html","snippet":"Girls may marry at nine, the \"most pure\" will be wed by 16 or 17 and all women should consider motherhood the purpose of their existence, according to a manifesto attributed to an all-female branch of the Islamic State (IS) militant group....","lead_paragraph":"Girls may marry at nine, the \"most pure\" will be wed by 16 or 17 and all women should consider motherhood the purpose of their existence, according to a manifesto attributed to an all-female branch of the Islamic State (IS) militant group.","abstract":null,"blog":[],"source":"Reuters","headline":{"main":"Female Jihadist Guide Dispels Myths of Life Under Islamic State: Thinktank","print_headline":"Female Jihadist Guide Dispels Myths of Life Under Islamic State: Thinktank"},"pub_date":"2015-02-05T08:39:34Z","document_type":"article","news_desk":"None","section_name":"World","subsection_name":"Middle East","type_of_material":"News","_id":"54d372c838f0d81f788a2442"},{"web_url":"http:\/\/query.nytimes.com\/gst\/abstract.html?res=9A05E1DE1238E333A2575BC0A9609C946294D6CF","snippet":"Novel, Female, ruled not obscene, in case brought by Soc for Suppression of Vice against Vanguard Press...","lead_paragraph":null,"abstract":"Novel, Female, ruled not obscene, in case brought by Soc for Suppression of Vice against Vanguard Press","blog":[],"source":"The New York Times","headline":{"main":"COURT CLEARS NEW BOOK.; ' Female,' Novel of Tenement Life, Not Obscene, Van Amringe Rules."},"pub_date":"1933-06-08T00:00:00Z","document_type":"article","news_desk":null,"section_name":null,"subsection_name":null,"type_of_material":"Article","_id":"4fc1d50745c1498b0d4b9ad2"},{"web_url":"http:\/\/query.nytimes.com\/gst\/abstract.html?res=9D07EEDA153AE033A25750C2A9679C94689FD7CF","snippet":"The life class in the Students' Art League, whose studio is in East Twenty-third-street and and is taught by Kenyon Cox, is composed of sedate and studious young women, all possessed with the one idea of making progress in art....","lead_paragraph":"The life class in the Students' Art League, whose studio is in East Twenty-third-street and and is taught by Kenyon Cox, is composed of sedate and studious young women, all possessed with the one idea of making progress in art.","abstract":null,"blog":[],"source":"The New York Times","headline":{"main":"LIFE CLASS'S DANCE OF DEATH.; FEMALE ART STUDENTS HAVE FUN WITH A SKELETON.","kicker":"1"},"pub_date":"1889-01-23T00:00:00Z","document_type":"article","news_desk":null,"section_name":null,"subsection_name":null,"type_of_material":"Article","_id":"4fc010bc45c1498b0d120df6"},{"web_url":"http:\/\/www.nytimes.com\/1990\/07\/01\/style\/campus-life-minnesota-female-dancers-banned-at-games-of-men-s-teams.html","snippet":"LEAD: The University of Minnesota has banned its dance line of 16 women from men's athletic events because the performances ''sexually stereotyped'' them. The women said they should decide that for themselves....","lead_paragraph":"LEAD: The University of Minnesota has banned its dance line of 16 women from men's athletic events because the performances ''sexually stereotyped'' them. The women said they should decide that for themselves.","abstract":null,"blog":[],"source":"The New York Times","headline":{"main":"Campus Life: Minnesota;   Female Dancers Banned at Games Of Men's Teams"},"pub_date":"1990-07-01T00:00:00Z","document_type":"article","news_desk":"Style Desk","section_name":"Style","subsection_name":null,"type_of_material":"News","_id":"4fd198128eb7c8105d6a6e72"},{"web_url":"http:\/\/www.nytimes.com\/1992\/04\/26\/nyregion\/campus-life-barnard-student-collective-writes-the-book-on-being-female.html","snippet":"Inspired by a Duke University woman's handbook, 35 Barnard and Columbia College women have released a woman's handbook of their own, 102 pages covering everything from \"coming out\" as a lesbian to eating disorders.   \"As we were writing this book ...","lead_paragraph":"Inspired by a Duke University woman's handbook, 35 Barnard and Columbia College women have released a woman's handbook of their own, 102 pages covering everything from \"coming out\" as a lesbian to eating disorders. \"As we were writing this book we were amazed that all of this did not exist in one place that was accessible to women,\" said Carla Richmond, a Columbia College senior and, as a founder of the Barnard\/Columbia Women's Handbook Collective, a coordinator of the project.","abstract":null,"blog":[],"source":"The New York Times","headline":{"main":"CAMPUS LIFE: Barnard; Student Collective Writes the Book On Being Female"},"pub_date":"1992-04-26T00:00:00Z","document_type":"article","news_desk":"Metropolitan Desk","section_name":"Books; New York and Region","subsection_name":null,"type_of_material":"News","_id":"4fd1ac168eb7c8105d6cb2d1"},{"web_url":"http:\/\/www.nytimes.com\/2011\/07\/08\/arts\/design\/mother-india-at-metropolitan-museum-review.html","snippet":"\u201cMother India,\u201d a small exhibition at the Metropolitan Museum of Art, gathers sculptures, paintings and drawings representing Devi, the Great Mother goddess of India....","lead_paragraph":"\u201cMother India,\u201d a small exhibition at the Metropolitan Museum of Art, gathers sculptures, paintings and drawings representing Devi, the Great Mother goddess of India.","abstract":null,"blog":[],"source":"The New York Times","headline":{"seo":"\u2018Mother India\u2019 at Metropolitan Museum - Review","main":"A Life-Affirming Female Force, Ready to Rumble","kicker":"Art Review","print_headline":"A Life-Affirming Female Force, Ready to Rumble","content_kicker":"Art Review"},"pub_date":"2011-07-08T00:00:00Z","document_type":"article","news_desk":"Weekend","section_name":"Arts","subsection_name":"Art & Design","type_of_material":"Review","_id":"540f85bf38f0d87641c67dd9"},{"web_url":"http:\/\/www.nytimes.com\/1863\/08\/18\/news\/fire-loss-life-shoddy-mill-destroyed-fifteen-female-operatives-burnt-death.html","snippet":null,"lead_paragraph":null,"abstract":null,"blog":[],"source":"The New York Times","headline":{"main":"FIRE AND LOSS OF LIFE.; A Shoddy Mill Destroyed--Fifteen Female Operatives Burnt to Death."},"pub_date":"1863-08-18T00:03:58Z","document_type":"article","news_desk":null,"section_name":null,"subsection_name":null,"type_of_material":"Article","_id":"4fbfdce045c1498b0d034b0c"},{"web_url":"http:\/\/query.nytimes.com\/gst\/abstract.html?res=9903E4DF173BEF34BC4852DFB2668388669FDE","snippet":"A shocking case of malpractice has come to light in Brooklyn, the details of which are as brutal as any that have been furnished by the criminal calendar since the Rosenzweig case....","lead_paragraph":"A shocking case of malpractice has come to light in Brooklyn, the details of which are as brutal as any that have been furnished by the criminal calendar since the Rosenzweig case.","abstract":"Mrs. Arlington","blog":[],"source":"The New York Times","headline":{"main":"MEDICAL MALPRACTICE.; A New-York Lady's Life Endangered by a Female Practioner."},"pub_date":"1873-04-10T00:03:58Z","document_type":"article","news_desk":null,"section_name":null,"subsection_name":null,"type_of_material":"Article","_id":"4fbfed2c45c1498b0d07bde3"}]