[{"web_url":"http:\/\/www.nytimes.com\/reuters\/2016\/12\/31\/us\/politics\/31reuters-usa-obamacare.html","snippet":"A federal judge in Texas on Saturday issued a court order barring enforcement of an Obama administration policy seeking to extend anti-discrimination protections under the Affordable Care Act to transgender health and abortion-related services....","lead_paragraph":"A federal judge in Texas on Saturday issued a court order barring enforcement of an Obama administration policy seeking to extend anti-discrimination protections under the Affordable Care Act to transgender health and abortion-related services.","abstract":null,"blog":[],"source":"Reuters","headline":{"main":"U.S. Judge Blocks Transgender, Abortion-Related Obamacare Protections","print_headline":"U.S. Judge Blocks Transgender, Abortion-Related Obamacare Protections"},"pub_date":"2017-01-01T01:21:28+0000","document_type":"article","news_desk":null,"section_name":"U.S.","subsection_name":"Politics","type_of_material":"News","_id":"586859a37c459f2525d145b8"},{"web_url":"http:\/\/www.nytimes.com\/reuters\/2014\/10\/12\/us\/12reuters-health-ebola-usa-precautions.html","snippet":"The healthcare worker at a Dallas hospital who has become the first person to contract Ebola in the United States was wearing protective gear when treating the original patient who died of the disease, a Texas hospital official said on Sunday....","lead_paragraph":"The healthcare worker at a Dallas hospital who has become the first person to contract Ebola in the United States was wearing protective gear when treating the original patient who died of the disease, a Texas hospital official said on Sunday.","abstract":null,"blog":[],"source":"Reuters","headline":{"main":"Health Worker Who Contracted Ebola Wore Protective Gear-Official","print_headline":"Health Worker Who Contracted Ebola Wore Protective Gear-Official"},"pub_date":"2014-10-12T09:54:18Z","document_type":"article","news_desk":"None","section_name":"U.S.","subsection_name":null,"type_of_material":"News","_id":"543a88b438f0d81c57108dce"},{"web_url":"http:\/\/kristof.blogs.nytimes.com\/2016\/02\/09\/leveraging-ebola-to-tackle-fgm\/","snippet":"The outbreak of Ebola that started just over two years ago in Guinea seems to have led to surprising progress in the country\u2019s movement to curb female genital mutilation....","lead_paragraph":null,"abstract":"The outbreak of Ebola that started just over two years ago in Guinea seems to have led to surprising progress in the country\u2019s movement to curb female genital mutilation.","blog":[],"source":"The New York Times","headline":{"main":"Leveraging Ebola to Tackle FGM","kicker":"Nicholas Kristof"},"pub_date":"2016-02-09T17:14:37Z","document_type":"blogpost","news_desk":"OpEd","section_name":"Opinion","subsection_name":null,"type_of_material":"Blog","_id":"56ba652638f0d831a89167f7"},{"web_url":"http:\/\/kristof.blogs.nytimes.com\/2015\/05\/22\/fgm-a-modern-day-scourge-in-the-united-states\/","snippet":"Getting a more accurate estimate of women who have undergone female genital mutilation in the United States is a key step in stopping the practice....","lead_paragraph":null,"abstract":"Getting a more accurate estimate of women who have undergone female genital mutilation in the United States is a key step in stopping the practice.","blog":[],"source":"The New York Times","headline":{"main":"FGM: A Modern-Day Scourge in the United States","kicker":"Nicholas Kristof"},"pub_date":"2015-05-22T12:07:34Z","document_type":"blogpost","news_desk":"OpEd","section_name":"false","subsection_name":"false","type_of_material":"Blog","_id":"555f549438f0d80e70a9ba5f"},{"web_url":"http:\/\/www.nytimes.com\/reuters\/2015\/09\/03\/us\/03reuters-usa-healthcare-discrimination.html","snippet":"The U.S. government said on Thursday it will extend its healthcare nondiscrimination law to transgender individuals and require health insurers and medical providers to treat all patients equally, regardless of sex....","lead_paragraph":"The U.S. government said on Thursday it will extend its healthcare nondiscrimination law to transgender individuals and require health insurers and medical providers to treat all patients equally, regardless of sex.","abstract":null,"blog":[],"source":"Reuters","headline":{"main":"U.S. Government to Extend Healthcare Nondiscrimination Law to Transgender People","print_headline":"U.S. Government to Extend Healthcare Nondiscrimination Law to Transgender People"},"pub_date":"2015-09-03T13:24:10Z","document_type":"article","news_desk":"None","section_name":"U.S.","subsection_name":null,"type_of_material":"News","_id":"55e8825938f0d82b9387d472"},{"web_url":"http:\/\/www.nytimes.com\/reuters\/2016\/06\/17\/world\/asia\/17reuters-world-health-lgbt.html","snippet":"Millions of transgender people around the world face major challenges in getting adequate medical care despite multiple health issues, from depression to high rates of HIV, researchers say....","lead_paragraph":"Millions of transgender people around the world face major challenges in getting adequate medical care despite multiple health issues, from depression to high rates of HIV, researchers say.","abstract":null,"blog":[],"source":"Reuters","headline":{"main":"Transgender People Face Challenges for Adequate Health Care-Study","print_headline":"Transgender People Face Challenges for Adequate Health Care-Study"},"pub_date":"2016-06-17T04:08:56Z","document_type":"article","news_desk":"None","section_name":"World","subsection_name":"Asia Pacific","type_of_material":"News","_id":"5763b05038f0d83da36e0666"},{"web_url":"http:\/\/www.nytimes.com\/reuters\/2017\/01\/17\/world\/asia\/17reuters-thailand-lgbt.html","snippet":"Thai transgender activist Nada Chaiyajit completed her undergraduate studies in August, and two months later, school officials told her 12 classmates - all men - that their graduation certificates were ready....","lead_paragraph":"Thai transgender activist Nada Chaiyajit completed her undergraduate studies in August, and two months later, school officials told her 12 classmates - all men - that their graduation certificates were ready.","abstract":null,"blog":[],"source":"Reuters","headline":{"main":"In LGBT 'Paradise', Thai Transgender Activist Breaks Barriers to Education","print_headline":"In LGBT 'Paradise', Thai Transgender Activist Breaks Barriers to Education"},"pub_date":"2017-01-18T01:27:28+0000","document_type":"article","news_desk":null,"section_name":"World","subsection_name":"Asia Pacific","type_of_material":"News","_id":"587ec4867c459f2525d1719c"},{"web_url":"http:\/\/www.nytimes.com\/reuters\/2014\/09\/19\/world\/africa\/19reuters-health-ebola-france.html","snippet":"A French volunteer nurse working for Medecins Sans Frontieres who contracted Ebola in Liberia will receive an experimental treatment for the virus in France, Health Minister Marisol Touraine said....","lead_paragraph":"A French volunteer nurse working for Medecins Sans Frontieres who contracted Ebola in Liberia will receive an experimental treatment for the virus in France, Health Minister Marisol Touraine said.","abstract":null,"blog":[],"source":"Reuters","headline":{"main":"French Ebola Case to Receive Test Treatment, Minister Says","print_headline":"French Ebola Case to Receive Test Treatment, Minister Says"},"pub_date":"2014-09-19T03:30:00Z","document_type":"article","news_desk":null,"section_name":"World","subsection_name":"Africa","type_of_material":"News","_id":"541bdc3638f0d8296cb1031b"},{"web_url":"http:\/\/www.nytimes.com\/reuters\/2016\/09\/20\/business\/20reuters-gsk-ceo.html","snippet":"GlaxoSmithKline said on Tuesday it had chosen its head of consumer healthcare, Emma Walmsley, as its new chief executive, after several months reviewing internal and external candidates....","lead_paragraph":"GlaxoSmithKline said on Tuesday it had chosen its head of consumer healthcare, Emma Walmsley, as its new chief executive, after several months reviewing internal and external candidates.","abstract":null,"blog":[],"source":"","headline":{"main":"GlaxoSmithKline Names Insider Emma Walmsley as New CEO","print_headline":"GlaxoSmithKline Names Insider Emma Walmsley as New CEO"},"pub_date":"2016-09-20T06:24:05Z","document_type":"article","news_desk":"None","section_name":"Business Day","subsection_name":null,"type_of_material":"News","_id":"57e0d6317c459f227dbabf67"},{"web_url":"http:\/\/www.nytimes.com\/reuters\/2016\/04\/27\/us\/politics\/27reuters-california-politics-porn.html","snippet":"California politics got a bit more racy on Wednesday, as producers and actors in the adult film business said they had formed a political action committee, or PAC, to fight a ballot initiative to require the use of condoms when shooting explicit s...","lead_paragraph":"California politics got a bit more racy on Wednesday, as producers and actors in the adult film business said they had formed a political action committee, or PAC, to fight a ballot initiative to require the use of condoms when shooting explicit sex scenes.","abstract":null,"blog":[],"source":"Reuters","headline":{"main":"Elections Get Dirty as Adult Filmmakers Set Up Political Action Committee","print_headline":"Elections Get Dirty as Adult Filmmakers Set Up Political Action Committee"},"pub_date":"2016-04-27T20:49:59Z","document_type":"article","news_desk":"None","section_name":"U.S.","subsection_name":"Politics","type_of_material":"News","_id":"57215e9738f0d83acb9a61ff"},{"web_url":"http:\/\/www.nytimes.com\/2013\/02\/28\/us\/female-veterans-face-limbo-in-lives-on-the-street.html","snippet":"Returning servicewomen are the fastest growing segment of the homeless population, an often-invisible group bouncing between friends\u2019 sofas and shelters....","lead_paragraph":"Returning servicewomen are the fastest growing segment of the homeless population, an often-invisible group bouncing between friends\u2019 sofas and shelters.","abstract":"Returning servicewomen are the fastest growing segment of the homeless population, an often-invisible group of military veterans bouncing between friends\u2019 sofas and shelters; women returning from the battlefield face different challenges than their male counterparts, even as the Pentagon lifts the ban on women in combat roles; sexual trauma experienced in service often sets them on the the path to difficulties back home (Series: Honor Betrayed).","blog":[],"source":"The New York Times","headline":{"seo":"Female Veterans Face Limbo in Lives on the Street","main":"Trauma Sets Female Veterans Adrift Back Home","content_kicker":"Honor Betrayed","kicker":"Honor Betrayed","print_headline":"Trauma Sets Female Veterans Adrift Back Home"},"pub_date":"2013-02-28T00:00:00Z","document_type":"article","news_desk":"National","section_name":"U.S.","subsection_name":null,"type_of_material":"News","_id":"512ee83fcf28d009de0027eb"},{"web_url":"http:\/\/www.nytimes.com\/reuters\/2014\/06\/19\/us\/19reuters-usa-california-prisons.html","snippet":"California failed to follow its own rules for obtaining consent from female prison inmates who were sterilized by having their fallopian tubes tied, a state audit released Thursday shows....","lead_paragraph":"California failed to follow its own rules for obtaining consent from female prison inmates who were sterilized by having their fallopian tubes tied, a state audit released Thursday shows.","abstract":null,"blog":[],"source":"Reuters","headline":{"main":"California Inmate Sterilizations Violated Informed Consent Rules: Audit","print_headline":"California Inmate Sterilizations Violated Informed Consent Rules: Audit"},"pub_date":"2014-06-19T17:52:58Z","document_type":"article","news_desk":null,"section_name":"U.S.","subsection_name":null,"type_of_material":"News","_id":"53a35c4338f0d82561c7623a"},{"web_url":"http:\/\/www.nytimes.com\/1998\/01\/10\/us\/aetna-is-reducing-fertility-benefits.html","snippet":"Aetna Inc., one of the nation's biggest health insurers, said yesterday that its U.S. Healthcare health plans would eliminate coverage for advanced fertility treatments, including in vitro fertilization, on April 1.     The company said that women...","lead_paragraph":"Aetna Inc., one of the nation's biggest health insurers, said yesterday that its U.S. Healthcare health plans would eliminate coverage for advanced fertility treatments, including in vitro fertilization, on April 1. The company said that women who had fertility problems had been joining the U.S. Healthcare plans because they knew the advanced treatments were available. Aetna has recently been under pressure from Wall Street investors to reduce costs and increase profits.","abstract":"US Healthcare unit of Aetna Inc will eliminate coverage for advanced fertility treatments, including in vitro fertilization; says women were joining its plans because they knew the advanced treatments were available; Aetna has been under pressure from Wall Street investors to reduce costs and increase profits; decision is criticized by doctors and advocates of infertility patients, who say many couples are already struggling to cover costs of such treatments out of their own pockets; photo (M)","blog":[],"source":"The New York Times","headline":{"main":"AETNA IS REDUCING FERTILITY BENEFITS"},"pub_date":"1998-01-10T00:00:00Z","document_type":"article","news_desk":"National Desk","section_name":"Front Page; Health; U.S.","subsection_name":null,"type_of_material":"News","_id":"4fd2091f8eb7c8105d77475f"},{"web_url":"http:\/\/www.nytimes.com\/2016\/05\/29\/business\/where-more-women-are-on-boards-executive-pay-is-higher.html","snippet":"An analysis by Equilar last year found that among 100 large companies, those with greater gender diversity on their boards paid their chief executives about 15 percent more....","lead_paragraph":"An analysis by Equilar last year found that among 100 large companies, those with greater gender diversity on their boards paid their chief executives about 15 percent more.","abstract":"Gretchen Morgenson Fair Game column explores findings of Equilar analysis of executive compensation that found companies with greater gender diversity on boards pay their chief executives roughly 15 percent more; examines why presence of more women on boards has not helped curb pay, as she expected. ","blog":[],"source":"The New York Times","headline":{"main":"Where More Women Are on Boards, Executive Pay Is Higher","content_kicker":"Fair Game","kicker":"Fair Game","print_headline":"Boards With More Women Grant Higher Pay"},"pub_date":"2016-05-29T00:00:00Z","document_type":"article","news_desk":"SundayBusiness","section_name":"Business Day","subsection_name":null,"type_of_material":"News","_id":"5748613038f0d866de25bf82"},{"web_url":"http:\/\/www.nytimes.com\/1998\/07\/29\/nyregion\/health-commissioner-is-leaving.html","snippet":"Dr. Barbara A. DeBuono said yesterday that she would step down as the New York State Commissioner of Health, a position she has held for nearly four years in a time of great change in the state's health care system.    Dr. DeBuono, 43, will become...","lead_paragraph":"Dr. Barbara A. DeBuono said yesterday that she would step down as the New York State Commissioner of Health, a position she has held for nearly four years in a time of great change in the state's health care system. Dr. DeBuono, 43, will become what amounts to the No. 3 executive at New York Presbyterian Healthcare System, the new conglomeration of 28 hospitals, nursing homes and other health care agencies assembled around one of the nation's most prestigious medical institutions, the New York and Presbyterian Hospital.","abstract":"Dr Barbara A DeBuono says she will step down as New York State Commissioner of Health, position she has held for nearly four years in time of great change in state's health care system; DeBuono will become what amounts to No 3 executive at New York Presbyterian Healthcare System, new conglomeration of 28 hospitals, nursing homes and other health care agencies assembled around one of nation's most prestigious medical institutions, New York and Presbyterian Hospital; she will begin her new job on Nov 1 (M)","blog":[],"source":"The New York Times","headline":{"main":"Health Commissioner Is Leaving"},"pub_date":"1998-07-29T00:00:00Z","document_type":"article","news_desk":"Metropolitan Desk","section_name":"Health; New York and Region","subsection_name":null,"type_of_material":"News","_id":"4fd1fd098eb7c8105d75cba3"},{"web_url":"http:\/\/www.nytimes.com\/2004\/05\/22\/nyregion\/patient-abuse-charges-under-investigation.html","snippet":"State health officials and the local police are investigating accusations that patients undergoing psychiatric or substance-abuse treatment at St. Vincent's Westchester Hospital in Harrison have been sexually abused or beaten by other patients, of...","lead_paragraph":"State health officials and the local police are investigating accusations that patients undergoing psychiatric or substance-abuse treatment at St. Vincent's Westchester Hospital in Harrison have been sexually abused or beaten by other patients, officials said on Friday. The police in Harrison said on Friday that on Wednesday they arrested a former patient, a girl under age 16, on charges of sexual assault and aggravated sexual assault at the hospital late last year.","abstract":"State and local authorities investigate accusations that patients undergoing psychiatric or substance-abuse treatment at St Vincent's Westchester Hospital in Harrison, NY, were sexually and physical abused by other patients; some victims or their abusers have been under age 16; police have investigated 27 reports of abuse at hospital since 1997, and there have been two convictions; hospital says attorneys involved in lawsuits are distorting facts; photo (M)","blog":[],"source":"The New York Times","headline":{"main":"Patient-Abuse Charges Under Investigation"},"pub_date":"2004-05-22T00:00:00Z","document_type":"article","news_desk":"Metropolitan Desk","section_name":"Health; New York and Region","subsection_name":null,"type_of_material":"News","_id":"4fd27d5a8eb7c8105d84523c"},{"web_url":"http:\/\/health.nytimes.com\/health\/guides\/disease\/nicotine-withdrawal\/overview.html","snippet":"Tobacco and nicotine can be addictive like alcohol, cocaine, and morphine....","lead_paragraph":"Tobacco and nicotine can be addictive like alcohol, cocaine, and morphine.","abstract":null,"blog":[],"source":null,"headline":{"main":"Nicotine and Tobacco"},"pub_date":null,"document_type":"topic","news_desk":null,"section_name":null,"subsection_name":null,"type_of_material":"healthtopic","_id":"52449f4e38f0d8198973cc59"},{"web_url":"http:\/\/health.nytimes.com\/health\/guides\/specialtopic\/smoking-and-smokeless-tobacco\/overview.html","snippet":"","lead_paragraph":"","abstract":null,"blog":[],"source":null,"headline":{"main":"Risks of Tobacco"},"pub_date":null,"document_type":"topic","news_desk":null,"section_name":null,"subsection_name":null,"type_of_material":"healthtopic","_id":"5244890b38f0d8198973c8c2"},{"web_url":"http:\/\/www.nytimes.com\/reuters\/2014\/10\/13\/us\/13reuters-health-ebola-usa-dog.html","snippet":"Men in hazardous materials suits removed the dog of a Dallas nurse infected with Ebola from her apartment on Monday, placing the pet named Bentley in a cage and taking him to an undisclosed location where he will be watched for signs of the virus....","lead_paragraph":"Men in hazardous materials suits removed the dog of a Dallas nurse infected with Ebola from her apartment on Monday, placing the pet named Bentley in a cage and taking him to an undisclosed location where he will be watched for signs of the virus.","abstract":null,"blog":[],"source":"Reuters","headline":{"main":"Dog of Ebola-Infected Dallas Nurse to Be Cared For: Officials Pledge","print_headline":"Dog of Ebola-Infected Dallas Nurse to Be Cared For: Officials Pledge"},"pub_date":"2014-10-13T14:12:02Z","document_type":"article","news_desk":"None","section_name":"U.S.","subsection_name":null,"type_of_material":"News","_id":"543c16ae38f0d857a8e0a061"},{"web_url":"http:\/\/www.nytimes.com\/reuters\/2015\/03\/18\/world\/africa\/18reuters-health-ebola-women.html","snippet":"The Ebola epidemic in West Africa exacerbated violence against women and rolled back access to reproductive healthcare in the region, ministers from Guinea and Liberia said on Wednesday....","lead_paragraph":"The Ebola epidemic in West Africa exacerbated violence against women and rolled back access to reproductive healthcare in the region, ministers from Guinea and Liberia said on Wednesday.  ","abstract":null,"blog":[],"source":"Reuters","headline":{"main":"Violence Against Women Rises in Ebola-Hit Nations: Ministers","print_headline":"Violence Against Women Rises in Ebola-Hit Nations: Ministers"},"pub_date":"2015-03-18T19:21:30Z","document_type":"article","news_desk":"None","section_name":"World","subsection_name":"Africa","type_of_material":"News","_id":"550a08db38f0d83e27c1dc5f"}]