[{"web_url":"http:\/\/www.nytimes.com\/2011\/12\/08\/opinion\/kristof-joining-a-dinner-in-a-muslim-brotherhood-home.html","snippet":"For all the international alarm about the Muslim Brotherhood\u2019s rise in Egypt, members say their priority in government isn\u2019t religion. It\u2019s jobs....","lead_paragraph":"For all the international alarm about the Muslim Brotherhood\u2019s rise in Egypt, members say their priority in government isn\u2019t religion. It\u2019s jobs.","abstract":"Nicholas D Kristof Op-Ed column says his experiences with the Muslim Brotherhood, Egypt's dominant political party, suggest that the activists are more concerned with economic conditions than religion; holds the Brotherhood is far more complex than the caricature that scares many Americans.","blog":[],"source":"The New York Times","headline":{"seo":"Joining a Dinner in a Muslim Brotherhood Home","main":"Joining a Dinner in a Muslim Brotherhood Home","content_kicker":"Op-Ed Columnist","kicker":"Op-Ed Columnist","print_headline":"Joining a Dinner in a Muslim Brotherhood Home"},"pub_date":"2011-12-08T00:00:00Z","document_type":"article","news_desk":"Editorial","section_name":"Opinion","subsection_name":null,"type_of_material":"Op-Ed","_id":"5234586a38f0d81989737979"},{"web_url":"\/data\/daily\/2005\/07\/28\/666599.sgml","snippet":"The Christian Church (Disciples of Christ) has elected a woman as president, the first for the 770,000-member Protestant denomination. The Rev. Sharon E. Watkins, senior pastor at Disciples Christian Church in Bartlesville, Okla., was overwhelming...","lead_paragraph":"The Christian Church (Disciples of Christ) has elected a woman as president, the first for the 770,000-member Protestant denomination. The Rev. Sharon E. Watkins, senior pastor at Disciples Christian Church in Bartlesville, Okla., was overwhelmingly elected to a six-year term on Tuesday at the denomination's General Assembly in Portland, Ore. ''Today is not about me,'' Ms. Watkins, 51, said. ''Its about all of us joining together and letting God work with us and through us.'' A graduate of Phillips Theological Seminary and Yale Divinity School, Ms. Watkins succeeds the Rev. William Chris Hobgood.","abstract":null,"blog":[],"source":"AP","headline":{"main":"National Briefing | Religion: Denomination Elects First Female President"},"pub_date":"2005-07-28T00:00:00Z","document_type":"article","news_desk":"National Desk","section_name":null,"subsection_name":null,"type_of_material":"News","_id":"4fd2487c8eb7c8105d7e54f8"},{"web_url":"http:\/\/douthat.blogs.nytimes.com\/2015\/12\/15\/a-conservative-islam-for-a-liberal-society\/","snippet":"Looking for models for an Islam that wants to be Westernized yet still Islamic....","lead_paragraph":null,"abstract":"Looking for models for an Islam that wants to be Westernized yet still Islamic.","blog":[],"source":"The New York Times","headline":{"main":"A Conservative Islam For a Liberal Society","kicker":"Ross Douthat"},"pub_date":"2015-12-15T09:48:43Z","document_type":"blogpost","news_desk":"OpEd","section_name":"Opinion","subsection_name":null,"type_of_material":"Blog","_id":"567028bc38f0d856e6858066"},{"web_url":"http:\/\/www.nytimes.com\/2017\/02\/22\/world\/middleeast\/hijab-turkey-military.html","snippet":"The move highlights a change in the armed forces and society, where the head scarf has been a symbol of the struggle between secular and religious factions....","lead_paragraph":"The move highlights a change in the armed forces and society, where the head scarf has been a symbol of the struggle between secular and religious factions.","abstract":null,"blog":[],"source":"The New York Times","headline":{"main":"Turkey Allows Women in Military to Wear Hijabs, in Cultural Shift","print_headline":"Turkey to Let Women in the Military Wear Head Scarves"},"pub_date":"2017-02-22T19:17:56+0000","document_type":"article","news_desk":"Foreign","section_name":"World","subsection_name":"Middle East","type_of_material":"News","_id":"58ade3eb7c459f2525d1ded9"},{"web_url":"http:\/\/www.nytimes.com\/2017\/02\/14\/dining\/chef-dominique-crenn.html","snippet":"The San Francisco chef is suddenly one of the world\u2019s most acclaimed and visible cooks \u2014 and one of the few women ranked alongside men....","lead_paragraph":"The San Francisco chef is suddenly one of the world\u2019s most acclaimed and visible cooks \u2014 and one of the few women ranked alongside men.","abstract":null,"blog":[],"source":"The New York Times","headline":{"main":"Does Fame Have a Recipe? Dominique Crenn\u2019s Fast Rise","print_headline":"Here, There  and Rising"},"pub_date":"2017-02-14T18:00:08+0000","document_type":"article","news_desk":"Dining","section_name":"Food","subsection_name":null,"type_of_material":"News","_id":"58a345af7c459f2525d1c538"},{"web_url":"http:\/\/www.nytimes.com\/aponline\/2017\/02\/03\/us\/ap-bko-fiba-headgear-ban.html","snippet":"The international group that governs basketball is close to eliminating a longstanding ban on religious headgear in competition, clearing the way for athletes to wear hijabs, turbans and yarmulkes in international competitions....","lead_paragraph":"The international group that governs basketball is close to eliminating a longstanding ban on religious headgear in competition, clearing the way for athletes to wear hijabs, turbans and yarmulkes in international competitions.","abstract":null,"blog":[],"source":"AP","headline":{"main":"Basketball Inches Closer to Ending Ban on Religious Headgear","print_headline":"Basketball Inches Closer to Ending Ban on Religious Headgear"},"pub_date":"2017-02-03T07:39:39+0000","document_type":"article","news_desk":null,"section_name":"U.S.","subsection_name":null,"type_of_material":"News","_id":"589433c27c459f2525d1a3d8"},{"web_url":"http:\/\/www.nytimes.com\/2017\/01\/12\/world\/asia\/indonesia-sharia-law-aceh.html","snippet":"In recent years, the Muslim-majority nation has drifted in a conservative direction, and a province dominated by the legal code of Islam is no longer an outlier....","lead_paragraph":"In recent years, the Muslim-majority nation has drifted in a conservative direction, and a province dominated by the legal code of Islam is no longer an outlier.","abstract":null,"blog":[],"source":"The New York Times","headline":{"main":"As Shariah Experiment Becomes a Model, Indonesia\u2019s Secular Face Slips","content_kicker":"Banda Aceh Journal","kicker":"Banda Aceh Journal","print_headline":"A Shariah Experiment Becomes a Model in Indonesia"},"pub_date":"2017-01-12T15:51:00+0000","document_type":"article","news_desk":"Foreign","section_name":"World","subsection_name":"Asia Pacific","type_of_material":"News","_id":"5877a5e97c459f2525d1632d"},{"web_url":"http:\/\/www.nytimes.com\/2017\/01\/25\/arts\/television\/mary-tyler-moore-show-moments.html","snippet":"A look at pivotal moments from \u201cThe Mary Tyler Moore Show,\u201d which was sometimes a laboratory for social issues of the day....","lead_paragraph":"A look at pivotal moments from \u201cThe Mary Tyler Moore Show,\u201d which was sometimes a laboratory for social issues of the day.","abstract":null,"blog":[],"source":"The New York Times","headline":{"main":"Sex and That \u201970s Single Woman, Mary Tyler Moore"},"pub_date":"2017-01-25T20:05:47+0000","document_type":"article","news_desk":"Culture","section_name":"Arts","subsection_name":"Television","type_of_material":"News","_id":"588905237c459f2525d189f2"},{"web_url":"http:\/\/www.nytimes.com\/2017\/01\/23\/opinion\/discovering-feminist-students-in-the-middle-east.html","snippet":"My American students thought feminism was for angry man-haters. Women in Abu Dhabi were inspired by it to take risks and take charge of their lives....","lead_paragraph":"My American students thought feminism was for angry man-haters. Women in Abu Dhabi were inspired by it to take risks and take charge of their lives.","abstract":null,"blog":[],"source":"The New York Times","headline":{"main":"Discovering Feminist Students in the Middle East","content_kicker":"On Campus","kicker":"On Campus","print_headline":"Discovering Feminist Students in the Middle East"},"pub_date":"2017-01-23T08:21:21+0000","document_type":"article","news_desk":"OpEd","section_name":"Opinion","subsection_name":null,"type_of_material":"Op-Ed","_id":"5885bd067c459f2525d180e8"},{"web_url":"http:\/\/www.nytimes.com\/reuters\/2017\/02\/22\/world\/europe\/22reuters-turkey-military-headscarves.html","snippet":"Turkey will allow female soldiers to wear a headscarf with their uniforms, defense ministry officials said on Wednesday, marking a symbolic shift for a military that has traditionally seen itself as a guardian of state secularism....","lead_paragraph":"Turkey will allow female soldiers to wear a headscarf with their uniforms, defense ministry officials said on Wednesday, marking a symbolic shift for a military that has traditionally seen itself as a guardian of state secularism.","abstract":null,"blog":[],"source":"Reuters","headline":{"main":"Turkey to Allow Female Soldiers to Wear Headscarves-Ministry Officials","print_headline":"Turkey to Allow Female Soldiers to Wear Headscarves-Ministry Officials"},"pub_date":"2017-02-22T15:18:33+0000","document_type":"article","news_desk":null,"section_name":"World","subsection_name":"Europe","type_of_material":"News","_id":"58adabcf7c459f2525d1de1c"},{"web_url":"http:\/\/www.nytimes.com\/reuters\/2017\/02\/07\/technology\/07reuters-tech-diversity.html","snippet":"About a quarter of U.S. workers in the technology sector, which has faced criticism for a lack of diversity, said they felt discrimination at their workplace in a survey released on Tuesday by job site Indeed.com....","lead_paragraph":"About a quarter of U.S. workers in the technology sector, which has faced criticism for a lack of diversity, said they felt discrimination at their workplace in a survey released on Tuesday by job site Indeed.com. ","abstract":null,"blog":[],"source":"Reuters","headline":{"main":"Quarter of U.S. Tech Workers Perceive Discrimination: Survey","print_headline":"Quarter of U.S. Tech Workers Perceive Discrimination: Survey"},"pub_date":"2017-02-08T01:00:29+0000","document_type":"article","news_desk":null,"section_name":"Technology","subsection_name":null,"type_of_material":"News","_id":"589a6db87c459f2525d1afbd"},{"web_url":"http:\/\/www.nytimes.com\/2017\/02\/16\/books\/review\/book-of-american-martyrs-joyce-carol-oates.html","snippet":"Joyce Carol Oates tackles America\u2019s abortion war in her new novel, \u201cA Book of American Martyrs,\u201d about the killing of a doctor and its aftermath....","lead_paragraph":"Joyce Carol Oates tackles America\u2019s abortion war in her new novel, \u201cA Book of American Martyrs,\u201d about the killing of a doctor and its aftermath.","abstract":null,"blog":[],"source":"The New York Times","headline":{"main":"Joyce Carol Oates\u2019s Novel Plumbs the Depths of America\u2019s Abortion War","content_kicker":"Fiction","kicker":"Fiction","print_headline":"Misconceptions"},"pub_date":"2017-02-16T10:00:03+0000","document_type":"article","news_desk":"BookReview","section_name":"Books","subsection_name":"Book Review","type_of_material":"Review","_id":"58a578277c459f2525d1cbfa"},{"web_url":"http:\/\/www.nytimes.com\/2016\/07\/07\/nyregion\/gender-segregated-swimming-cut-back-at-2-public-pools-near-brooklyn-hasidic-areas.html","snippet":"Swimming hours scheduled to be women-only were popular among the area\u2019s Hasidim, but critics said the segregation infringed upon the separation of church and state....","lead_paragraph":"Swimming hours scheduled to be women-only were popular among the area\u2019s Hasidim, but critics said the segregation infringed upon the separation of church and state.","abstract":"New York City parks department reduces gender-restricted swimming hours at two public pools in Brooklyn as city's Human Rights Commission grants exemption to gender discrimination laws to accommodate Hasidic communities.","blog":[],"source":"The New York Times","headline":{"main":"Gender-Segregated Swimming Cut Back at 2 Public Pools Near Brooklyn Hasidic Areas","print_headline":"City Reduces Gender-Segregated Hours at 2 Brooklyn Public Pools"},"pub_date":"2016-07-07T00:08:10+0000","document_type":"article","news_desk":"Metro","section_name":"N.Y. \/ Region","subsection_name":null,"type_of_material":"News","_id":"577d9d6e38f0d85bf991fad0"},{"web_url":"http:\/\/www.nytimes.com\/reuters\/2017\/02\/28\/world\/europe\/28reuters-turkey-newspaper.html","snippet":"President Tayyip Erdogan publicly criticised prominent Turkish newspaper Hurriyet on Tuesday, sending its shares and those of parent company Dogan Holding tumbling....","lead_paragraph":"President Tayyip Erdogan publicly criticised prominent Turkish newspaper Hurriyet on Tuesday, sending its shares and those of parent company Dogan Holding tumbling.","abstract":null,"blog":[],"source":"Reuters","headline":{"main":"Turkey's Erdogan Criticises Hurriyet Newspaper, Sends Its Shares Tumbling","print_headline":"Turkey's Erdogan Criticises Hurriyet Newspaper, Sends Its Shares Tumbling"},"pub_date":"2017-02-28T14:12:32+0000","document_type":"article","news_desk":null,"section_name":"World","subsection_name":"Europe","type_of_material":"News","_id":"58b585567c459f2525d1ef45"},{"web_url":"http:\/\/www.nytimes.com\/2016\/12\/11\/opinion\/how-islam-can-fight-the-patriarchy.html","snippet":"The Turkish government thought it could get a regressive law pardoning statutory rape on the books. Islam was the solution....","lead_paragraph":"The Turkish government thought it could get a regressive law pardoning statutory rape on the books. Islam was the solution.","abstract":null,"blog":[],"source":"The New York Times","headline":{"main":"How Islam Can Fight the Patriarchy","content_kicker":"Op-Ed Contributor","kicker":"Op-Ed Contributor","print_headline":"Islam can fight the patriarchy"},"pub_date":"2016-12-11T23:01:22+0000","document_type":"article","news_desk":"OpEd","section_name":"Opinion","subsection_name":null,"type_of_material":"Op-Ed","_id":"584ddacd7c459f2525d113ec"},{"web_url":"http:\/\/www.nytimes.com\/reuters\/2017\/01\/18\/sports\/18reuters-iran-bulgaria-volleyball.html","snippet":"Iran's first two women volleyball players to compete outside the Islamic Republic joined Bulgarian club Shumen this month, a move which has taken years of negotiation with Iranian authorities and which could help break down some gender barriers at...","lead_paragraph":"Iran's first two women volleyball players to compete outside the Islamic Republic joined Bulgarian club Shumen this month, a move which has taken years of negotiation with Iranian authorities and which could help break down some gender barriers at home.","abstract":null,"blog":[],"source":"Reuters","headline":{"main":"Iranian Duo Make History in Women's Volleyball by Moving to Bulgaria","print_headline":"Iranian Duo Make History in Women's Volleyball by Moving to Bulgaria"},"pub_date":"2017-01-18T12:42:29+0000","document_type":"article","news_desk":null,"section_name":"Sports","subsection_name":null,"type_of_material":"News","_id":"587f62b97c459f2525d17321"},{"web_url":"http:\/\/www.nytimes.com\/2010\/01\/13\/opinion\/l13kristof.html","snippet":"To the Editor:....","lead_paragraph":"To the Editor:.","abstract":null,"blog":[],"source":"The New York Times","headline":{"main":"When Religion Oppresses Women","sub":"(4 Letters)","print_headline":"When Religion Oppresses Women","content_kicker":"Letters"},"pub_date":"2010-01-13T00:00:00Z","document_type":"article","news_desk":"Letters","section_name":"Opinion","subsection_name":null,"type_of_material":"Letter","_id":"5424b7e638f0d8525e453c25"},{"web_url":"http:\/\/london2012.blogs.nytimes.com\/2012\/07\/20\/a-female-canoeist-files-a-discrimination-claim\/","snippet":"A British canoeist, Samantha Rippington, has filed a challenge claiming that the lack of women's canoeing events at the Olympics constitutes discrimination....","lead_paragraph":null,"abstract":"A British canoeist, Samantha Rippington, has filed a challenge claiming that the lack of women's canoeing events at the Olympics constitutes discrimination.","blog":[],"source":"The New York Times","headline":{"main":"A Female Canoeist Files a Discrimination Claim","kicker":"2012 London Olympics","print_headline":"Canoeing Case in Court"},"pub_date":"2012-07-20T14:05:55Z","document_type":"blogpost","news_desk":null,"section_name":"Sports","subsection_name":null,"type_of_material":"Blog","_id":"50099e341c22dfde670b17bb"},{"web_url":"http:\/\/6thfloor.blogs.nytimes.com\/2013\/05\/28\/behind-the-cover-story-daniel-bergner-on-the-female-viagra\/","snippet":"The author of this week\u2019s cover article answers questions about what scientists now know about women\u2019s sexuality \u2014 and how they\u2019re trying to manipulate it....","lead_paragraph":null,"abstract":"The author of this week\u2019s cover article answers questions about what scientists now know about women\u2019s sexuality \u2014 and how they\u2019re trying to manipulate it.","blog":[],"source":"The New York Times","headline":{"main":"Behind the Cover Story: Daniel Bergner on the Female 'Viagra'","kicker":"The 6th Floor"},"pub_date":"2013-05-28T10:33:41Z","document_type":"blogpost","news_desk":null,"section_name":"Magazine","subsection_name":null,"type_of_material":"Blog","_id":"51a4c10b40e9ec65d2039bcd"},{"web_url":"http:\/\/www.nytimes.com\/2010\/10\/19\/opinion\/19iht-edlet.html","snippet":"Israel is a Western-style democracy but has its own gender problems....","lead_paragraph":"Israel is a Western-style democracy but has its own gender problems.","abstract":null,"blog":[],"source":"International Herald Tribune","headline":{"main":"Israel's Patriarchal Culture","print_headline":"Israel's Patriarchal Culture","content_kicker":"Letters to the International Herald Tribune"},"pub_date":"2010-10-19T00:00:00Z","document_type":"article","news_desk":"Editorial","section_name":"Opinion","subsection_name":null,"type_of_material":"Letter","_id":"541bc7a538f0d8296cb10162"}]