[{"web_url":"http:\/\/www.nytimes.com\/2017\/02\/20\/health\/hiv-aids-cambodia-prostitution.html","snippet":"A small survey suggests that many young sex workers cannot protect themselves from infection and pass it on to their infants....","lead_paragraph":"A small survey suggests that many young sex workers cannot protect themselves from infection and pass it on to their infants.","abstract":null,"blog":[],"source":"The New York Times","headline":{"main":"H.I.V. Stalks Prostitutes and Their Children in Cambodia","content_kicker":"Global Health","kicker":"Global Health","print_headline":"H.I.V. Stalks Cambodian Prostitutes and Babies"},"pub_date":"2017-02-20T20:56:26+0000","document_type":"article","news_desk":"Science","section_name":"Health","subsection_name":null,"type_of_material":"News","_id":"58ab58017c459f2525d1d8e9"},{"web_url":"http:\/\/www.nytimes.com\/aponline\/2017\/02\/23\/us\/ap-us-church-bus-crash-kentucky.html","snippet":"Authorities say 12 children were taken to the hospital after a church bus crashed in southern Kentucky....","lead_paragraph":"Authorities say 12 children were taken to the hospital after a church bus crashed in southern Kentucky.","abstract":null,"blog":[],"source":"AP","headline":{"main":"12 Children Hospitalized After Church Bus Crash in Kentucky","print_headline":"12 Children Hospitalized After Church Bus Crash in Kentucky"},"pub_date":"2017-02-23T13:39:44+0000","document_type":"article","news_desk":null,"section_name":"U.S.","subsection_name":null,"type_of_material":"News","_id":"58aee6287c459f2525d1e135"},{"web_url":"http:\/\/www.nytimes.com\/2017\/01\/29\/world\/asia\/under-taliban-siege-a-female-doctors-trial-by-fire.html","snippet":"A battle trapped the chief doctor for Kunduz Regional Hospital at home. But the most dire test of her career appeared just a few doors away....","lead_paragraph":"A battle trapped the chief doctor for Kunduz Regional Hospital at home. But the most dire test of her career appeared just a few doors away.","abstract":null,"blog":[],"source":"The New York Times","headline":{"main":"Under Taliban Siege, a Doctor\u2019s Trial by Fire","print_headline":"\u2018The Darkest Night\u2019: A Doctor\u2019s Trial Under Taliban Siege"},"pub_date":"2017-01-29T22:28:29+0000","document_type":"article","news_desk":"Foreign","section_name":"World","subsection_name":"Asia Pacific","type_of_material":"News","_id":"588e6c957c459f2525d194c5"},{"web_url":"http:\/\/www.nytimes.com\/2017\/01\/24\/business\/economy\/women-labor-force.html","snippet":"Men have been the focus of concern about a stubborn trend of working-age Americans neither working nor looking for jobs. But the trend applies to women, too....","lead_paragraph":"Men have been the focus of concern about a stubborn trend of working-age Americans neither working nor looking for jobs. But the trend applies to women, too.","abstract":null,"blog":[],"source":"The New York Times","headline":{"main":"Why Women Quit Working: It\u2019s Not for the Reasons Men Do","print_headline":"\u2018Care Chasm\u2019 Forces Women to Forgo Jobs"},"pub_date":"2017-01-24T23:07:11+0000","document_type":"article","news_desk":"Business","section_name":"Business Day","subsection_name":"Economy","type_of_material":"News","_id":"5887de257c459f2525d186d4"},{"web_url":"http:\/\/www.nytimes.com\/2017\/01\/28\/world\/asia\/japan-emperor-female-heirs.html","snippet":"As the governing party considers allowing Emperor Akihito to retire, many in the public believe the law should be permanently changed to admit women as heirs to the throne....","lead_paragraph":"As the governing party considers allowing Emperor Akihito to retire, many in the public believe the law should be permanently changed to admit women as heirs to the throne.","abstract":null,"blog":[],"source":"The New York Times","headline":{"main":"Many Japanese Look for a Shift to Female Heirs to the Throne","print_headline":"Many in Japan Look for Shift to Allow Female Heirs"},"pub_date":"2017-01-28T18:15:23+0000","document_type":"article","news_desk":"Foreign","section_name":"World","subsection_name":"Asia Pacific","type_of_material":"News","_id":"588cdfc37c459f2525d192ec"},{"web_url":"http:\/\/health.nytimes.com\/health\/guides\/disease\/intersex\/overview.html","snippet":"Intersex is a group of conditions where there is a discrepancy between the external genitals and the internal genitals (the testes and ovaries). The older term for this condition, hermaphroditism, came from joining the names of a Greek god and god...","lead_paragraph":"Intersex is a group of conditions where there is a discrepancy between the external genitals and the internal genitals (the testes and ovaries). The older term for this condition, hermaphroditism, came from joining the names of a Greek god and goddess, Hermes and Aphrodite. Hermes was a god of male sexuality (among other things) and Aphrodite a goddess of female sexuality, love, and beauty. Although the older terms are still included in this article for reference, they have been replaced by most experts (and patients and families) because they are misleading, confusing, and insensitive. Increasingly this group of conditions is being called disorders of sex development (DSDs).","abstract":null,"blog":[],"source":null,"headline":{"main":"Intersex"},"pub_date":null,"document_type":"topic","news_desk":null,"section_name":null,"subsection_name":null,"type_of_material":"healthtopic","_id":"52446d3738f0d8198973c437"},{"web_url":"http:\/\/health.nytimes.com\/health\/guides\/disease\/tick-paralysis\/overview.html","snippet":"Tick paralysis is a loss of muscle function that results from a tick bite....","lead_paragraph":"Tick paralysis is a loss of muscle function that results from a tick bite.","abstract":null,"blog":[],"source":null,"headline":{"main":"Tick Paralysis"},"pub_date":null,"document_type":"topic","news_desk":null,"section_name":null,"subsection_name":null,"type_of_material":"healthtopic","_id":"5244683738f0d8198973c368"},{"web_url":"http:\/\/health.nytimes.com\/health\/guides\/disease\/aicardi-syndrome\/overview.html","snippet":"Aicardi syndrome is a rare disorder passed down through families (inherited) in which the structure that connects the two sides of the brain (called the corpus callosum ) is partly or completely missing....","lead_paragraph":"Aicardi syndrome is a rare disorder passed down through families (inherited) in which the structure that connects the two sides of the brain (called the corpus callosum ) is partly or completely missing.","abstract":null,"blog":[],"source":null,"headline":{"main":"Aicardi Syndrome"},"pub_date":null,"document_type":"topic","news_desk":null,"section_name":null,"subsection_name":null,"type_of_material":"healthtopic","_id":"5244606d38f0d8198973c225"},{"web_url":"http:\/\/health.nytimes.com\/health\/guides\/symptoms\/short-stature\/overview.html","snippet":"Short stature refers to any person who is significantly below the average height for a person of the same age and sex. The term often refers to children or adolescents who are significantly below the average height of their peers....","lead_paragraph":"Short stature refers to any person who is significantly below the average height for a person of the same age and sex. The term often refers to children or adolescents who are significantly below the average height of their peers.","abstract":null,"blog":[],"source":null,"headline":{"main":"Short Stature"},"pub_date":null,"document_type":"topic","news_desk":null,"section_name":null,"subsection_name":null,"type_of_material":"healthtopic","_id":"524484d738f0d8198973c815"},{"web_url":"http:\/\/www.nytimes.com\/2017\/02\/23\/science\/mildred-dresselhaus-dead-queen-of-carbon.html","snippet":"Dr. Dresselhaus, who helped transform carbon into the superstar of modern materials science, was renowned for her efforts to promote the cause of women in science....","lead_paragraph":"Dr. Dresselhaus, who helped transform carbon into the superstar of modern materials science, was renowned for her efforts to promote the cause of women in science.","abstract":null,"blog":[],"source":"The New York Times","headline":{"main":"Mildred Dresselhaus, the Queen of Carbon, Dies at 86","print_headline":"Mildred Dresselhaus, Who Pioneered Revolution in Carbon Use, Dies at 86"},"pub_date":"2017-02-24T01:32:59+0000","document_type":"article","news_desk":"National","section_name":"Science","subsection_name":null,"type_of_material":"Obituary (Obit)","_id":"58af8d547c459f2525d1e359"},{"web_url":"http:\/\/www.nytimes.com\/2017\/02\/04\/nyregion\/a-displaced-syrian-woman-realizes-a-dream-by-aiding-refugees.html","snippet":"Rawda al-Mazloum is fulfilling ambitions by getting desperate women the help they need at a center in Lebanon run by the International Rescue Committee....","lead_paragraph":"Rawda al-Mazloum is fulfilling ambitions by getting desperate women the help they need at a center in Lebanon run by the International Rescue Committee.","abstract":null,"blog":[],"source":"The New York Times","headline":{"main":"A Displaced Syrian Woman Realizes a Dream by Aiding Refugees","content_kicker":"The Neediest Cases","kicker":"The Neediest Cases","print_headline":"A Displaced Syrian Woman Realizes a Dream by Aiding Refugees"},"pub_date":"2017-02-04T16:00:28+0000","document_type":"article","news_desk":"Metro","section_name":"N.Y. \/ Region","subsection_name":null,"type_of_material":"News","_id":"5895faa77c459f2525d1a798"},{"web_url":"http:\/\/health.nytimes.com\/health\/guides\/disease\/reifenstein-syndrome\/overview.html","snippet":"Reifenstein syndrome is disease that occurs in boys when the body cannot respond the right way to the male sex hormones (androgens). Testosterone is a male sex hormone. This disorder is a type of androgen insufficiency syndrome....","lead_paragraph":"Reifenstein syndrome is disease that occurs in boys when the body cannot respond the right way to the male sex hormones (androgens). Testosterone is a male sex hormone. This disorder is a type of androgen insufficiency syndrome.","abstract":null,"blog":[],"source":null,"headline":{"main":"Reifenstein Syndrome"},"pub_date":null,"document_type":"topic","news_desk":null,"section_name":null,"subsection_name":null,"type_of_material":"healthtopic","_id":"52448b9e38f0d8198973c92c"},{"web_url":"http:\/\/www.nytimes.com\/2017\/02\/14\/opinion\/what-beyonce-won-was-bigger-than-a-grammy.html","snippet":"Her victory lay in refusing to make herself palatable for white viewers....","lead_paragraph":"Her victory lay in refusing to make herself palatable for white viewers.","abstract":null,"blog":[],"source":"The New York Times","headline":{"main":"What Beyonc\u00e9 Won Was Bigger Than a Grammy","content_kicker":"Op-Ed Contributor","kicker":"Op-Ed Contributor"},"pub_date":"2017-02-14T23:54:44+0000","document_type":"article","news_desk":"OpEd","section_name":"Opinion","subsection_name":null,"type_of_material":"Op-Ed","_id":"58a398ce7c459f2525d1c67a"},{"web_url":"http:\/\/www.nytimes.com\/2014\/07\/22\/world\/asia\/united-nations-study-tracks-millions-of-child-brides.html","snippet":"More than 700 million women alive today were married as children, and more than one in three were wed before they reached 15, Unicef said in a study....","lead_paragraph":"More than 700 million women alive today were married as children, and more than one in three were wed before they reached 15, Unicef said in a study.","abstract":"Unicef releases study that has found that more than 700 million women alive today were married as children, and about 250 million of them were wed before they reached 15; report is released on eve of Girl Summit, international meeting being held in London that aims to mobilize efforts to end female genital mutilation and child marriages.","blog":[],"source":"The New York Times","headline":{"main":"Study Tracks Millions of Child Brides","print_headline":"Study Tracks Millions of Child Brides","content_kicker":"World Briefing"},"pub_date":"2014-07-22T00:00:00Z","document_type":"article","news_desk":"Foreign","section_name":"World","subsection_name":"Asia Pacific","type_of_material":"Brief","_id":"53cdcfdd38f0d85c8d90846c"},{"web_url":"http:\/\/www.nytimes.com\/2017\/02\/10\/world\/middleeast\/camel-beauty-contest-abu-dhabi.html","snippet":"An annual festival celebrating the camel kicked off near Abu Dhabi, with camel races and beauty contests....","lead_paragraph":"An annual festival celebrating the camel kicked off near Abu Dhabi, with camel races and beauty contests.","abstract":null,"blog":[],"source":"The New York Times","headline":{"main":"Where Camels Race and Win Beauty Contests"},"pub_date":"2017-02-10T20:02:55+0000","document_type":"article","news_desk":"Foreign","section_name":"World","subsection_name":"Middle East","type_of_material":"News","_id":"589e1c797c459f2525d1ba01"},{"web_url":"http:\/\/health.nytimes.com\/health\/guides\/disease\/congenital-adrenal-hyperplasia\/overview.html","snippet":"Congenital adrenal hyperplasia is the name given to a group of inherited disorders of the adrenal gland....","lead_paragraph":"Congenital adrenal hyperplasia is the name given to a group of inherited disorders of the adrenal gland.","abstract":null,"blog":[],"source":null,"headline":{"main":"Congenital Adrenal Hyperplasia"},"pub_date":null,"document_type":"topic","news_desk":null,"section_name":null,"subsection_name":null,"type_of_material":"healthtopic","_id":"524493d038f0d8198973ca78"},{"web_url":"http:\/\/health.nytimes.com\/health\/guides\/disease\/pinworms\/overview.html","snippet":"Pinworms are small worms that infect the intestines....","lead_paragraph":"Pinworms are small worms that infect the intestines.","abstract":null,"blog":[],"source":null,"headline":{"main":"Pinworms"},"pub_date":null,"document_type":"topic","news_desk":null,"section_name":null,"subsection_name":null,"type_of_material":"healthtopic","_id":"5244a41f38f0d8198973cd1e"},{"web_url":"http:\/\/www.nytimes.com\/aponline\/2017\/01\/16\/us\/politics\/ap-us-trump-ivanka.html","snippet":"She may not be working in the White House, but that doesn't mean Ivanka Trump is staying out of politics....","lead_paragraph":"She may not be working in the White House, but that doesn't mean Ivanka Trump is staying out of politics.","abstract":null,"blog":[],"source":"AP","headline":{"main":"Ivanka Trump Lays Groundwork for Policy Role in Washington","print_headline":"Ivanka Trump Lays Groundwork for Policy Role in Washington"},"pub_date":"2017-01-16T08:45:37+0000","document_type":"article","news_desk":null,"section_name":"U.S.","subsection_name":"Politics","type_of_material":"News","_id":"587c88367c459f2525d16c3c"},{"web_url":"http:\/\/health.nytimes.com\/health\/guides\/disease\/adrenoleukodystrophy\/overview.html","snippet":"Adrenoleukodystrophy describes several closely related inherited disorders that disrupt the breakdown (metabolism) of certain fats (very-long-chain fatty acids)....","lead_paragraph":"Adrenoleukodystrophy describes several closely related inherited disorders that disrupt the breakdown (metabolism) of certain fats (very-long-chain fatty acids).","abstract":null,"blog":[],"source":null,"headline":{"main":"Adrenoleukodystrophy"},"pub_date":null,"document_type":"topic","news_desk":null,"section_name":null,"subsection_name":null,"type_of_material":"healthtopic","_id":"5244a4db38f0d8198973cd40"},{"web_url":"http:\/\/health.nytimes.com\/health\/guides\/disease\/developmental-dysplasia-of-the-hip\/overview.html","snippet":"Developmental dysplasia of the hip (DDH) is a dislocation of the hip joint that is present at birth. The condition is found in babies or young children....","lead_paragraph":"Developmental dysplasia of the hip (DDH) is a dislocation of the hip joint that is present at birth. The condition is found in babies or young children.","abstract":null,"blog":[],"source":null,"headline":{"main":"Developmental Dysplasia of the Hip"},"pub_date":null,"document_type":"topic","news_desk":null,"section_name":null,"subsection_name":null,"type_of_material":"healthtopic","_id":"52449fc438f0d8198973cc6b"}]