[{"web_url":"http:\/\/www.nytimes.com\/2017\/02\/21\/movies\/women-protagonists-movies-2016.html","snippet":"In a year when Jyn Erso powered \u201cRogue One\u201d to No. 1, a study finds a rise in major female characters. But minority women faced a tougher road....","lead_paragraph":"In a year when Jyn Erso powered \u201cRogue One\u201d to No. 1, a study finds a rise in major female characters. But minority women faced a tougher road.","abstract":null,"blog":[],"source":"The New York Times","headline":{"main":"More Women Were Protagonists in 2016 Movies","print_headline":"Women Make Gains in Lead Film Roles"},"pub_date":"2017-02-21T15:00:02+0000","document_type":"article","news_desk":"Culture","section_name":"Movies","subsection_name":null,"type_of_material":"News","_id":"58ac56017c459f2525d1dab0"},{"web_url":"http:\/\/www.nytimes.com\/2017\/01\/18\/opinion\/this-year-oscarssoblack.html","snippet":"Against a backdrop of tense race relations, three widely praised movies should bring needed diversity to this year\u2019s Academy Award nominations....","lead_paragraph":"Against a backdrop of tense race relations, three widely praised movies should bring needed diversity to this year\u2019s Academy Award nominations.","abstract":null,"blog":[],"source":"The New York Times","headline":{"main":"This Year, #OscarsSoBlack?","content_kicker":"Op-Ed Columnist","kicker":"Op-Ed Columnist","print_headline":"A More Diverse  Oscars?"},"pub_date":"2017-01-18T08:21:22+0000","document_type":"article","news_desk":"OpEd","section_name":"Opinion","subsection_name":null,"type_of_material":"Op-Ed","_id":"587f25867c459f2525d1724f"},{"web_url":"http:\/\/www.nytimes.com\/2017\/02\/22\/movies\/seijun-suzuki-director-who-inspired-tarantino-and-jarmusch-dies-at-93.html","snippet":"The filmmaker\u2019s low-budget movies used surrealist humor and experimentation; he\u2019s perhaps best known for \u201cBranded to Kill,\u201d a 1967 gangster story....","lead_paragraph":"The filmmaker\u2019s low-budget movies used surrealist humor and experimentation; he\u2019s perhaps best known for \u201cBranded to Kill,\u201d a 1967 gangster story.","abstract":null,"blog":[],"source":"The New York Times","headline":{"main":"Seijun Suzuki, Director Who Inspired Tarantino and Jarmusch, Dies at 93","print_headline":"Seijun Suzuki, 93, Innovative and Restless Director"},"pub_date":"2017-02-22T19:14:42+0000","document_type":"article","news_desk":"Culture","section_name":"Movies","subsection_name":null,"type_of_material":"Obituary (Obit)","_id":"58adf2757c459f2525d1df02"},{"web_url":"http:\/\/www.nytimes.com\/2017\/02\/27\/movies\/moonlight-la-la-land-academy-awards-conversation.html","snippet":"Three New York Times critics share their reactions to the wrong best picture\u2019s being announced at the awards show....","lead_paragraph":"Three New York Times critics share their reactions to the wrong best picture\u2019s being announced at the awards show.","abstract":null,"blog":[],"source":"The New York Times","headline":{"main":"\u2018Moonlight,\u2019 \u2018La La Land\u2019 and What an Epic Oscars Fail Really Says","print_headline":"And the Winner Is \u2026 Wrong"},"pub_date":"2017-02-27T20:49:44+0000","document_type":"article","news_desk":"Culture","section_name":"Movies","subsection_name":null,"type_of_material":"News","_id":"58b490ef7c459f2525d1ecf2"},{"web_url":"http:\/\/www.nytimes.com\/2017\/02\/14\/movies\/producing-the-oscars-and-finding-redemption.html","snippet":"For Michael De Luca, a force behind films like \u201cThe Social Network\u201d and \u201cFifty Shades of Grey,\u201d the greatest triumph of his career is much more personal....","lead_paragraph":"For Michael De Luca, a force behind films like \u201cThe Social Network\u201d and \u201cFifty Shades of Grey,\u201d the greatest triumph of his career is much more personal.","abstract":null,"blog":[],"source":"The New York Times","headline":{"main":"Producing the Oscars, and Finding Redemption","print_headline":"Oscars for Good Behavior"},"pub_date":"2017-02-14T22:54:46+0000","document_type":"article","news_desk":"Culture","section_name":"Movies","subsection_name":null,"type_of_material":"News","_id":"58a38abd7c459f2525d1c64a"},{"web_url":"http:\/\/www.nytimes.com\/2017\/02\/26\/business\/media\/oscars-trump-hollywood.html","snippet":"Who do our stars think they\u2019re winning over with political oratory side-by-side with a bacchanalia of self-congratulation?...","lead_paragraph":"Who do our stars think they\u2019re winning over with political oratory side-by-side with a bacchanalia of self-congratulation?","abstract":null,"blog":[],"source":"The New York Times","headline":{"main":"Assailing the White House From Hollywood\u2019s Glass House","content_kicker":"Mediator","kicker":"Mediator","print_headline":"Assailing Trump\u2019s White House  From Hollywood\u2019s Glass House"},"pub_date":"2017-02-27T02:26:34+0000","document_type":"article","news_desk":"Business","section_name":"Business Day","subsection_name":"Media","type_of_material":"News","_id":"58b38e627c459f2525d1ea68"},{"web_url":"http:\/\/www.nytimes.com\/2016\/07\/25\/opinion\/hollywoods-female-directors.html","snippet":"A film and TV director says there is no shortage of professional women in Hollywood....","lead_paragraph":"A film and TV director says there is no shortage of professional women in Hollywood.","abstract":null,"blog":[],"source":"The New York Times","headline":{"main":"Hollywood\u2019s Female Directors","content_kicker":"Letter","kicker":"Letter","print_headline":"Women in Hollywood"},"pub_date":"2016-07-25T00:00:00Z","document_type":"article","news_desk":"Letters","section_name":"Opinion","subsection_name":null,"type_of_material":"Letter","_id":"5795bde838f0d838f06b9c38"},{"web_url":"http:\/\/www.nytimes.com\/2017\/02\/02\/arts\/television\/girls-season-six.html","snippet":"Our critics look at the impact of the HBO show on television as it enters its sixth and final season....","lead_paragraph":"Our critics look at the impact of the HBO show on television as it enters its sixth and final season.","abstract":null,"blog":[],"source":"The New York Times","headline":{"main":"6 Ways \u2018Girls\u2019 Changed Television. Or Didn\u2019t.","print_headline":"Voice. Vice. Veracity."},"pub_date":"2017-02-02T10:00:24+0000","document_type":"article","news_desk":"Arts&Leisure","section_name":"Arts","subsection_name":"Television","type_of_material":"News","_id":"589303407c459f2525d1a06d"},{"web_url":"http:\/\/www.nytimes.com\/2017\/02\/08\/world\/australia\/newsletter-issue2-trump-turnbull-refugees.html","snippet":"Can Americans and Australians hold together what politics threatens to tear apart?...","lead_paragraph":"Can Americans and Australians hold together what politics threatens to tear apart?","abstract":null,"blog":[],"source":"The New York Times","headline":{"main":"Ties that Bind, and Fray","content_kicker":"Australia Newsletter"},"pub_date":"2017-02-08T22:31:33+0000","document_type":"article","news_desk":"Foreign","section_name":"World","subsection_name":"Australia","type_of_material":"Brief","_id":"589b9c4c7c459f2525d1b2e2"},{"web_url":"http:\/\/www.nytimes.com\/2016\/09\/11\/movies\/where-were-women-in-movies-anthology-film-archives-gives-an-early-history.html","snippet":"\u201cWoman With a Movie Camera: Female Film Directors Before 1950\u201d starts with works by Ida May Park, Gene Gauntier and others....","lead_paragraph":"\u201cWoman With a Movie Camera: Female Film Directors Before 1950\u201d starts with works by Ida May Park, Gene Gauntier and others.","abstract":null,"blog":[],"source":"The New York Times","headline":{"main":"Where Were Women in Movies? Anthology Film Archives Gives an Early History","print_headline":"Film; Where the Women in Movies Were"},"pub_date":"2016-09-11T04:00:00+0000","document_type":"article","news_desk":"Arts&Leisure","section_name":"Movies","subsection_name":null,"type_of_material":"News","_id":"57e2d9457c459f227dbac698"},{"web_url":"http:\/\/www.nytimes.com\/2017\/01\/27\/movies\/john-hurt-dead.html","snippet":"Mr. Hurt was nominated for an Academy Award for his portrayal of the title role in the 1980 film \u201cThe Elephant Man.\u201d...","lead_paragraph":"Mr. Hurt was nominated for an Academy Award for his portrayal of the title role in the 1980 film \u201cThe Elephant Man.\u201d","abstract":null,"blog":[],"source":"The New York Times","headline":{"main":"John Hurt, British Actor Hailed for His Shape-Shifting Roles, Dies at 77","print_headline":"John Hurt, British Actor of Shape-Shifting Roles, Dies at 77"},"pub_date":"2017-01-28T04:45:20+0000","document_type":"article","news_desk":"Culture","section_name":"Movies","subsection_name":null,"type_of_material":"Obituary (Obit)","_id":"588c21e57c459f2525d1921a"},{"web_url":"http:\/\/www.nytimes.com\/2014\/12\/28\/movies\/in-hollywood-its-a-mens-mens-mens-world.html","snippet":"Even though women hold power positions throughout the industry, only a handful of movies directed by women have been released by the major Hollywood studios this year....","lead_paragraph":"Even though women hold power positions throughout the industry, only a handful of movies directed by women have been released by the major Hollywood studios this year.","abstract":"Warner Bros has hired Michelle MacLaren to direct its Wonder Woman movie, becoming first studio to tap female director for major superhero project; news offers further evidence that female directors are inching closer to closing gender gap, but big disparities remain, particularly in Hollywood and in action genre (Series: The Director Gap).","blog":[],"source":"The New York Times","headline":{"main":"In Hollywood, It\u2019s a Men\u2019s, Men\u2019s, Men\u2019s World","content_kicker":"The Director Gap","print_headline":"It\u2019s a Men\u2019s, Men\u2019s, Men\u2019s World"},"pub_date":"2014-12-28T00:00:00Z","document_type":"article","news_desk":"Arts&Leisure","section_name":"Movies","subsection_name":null,"type_of_material":"News","_id":"549aed1438f0d879a541872e"},{"web_url":"http:\/\/www.nytimes.com\/2017\/01\/12\/arts\/television\/how-movies-and-tv-address-rape-and-revenge.html","snippet":"Films like \u201cElle\u201d and TV series like \u201cSweet\/Vicious\u201d and \u201cWestworld\u201d are depicting sexual violence and its consequences in a new light, with mixed success....","lead_paragraph":"Films like \u201cElle\u201d and TV series like \u201cSweet\/Vicious\u201d and \u201cWestworld\u201d are depicting sexual violence and its consequences in a new light, with mixed success.","abstract":null,"blog":[],"source":"The New York Times","headline":{"main":"How Movies and TV Address Rape and Revenge","print_headline":"Rape, Revenge and How We Watch"},"pub_date":"2017-01-12T11:00:26+0000","document_type":"article","news_desk":"Arts&Leisure","section_name":"Arts","subsection_name":"Television","type_of_material":"News","_id":"587761cc7c459f2525d1625a"},{"web_url":"http:\/\/www.nytimes.com\/2013\/12\/22\/opinion\/sunday\/bruni-waiting-for-wonder-woman.html","snippet":"Despite strides in 2013 and the miracle that is Jennifer Lawrence, Hollywood still owes us more heroines than we get....","lead_paragraph":"Despite strides in 2013 and the miracle that is Jennifer Lawrence, Hollywood still owes us more heroines than we get.","abstract":"Frank Bruni Op-Ed column contends the announcement that Wonder Woman will appear in an upcoming sequel to the film Man of Steel underscores the lack of female heroines in Hollywood movies; maintains that everyone should care about glass ceilings and the inadequate breadth of what Hollywood shows and tells girls and boys.","blog":[],"source":"The New York Times","headline":{"main":"Waiting for Wonder Woman","content_kicker":"Op-Ed Columnist","kicker":"Op-Ed Columnist","print_headline":"Waiting for Wonder Woman"},"pub_date":"2013-12-22T00:00:00Z","document_type":"article","news_desk":"Editorial","section_name":"Opinion","subsection_name":"Sunday Review","type_of_material":"Op-Ed","_id":"52b5ec4a38f0d837d23e2d4f"},{"web_url":"http:\/\/artsbeat.blogs.nytimes.com\/2016\/02\/09\/women-make-strong-gains-in-depictions-on-the-big-screen\/","snippet":"A study of the top 100 films of 2015 finds that 22 percent of the protagonists were women, an increase of 10 percentage points over the previous year....","lead_paragraph":null,"abstract":"A study of the top 100 films of 2015 finds that 22 percent of the protagonists were women, an increase of 10 percentage points over the previous year.","blog":[],"source":"The New York Times","headline":{"main":"Women Make Strong Gains in Depictions on the Big Screen","kicker":"ArtsBeat","print_headline":"Big-Screen Gains"},"pub_date":"2016-02-09T14:56:35Z","document_type":"blogpost","news_desk":"Culture","section_name":"Arts","subsection_name":null,"type_of_material":"Blog","_id":"56ba44cf38f0d831a891678e"},{"web_url":"http:\/\/www.nytimes.com\/2015\/10\/18\/arts\/television\/supergirl-leads-a-wave-of-female-heroes.html","snippet":"The show is just one example in which women are better represented as superheroes than ever before....","lead_paragraph":"The show is just one example in which women are better represented as superheroes than ever before.","abstract":"Two new series, Supergirl on CBS and Jessica Jones on Netflix, attempt to correct gender parity of comic book superheroes featured on screen.","blog":[],"source":"The New York Times","headline":{"main":"\u2018Supergirl\u2019 Leads a Wave of Female Heroes","print_headline":"She\u2019s More Than Ready to Right Wrongs"},"pub_date":"2015-10-18T00:00:00Z","document_type":"article","news_desk":"Arts&Leisure","section_name":"Arts","subsection_name":"Television","type_of_material":"News","_id":"5620e6cf38f0d84dbbafe2b6"},{"web_url":"http:\/\/www.nytimes.com\/2015\/03\/23\/business\/media\/at-the-box-office-its-no-longer-a-mans-world.html","snippet":"Women are driving movie ticket sales to a degree rarely seen before, while young men, long the most coveted audience, are relatively AWOL....","lead_paragraph":"Women are driving movie ticket sales to a degree rarely seen before, while young men, long the most coveted audience, are relatively AWOL.","abstract":"Women are buying movie tickets at almost unprecedented degree, while traditional lucrative audience of young men is spending comparatively less at box office as industry gears up for summer blockbuster season; young men are more easily distracted by other forms of entertainment and women may be more reliable opening-weekend audience.","blog":[],"source":"The New York Times","headline":{"main":"At the Box Office, It\u2019s No Longer a Man\u2019s World","print_headline":"At the Box Office, It\u2019s No Longer a Man\u2019s World"},"pub_date":"2015-03-23T00:00:00Z","document_type":"article","news_desk":"Business","section_name":"Business Day","subsection_name":"Media","type_of_material":"News","_id":"550f5a9a38f0d82e80e0abaf"},{"web_url":"http:\/\/artsbeat.blogs.nytimes.com\/2011\/05\/13\/around-the-web-a-push-for-bridesmaids\/","snippet":"A look around the Web at what women writers are saying about \u201cBridesmaids\u201d and what its box-office success could mean....","lead_paragraph":"Does the future of female-driven comedy rest on on how well \u201cBridesmaids\u201d fares at the box office? Writers around the Web are standing up for the film, hoping it will lead to more projects and opportunities for funny women in Hollywood. In her review, The Times\u2019s Manohla Dargis praises the screenwriters Kristen Wiig and Annie Mumolo, saying they \u201cknow what female moviegoers want: honest laughs with, and not solely about, women.\u201d She added that the film offers \u201cirrefutable proof that along with producing and starring in a hit TV series (thank you, Tina Fey), women can go aggressive laugh to aggressive-and-absurd laugh with men. All they need, beyond talent and timing, a decent director and better lines, is a chance.\u201d","abstract":"A look around the Web at what women writers are saying about \u201cBridesmaids\u201d and what its box-office success could mean.","blog":[],"source":"The New York Times","headline":{"main":"Around the Web, a Push for \u2018Bridesmaids\u2019","kicker":"ArtsBeat"},"pub_date":"2011-05-13T17:26:32Z","document_type":"blogpost","news_desk":null,"section_name":"Arts","subsection_name":null,"type_of_material":"Blog","_id":"4fd39f968eb7c8105d8e3cc0"},{"web_url":"http:\/\/www.nytimes.com\/2014\/03\/05\/opinion\/dowd-frozen-in-a-niche.html","snippet":"When will Hollywood accept that the world is curvy, and the curvy world can be profitable?...","lead_paragraph":"When will Hollywood accept that the world is curvy, and the curvy world can be profitable?","abstract":"Maureen Dowd Op-Ed column holds that although the Oscars seemed like a pantheon of diversity, Hollywood is still overwhelmingly run by middle-aged white men; ponders why Hollywood executives continue to struggle with the notion that films directed by and starring women can be just as profitable as movies directed by and starring men.","blog":[],"source":"The New York Times","headline":{"main":"Frozen in a Niche?","kicker":"Op-Ed Columnist","print_headline":"Frozen in a Niche?","content_kicker":"Op-Ed Columnist"},"pub_date":"2014-03-05T00:00:00Z","document_type":"article","news_desk":"Editorial","section_name":"Opinion","subsection_name":null,"type_of_material":"Op-Ed","_id":"531687ac38f0d86fea64d1f4"},{"web_url":"http:\/\/www.nytimes.com\/2013\/06\/06\/business\/media\/on-newsstands-allure-of-the-film-actress-fades.html","snippet":"Film stars are no longer the reader magnets they once were, so magazines are turning to TV actors, reality stars and musicians....","lead_paragraph":"Film stars are no longer the reader magnets they once were, so magazines are turning to TV actors, reality stars and musicians.","abstract":"Film stars on magazine covers are no longer reader magnets they once were, so publications are turning to TV actors, reality stars and musicians to grace their covers; magazine editors credit change to improvement in quality of television programming and strength of musicians, saying these celebrities connect with their fans more frequently and are often more approachable than their movie star equivalents.","blog":[],"source":"The New York Times","headline":{"main":"On Newsstands, Allure of the Film Actress Fades","print_headline":"On Newsstands, Allure of the Film Actress Fades"},"pub_date":"2013-06-06T00:00:00Z","document_type":"article","news_desk":"Business","section_name":"Business Day","subsection_name":"Media","type_of_material":"News","_id":"51afee9340e9ec65d203b8d5"}]