[{"web_url":"http:\/\/www.nytimes.com\/2011\/10\/16\/world\/africa\/movement-to-end-genital-cutting-spreads-in-senegal.html","snippet":"Over the past 15 years, the majority of villages where genital cutting was commonplace have now committed to stop....","lead_paragraph":"Over the past 15 years, the majority of villages where genital cutting was commonplace have now committed to stop.","abstract":"Thousands of villages across Senegal are moving to end the bloody traditional rite of female circumcision; the movement to end genital cutting is spreading at a quickening pace through the very ties of family and ethnicity that used to entrench it.","blog":[],"source":"The New York Times","headline":{"seo":"Movement to End Genital Cutting Spreads in Senegal","main":"Senegal Curbs a Bloody Rite for Girls and Women","print_headline":"Senegal Curbs A Bloody Rite, African-Style"},"pub_date":"2011-10-16T00:00:00Z","document_type":"article","news_desk":"Foreign","section_name":"World","subsection_name":"Africa","type_of_material":"News","_id":"51816269cf28d05efe00007d"},{"web_url":"http:\/\/www.nytimes.com\/2011\/12\/08\/opinion\/kristof-joining-a-dinner-in-a-muslim-brotherhood-home.html","snippet":"For all the international alarm about the Muslim Brotherhood\u2019s rise in Egypt, members say their priority in government isn\u2019t religion. It\u2019s jobs....","lead_paragraph":"For all the international alarm about the Muslim Brotherhood\u2019s rise in Egypt, members say their priority in government isn\u2019t religion. It\u2019s jobs.","abstract":"Nicholas D Kristof Op-Ed column says his experiences with the Muslim Brotherhood, Egypt's dominant political party, suggest that the activists are more concerned with economic conditions than religion; holds the Brotherhood is far more complex than the caricature that scares many Americans.","blog":[],"source":"The New York Times","headline":{"seo":"Joining a Dinner in a Muslim Brotherhood Home","main":"Joining a Dinner in a Muslim Brotherhood Home","content_kicker":"Op-Ed Columnist","kicker":"Op-Ed Columnist","print_headline":"Joining a Dinner in a Muslim Brotherhood Home"},"pub_date":"2011-12-08T00:00:00Z","document_type":"article","news_desk":"Editorial","section_name":"Opinion","subsection_name":null,"type_of_material":"Op-Ed","_id":"5234586a38f0d81989737979"},{"web_url":"http:\/\/query.nytimes.com\/gst\/abstract.html?res=9A0CEEDC1639EF34BC4951DFB767838A669FDE","snippet":"Many recent circumstances attest the increased interest that women are taking in the discussion of social and political subjects which have hitherto been deemed to be out of their \"sphere.' The influence exerted by the women of New-York in helping...","lead_paragraph":"Many recent circumstances attest the increased interest that women are taking in the discussion of social and political subjects which have hitherto been deemed to be out of their \"sphere.' The influence exerted by the women of New-York in helping forward the work of reform, and securing the victory of honesty over fraud in our late election can hardly be overestimated.","abstract":null,"blog":[],"source":"The New York Times","headline":{"main":"Female Influence in Politics.","kicker":"1"},"pub_date":"1871-11-21T00:03:58Z","document_type":"article","news_desk":null,"section_name":null,"subsection_name":null,"type_of_material":"Editorial","_id":"4fbfe7e345c1498b0d063e97"},{"web_url":"http:\/\/www.nytimes.com\/2016\/10\/05\/world\/europe\/glass-cliff-uk-women-politics.html","snippet":"The theory holds that women are often placed in positions of power when the situation is dire, men are fleeing and the likelihood of success is low....","lead_paragraph":"The theory holds that women are often placed in positions of power when the situation is dire, men are fleeing and the likelihood of success is low.","abstract":"News Analysis; fallout from so-called Brexit vote across European Union  seems to support notion that emergence of female leaders may not be evidence of shattering of glass ceiling so much as much as reality of 'glass cliff'; theory holds women can be placed in positions of power when circumstances are so dire that likelihood of success is low; outcome then reinforces stereotyped views that women perform poorly in leadership roles.","blog":[],"source":"The New York Times","headline":{"main":"\u2018Glass Cliff,\u2019 Not Just Ceiling, Often Impedes Women Rising in Politics","content_kicker":"Letter From Europe","kicker":"Letter From Europe","print_headline":"Female Leaders May Face \u2018Glass Cliff\u2019"},"pub_date":"2016-10-07T04:00:00+0000","document_type":"article","news_desk":"Foreign","section_name":"World","subsection_name":"Europe","type_of_material":"News","_id":"57f4b10395d0e021d798a26a"},{"web_url":"http:\/\/www.nytimes.com\/video\/multimedia\/100000001708507\/timescast-politics.html","snippet":"Jodi Kantor reports on the push for a female debate moderator....","lead_paragraph":"Jodi Kantor reports on the push for a female debate moderator.","abstract":null,"blog":[],"source":"The New York Times","headline":{"main":"TimesCast Politics","sub":"A Push for a Female Debate Moderator"},"pub_date":"2012-08-07T18:04:36Z","document_type":"multimedia","news_desk":"Multimedia\/Photos","section_name":"Multimedia\/Photos","subsection_name":null,"type_of_material":"Video","_id":"504a793a1c22dfde670bcffc"},{"web_url":"http:\/\/www.nytimes.com\/reuters\/2016\/07\/12\/world\/europe\/12reuters-britain-politics-women-rights.html","snippet":"Britain may be about to welcome its second woman prime minister but female politicians are still far from achieving equality with online abuse, objectification and misogyny plaguing British politics, a leading women's rights group said....","lead_paragraph":"Britain may be about to welcome its second woman prime minister but female politicians are still far from achieving equality with online abuse, objectification and misogyny plaguing British politics, a leading women's rights group said.","abstract":null,"blog":[],"source":"Reuters","headline":{"main":"Britain Set to Welcome Female PM but Sexism Still 'Corrodes' Politics, Activists Say","print_headline":"Britain Set to Welcome Female PM but Sexism Still 'Corrodes' Politics, Activists Say"},"pub_date":"2016-07-12T15:18:13Z","document_type":"article","news_desk":"None","section_name":"World","subsection_name":"Europe","type_of_material":"News","_id":"5785433f38f0d804dfd9b946"},{"web_url":"http:\/\/www.nytimes.com\/1982\/10\/27\/us\/male-female-split-on-politics-found-a-key-factor-in-polls.html","snippet":"The split in political attitudes between men and women, a trend that Republicans have feared since women's unhappiness with President Reagan became clear in national polls last year, has emerged as a major factor in many 1982 election contests.   ...","lead_paragraph":"The split in political attitudes between men and women, a trend that Republicans have feared since women's unhappiness with President Reagan became clear in national polls last year, has emerged as a major factor in many 1982 election contests. Politicians report that what they call the gender gap is showing up widely in campaigns from coast to coast. Their campaign polls usually find Democrats getting more support from women while Republicans have more backing from men, but women vote in greater numbers than men. Facing this unaccustomed divergence, both parties are concentrating on women. Although they share some tactics, such as greater use of daytime television, the parties argue over whether the Reagan Administration's economic and budget policies have hit women hardest. Many Republicans are seeking to shield themselves from the effects of women's dislike for the Administration, shown repeatedly in national polls, by emphasizing education or the elderly in their campaigns.","abstract":null,"blog":[],"source":"The New York Times","headline":{"main":"MALE-FEMALE SPLIT ON POLITICS FOUND A KEY FACTOR IN POLLS"},"pub_date":"1982-10-27T00:00:00Z","document_type":"article","news_desk":"National Desk","section_name":"Front Page; U.S.; Washington","subsection_name":null,"type_of_material":"News","_id":"4fd12a928eb7c8105d5f31d0"},{"web_url":"http:\/\/query.nytimes.com\/gst\/abstract.html?res=9A0CE2DD1439E533A25751C1A9609C94649FD7CF","snippet":"To the Editor of the Springfield (Mass.) Republican. A friend has just handed me a cutting  from the Boston Commonwealth containing a letter from Elizur Wright, dated Feb. 25, drawing attention to 172 names in Boston and its vicinity appended to a...","lead_paragraph":"To the Editor of the Springfield (Mass.) Republican. A friend has just handed me a cutting from the Boston Commonwealth containing a letter from Elizur Wright, dated Feb. 25, drawing attention to 172 names in Boston and its vicinity appended to a petition addressed to the Legislature against the extension of suffrage.","abstract":"Caroline H. Dall's Letter to THE TIMES","blog":[],"source":"The New York Times","headline":{"main":"WOMEN AND POLITICS.; THE SUFFRAGE ISSUE DISCUSSED BY A VETERAN FEMALE ADVOCATE."},"pub_date":"1885-06-12T00:00:00Z","document_type":"article","news_desk":null,"section_name":null,"subsection_name":null,"type_of_material":"Article","_id":"4fc00a2c45c1498b0d10326e"},{"web_url":"http:\/\/www.nytimes.com\/reuters\/2016\/07\/13\/world\/europe\/13reuters-britain-politics-women-rights.html","snippet":"Britain may be about to welcome its second woman prime minister but female politicians are still far from achieving equality with online abuse, objectification and misogyny plaguing British politics, a leading women's rights group said....","lead_paragraph":"Britain may be about to welcome its second woman prime minister but female politicians are still far from achieving equality with online abuse, objectification and misogyny plaguing British politics, a leading women's rights group said.","abstract":null,"blog":[],"source":"Reuters","headline":{"main":"Britain Set to Welcome Female PM but Sexism Still 'Corrodes' Politics, Activists Say","print_headline":"Britain Set to Welcome Female PM but Sexism Still 'Corrodes' Politics, Activists Say"},"pub_date":"2016-07-13T08:36:05Z","document_type":"article","news_desk":"None","section_name":"World","subsection_name":"Europe","type_of_material":"News","_id":"578635d838f0d804dfd9bbb7"},{"web_url":"https:\/\/www.nytimes.com\/2017\/02\/25\/opinion\/why-so-few-women-in-state-politics.html","snippet":"Female politicians in the United States lag far behind their counterparts in other Western democracies....","lead_paragraph":"Female politicians in the United States lag far behind their counterparts in other Western democracies.","abstract":null,"blog":[],"source":"The New York Times","headline":{"main":"Why So Few Women in State Politics?","kicker":"Editorial","print_headline":"Too Few Women in the Political Pipeline","content_kicker":"Editorial"},"pub_date":"2017-02-25T20:48:15+0000","document_type":"article","news_desk":"Editorial","section_name":"Opinion","subsection_name":null,"type_of_material":"Editorial","_id":"58b1ed9795d0e02474638977"},{"web_url":"http:\/\/query.nytimes.com\/gst\/abstract.html?res=990CEED81F39E633A25755C1A9619C946596D6CF","snippet":"For the first time in the history of New York, the leader of a political party conferred yesterday with the women of his party....","lead_paragraph":"For the first time in the history of New York, the leader of a political party conferred yesterday with the women of his party.","abstract":"Col. Roosevelt confers with women of N. Y. State Progressive Service; speeches by Dr. Katherine Davis and Lillian Wald","blog":[],"source":"The New York Times","headline":{"main":"ROOSEVELT TALKS POLITICS TO WOMEN; Tells Female Progressives at Colony Club Luncheon That He Is with Them."},"pub_date":"1914-07-16T00:00:00Z","document_type":"article","news_desk":null,"section_name":null,"subsection_name":null,"type_of_material":"Article","_id":"4fc05cb045c1498b0d27c5dd"},{"web_url":"http:\/\/www.nytimes.com\/1990\/12\/20\/opinion\/essay-bad-year-for-women.html","snippet":"The wirephoto showed a couple of blurred male faces in the background -- Boris Yeltsin and Mikhail Gorbachev, in their funereal dark suits and ties -- while in the forefront, Sazhi Umalatova, 37, a deputy elected by the angry citizens of Chechen-I...","lead_paragraph":"The wirephoto showed a couple of blurred male faces in the background -- Boris Yeltsin and Mikhail Gorbachev, in their funereal dark suits and ties -- while in the forefront, Sazhi Umalatova, 37, a deputy elected by the angry citizens of Chechen-Ingush, a bright knitted jacket on her broad shoulders, lashed into the man at the top. \"You do not have the right to lead the country,\" she said. \"You brought devastation, hunger, cold, blood, tears.\" The defiant woman from the Caucasus answered the Soviet leader's demand for dictatorial powers with her own call for a vote of no confidence. But only one-fourth of the 2,000 delegates in the Congress of People's Deputies -- mostly male apparatchiks -- voted with her; Mr. Gorbachev, ominously promising \"discipline,\" prevailed.","abstract":null,"blog":[],"source":"The New York Times","headline":{"main":"Bad Year for Women","kicker":"ESSAY"},"pub_date":"1990-12-20T00:00:00Z","document_type":"article","news_desk":"Editorial Desk","section_name":"Opinion","subsection_name":null,"type_of_material":"Op-Ed","_id":"4fd1b4bf8eb7c8105d6d9d87"},{"web_url":"http:\/\/query.nytimes.com\/gst\/abstract.html?res=9F00EFD6143AE033A25750C2A9619C94699FD7CF","snippet":"LONDON July 22.--The interesting question being asked in political circles to-day is \"Who is she?\" It is rumored, and seems to be generally believed, that a woman is at the bottom of the Parnell persecution, and that she is the main source from wh...","lead_paragraph":"LONDON July 22.--The interesting question being asked in political circles to-day is \"Who is she?\" It is rumored, and seems to be generally believed, that a woman is at the bottom of the Parnell persecution, and that she is the main source from which the Times obtained the material on which it based its charges.","abstract":null,"blog":[],"source":"The New York Times","headline":{"main":"THE WOMAN IN THE CASE; A QUESTION THAT AGITATES BRITISH POLITICS. THE PARNELL CHARGES BELIEVED TO HAVE EMANATED FROM A MYSTERIOUS FEMALE."},"pub_date":"1888-07-23T00:00:00Z","document_type":"article","news_desk":null,"section_name":null,"subsection_name":null,"type_of_material":"Front Page","_id":"4fc015c045c1498b0d13918a"},{"web_url":"https:\/\/www.nytimes.com\/2017\/02\/14\/dining\/chef-dominique-crenn.html","snippet":"The San Francisco chef is suddenly one of the world\u2019s most acclaimed and visible cooks \u2014 and one of the few women ranked alongside men....","lead_paragraph":"The San Francisco chef is suddenly one of the world\u2019s most acclaimed and visible cooks \u2014 and one of the few women ranked alongside men.","abstract":null,"blog":[],"source":"The New York Times","headline":{"main":"Does Fame Have a Recipe? Dominique Crenn\u2019s Fast Rise","print_headline":"Here, There  and Rising"},"pub_date":"2017-02-14T18:00:08+0000","document_type":"article","news_desk":"Dining","section_name":"Food","subsection_name":null,"type_of_material":"News","_id":"58a345af95d0e02474636677"},{"web_url":"http:\/\/query.nytimes.com\/gst\/abstract.html?res=9F06E1DB143DE633A25757C1A9639C94669ED7CF","snippet":"DENVER, Col., May 13. -- The Colorado Equal Suffrage Association and the Civic Federation of Denver make a public statement regarding the results of woman suffrage in Colorado, in the course of which they say:...","lead_paragraph":"DENVER, Col., May 13. -- The Colorado Equal Suffrage Association and the Civic Federation of Denver make a public statement regarding the results of woman suffrage in Colorado, in the course of which they say:","abstract":"Woman Suffrage; Equal Suffrage Association's Statement","blog":[],"source":"The New York Times","headline":{"main":"COLORADO'S WOMEN VOTERS; The Work They Have Accomplished Since Receiving the Right of Suffrage. A STATEMENT OF THE RESULTS Politics Have Been Materially Purified in the State by the Influence of Women -- Female Officeholders Have Proved Efficient."},"pub_date":"1897-05-14T00:00:00Z","document_type":"article","news_desk":null,"section_name":null,"subsection_name":null,"type_of_material":"Article","_id":"4fc01cd145c1498b0d159f2f"},{"web_url":"http:\/\/query.nytimes.com\/gst\/abstract.html?res=9A04EFD91F3EE732A25753C2A9619C94619FD6CF","snippet":null,"lead_paragraph":null,"abstract":null,"blog":[],"source":"The New York Times","headline":{"main":"Ideas & Trends; In Summary The Sun Belt Sizzles As Drought Raises Long-Term Fears The Feds Give Firestone a Flat A Female Bishop For Methodists At the Midpoint: Politics and Despair Toxic-Waste Suits Aim at the Source","kicker":"1"},"pub_date":"1980-07-20T00:00:00Z","document_type":"article","news_desk":null,"section_name":null,"subsection_name":null,"type_of_material":"Article","_id":"4fc49acc45c1498b0da89744"},{"web_url":"http:\/\/query.nytimes.com\/gst\/abstract.html?res=9B0CE4D6123DE034BC4852DFBF66838E649FDE","snippet":"A meeting of the Central Republican Committee was held on Saturday evening at the Mercer-street House. C. C. LEIGH presided, and WILLIAM PEET, of the Eighth Ward, acted as Secretaries. Delegates from eighteen Wards were in attendance. Two delegati...","lead_paragraph":"A meeting of the Central Republican Committee was held on Saturday evening at the Mercer-street House. C. C. LEIGH presided, and WILLIAM PEET, of the Eighth Ward, acted as Secretaries. Delegates from eighteen Wards were in attendance. Two delegations appearing from the Eleventh Ward, the subject was referred to a Committee on Credentials, with instructions to report at the next meeting.","abstract":null,"blog":[],"source":"The New York Times","headline":{"main":"NEW-YORK CITY.; CITY POLITICS. The Republicans. After the Leadership. Female Normal School. Ship to it. Bock Agen.\" American Bible Society. They need to be Strong. The Sheriff After Briggs. of Great Importance. City Mortality. The Prohibitory Law.","kicker":"1"},"pub_date":"1855-09-10T00:03:58Z","document_type":"article","news_desk":null,"section_name":null,"subsection_name":null,"type_of_material":"Front Page","_id":"4fbfd70b45c1498b0d01be04"},{"web_url":"http:\/\/query.nytimes.com\/gst\/abstract.html?res=9901EFD61139E033A25752C1A9629C94649ED7CF","snippet":"ALBANY, N.Y., April 10. -- There was an interesting hearing this afternoon before the Senate Judiciary Committee, in opposition to the concurrent resolution proposing an amendment to the Constitution giving women the right to vote. A committee of ...","lead_paragraph":"ALBANY, N.Y., April 10. -- There was an interesting hearing this afternoon before the Senate Judiciary Committee, in opposition to the concurrent resolution proposing an amendment to the Constitution giving women the right to vote. A committee of prominent New-York City women were present in opposition, including Mrs. Francis M. Scott, wife of the Corporation Counsel; Mrs. Douglass Robertson, Mrs. Richard Watson Gilder, and Miss Elizabeth Ward.","abstract":"Senate Committee Hearing; Mrs. F. M. Scott's Argument","blog":[],"source":"The New York Times","headline":{"main":"HOME, WOMAN'S SPHERE; Mrs. Francis M. Scott on the Female Suffrage Question. A STRONG PLEA FOR AMERICAN HOMES The True Women of This Country, Mrs. Scott Says, Have No Desire to Assume the Burdens of Politics."},"pub_date":"1895-04-11T00:00:00Z","document_type":"article","news_desk":null,"section_name":null,"subsection_name":null,"type_of_material":"Article","_id":"4fc02f3f45c1498b0d1af4b1"},{"web_url":"https:\/\/www.nytimes.com\/2017\/03\/02\/world\/europe\/political-strategy-for-europes-far-right-female-leaders-wooing-female-voters.html","snippet":"Women are leading, or have recently led, what were once fringe parties \u2014 pushing their extremist views to the mainstream with an appeal to women who vote....","lead_paragraph":"Women are leading, or have recently led, what were once fringe parties \u2014 pushing their extremist views to the mainstream with an appeal to women who vote.","abstract":null,"blog":[],"source":"The New York Times","headline":{"main":"On Europe\u2019s Far Right, Female Leaders Look to Female Voters","kicker":"Memo From the United Nations","print_headline":"Europe\u2019s Far Right: Female Leaders Wooing Female Voters","content_kicker":"Memo From the United Nations"},"pub_date":"2017-03-02T14:30:27+0000","document_type":"article","news_desk":"Foreign","section_name":"World","subsection_name":"Europe","type_of_material":"News","_id":"58b82c8c95d0e024902fd233"},{"web_url":"https:\/\/www.nytimes.com\/aponline\/2017\/03\/01\/us\/ap-us-women-of-nasa-legos.html","snippet":"The women behind the NASA space program have made the big screen, and now they are being honored as little Lego figurines ....","lead_paragraph":"The women behind the NASA space program have made the big screen, and now they are being honored as little Lego figurines .","abstract":null,"blog":[],"source":"AP","headline":{"main":"Legos Ready to Blast Off With 'Women of NASA' Set","print_headline":"Legos Ready to Blast Off With 'Women of NASA' Set"},"pub_date":"2017-03-01T21:52:44+0000","document_type":"article","news_desk":"None","section_name":"U.S.","subsection_name":null,"type_of_material":"News","_id":"58b742b795d0e024902fcfd0"},{"web_url":"http:\/\/www.nytimes.com\/aponline\/2017\/02\/07\/us\/ap-us-clinton-video-statement.html","snippet":"Hillary Clinton says \"the future is female\" in a new video statement....","lead_paragraph":"Hillary Clinton says \"the future is female\" in a new video statement.","abstract":null,"blog":[],"source":"AP","headline":{"main":"Hillary Clinton Releases Video Statement: 'Future Is Female'","print_headline":"Hillary Clinton Releases Video Statement: 'Future Is Female'"},"pub_date":"2017-02-07T12:18:32+0000","document_type":"article","news_desk":null,"section_name":"U.S.","subsection_name":null,"type_of_material":"News","_id":"5899bb2295d0e0392607f028"},{"web_url":"https:\/\/www.nytimes.com\/aponline\/2017\/03\/05\/world\/middleeast\/ap-ml-algeria-women-in-politics.html","snippet":"Algerian law requires the next parliament to be made up of 30 percent women &#8212; but political parties across the spectrum have struggled to come up with enough female candidates to fill the quota....","lead_paragraph":"Algerian law requires the next parliament to be made up of 30 percent women &#8212; but political parties across the spectrum have struggled to come up with enough female candidates to fill the quota.","abstract":null,"blog":[],"source":"AP","headline":{"main":"Wanted: Female Candidates for Algeria's Parliament Quota","print_headline":"Wanted: Female Candidates for Algeria's Parliament Quota"},"pub_date":"2017-03-05T10:24:34+0000","document_type":"article","news_desk":"None","section_name":"World","subsection_name":"Middle East","type_of_material":"News","_id":"58bbe76795d0e024902fd9c4"},{"web_url":"http:\/\/www.nytimes.com\/1860\/05\/03\/news\/telegraph-methodist-episcopal-conference-wisconsin-delegates-appointment.html","snippet":"The Methodist Episcopal Conference reassembled to-day....","lead_paragraph":"The Methodist Episcopal Conference reassembled to-day.","abstract":null,"blog":[],"source":"The New York Times","headline":{"main":"NEWS BY TELEGRAPH; Methodist Episcopal Conference The Wisconsin Delegates Appointment of Committees Divorce and Remarriage. Pennsylvania Politics. Virginia-Republican State Convention. Michigan Republican State Convention. Inauguration of Gov. Buckingham. Body of an Unknown Female Found. Railroad Accident. Departure of European Steamers. Navigation on the Canal. Lrtor from Vera Cruz. Fire. Markets by Telegraph."},"pub_date":"1860-05-03T00:03:58Z","document_type":"article","news_desk":null,"section_name":null,"subsection_name":null,"type_of_material":"Article","_id":"4fbfd94e45c1498b0d026af8"},{"web_url":"http:\/\/query.nytimes.com\/gst\/abstract.html?res=9B01E3DA1139EF34BC4053DFB166838F669FDE","snippet":"The Legislature has now been in session nine weeks, and though it started off with a promise of reform, it has proved the most unwieldy, inefficient body that the State has had imposed.....","lead_paragraph":"The Legislature has now been in session nine weeks, and though it started off with a promise of reform, it has proved the most unwieldy, inefficient body that the State has had imposed..","abstract":"Democratic; Record of","blog":[],"source":"The New York Times","headline":{"main":"POLITICS IN CONNECTICUT.; THE RECORD THE DEMOCRATIC LEGISLATURE IS MAKING. PARTISANSHIP UNDER THE NAME OF REFORM QUARRELS OVER THE SPOILS THE NEW CHARTER FOR NEW-HAVEN. THE NEW CHARTER FOR NEW-HAVEN. THE REGISTRY LAW. RAILROAD LEGISLATION. CONSTITUTIONAL AMENDMENTS. FEMALE SUFFRAGE. SAVINGS BANKS. LIFE INSURANCE COMPANIES. AN INEBRIATE ASYLUM PETITIONS FOR EXEMPTION FROM LICENSE. MISCELLANEOUS."},"pub_date":"1874-07-08T00:03:58Z","document_type":"article","news_desk":null,"section_name":null,"subsection_name":null,"type_of_material":"Article","_id":"4fbff7d745c1498b0d0ad2bc"},{"web_url":"https:\/\/www.nytimes.com\/2017\/02\/15\/fashion\/wrestling-with-politics-at-new-york-fashion-week.html","snippet":"Designers made statements about social justice through performances, T-shirts and \u201cMake America New York\u201d hats....","lead_paragraph":"Designers made statements about social justice through performances, T-shirts and \u201cMake America New York\u201d hats.","abstract":null,"blog":[],"source":"The New York Times","headline":{"main":"Wrestling With Politics at New York Fashion Week","print_headline":"Making Their Voices Heard"},"pub_date":"2017-02-15T22:17:10+0000","document_type":"article","news_desk":"Styles","section_name":"Fashion & Style","subsection_name":null,"type_of_material":"News","_id":"58a4d36c95d0e02474636b9a"},{"web_url":"http:\/\/www.nytimes.com\/2017\/01\/28\/world\/asia\/japan-emperor-female-heirs.html","snippet":"As the governing party considers allowing Emperor Akihito to retire, many in the public believe the law should be permanently changed to admit women as heirs to the throne....","lead_paragraph":"As the governing party considers allowing Emperor Akihito to retire, many in the public believe the law should be permanently changed to admit women as heirs to the throne.","abstract":null,"blog":[],"source":"The New York Times","headline":{"main":"Many Japanese Look for a Shift to Female Heirs to the Throne","print_headline":"Many in Japan Look for Shift to Allow Female Heirs"},"pub_date":"2017-01-28T18:15:23+0000","document_type":"article","news_desk":"Foreign","section_name":"World","subsection_name":"Asia Pacific","type_of_material":"News","_id":"588cdfbf95d0e0392607d558"},{"web_url":"http:\/\/query.nytimes.com\/gst\/abstract.html?res=9D00EEDD1231E13BBC4F53DFB6678389649FDE","snippet":"AMERICAN INSTITUTE.--OPENING OF THE TWENTY FIFTH ANNUAL FAIT.--Castle Garden, which, for the last few days, has been one scene of confusion, by the arrival of contributions to the grand Annual Fair, was yesterday thrown open to visitors, many of w...","lead_paragraph":"AMERICAN INSTITUTE.--OPENING OF THE TWENTY FIFTH ANNUAL FAIT.--Castle Garden, which, for the last few days, has been one scene of confusion, by the arrival of contributions to the grand Annual Fair, was yesterday thrown open to visitors, many of whom attended throughout the day. It is impossible, at present, to give any regular description of this year's exhibition. Contributions were still arriving; nor had those re ceived been properly arranged and classified.","abstract":null,"blog":[],"source":"The New York Times","headline":{"main":"NEW-YORK CITY.; AMERICAN INSTITUTE. THE CITY OF NEW-YORK. NAVAL. CHARGE OF STEALING DIAMONDS. A NOVEL MODE OF RAISING FUNDS. AN ELEVATED POSITION. THE DEMOCRATIC RATIFICATION MEETING, AND TAMMANY HALL IN DARKNESS. CARLESSNESS WITH FIRE. THE RIGGERS AND THEIR WAGES. DEATH BY VIOLENCE. MURDEROUS ATTACK UPON A FEMALE. ATTEMPTED STABBING WITH A KNIFE. EASTERN DISPENSARY. VISIT OF BOSTON MILITARY. FIRE IN FRONT-STREET. WOLFE'S AROMATIC SCHIEDAM SCHNAPPS. City Politics.","kicker":"1"},"pub_date":"1852-10-07T00:03:58Z","document_type":"article","news_desk":null,"section_name":null,"subsection_name":null,"type_of_material":"Article","_id":"4fbfd30a45c1498b0d008fcf"},{"web_url":"https:\/\/www.nytimes.com\/2017\/03\/05\/us\/kellyanne-conway-sexist-political-criticism.html","snippet":"Attacks of powerful women, on both sides of the aisle, often takes the same form \u2014 angry, sexist language. Misogyny, it seems, is bipartisan....","lead_paragraph":"Attacks of powerful women, on both sides of the aisle, often takes the same form \u2014 angry, sexist language. Misogyny, it seems, is bipartisan.","abstract":null,"blog":[],"source":"The New York Times","headline":{"main":"Sexist Political Criticism Finds a New Target: Kellyanne Conway","print_headline":"Another Powerful Woman. Same Sexist Attacks."},"pub_date":"2017-03-05T23:57:29+0000","document_type":"article","news_desk":"National","section_name":"U.S.","subsection_name":null,"type_of_material":"News","_id":"58bca5f595d0e024902fdaa8"},{"web_url":"http:\/\/query.nytimes.com\/gst\/abstract.html?res=9804EFD61538EE3BBC4052DFBF66838F649FDE","snippet":"Yesterday morning, the authorities of our City received the usual warning, that the Street preaching annoyance would be continued in the Park and other parts of the City. In order to prepare for the disturbance that was anticipated, a strong Polic...","lead_paragraph":"Yesterday morning, the authorities of our City received the usual warning, that the Street preaching annoyance would be continued in the Park and other parts of the City. In order to prepare for the disturbance that was anticipated, a strong Police force was summoned from the various Wards and kept in readiness at the \"Long Room\" of the City Hall basement.","abstract":null,"blog":[],"source":"The New York Times","headline":{"main":"NEW-YORK CITY.; NEW--YORK STREET-PREACHING. INTENSE EXCITEMENT YESTERDAY. Seizure of Deadly Weapons. Scenes and Incidents. BEFORE THE MAYOR. Street-Prenching in Brooklyn. Street-Prenching in Williamsburg. Mortality of the City. Funeral of Two New-York Volunteers. Free Academy Cricket Club. CITY POLITICS. Whig Delegates to Syracuse. Abuse of Emigrators. The Female Normal School. Fire and Alleged Arson. Fire in Oliver-Street. Fatal Attack by Rowdies. Counterfelt $100 Bank Notes. During Barglary. Return of the Helena Thompson-Steams and Wrecks at Son.","kicker":"1"},"pub_date":"1854-09-18T00:03:58Z","document_type":"article","news_desk":null,"section_name":null,"subsection_name":null,"type_of_material":"Front Page","_id":"4fbfd87f45c1498b0d022efc"},{"web_url":"http:\/\/www.nytimes.com\/2017\/01\/18\/fashion\/womens-march-washington-fashion-protest.html","snippet":"From hats to pins to hoodies, clothing is expected to speak as loudly as participants\u2019 words this weekend....","lead_paragraph":"From hats to pins to hoodies, clothing is expected to speak as loudly as participants\u2019 words this weekend.","abstract":null,"blog":[],"source":"The New York Times","headline":{"main":"Fashioning Protest for the Women\u2019s March on Washington","print_headline":"Fashioning Protest for the March in Washington"},"pub_date":"2017-01-18T10:00:25+0000","document_type":"article","news_desk":"Styles","section_name":"Fashion & Style","subsection_name":null,"type_of_material":"News","_id":"587f3cbe95d0e0392607b506"},{"web_url":"https:\/\/www.nytimes.com\/2017\/03\/05\/books\/books-power-national-womens-month.html","snippet":"To honor Women\u2019s History Month, 10 books about women who got things done....","lead_paragraph":"To honor Women\u2019s History Month, 10 books about women who got things done.","abstract":null,"blog":[],"source":"The New York Times","headline":{"main":"Casting a Literary Lens on Women and Power","print_headline":"A Literary Lens on Women and Power"},"pub_date":"2017-03-05T23:05:14+0000","document_type":"article","news_desk":"Culture","section_name":"Books","subsection_name":null,"type_of_material":"News","_id":"58bc99b195d0e024902fda9a"},{"web_url":"http:\/\/www.nytimes.com\/video\/us\/politics\/100000001861602\/timescast-politics-oct-23-2012.html","snippet":"TimesCast Politics: Reaction to the final presidential debate. | The all-important female vote. | The latest on the race for the Senate....","lead_paragraph":"TimesCast Politics: Reaction to the final presidential debate. | The all-important female vote. | The latest on the race for the Senate.","abstract":null,"blog":[],"source":"The New York Times","headline":{"main":"The Campaign Moves to the Final Sprint","sub":"TimesCast Politics | October 23, 2012"},"pub_date":"2012-10-23T13:45:00Z","document_type":"multimedia","news_desk":"U.S. \/ Politics","section_name":"U.S.","subsection_name":"Politics","type_of_material":"Video","_id":"508725c295e998af71187399"},{"web_url":"http:\/\/www.nytimes.com\/aponline\/2017\/02\/01\/us\/ap-us-supreme-court-gorsuch-bio-box.html","snippet":"NAME: Neil Gorsuch....","lead_paragraph":"NAME: Neil Gorsuch.","abstract":null,"blog":[],"source":"AP","headline":{"main":"Biographical Notes on Supreme Court Nominee Neil Gorsuch","print_headline":"Biographical Notes on Supreme Court Nominee Neil Gorsuch"},"pub_date":"2017-02-01T08:30:41+0000","document_type":"article","news_desk":null,"section_name":"U.S.","subsection_name":null,"type_of_material":"News","_id":"58919cb995d0e0392607dee2"},{"web_url":"http:\/\/www.nytimes.com\/aponline\/2017\/01\/31\/us\/ap-us-supreme-court-gorsuch-bio-box.html","snippet":"NAME: Neil Gorsuch....","lead_paragraph":"NAME: Neil Gorsuch.","abstract":null,"blog":[],"source":"AP","headline":{"main":"Biographical Notes on Supreme Court Nominee Neil Gorsuch","print_headline":"Biographical Notes on Supreme Court Nominee Neil Gorsuch"},"pub_date":"2017-02-01T01:18:58+0000","document_type":"article","news_desk":null,"section_name":"U.S.","subsection_name":null,"type_of_material":"News","_id":"5891378a95d0e0392607de08"},{"web_url":"http:\/\/www.nytimes.com\/2017\/02\/05\/world\/europe\/brexit-theresa-may-angela-merkel.html","snippet":"In another era, the two women might have defended the liberal global order together. But Britain\u2019s vote to leave the European Union is hindering their cooperation on broader issues....","lead_paragraph":"In another era, the two women might have defended the liberal global order together. But Britain\u2019s vote to leave the European Union is hindering their cooperation on broader issues.","abstract":null,"blog":[],"source":"The New York Times","headline":{"main":"Split by \u2018Brexit,\u2019 May and Merkel Diverge on Wider Issues, Too","print_headline":"\u2018Brexit\u2019 Weighs on the Alliance of May and Merkel"},"pub_date":"2017-02-05T23:55:55+0000","document_type":"article","news_desk":"Foreign","section_name":"World","subsection_name":"Europe","type_of_material":"News","_id":"5897bb9595d0e0392607ebec"},{"web_url":"http:\/\/www.nytimes.com\/2016\/11\/11\/world\/europe\/women-world-leaders-clinton-trump.html","snippet":"As barriers have fallen overseas, experts see an underlying bias that has discouraged American women from seeking office, impeding the flow of female presidential candidates....","lead_paragraph":"As barriers have fallen overseas, experts see an underlying bias that has discouraged American women from seeking office, impeding the flow of female presidential candidates.","abstract":null,"blog":[],"source":"The New York Times","headline":{"main":"Over 70 Nations Have Been Led by Women. So Why Not the U.S.?","print_headline":"Women Have Led Over 70 Nations, but Experts See \u2018Pipeline Problem\u2019 in U.S."},"pub_date":"2016-11-10T10:00:34Z","document_type":"article","news_desk":"National","section_name":"World","subsection_name":"Europe","type_of_material":"News","_id":"5824454795d0e0204d55fae3"},{"web_url":"http:\/\/www.nytimes.com\/2017\/01\/23\/opinion\/discovering-feminist-students-in-the-middle-east.html","snippet":"My American students thought feminism was for angry man-haters. Women in Abu Dhabi were inspired by it to take risks and take charge of their lives....","lead_paragraph":"My American students thought feminism was for angry man-haters. Women in Abu Dhabi were inspired by it to take risks and take charge of their lives.","abstract":null,"blog":[],"source":"The New York Times","headline":{"main":"Discovering Feminist Students in the Middle East","content_kicker":"On Campus","kicker":"On Campus","print_headline":"Discovering Feminist Students in the Middle East"},"pub_date":"2017-01-23T08:21:21+0000","document_type":"article","news_desk":"OpEd","section_name":"Opinion","subsection_name":null,"type_of_material":"Op-Ed","_id":"5885bd0495d0e0392607c352"},{"web_url":"http:\/\/www.nytimes.com\/2014\/03\/17\/us\/politics\/despite-leaps-women-lag-in-politics.html","snippet":"In three decades, women in politics have gone from anomalies to mainstream, though they are still underrepresented....","lead_paragraph":"In three decades, women in politics have gone from anomalies to mainstream, though they are still underrepresented.","abstract":null,"blog":[],"source":"The New York Times","headline":{"main":"Despite Leaps, Women Lag in Politics","kicker":"Letter From Washington","print_headline":"Despite Leaps, Women Lag in Politics","content_kicker":"Letter From Washington"},"pub_date":"2014-03-17T00:00:00Z","document_type":"article","news_desk":"Foreign","section_name":"U.S.","subsection_name":"Politics","type_of_material":"News","_id":"5325e63438f0d8566fa9920e"},{"web_url":"http:\/\/www.nytimes.com\/2017\/02\/07\/magazine\/how-a-fractious-womens-movement-came-to-lead-the-left.html","snippet":"Feminism brought the opposition together. But how long will that last, and how many converts can it win?...","lead_paragraph":"Feminism brought the opposition together. But how long will that last, and how many converts can it win?","abstract":null,"blog":[],"source":"The New York Times","headline":{"main":"How a Fractious Women\u2019s Movement Came to Lead the Left","content_kicker":"Feature","kicker":"Feature","print_headline":"Forces in Opposition"},"pub_date":"2017-02-07T10:00:06+0000","document_type":"article","news_desk":"Magazine","section_name":"Magazine","subsection_name":null,"type_of_material":"News","_id":"58999aaf95d0e0392607efc9"},{"web_url":"http:\/\/www.nytimes.com\/2017\/02\/02\/arts\/television\/girls-season-six.html","snippet":"Our critics look at the impact of the HBO show on television as it enters its sixth and final season....","lead_paragraph":"Our critics look at the impact of the HBO show on television as it enters its sixth and final season.","abstract":null,"blog":[],"source":"The New York Times","headline":{"main":"6 Ways \u2018Girls\u2019 Changed Television. Or Didn\u2019t.","print_headline":"Voice. Vice. Veracity."},"pub_date":"2017-02-02T10:00:24+0000","document_type":"article","news_desk":"Arts&Leisure","section_name":"Arts","subsection_name":"Television","type_of_material":"News","_id":"5893033d95d0e0392607e2d6"},{"web_url":"http:\/\/www.nytimes.com\/2017\/01\/16\/business\/world-economic-forum-davos-more-women-on-path-to-political-power.html","snippet":"Europe can offer the United States lessons in empowering women, an issue poised to grip the World Economic Forum in Davos two months after Hillary Clinton\u2019s loss to Donald J. Trump....","lead_paragraph":"Europe can offer the United States lessons in empowering women, an issue poised to grip the World Economic Forum in Davos two months after Hillary Clinton\u2019s loss to Donald J. Trump.","abstract":null,"blog":[],"source":"The New York Times","headline":{"main":"Putting More Women on a Path to Political Power","print_headline":"Putting more women on a path to power"},"pub_date":"2017-01-16T17:00:25+0000","document_type":"article","news_desk":"SpecialSections","section_name":"Business Day","subsection_name":null,"type_of_material":"News","_id":"587cfc3295d0e0392607afa1"},{"web_url":"http:\/\/rendezvous.blogs.nytimes.com\/2013\/01\/02\/indian-women-need-a-political-party\/","snippet":"Only a political party whose fate is tied to how women perceive it can begin to influence the system in a deep way....","lead_paragraph":null,"abstract":"Only a political party whose fate is tied to how women perceive it can begin to influence the system in a deep way.","blog":[],"source":"The New York Times","headline":{"main":"Indian Women Need a Political Party ","kicker":"IHT Rendezvous"},"pub_date":"2013-01-02T06:29:33Z","document_type":"blogpost","news_desk":null,"section_name":"World","subsection_name":null,"type_of_material":"Blog","_id":"50e41b8000315214fbb8205a"},{"web_url":"https:\/\/www.nytimes.com\/2017\/02\/22\/business\/dealbook\/trump-kraft-heinz-unilever.html","snippet":"While President Trump has sought to take a tough stance on immigration and national borders, his businesses have filed trademark applications around the world....","lead_paragraph":"While President Trump has sought to take a tough stance on immigration and national borders, his businesses have filed trademark applications around the world.","abstract":null,"blog":[],"source":"The New York Times","headline":{"main":"Morning Agenda: Anti-Globalist or Globe-Trotter, and a Mercantilist Age","print_headline":"Morning Agenda: Anti-Globalist or Globe-Trotter, and a Mercantilist Age"},"pub_date":"2017-02-22T11:16:58+0000","document_type":"article","news_desk":"Business","section_name":"Business Day","subsection_name":"DealBook","type_of_material":"News","_id":"58ad733595d0e02474637e9f"},{"web_url":"http:\/\/www.nytimes.com\/1983\/10\/02\/books\/media-creators.html","snippet":"INSIDE PRIME TIME    By Todd Gitlin.  369 pp. New York: Pantheon Books....","lead_paragraph":"INSIDE PRIME TIME By Todd Gitlin. 369 pp. New York: Pantheon Books.","abstract":null,"blog":[],"source":"The New York Times","headline":{"main":"MEDIA CREATORS"},"pub_date":"1983-10-02T00:00:00Z","document_type":"article","news_desk":"Book Review Desk","section_name":"Arts; Books","subsection_name":null,"type_of_material":"Review","_id":"4fd130ff8eb7c8105d5fe7c7"},{"web_url":"http:\/\/www.nytimes.com\/2017\/01\/17\/upshot\/republican-men-say-its-a-better-time-to-be-a-woman-than-a-man.html","snippet":"A survey shows 82 percent of women feel sexism is a problem today, while men underestimate the sexism felt by the women in their lives....","lead_paragraph":"A survey shows 82 percent of women feel sexism is a problem today, while men underestimate the sexism felt by the women in their lives.","abstract":null,"blog":[],"source":"The New York Times","headline":{"main":"Republican Men Say It\u2019s a Better Time to Be a Woman Than a Man","content_kicker":"Gender Inequality","kicker":"The Upshot","print_headline":"Sexes Differ on Persistence of Sexism"},"pub_date":"2017-01-17T15:58:19+0000","document_type":"article","news_desk":"Upshot","section_name":"The Upshot","subsection_name":null,"type_of_material":"News","_id":"587e3f2395d0e0392607b257"},{"web_url":"http:\/\/www.nytimes.com\/2011\/10\/21\/us\/politics\/women-could-have-banner-year-in-2012-election.html","snippet":"More female incumbents than ever are up for re-election in the Senate, but if Democrats have a bad year, women could, too....","lead_paragraph":"More female incumbents than ever are up for re-election in the Senate, but if Democrats have a bad year, women could, too.","abstract":"Congressional elections of 2012 will have the largest number of female incumbents ever up for re-election in the Senate and would be among the highest number of female nominees ever; given the political vulnerabilities of many of the candidate, it could also turn out to be the first time in a generation that women lose ground in the Senate.","blog":[],"source":"The New York Times","headline":{"seo":"More Women Than Ever in Senate, but Their Seats Are at Risk","main":"More Women in Senate, but Seats Are at Risk","print_headline":"More Women In Senate, But Seats Are at Risk"},"pub_date":"2011-10-21T00:00:00Z","document_type":"article","news_desk":"National","section_name":"U.S.","subsection_name":"Politics","type_of_material":"News","_id":"515db565cf28d0219d004027"},{"web_url":"https:\/\/www.nytimes.com\/aponline\/2017\/02\/22\/world\/europe\/ap-eu-britain-brit-awards.html","snippet":"The Brit Awards recognized big international stars including Drake and Beyonce and a cross-section of home-grown talent Wednesday &#8212; but the ceremony was overshadowed by the much-missed David Bowie and George Michael....","lead_paragraph":"The Brit Awards recognized big international stars including Drake and Beyonce and a cross-section of home-grown talent Wednesday &#8212; but the ceremony was overshadowed by the much-missed David Bowie and George Michael.","abstract":null,"blog":[],"source":"AP","headline":{"main":"David Bowie Honors, George Michael Tribute Top Brit Awards","print_headline":"David Bowie Honors, George Michael Tribute Top Brit Awards"},"pub_date":"2017-02-22T15:43:12+0000","document_type":"article","news_desk":"None","section_name":"World","subsection_name":"Europe","type_of_material":"News","_id":"58adb19795d0e02474637f6f"},{"web_url":"http:\/\/www.nytimes.com\/2014\/04\/13\/sunday-review\/reclaiming-the-words-that-smear.html","snippet":"Female politicians make dismissive words work for them....","lead_paragraph":"Female politicians make dismissive words work for them.","abstract":"News analysis; American female politicians are increasingly trying to rethink and reclaim how language shapes how they are perceived by using dismissive words to their advantage.","blog":[],"source":"The New York Times","headline":{"main":"Reclaiming the Words That Smear","kicker":"News Analysis","print_headline":"Reclaiming the Words That Smear","content_kicker":"News Analysis"},"pub_date":"2014-04-13T00:00:00Z","document_type":"article","news_desk":"OpEd","section_name":"Sunday Review","subsection_name":null,"type_of_material":"An Analysis; News Analysis","_id":"5349862f38f0d86082ad9b23"},{"web_url":"https:\/\/www.nytimes.com\/aponline\/2017\/02\/20\/world\/asia\/ap-as-nkorea-few-friends.html","snippet":"North Korea doesn't have many friends. There's China, its closest ally, and Singapore, where the North Korean elite have long gone in search of investors and shipping contracts. There are neighbors like Russia, and other nations isolated by politi...","lead_paragraph":"North Korea doesn't have many friends. There's China, its closest ally, and Singapore, where the North Korean elite have long gone in search of investors and shipping contracts. There are neighbors like Russia, and other nations isolated by politics and sanctions, like Syria and Cuba.","abstract":null,"blog":[],"source":"AP","headline":{"main":"Death, Diplomatic Spat Could Cost North Korea a Rare Friend","print_headline":"Death, Diplomatic Spat Could Cost North Korea a Rare Friend"},"pub_date":"2017-02-20T13:36:37+0000","document_type":"article","news_desk":"None","section_name":"World","subsection_name":"Asia Pacific","type_of_material":"News","_id":"58aaf0ed95d0e0247463792a"},{"web_url":"https:\/\/www.nytimes.com\/reuters\/2017\/02\/28\/world\/europe\/28reuters-turkey-newspaper.html","snippet":"President Tayyip Erdogan publicly criticised prominent Turkish newspaper Hurriyet on Tuesday, sending its shares and those of parent company Dogan Holding tumbling....","lead_paragraph":"President Tayyip Erdogan publicly criticised prominent Turkish newspaper Hurriyet on Tuesday, sending its shares and those of parent company Dogan Holding tumbling.","abstract":null,"blog":[],"source":"Reuters","headline":{"main":"Turkey's Erdogan Criticises Hurriyet Newspaper, Sends Its Shares Tumbling","print_headline":"Turkey's Erdogan Criticises Hurriyet Newspaper, Sends Its Shares Tumbling"},"pub_date":"2017-02-28T14:12:32+0000","document_type":"article","news_desk":"None","section_name":"World","subsection_name":"Europe","type_of_material":"News","_id":"58b5855b95d0e024902fca8d"},{"web_url":"https:\/\/www.nytimes.com\/2017\/02\/21\/world\/europe\/kaci-kullmann-five-obituary.html","snippet":"A former member of the Norwegian Parliament, she presided over honors awarded to Tunisian pro-democracy organizations and to the president of Colombia....","lead_paragraph":"A former member of the Norwegian Parliament, she presided over honors awarded to Tunisian pro-democracy organizations and to the president of Colombia.","abstract":null,"blog":[],"source":"The New York Times","headline":{"main":"Kaci Kullmann Five, Head of Nobel Peace Prize Committee, Dies at 65","print_headline":"Kaci Kullmann Five, 65; Led Nobel Peace Prize Panel"},"pub_date":"2017-02-21T15:55:26+0000","document_type":"article","news_desk":"Foreign","section_name":"World","subsection_name":"Europe","type_of_material":"Obituary (Obit)","_id":"58ac62f895d0e02474637c19"},{"web_url":"http:\/\/www.nytimes.com\/2016\/07\/18\/sports\/olympics\/saudi-arabia-will-send-four-women-to-the-olympics.html","snippet":"The announcement came separately from the kingdom\u2019s selection of male athletes. Women in Saudi Arabia must obtain a man\u2019s permission to travel....","lead_paragraph":"The announcement came separately from the kingdom\u2019s selection of male athletes. Women in Saudi Arabia must obtain a man\u2019s permission to travel.","abstract":"Saudi Arabia announces four female athletes to compete in 2016 Olympic Games.","blog":[],"source":"The New York Times","headline":{"main":"Saudi Arabia Will Send Four Women to the Olympics","print_headline":"Saudi Team at Games Will Include 4 Women"},"pub_date":"2016-07-17T23:37:11+0000","document_type":"article","news_desk":"Sports","section_name":"Sports","subsection_name":"Olympics","type_of_material":"News","_id":"578c16ac38f0d83596d547c1"},{"web_url":"http:\/\/www.nytimes.com\/2012\/10\/17\/us\/17iht-letter17.html","snippet":"After a long period of political stagnation, a record number of women in the United States have come off the sidelines and stepped up to run for office....","lead_paragraph":"After a long period of political stagnation, a record number of women in the United States have come off the sidelines and stepped up to run for office.","abstract":null,"blog":[],"source":"International Herald Tribune","headline":{"main":"Women Take Their Case to the Ballot","print_headline":"Women Take Their Case to the Ballot"},"pub_date":"2012-10-17T17:45:00Z","document_type":"article","news_desk":"Foreign","section_name":"U.S.","subsection_name":null,"type_of_material":"News","_id":"5087276795e998af71188846"},{"web_url":"https:\/\/www.nytimes.com\/aponline\/2017\/02\/17\/us\/ap-us-fashion-immigrant-video.html","snippet":"While some fashion designers have always been overtly political, the recently wrapped New York Fashion Week just a month after President Donald Trump's inauguration included a broader range of brands addressing these tumultuous times....","lead_paragraph":"While some fashion designers have always been overtly political, the recently wrapped New York Fashion Week just a month after President Donald Trump's inauguration included a broader range of brands addressing these tumultuous times.","abstract":null,"blog":[],"source":"AP","headline":{"main":"Fashion Insiders Declare 'I Am an Immigrant' in New Video","print_headline":"Fashion Insiders Declare 'I Am an Immigrant' in New Video"},"pub_date":"2017-02-17T13:06:44+0000","document_type":"article","news_desk":"None","section_name":"U.S.","subsection_name":null,"type_of_material":"News","_id":"58a6f56b95d0e02474637214"},{"web_url":"http:\/\/www.nytimes.com\/aponline\/2017\/02\/03\/us\/ap-bko-fiba-headgear-ban.html","snippet":"The international group that governs basketball is close to eliminating a longstanding ban on religious headgear in competition, clearing the way for athletes to wear hijabs, turbans and yarmulkes in international competitions....","lead_paragraph":"The international group that governs basketball is close to eliminating a longstanding ban on religious headgear in competition, clearing the way for athletes to wear hijabs, turbans and yarmulkes in international competitions.","abstract":null,"blog":[],"source":"AP","headline":{"main":"Basketball Inches Closer to Ending Ban on Religious Headgear","print_headline":"Basketball Inches Closer to Ending Ban on Religious Headgear"},"pub_date":"2017-02-03T07:39:39+0000","document_type":"article","news_desk":null,"section_name":"U.S.","subsection_name":null,"type_of_material":"News","_id":"589433c495d0e0392607e641"},{"web_url":"http:\/\/www.nytimes.com\/2016\/10\/28\/opinion\/why-women-shy-away-from-running-for-office.html","snippet":"Readers discuss an Upshot article analyzing the reasons for the lack of women in politics....","lead_paragraph":"Readers discuss an Upshot article analyzing the reasons for the lack of women in politics.","abstract":null,"blog":[],"source":"The New York Times","headline":{"main":"Why Women Shy Away From Running for Office","content_kicker":"Letter","kicker":"Letter","print_headline":"Why Women Shy Away From Running for Office"},"pub_date":"2016-10-27T17:32:00+0000","document_type":"article","news_desk":"Letters","section_name":"Opinion","subsection_name":null,"type_of_material":"Letter","_id":"58123a1495d0e022439c5971"},{"web_url":"http:\/\/www.nytimes.com\/2014\/09\/22\/us\/politics\/women-hold-vital-votes-in-senate-races.html","snippet":"In the 10 most competitive Senate races, Democrats need a big margin, at least in the double digits, with female voters to prevail....","lead_paragraph":"In the 10 most competitive Senate races, Democrats need a big margin, at least in the double digits, with female voters to prevail.","abstract":null,"blog":[],"source":"The New York Times","headline":{"main":"Women Hold Vital Votes in Senate Races","kicker":"Letter From Washington","print_headline":"Women Hold Vital Votes in Senate Races","content_kicker":"Letter From Washington"},"pub_date":"2014-09-22T20:40:00Z","document_type":"article","news_desk":"Foreign","section_name":"U.S.","subsection_name":"Politics","type_of_material":"News","_id":"541ef8ea38f0d82d9dae0cb2"},{"web_url":"http:\/\/www.nytimes.com\/2015\/06\/02\/upshot\/gop-women-in-congress-why-so-few.html","snippet":"Republicans have not matched the rise of Democratic women, partly because moderate G.O.P. women are reluctant to run, research suggests....","lead_paragraph":"Republicans have not matched the rise of Democratic women, partly because moderate G.O.P. women are reluctant to run, research suggests.","abstract":"The Upshot; share of Democratic women in Congress is nearly 33 percent and continues to rise, while Republican female share has leveled off since reaching 10 percent during mid-2000s; research indicates moderate GOP women are hesitant to run.","blog":[],"source":"The New York Times","headline":{"main":"G.O.P. Women in Congress: Why So Few?","content_kicker":"Gender Gap","kicker":"The Upshot","print_headline":"G.O.P. Women in Congress: Why So Few?"},"pub_date":"2015-06-02T00:00:00Z","document_type":"article","news_desk":"Business","section_name":"The Upshot","subsection_name":null,"type_of_material":"News","_id":"556c3b3c38f0d80ad152ca17"},{"web_url":"http:\/\/www.nytimes.com\/reuters\/2017\/02\/05\/world\/europe\/05reuters-bulgaria-politics.html","snippet":"The Bulgarian Socialist Party (BSP) pledged to speed up economic growth and fight corruption when it presented its program on Sunday for the early parliamentary election in March....","lead_paragraph":"The Bulgarian Socialist Party (BSP) pledged to speed up economic growth and fight corruption when it presented its program on Sunday for the early parliamentary election in March.","abstract":null,"blog":[],"source":"Reuters","headline":{"main":"Bulgaria&#8217;s Socialists, Preparing for General Election, Promise to Boost Economy","print_headline":"Bulgaria&#8217;s Socialists, Preparing for General Election, Promise to Boost Economy"},"pub_date":"2017-02-05T19:36:28+0000","document_type":"article","news_desk":null,"section_name":"World","subsection_name":"Europe","type_of_material":"News","_id":"58977ec395d0e0392607eb9f"},{"web_url":"http:\/\/www.nytimes.com\/2014\/01\/31\/us\/pulling-apart-the-numbers-on-women-in-the-texas-legislature.html","snippet":"While Wendy Davis\u2019s run for governor of Texas has drawn a lot of attention, only 21 percent of the state\u2019s legislators there are women, and the number of female candidates nationwide has stagnated....","lead_paragraph":"While Wendy Davis\u2019s run for governor of Texas has drawn a lot of attention, only 21 percent of the state\u2019s legislators there are women, and the number of female candidates nationwide has stagnated.","abstract":null,"blog":[],"source":"The New York Times","headline":{"main":"Pulling Apart the Numbers on Women in the Texas Legislature","print_headline":"Pulling Apart the Numbers on Women in the Texas Legislature","content_kicker":"The Texas Tribune"},"pub_date":"2014-01-31T00:00:00Z","document_type":"article","news_desk":"National","section_name":"U.S.","subsection_name":null,"type_of_material":"News","_id":"52eaf3fa38f0d84747047960"},{"web_url":"http:\/\/www.nytimes.com\/2012\/05\/02\/world\/americas\/02iht-letter02.html","snippet":"The Latin America-Caribbean region has more female heads of state and heads of government than any other area and a higher percentage of female members of parliament....","lead_paragraph":"The Latin America-Caribbean region has more female heads of state and heads of government than any other area and a higher percentage of female members of parliament.","abstract":null,"blog":[],"source":"International Herald Tribune","headline":{"main":"Latin America Opens Up to Equality","print_headline":"Latin America Opens Up to Equality","content_kicker":"The Female Factor"},"pub_date":"2012-05-02T14:20:00Z","document_type":"article","news_desk":"Foreign","section_name":"World","subsection_name":"Americas","type_of_material":"News","_id":"53f6471738f0d821a37b1f5d"},{"web_url":"http:\/\/india.blogs.nytimes.com\/2014\/05\/09\/rhetoric-about-womens-issues-outpaces-political-progress\/","snippet":"Compared to the discourse surrounding women\u2019s issues in India, women\u2019s progress measured in terms of political participation has been glacial....","lead_paragraph":null,"abstract":"Compared to the discourse surrounding women\u2019s issues in India, women\u2019s progress measured in terms of political participation has been glacial.","blog":[],"source":"The New York Times","headline":{"main":"Rhetoric About Women's Issues Outpaces Political Progress","kicker":"India Ink"},"pub_date":"2014-05-09T12:10:27Z","document_type":"blogpost","news_desk":"Foreign","section_name":"World","subsection_name":"Asia Pacific","type_of_material":"Blog","_id":"536cfe2938f0d852c67d48ab"},{"web_url":"http:\/\/www.nytimes.com\/2016\/12\/22\/opinion\/the-senate-bathroom-angle.html","snippet":"We are sorely in need of some cheerful news out of Washington, so I\u2019m going to tell you Barbara Mikulski\u2019s story....","lead_paragraph":"We are sorely in need of some cheerful news out of Washington, so I\u2019m going to tell you Barbara Mikulski\u2019s story.","abstract":"Gail Collins Op-Ed column recounts longtime Congresswoman Barbara Mikulski's fight to win adequate bathroom facilities on Capitol Hill for female lawmakers; notes Mikulski is retiring after 30 years in Senate and 10 years in House.","blog":[],"source":"The New York Times","headline":{"main":"The Senate Bathroom Angle","content_kicker":"Op-Ed Columnist","kicker":"Op-Ed Columnist","print_headline":"The Senate Bathroom Angle"},"pub_date":"2016-12-22T08:21:19+0000","document_type":"article","news_desk":"OpEd","section_name":"Opinion","subsection_name":null,"type_of_material":"Op-Ed","_id":"585b8d0895d0e03926077515"},{"web_url":"http:\/\/www.nytimes.com\/2015\/04\/09\/business\/dealbook\/quotas-not-the-best-way-to-add-and-retain-women-for-corporate-boards-study-finds.html","snippet":"According to a just-released report, two factors \u2013 a nation\u2019s focus on women\u2019s economic power and corporate governance codes inviting diversity \u2013 can help increase female board representation....","lead_paragraph":"According to a just-released report, two factors \u2013 a nation\u2019s focus on women\u2019s economic power and corporate governance codes inviting diversity \u2013 can help increase female board representation.","abstract":null,"blog":[],"source":"The New York Times","headline":{"main":"Quotas Not the Best Way to Add and Retain Women for Corporate Boards, Study Finds"},"pub_date":"2015-04-09T00:00:00Z","document_type":"article","news_desk":"Business","section_name":"Business Day","subsection_name":"DealBook","type_of_material":"News","_id":"5525265f38f0d873d6547242"},{"web_url":"http:\/\/latitude.blogs.nytimes.com\/2012\/07\/10\/african-states-ahead-of-the-west-in-female-political-representation\/","snippet":"Many sub-Saharan African countries are well ahead of Western states in terms of female representation in politics. The payoff could be huge....","lead_paragraph":null,"abstract":"Many sub-Saharan African countries are well ahead of Western states in terms of female representation in politics. The payoff could be huge.","blog":[],"source":"The New York Times","headline":{"main":"The Fairer Leaders","kicker":"Latitude"},"pub_date":"2012-07-10T09:50:42Z","document_type":"blogpost","news_desk":null,"section_name":"Opinion","subsection_name":null,"type_of_material":"Blog","_id":"500090a91c22dfde670af7f6"},{"web_url":"https:\/\/www.nytimes.com\/aponline\/2017\/03\/02\/us\/ap-us-film-zoey-deutch.html","snippet":"To say actress Zoey Deutch is a regular at Art's Deli is an understatement. Sporting an oversized sweatshirt, she breezes into the restaurant, a Studio City institution since 1957, and is immediately greeted with familiar hugs from the wait staff....","lead_paragraph":"To say actress Zoey Deutch is a regular at Art's Deli is an understatement. Sporting an oversized sweatshirt, she breezes into the restaurant, a Studio City institution since 1957, and is immediately greeted with familiar hugs from the wait staff. One chimes in that he's known her since she was a baby.","abstract":null,"blog":[],"source":"AP","headline":{"main":"Zoey Deutch Carves Her Own Path in Hollywood","print_headline":"Zoey Deutch Carves Her Own Path in Hollywood"},"pub_date":"2017-03-02T19:40:32+0000","document_type":"article","news_desk":"None","section_name":"U.S.","subsection_name":null,"type_of_material":"News","_id":"58b8753495d0e024902fd33e"},{"web_url":"http:\/\/www.nytimes.com\/2013\/12\/15\/world\/americas\/on-election-day-latin-america-willingly-trades-machismo-for-female-clout.html","snippet":"The race for president in Chile demonstrates the region\u2019s leadership in the empowerment of women, at least politically....","lead_paragraph":"The race for president in Chile demonstrates the region\u2019s leadership in the empowerment of women, at least politically.","abstract":"Chileans will vote for their next leader on Dec 15; fact that both candidates, Michelle Bachelet, former president who narrowly missed a first-round victory in November, and Evelyn Matthei, her right-wing opponent, are women reveals an area where Latin America is surging: empowerment of female leaders in politics.","blog":[],"source":"The New York Times","headline":{"main":"On Election Day, Latin America Willingly Trades Machismo for Female Clout","print_headline":"On Election Day, Latin America Willingly Trades Machismo for Female Clout"},"pub_date":"2013-12-15T00:00:00Z","document_type":"article","news_desk":"Foreign","section_name":"World","subsection_name":"Americas","type_of_material":"News","_id":"52ac8ade38f0d82c0e965a8a"},{"web_url":"http:\/\/www.nytimes.com\/2016\/11\/13\/upshot\/why-women-did-not-unite-to-vote-against-donald-trump.html","snippet":"Party has long outweighed gender when people vote. This election turned out to be no different....","lead_paragraph":"Party has long outweighed gender when people vote. This election turned out to be no different.","abstract":null,"blog":[],"source":"The New York Times","headline":{"main":"Why Women Did Not Unite to Vote Against Donald Trump","content_kicker":"Gender Politics","kicker":"The Upshot"},"pub_date":"2016-11-12T14:00:01Z","document_type":"article","news_desk":"Upshot","section_name":"The Upshot","subsection_name":null,"type_of_material":"News","_id":"5827207095d0e0204d560135"},{"web_url":"https:\/\/www.nytimes.com\/2017\/02\/16\/books\/review\/book-of-american-martyrs-joyce-carol-oates.html","snippet":"Joyce Carol Oates tackles America\u2019s abortion war in her new novel, \u201cA Book of American Martyrs,\u201d about the killing of a doctor and its aftermath....","lead_paragraph":"Joyce Carol Oates tackles America\u2019s abortion war in her new novel, \u201cA Book of American Martyrs,\u201d about the killing of a doctor and its aftermath.","abstract":null,"blog":[],"source":"The New York Times","headline":{"main":"Joyce Carol Oates\u2019s Novel Plumbs the Depths of America\u2019s Abortion War","kicker":"Fiction","print_headline":"Misconceptions","content_kicker":"Fiction"},"pub_date":"2017-02-16T10:00:03+0000","document_type":"article","news_desk":"BookReview","section_name":"Books","subsection_name":"Book Review","type_of_material":"Review","_id":"58a5782895d0e02474636d36"},{"web_url":"http:\/\/www.nytimes.com\/2010\/10\/26\/nyregion\/26women.html","snippet":"Experts say a scarcity of women in the political operations has led to a testosterone-infused New York governor\u2019s race....","lead_paragraph":"Experts say a scarcity of women in the political operations has led to a testosterone-infused New York governor\u2019s race.","abstract":null,"blog":[],"source":"The New York Times","headline":{"seo":"Few Women in Cuomo or Paladino Inner Circles","main":"Few Top Women Aides for Paladino or Cuomo","sub":"Cuomo and Paladino Woo Female Voters, but Have Mostly Men in Their Inner Circles;","print_headline":"Few Women in Inner Circles of Governor\u2019s Race"},"pub_date":"2010-10-26T00:00:00Z","document_type":"article","news_desk":"Metro","section_name":"N.Y. \/ Region","subsection_name":null,"type_of_material":"News","_id":"541c0c0338f0d8296cb1077a"},{"web_url":"http:\/\/www.nytimes.com\/reuters\/2017\/01\/30\/arts\/30reuters-awards-sag.html","snippet":"\"Hidden Figures\" was the surprise best film ensemble winner at Sunday's Screen Actors Guild awards, a show overshadowed by politics as stars slammed U.S. President Donald Trump for restricting entry for travelers from seven Muslim-majority nations...","lead_paragraph":"\"Hidden Figures\" was the surprise best film ensemble winner at Sunday's Screen Actors Guild awards, a show overshadowed by politics as stars slammed U.S. President Donald Trump for restricting entry for travelers from seven Muslim-majority nations.","abstract":null,"blog":[],"source":"Reuters","headline":{"main":"'Hidden Figures,' 'Fences' Lead Politically Charged SAG Awards","print_headline":"'Hidden Figures,' 'Fences' Lead Politically Charged SAG Awards"},"pub_date":"2017-01-30T10:24:32+0000","document_type":"article","news_desk":null,"section_name":"Arts","subsection_name":null,"type_of_material":"News","_id":"588f146b95d0e0392607d85b"},{"web_url":"http:\/\/www.nytimes.com\/2014\/11\/06\/us\/politics\/women-in-both-parties-are-disappointed-by-their-modest-election-gains-.html","snippet":"While Republican women fared somewhat better than Democratic women, 2014 was hardly the year of the woman....","lead_paragraph":"While Republican women fared somewhat better than Democratic women, 2014 was hardly the year of the woman.","abstract":"Both Democratic and Republican women express disappointment in 2014 election results; of 15 women running for Senate, just four won, while House results show only incremental gains and number of female governors remains steady at five.","blog":[],"source":"The New York Times","headline":{"main":"Women in Both Parties Are Disappointed by Their Modest Election Gains ","print_headline":"Women in Both Parties Are Disappointed by Their Modest Election Gains"},"pub_date":"2014-11-06T00:00:00Z","document_type":"article","news_desk":"National","section_name":"U.S.","subsection_name":"Politics","type_of_material":"News","_id":"545ad8fc38f0d842c59d1be0"},{"web_url":"http:\/\/www.nytimes.com\/reuters\/2017\/01\/29\/arts\/29reuters-awards-sag.html","snippet":"\"Hidden Figures\" was the surprise best film ensemble winner at Sunday's Screen Actors Guild awards, a show overshadowed by politics as stars slammed U.S. President Donald Trump for restricting entry for travelers from seven Muslim-majority nations...","lead_paragraph":"\"Hidden Figures\" was the surprise best film ensemble winner at Sunday's Screen Actors Guild awards, a show overshadowed by politics as stars slammed U.S. President Donald Trump for restricting entry for travelers from seven Muslim-majority nations.","abstract":null,"blog":[],"source":"Reuters","headline":{"main":"'Hidden Figures,' 'Fences' Lead Politically Charged SAG Awards","print_headline":"'Hidden Figures,' 'Fences' Lead Politically Charged SAG Awards"},"pub_date":"2017-01-29T15:12:30+0000","document_type":"article","news_desk":null,"section_name":"Arts","subsection_name":null,"type_of_material":"News","_id":"588e066795d0e0392607d693"},{"web_url":"http:\/\/www.nytimes.com\/2011\/08\/29\/world\/asia\/29iht-malay29.html","snippet":"Despite quotas and \u201cwomen\u2019s wings\u201d in the big political parties, analysts say women in Malaysia still face steep challenges in the male-dominated government....","lead_paragraph":"Despite quotas and \u201cwomen\u2019s wings\u201d in the big political parties, analysts say women in Malaysia still face steep challenges in the male-dominated government.","abstract":null,"blog":[],"source":"International Herald Tribune","headline":{"main":"Halls of Power Narrow for Malaysian Women","kicker":"The Female Factor","print_headline":"Halls of Power Narrow for Malaysian Women","content_kicker":"The Female Factor"},"pub_date":"2011-08-29T00:00:00Z","document_type":"article","news_desk":"Foreign","section_name":"World","subsection_name":"Asia Pacific","type_of_material":"News","_id":"5411cdbf38f0d832853e84b8"},{"web_url":"http:\/\/www.nytimes.com\/2016\/12\/07\/world\/middleeast\/turkey-kurds-womens-rights.html","snippet":"Kurdish society\u2019s longstanding commitment to equal rights for women is under attack in the face of Turkey\u2019s crackdown after a failed coup attempt....","lead_paragraph":"Kurdish society\u2019s longstanding commitment to equal rights for women is under attack in the face of Turkey\u2019s crackdown after a failed coup attempt.","abstract":"Turkish government's crackdown in wake of failed coup has targeted policies enacted in Kurdish-controlled areas to promote gender equality; such policies have long been part of platform of banned Kurdistan Worker's Party and have been supported by pro-Kurdish HDP party.","blog":[],"source":"The New York Times","headline":{"main":"Crackdown in Turkey Threatens a Haven of Gender Equality Built by Kurds","print_headline":"Gender Equality in Kurdish Society Erodes in Turkey"},"pub_date":"2016-12-07T18:37:02+0000","document_type":"article","news_desk":"Foreign","section_name":"World","subsection_name":"Middle East","type_of_material":"News","_id":"584856d595d0e03926074ae5"},{"web_url":"http:\/\/www.nytimes.com\/2017\/01\/27\/movies\/no-escaping-politics-at-the-progressive-sundance-festival.html","snippet":"While the event says it champions artists, not politics, its array of films affirms its decidedly diverse identity....","lead_paragraph":"While the event says it champions artists, not politics, its array of films affirms its decidedly diverse identity.","abstract":null,"blog":[],"source":"The New York Times","headline":{"main":"No Escaping Politics at the Progressive Sundance Film Festival","print_headline":"Political, Whatever Its Label"},"pub_date":"2017-01-27T22:09:31+0000","document_type":"article","news_desk":"Culture","section_name":"Movies","subsection_name":null,"type_of_material":"News","_id":"588bc52295d0e0392607d3e4"},{"web_url":"http:\/\/www.nytimes.com\/2010\/11\/12\/opinion\/lweb12women.html","snippet":"Letter to the editor regarding female candidates....","lead_paragraph":"Letter to the editor regarding female candidates.","abstract":null,"blog":[],"source":"The New York Times","headline":{"kicker":"Letter","main":"When a Woman Runs Against a Woman","sub":"(1 Letter)","print_headline":"When a Woman Runs Against a Woman","content_kicker":"Letter"},"pub_date":"2010-11-12T00:00:00Z","document_type":"article","news_desk":"Letters","section_name":"Opinion","subsection_name":null,"type_of_material":"Letter","_id":"54208d2738f0d81f7a6003cb"},{"web_url":"http:\/\/www.nytimes.com\/1993\/05\/30\/magazine\/l-the-founding-mother-302193.html","snippet":"Unlike the back-room bosses of machine politics, Ellen Malcolm and Emily's List encourage wider citizen participation in the process by getting women themselves to provide early money to qualified female candidates (who are pro-choice Democrats) t...","lead_paragraph":"Unlike the back-room bosses of machine politics, Ellen Malcolm and Emily's List encourage wider citizen participation in the process by getting women themselves to provide early money to qualified female candidates (who are pro-choice Democrats) to get them started. Isn't that what democracy is all about? GEORGE A. DEAN Southport, Conn.","abstract":null,"blog":[],"source":"The New York Times","headline":{"main":"THE FOUNDING MOTHER"},"pub_date":"1993-05-30T00:00:00Z","document_type":"article","news_desk":"Magazine Desk","section_name":"Magazine; Opinion","subsection_name":null,"type_of_material":"Letter","_id":"4fd1a86d8eb7c8105d6c4738"},{"web_url":"http:\/\/rendezvous.blogs.nytimes.com\/2012\/02\/08\/would-women-have-spared-ireland\/","snippet":"A proposal to set a quota for female candidates on party parliamentary slates is being linked to the economic mess that a largely male leadership led the country into, reports Didi Kirsten Tatlow in her Page Two column....","lead_paragraph":"CORK, Ireland - Since the economic meltdown that began in 2009 with the bursting of the Irish property bubble, unemployment has risen to more than 14 percent and the national debt to \u20ac120 billion, or $159 billion - an almost cartoonishly large sum for a nation of 4.6 million people.","abstract":"A proposal to set a quota for female candidates on party parliamentary slates is being linked to the economic mess that a largely male leadership led the country into, reports Didi Kirsten Tatlow in her Page Two column.","blog":[],"source":"The New York Times","headline":{"main":"Would Women Have Spared Ireland?","kicker":"IHT Rendezvous"},"pub_date":"2012-02-08T13:44:31Z","document_type":"blogpost","news_desk":null,"section_name":"World","subsection_name":null,"type_of_material":"Blog","_id":"4fd3a2e98eb7c8105d8eb8a8"},{"web_url":"http:\/\/ideas.blogs.nytimes.com\/2008\/06\/16\/the-new-democratic-establishment\/","snippet":"Politics | Who will prevail, the wonks or the political operatives? Obama's aspiring administration includes University of Chicago and Harvard economists; Chicago politicos; ex-Clinton and Kerry types; a black, female foreign affairs adviser named...","lead_paragraph":"Politics | Who will prevail, the wonks or the political operatives? Obama's aspiring administration includes University of Chicago and Harvard economists; Chicago politicos; ex-Clinton and Kerry types; a black, female foreign affairs adviser named Rice (no relation to Condi); Tom Dashle -- and Samantha Power, who may be out but perhaps not down. -- Economist","abstract":"Politics | Who will prevail, the wonks or the political operatives? Obama's aspiring administration includes University of Chicago and Harvard economists; Chicago politicos; ex-Clinton and Kerry types; a black, female foreign affairs adviser named Rice (no relation to Condi); Tom Dashle - and Samantha Power, who may be out but perhaps not down. \u2013 Economist","blog":[],"source":"The New York Times","headline":{"main":"Who's Who in Obamaworld?","kicker":"Idea of the Day"},"pub_date":"2008-06-16T13:41:40Z","document_type":"blogpost","news_desk":null,"section_name":"Week in Review","subsection_name":null,"type_of_material":"Blog","_id":"4fd36b9b8eb7c8105d8c0832"},{"web_url":"http:\/\/www.nytimes.com\/2016\/09\/15\/movies\/geena-davis-inclusion-quotient-research.html","snippet":"Software developed for the Geena Davis Institute on Gender in Media could analyze a 90-minute film in 15 minutes, an engineer said....","lead_paragraph":"Software developed for the Geena Davis Institute on Gender in Media could analyze a 90-minute film in 15 minutes, an engineer said.","abstract":null,"blog":[],"source":"The New York Times","headline":{"main":"How Long Is an Actress Onscreen? A New Tool Finds the Answer Faster.","print_headline":"A New Tool to Measure Diversity on the Screen"},"pub_date":"2016-09-14T20:00:03+0000","document_type":"article","news_desk":"Business","section_name":"Movies","subsection_name":null,"type_of_material":"News","_id":"57d9ac4b95d0e021d7986410"},{"web_url":"http:\/\/www.nytimes.com\/2013\/07\/02\/world\/asia\/australian-leader-announces-cabinet-with-record-number-of-women.html","snippet":"Kevin Rudd, who ousted Australia\u2019s first female prime minister last week in a party coup, dismissed speculation that he was pandering to women....","lead_paragraph":"Kevin Rudd, who ousted Australia\u2019s first female prime minister last week in a party coup, dismissed speculation that he was pandering to women.","abstract":"Prime Min Kevin Rudd, who supplanted Australia\u2019s first female prime minister Julia Gillard in a party coup, announces a new cabinet that includes more women than any other in country\u2019s history.","blog":[],"source":"The New York Times","headline":{"main":"Australian Leader Announces Cabinet With Record Number of Women","print_headline":"New Cabinet Includes a Record Number of Women"},"pub_date":"2013-07-02T00:00:00Z","document_type":"article","news_desk":"Foreign","section_name":"World","subsection_name":"Asia Pacific","type_of_material":"News","_id":"51d147757e0d9c0839d2d48c"},{"web_url":"http:\/\/www.nytimes.com\/2012\/06\/01\/opinion\/the-rights-of-female-soldiers.html","snippet":"A Senate committee vote has moved Congress one step closer to revoking an insulting law that makes servicewomen who are raped pay for their own abortions....","lead_paragraph":"A Senate committee vote has moved Congress one step closer to revoking an insulting law that makes servicewomen who are raped pay for their own abortions.","abstract":"Editorial applauds the Republican senators on the Armed Services Committee who joined nearly all the Democrats to lift law that requires female service members who are victims of rape or incest to pay for abortion care they receive at military facilities; contends the nine committee Republicans who voted against lifting the law are an example of how extreme their party's abortion politics have become.","blog":[],"source":"The New York Times","headline":{"seo":"The Rights of Female Soldiers","main":"The Rights of Female Soldiers","kicker":"Editorial","print_headline":"The Rights of Female Soldiers","content_kicker":"Editorial"},"pub_date":"2012-06-01T00:00:00Z","document_type":"article","news_desk":"Editorial","section_name":"Opinion","subsection_name":null,"type_of_material":"Editorial","_id":"515da372cf28d0219d00151a"},{"web_url":"https:\/\/www.nytimes.com\/2017\/02\/14\/world\/asia\/china-men-marriage-gender-gap.html","snippet":"There are 33.59 million more men than women in China, which makes marriage hard to attain for men, especially those lower on the socioeconomic ladder....","lead_paragraph":"There are 33.59 million more men than women in China, which makes marriage hard to attain for men, especially those lower on the socioeconomic ladder.","abstract":null,"blog":[],"source":"The New York Times","headline":{"main":"In China, a Lonely Valentine\u2019s Day for Millions of Men","kicker":"Sinosphere","print_headline":"In China, a Lonely Valentine\u2019s Day for Millions of Men","content_kicker":"Sinosphere"},"pub_date":"2017-02-14T11:35:30+0000","document_type":"article","news_desk":"Foreign","section_name":"World","subsection_name":"Asia Pacific","type_of_material":"News","_id":"58a2eb8595d0e02474636560"},{"web_url":"http:\/\/www.nytimes.com\/2011\/01\/23\/magazine\/23fob-wwln-t.html","snippet":"Gabrielle Giffords, Sarah Palin and America\u2019s obsession with the rootin\u2019-tootin\u2019 female politician....","lead_paragraph":"Gabrielle Giffords, Sarah Palin and America\u2019s obsession with the rootin\u2019-tootin\u2019 female politician.","abstract":null,"blog":[],"source":"The New York Times","headline":{"seo":"Only Cowgirls Run for Office","main":"Cowgirl Country","print_headline":"Cowgirl Country","content_kicker":"The Way We Live Now"},"pub_date":"2011-01-23T00:00:00Z","document_type":"article","news_desk":"Magazine","section_name":"Magazine","subsection_name":null,"type_of_material":"News","_id":"5409da1338f0d852c36f6deb"},{"web_url":"http:\/\/topics.blogs.nytimes.com\/2008\/12\/15\/egypts-first-female-mayor\/","snippet":"Nadim Audi of the New York Times Cairo bureau notes: Eva Habil, Egypt's first female mayor, a Coptic christian, was elected last month in the town of Komboha, in Upper Egypt. Egypt's politics is almost exclusively restricted to men, with a parliam...","lead_paragraph":"Nadim Audi of the New York Times Cairo bureau notes:","abstract":"Nadim Audi of the New York Times Cairo bureau notes: Eva Habil, Egypt's first female mayor, a Coptic christian, was elected last month in the town of Komboha, in Upper Egypt. Egypt's politics is almost exclusively restricted to men, with a parliament that counts 9 women out of 454 MPs.","blog":[],"source":"The New York Times","headline":{"main":"Egypt's First Female Mayor","kicker":"Times Topics"},"pub_date":"2008-12-15T16:59:07Z","document_type":"blogpost","news_desk":null,"section_name":null,"subsection_name":null,"type_of_material":"Blog","_id":"4fd393358eb7c8105d8c6676"},{"web_url":"http:\/\/www.nytimes.com\/2014\/05\/15\/world\/africa\/women-of-the-senate-band-together-over-missing-nigerian-girls.html","snippet":"The 20 senators \u2014 including Barbara Mikulski and Susan Collins \u2014 are highlighting what several described as the \u201chorrific\u201d situation....","lead_paragraph":"The 20 senators \u2014 including Barbara Mikulski and Susan Collins \u2014 are highlighting what several described as the \u201chorrific\u201d situation.","abstract":"All 20 female senators are in fierce bipartisan agreement over kidnapping of Nigerian schoolgirls, drafting letter to Pres Obama condemning the act by Islamist radicals of Boko Haram.","blog":[],"source":"The New York Times","headline":{"main":"Women of the Senate Band Together Over Missing Nigerian Girls","print_headline":"Women of the Senate Band Together Over Missing Girls"},"pub_date":"2014-05-15T00:00:00Z","document_type":"article","news_desk":"Foreign","section_name":"World","subsection_name":"Africa","type_of_material":"News","_id":"537411a738f0d827fbe9043c"},{"web_url":"https:\/\/www.nytimes.com\/aponline\/2017\/02\/23\/world\/europe\/ap-eu-hungary-olympics.html","snippet":"The decision to withdraw Budapest's bid to host the 2024 Summer Olympics is the third political defeat for Hungary's populist prime minister in less than a year....","lead_paragraph":"The decision to withdraw Budapest's bid to host the 2024 Summer Olympics is the third political defeat for Hungary's populist prime minister in less than a year.","abstract":null,"blog":[],"source":"AP","headline":{"main":"Olympic Bid Withdrawal New Setback for Hungarian Leader","print_headline":"Olympic Bid Withdrawal New Setback for Hungarian Leader"},"pub_date":"2017-02-23T14:15:38+0000","document_type":"article","news_desk":"None","section_name":"World","subsection_name":"Europe","type_of_material":"News","_id":"58aeee8d95d0e02474638281"},{"web_url":"https:\/\/www.nytimes.com\/2017\/02\/25\/movies\/moonlight-indie-spirit-awards.html","snippet":"The drama earned six awards at a ceremony that mixed comedy and politics when the hosts Nick Kroll and John Mulaney took aim at Trump....","lead_paragraph":"The drama earned six awards at a ceremony that mixed comedy and politics when the hosts Nick Kroll and John Mulaney took aim at Trump.","abstract":null,"blog":[],"source":"The New York Times","headline":{"main":"\u2018Moonlight\u2019 Is the Big Winner at the Indie Spirit Awards","print_headline":"\u2018Moonlight\u2019 Is the Big Winner at the Indie Spirit Awards"},"pub_date":"2017-02-26T02:39:02+0000","document_type":"article","news_desk":"Culture","section_name":"Movies","subsection_name":null,"type_of_material":"News","_id":"58b23fca95d0e024746389ca"},{"web_url":"http:\/\/www.nytimes.com\/2010\/02\/08\/world\/asia\/08iht-asiawomen.html","snippet":"More women have come to hold power in Asia recently than in any other part of the world....","lead_paragraph":"More women have come to hold power in Asia recently than in any other part of the world.","abstract":null,"blog":[],"source":"International Herald Tribune","headline":{"main":"Family Vaults Women to Leadership in Asia","content_kicker":"The Female Factor","print_headline":"Family Connections Vault Women to Political Leadership in Asia"},"pub_date":"2010-02-08T00:00:00Z","document_type":"article","news_desk":"Foreign","section_name":"World","subsection_name":"Asia Pacific","type_of_material":"Series","_id":"543bf2c338f0d84026a0663d"},{"web_url":"http:\/\/www.nytimes.com\/2017\/02\/07\/opinion\/when-youre-famous-for-24-hours-a-day.html","snippet":"The unusual problems presented by the first two-and-a-half weeks of the Trump administration....","lead_paragraph":"The unusual problems presented by the first two-and-a-half weeks of the Trump administration.","abstract":null,"blog":[],"source":"The New York Times","headline":{"main":"When You\u2019re Famous for 24 Hours a Day","content_kicker":"The Conversation","kicker":"The Conversation"},"pub_date":"2017-02-07T08:21:03+0000","document_type":"article","news_desk":"OpEd","section_name":"Opinion","subsection_name":null,"type_of_material":"Op-Ed","_id":"5899837895d0e0392607ef90"},{"web_url":"https:\/\/www.nytimes.com\/aponline\/2017\/02\/13\/us\/ap-us-women-running-for-office-trump.html","snippet":"As Samia Assed watched election returns come in with her children and another Muslim family, she panicked when it became clear that Donald Trump would win the presidency. The Palestinian-American woman wondered if they would have to register as Mu...","lead_paragraph":"As Samia Assed watched election returns come in with her children and another Muslim family, she panicked when it became clear that Donald Trump would win the presidency. The Palestinian-American woman wondered if they would have to register as Muslims, as Trump said during his campaign. Would she be barred from wearing her hijab in public?","abstract":null,"blog":[],"source":"AP","headline":{"main":"Election, Women's March Prompt Women of Color to Seek Office","print_headline":"Election, Women's March Prompt Women of Color to Seek Office"},"pub_date":"2017-02-13T18:27:44+0000","document_type":"article","news_desk":"None","section_name":"U.S.","subsection_name":null,"type_of_material":"News","_id":"58a1faa495d0e024746362ec"},{"web_url":"https:\/\/www.nytimes.com\/2017\/02\/27\/movies\/moonlight-la-la-land-academy-awards-conversation.html","snippet":"Three New York Times critics share their reactions to the wrong best picture\u2019s being announced at the awards show....","lead_paragraph":"Three New York Times critics share their reactions to the wrong best picture\u2019s being announced at the awards show.","abstract":null,"blog":[],"source":"The New York Times","headline":{"main":"\u2018Moonlight,\u2019 \u2018La La Land\u2019 and What an Epic Oscars Fail Really Says","print_headline":"And the Winner Is \u2026 Wrong"},"pub_date":"2017-02-27T20:49:44+0000","document_type":"article","news_desk":"Culture","section_name":"Movies","subsection_name":null,"type_of_material":"News","_id":"58b490ee95d0e024902fc83d"},{"web_url":"http:\/\/www.nytimes.com\/2016\/12\/30\/books\/review\/the-story-behind-this-weeks-best-sellers.html","snippet":"John Grisham, whose \u201cThe Whistler\u201d is No. 1 on the hardcover fiction list, says: \u201cI still pull for the underdog. I still like the little guy.\u201d...","lead_paragraph":"John Grisham, whose \u201cThe Whistler\u201d is No. 1 on the hardcover fiction list, says: \u201cI still pull for the underdog. I still like the little guy.\u201d","abstract":null,"blog":[],"source":"The New York Times","headline":{"main":"The Story Behind This Week\u2019s Best Sellers","print_headline":"Inside the List"},"pub_date":"2016-12-30T13:30:02+0000","document_type":"article","news_desk":"BookReview","section_name":"Books","subsection_name":"Book Review","type_of_material":"News","_id":"5866616095d0e0392607857a"},{"web_url":"http:\/\/www.nytimes.com\/1984\/04\/05\/world\/green-party-in-bonn-demotes-petra-kelly.html","snippet":"Members of Parliament from the environmentalist Green Party have ousted Petra Kelly from the party's parliamentary leadership.   At an eight-hour meeting that ended late Tuesday, the party's 26 members of the lower house of Parliament dropped Miss...","lead_paragraph":"Members of Parliament from the environmentalist Green Party have ousted Petra Kelly from the party's parliamentary leadership. At an eight-hour meeting that ended late Tuesday, the party's 26 members of the lower house of Parliament dropped Miss Kelly, the 36-year-old stepdaughter of a retired United States Army officer, as one of its three floor leaders, a party officer said.","abstract":null,"blog":[],"source":"The New York Times","headline":{"main":"Green Party in Bonn Demotes Petra Kelly"},"pub_date":"1984-04-05T00:00:00Z","document_type":"article","news_desk":"Foreign Desk","section_name":"World","subsection_name":null,"type_of_material":"News","_id":"4fd14c8e8eb7c8105d62b6c8"},{"web_url":"http:\/\/www.nytimes.com\/2017\/01\/26\/us\/zoo-animals-twitter.html","snippet":"A tweetstorm with more \u201cawws\u201d than \u201caghs\u201d started with the birth of a seal pup at the Smithsonian....","lead_paragraph":"A tweetstorm with more \u201cawws\u201d than \u201caghs\u201d started with the birth of a seal pup at the Smithsonian.","abstract":null,"blog":[],"source":"The New York Times","headline":{"main":"The Nation\u2019s Zoos Know You Need to See Cute Animals Right Now"},"pub_date":"2017-01-26T19:20:32+0000","document_type":"article","news_desk":"National","section_name":"U.S.","subsection_name":null,"type_of_material":"News","_id":"588a4c0695d0e0392607cfd4"},{"web_url":"http:\/\/query.nytimes.com\/gst\/abstract.html?res=9E03EED6113FE132A05754C1A9679D946991D6CF","snippet":null,"lead_paragraph":null,"abstract":null,"blog":[],"source":"The New York Times","headline":{"main":"CHROMOSOMETRICS; Letters","kicker":"2"},"pub_date":"1968-11-17T00:00:00Z","document_type":"article","news_desk":null,"section_name":null,"subsection_name":null,"type_of_material":"Letter","_id":"4fc472c145c1498b0d9dafbd"},{"web_url":"http:\/\/www.nytimes.com\/aponline\/2017\/01\/25\/us\/ap-us-womens-march-social-media-protest.html","snippet":"A school board member in Hillary Clinton's hometown resigned after making a derogatory reference on Twitter to the female anatomy in describing women marching against President Donald Trump. An Illinois teacher was pulled from the classroom for a ...","lead_paragraph":"A school board member in Hillary Clinton's hometown resigned after making a derogatory reference on Twitter to the female anatomy in describing women marching against President Donald Trump. An Illinois teacher was pulled from the classroom for a tweet deemed sexist. And a freshman Indiana lawmaker was inundated with criticism over a Facebook post mocking \"fat women.\"","abstract":null,"blog":[],"source":"AP","headline":{"main":"Sexist, Vulgar Posts on Women's Marches Rebound on Officials","print_headline":"Sexist, Vulgar Posts on Women's Marches Rebound on Officials"},"pub_date":"2017-01-25T06:18:38+0000","document_type":"article","news_desk":null,"section_name":"U.S.","subsection_name":null,"type_of_material":"News","_id":"5888434695d0e0392607c9ed"},{"web_url":"http:\/\/www.nytimes.com\/1986\/08\/27\/opinion\/l-new-york-women-active-in-new-york-politics-752186.html","snippet":"To the Editor:   Your Aug. 12 front-page article on women in New York State politics had a glaring omission. Women in Queens are very proud of our Borough President, New York City's highest-ranking female public official, Claire Shulman....","lead_paragraph":"To the Editor: Your Aug. 12 front-page article on women in New York State politics had a glaring omission. Women in Queens are very proud of our Borough President, New York City's highest-ranking female public official, Claire Shulman.","abstract":null,"blog":[],"source":"The New York Times","headline":{"main":"New York Women Active in New York Politics"},"pub_date":"1986-08-27T00:00:00Z","document_type":"article","news_desk":"Editorial Desk","section_name":"Opinion","subsection_name":null,"type_of_material":"Letter","_id":"4fd1662d8eb7c8105d653b1d"},{"web_url":"http:\/\/thecaucus.blogs.nytimes.com\/2012\/10\/18\/timescast-politics-a-more-intent-focus-on-women\/","snippet":"Aftermath of the \"binders full of women\" comment. | New data on young voters and Hispanics. | The final fund-raising sprint. | Bruce Springsteen on the trail....","lead_paragraph":null,"abstract":"Aftermath of the \"binders full of women\" comment. | New data on young voters and Hispanics. | The final fund-raising sprint. | Bruce Springsteen on the trail.","blog":[],"source":"The New York Times","headline":{"main":"TimesCast Politics: A More Intent Focus on Women","kicker":"The Caucus"},"pub_date":"2012-10-18T14:35:35Z","document_type":"blogpost","news_desk":null,"section_name":"U.S.","subsection_name":"Politics","type_of_material":"Blog","_id":"5087254e95e998af71186e99"}]