[{"web_url":"http:\/\/www.nytimes.com\/2017\/01\/04\/upshot\/why-men-dont-want-the-jobs-done-mostly-by-women.html","snippet":"When men take so-called pink-collar jobs, they have more job security but they also feel stigmatized....","lead_paragraph":"When men take so-called pink-collar jobs, they have more job security but they also feel stigmatized.","abstract":null,"blog":[],"source":"The New York Times","headline":{"main":"Why Men Don\u2019t Want the Jobs Done Mostly by Women","content_kicker":"Pink-Collar Work","kicker":"The Upshot","print_headline":"Why Men Don\u2019t Want  Jobs Done Mostly by Women"},"pub_date":"2017-01-04T14:00:27+0000","document_type":"article","news_desk":"Upshot","section_name":"The Upshot","subsection_name":null,"type_of_material":"News","_id":"586cfffe7c459f2525d14c47"},{"web_url":"http:\/\/www.nytimes.com\/2017\/02\/07\/upshot\/how-to-close-a-gender-gap-let-employees-control-their-schedules.html","snippet":"A new company places women in jobs that give them schedule flexibility, which economists say can make a big difference....","lead_paragraph":"A new company places women in jobs that give them schedule flexibility, which economists say can make a big difference.","abstract":null,"blog":[],"source":"The New York Times","headline":{"main":"How to Close a Gender Gap: Let Employees Control Their Schedules","content_kicker":"Women\u2019s Work","kicker":"The Upshot","print_headline":"How to Close a Gender Gap: True Job Flexibility"},"pub_date":"2017-02-07T08:30:14+0000","document_type":"article","news_desk":"Upshot","section_name":"The Upshot","subsection_name":null,"type_of_material":"News","_id":"589985a07c459f2525d1ad39"},{"web_url":"http:\/\/www.nytimes.com\/2017\/02\/17\/arts\/television\/review-crashing-hbo-judd-apatow.html","snippet":"In this HBO series, Pete Holmes plays a Pete, who when his marriage collapses has to rely on the kindness of other, much better comedians....","lead_paragraph":"In this HBO series, Pete Holmes plays a Pete, who when his marriage collapses has to rely on the kindness of other, much better comedians.","abstract":null,"blog":[],"source":"The New York Times","headline":{"main":"Review: The Predictable Tears of a Clown Flow in \u2018Crashing\u2019","print_headline":"Predictable Tears  of a Clown"},"pub_date":"2017-02-17T18:30:08+0000","document_type":"article","news_desk":"Culture","section_name":"Arts","subsection_name":"Television","type_of_material":"Review","_id":"58a741347c459f2525d1d213"},{"web_url":"https:\/\/lens.blogs.nytimes.com\/2017\/02\/01\/highlighting-women-in-photojournalism\/","snippet":"Daniella Zalcman has put together a website featuring the photojournalism work of hundreds of women. She wants to show editors that there\u2019s \u201cnot a shortage of women photographers, just a lack of equitable hiring.\u201d...","lead_paragraph":"In 1973, Sara Krulwich visited 29 newspapers, looking for a job after graduating from the University of Michigan. She met with male photo editors who mostly scoffed at the idea of a woman as a news photographer. One editor, she said, told her that hiring a woman was like \u201chiring half a person.\u201d","abstract":"Daniella Zalcman has put together a website featuring the photojournalism work of hundreds of women. She wants to show editors that there\u2019s \u201cnot a shortage of women photographers, just a lack of equitable hiring.\u201d","blog":[],"source":"The New York Times","headline":{"main":"Highlighting Women in Photojournalism","kicker":"Lens"},"pub_date":"2017-02-01T17:16:44+0000","document_type":"blogpost","news_desk":null,"section_name":"Multimedia","subsection_name":null,"type_of_material":"Blog","_id":"589218497c459f2525d19dda"},{"web_url":"http:\/\/www.nytimes.com\/aponline\/2017\/02\/10\/us\/ap-us-grammywatch-presenters-breakthrough.html","snippet":"At Sunday's Grammys, a man and a transgender woman will join the so-called trophy girls who bring music's top honors onstage....","lead_paragraph":"At Sunday's Grammys, a man and a transgender woman will join the so-called trophy girls who bring music's top honors onstage.","abstract":null,"blog":[],"source":"AP","headline":{"main":"Grammys Add 1st Man, Transgender Woman as Trophy Presenters","print_headline":"Grammys Add 1st Man, Transgender Woman as Trophy Presenters"},"pub_date":"2017-02-10T13:39:46+0000","document_type":"article","news_desk":null,"section_name":"U.S.","subsection_name":null,"type_of_material":"News","_id":"589dc2a67c459f2525d1b8a8"},{"web_url":"http:\/\/www.nytimes.com\/2017\/02\/14\/dining\/chef-dominique-crenn.html","snippet":"The San Francisco chef is suddenly one of the world\u2019s most acclaimed and visible cooks \u2014 and one of the few women ranked alongside men....","lead_paragraph":"The San Francisco chef is suddenly one of the world\u2019s most acclaimed and visible cooks \u2014 and one of the few women ranked alongside men.","abstract":null,"blog":[],"source":"The New York Times","headline":{"main":"Does Fame Have a Recipe? Dominique Crenn\u2019s Fast Rise","print_headline":"Here, There  and Rising"},"pub_date":"2017-02-14T18:00:08+0000","document_type":"article","news_desk":"Dining","section_name":"Food","subsection_name":null,"type_of_material":"News","_id":"58a345af7c459f2525d1c538"},{"web_url":"http:\/\/www.nytimes.com\/aponline\/2017\/01\/25\/us\/ap-us-obit-mary-tyler-moore-appreciation.html","snippet":"&#160;&#160;&#160;&#160;&#160;&#160;&#160;&#160;&#160;It's a lot of meaning to heap on a pair of TV sitcoms. But there it is, as every fan of Mary Tyler Moore, past and present, understands: The two comedy series' that Moore helped catapult to leg...","lead_paragraph":"&#160;&#160;&#160;&#160;&#160;&#160;&#160;&#160;&#160;It's a lot of meaning to heap on a pair of TV sitcoms. But there it is, as every fan of Mary Tyler Moore, past and present, understands: The two comedy series' that Moore helped catapult to legendary heights stand as something even greater than funny.","abstract":null,"blog":[],"source":"AP","headline":{"main":"Mary Tyler Moore Brought More Than Funny to Her Sitcom Roles","print_headline":"Mary Tyler Moore Brought More Than Funny to Her Sitcom Roles"},"pub_date":"2017-01-26T00:19:10+0000","document_type":"article","news_desk":null,"section_name":"U.S.","subsection_name":null,"type_of_material":"News","_id":"588940877c459f2525d18ab7"},{"web_url":"http:\/\/www.nytimes.com\/2017\/02\/06\/opinion\/why-melissa-mccarthy-had-to-play-sean-spicer.html","snippet":"She showed that cross-gender casting can be a lot more interesting than just putting a man in a dress....","lead_paragraph":"She showed that cross-gender casting can be a lot more interesting than just putting a man in a dress.","abstract":null,"blog":[],"source":"The New York Times","headline":{"main":"Why Melissa McCarthy Had to Play Sean Spicer","content_kicker":"Taking Note","kicker":"Taking Note"},"pub_date":"2017-02-06T05:01:02+0000","document_type":"article","news_desk":"Editorial","section_name":"Opinion","subsection_name":null,"type_of_material":"Op-Ed","_id":"589803117c459f2525d1a9da"},{"web_url":"http:\/\/www.nytimes.com\/2017\/02\/17\/arts\/television\/famke-janssen-plays-another-lethal-woman-in-a-blacklist-spinoff.html","snippet":"The star of \u201cThe Blacklist: Redemption\u201d talks about depicting powerful female characters and shares her thoughts on sexism in Hollywood....","lead_paragraph":"The star of \u201cThe Blacklist: Redemption\u201d talks about depicting powerful female characters and shares her thoughts on sexism in Hollywood.","abstract":null,"blog":[],"source":"The New York Times","headline":{"main":"Famke Janssen Plays Another Lethal Woman in a \u2018Blacklist\u2019 Spinoff","content_kicker":"A Word With","kicker":"A Word With","print_headline":"Famke Janssen Plays Another Lethal Woman"},"pub_date":"2017-02-17T15:30:16+0000","document_type":"article","news_desk":"Arts&Leisure","section_name":"Arts","subsection_name":"Television","type_of_material":"News","_id":"58a717117c459f2525d1d15c"},{"web_url":"http:\/\/www.nytimes.com\/2017\/01\/27\/theater\/review-three-ring-dread-in-la-mamas-one-act-series.html","snippet":"Three plays are presented in \u201cAuthor Directing Author,\u201d by Neil LaBute, Marta Buchaca and Marco Calvani, who direct one another\u2019s works....","lead_paragraph":"Three plays are presented in \u201cAuthor Directing Author,\u201d by Neil LaBute, Marta Buchaca and Marco Calvani, who direct one another\u2019s works.","abstract":null,"blog":[],"source":"The New York Times","headline":{"main":"Review: Three-Ring Dread in La MaMa\u2019s One-Act Series","print_headline":"Three-Ring Dread in a One-Act Series"},"pub_date":"2017-01-27T18:47:32+0000","document_type":"article","news_desk":"Culture","section_name":"Theater","subsection_name":null,"type_of_material":"Review","_id":"588b95c97c459f2525d190ea"},{"web_url":"http:\/\/www.nytimes.com\/2014\/08\/04\/nyregion\/a-fitting-for-a-second-chance.html","snippet":"Few nonprofit organizations are helping unemployed men find interview suits, but the ones that do are making a big difference....","lead_paragraph":"Few nonprofit organizations are helping unemployed men find interview suits, but the ones that do are making a big difference.","abstract":"Rachel L Swarns The Working Life column; Suited for Work is one of the few nonprofits in New York City that provide jobless men with free suits and business attire; with donations from menswear companies they have put more than 8,000 clients in new professional clothing since the program started in 2008.","blog":[],"source":"The New York Times","headline":{"main":"Nonprofits Provide Jobless Men With a Fitting for a Second Chance","kicker":"The Working Life","print_headline":"Nonprofits Provide Jobless Men With a Fitting for a Second Chance","content_kicker":"The Working Life"},"pub_date":"2014-08-04T00:00:00Z","document_type":"article","news_desk":"Metro","section_name":"N.Y. \/ Region","subsection_name":null,"type_of_material":"News","_id":"53de5cd738f0d828c6bf09ec"},{"web_url":"http:\/\/economix.blogs.nytimes.com\/2013\/04\/02\/comparing-the-worlds-glass-ceilings\/","snippet":"In relation to other wealthy countries, the United States is doing a relatively good job of getting women into high-achieving jobs....","lead_paragraph":null,"abstract":"In relation to other wealthy countries, the United States is doing a relatively good job of getting women into high-achieving jobs.","blog":[],"source":"The New York Times","headline":{"main":"Comparing the World's Glass Ceilings ","kicker":"Economix"},"pub_date":"2013-04-02T12:58:44Z","document_type":"blogpost","news_desk":null,"section_name":"Business Day","subsection_name":"Economy","type_of_material":"Blog","_id":"515dbc91cf28d0219d004f98"},{"web_url":"http:\/\/www.nytimes.com\/2017\/02\/12\/arts\/music\/al-jarreau-singer-who-spanned-jazz-pop-and-rb-worlds-dies-at-76.html","snippet":"Mr. Jarreau\u2019s eclectic vocal talents created a personal style that won him six Grammy Awards across three categories....","lead_paragraph":"Mr. Jarreau\u2019s eclectic vocal talents created a personal style that won him six Grammy Awards across three categories.","abstract":null,"blog":[],"source":"The New York Times","headline":{"main":"Al Jarreau, Singer Who Spanned Jazz, Pop and R&amp;B Worlds, Dies at 76","print_headline":"Al Jarreau, Singer Who Spanned Worlds of Jazz, Pop and R&amp;B, Is Dead at 76"},"pub_date":"2017-02-12T19:31:51+0000","document_type":"article","news_desk":"Culture","section_name":"Arts","subsection_name":"Music","type_of_material":"Obituary (Obit)","_id":"58a0b8327c459f2525d1be60"},{"web_url":"http:\/\/opinionator.blogs.nytimes.com\/2013\/11\/23\/how-can-we-jump-start-the-struggle-for-gender-equality\/","snippet":"To speed up a slowing move to equality, men will need to move into professions that are traditionally female....","lead_paragraph":null,"abstract":"To speed up a slowing move to equality, men will need to move into professions that are traditionally female.","blog":[],"source":"The New York Times","headline":{"main":"How Can We Jump-Start the Struggle for Gender Equality? ","kicker":"The Great Divide","print_headline":"Jump-Starting the Struggle for Equality"},"pub_date":"2013-11-23T14:25:49Z","document_type":"blogpost","news_desk":null,"section_name":"Opinion","subsection_name":null,"type_of_material":"Blog","_id":"5291016838f0d82fd08004bf"},{"web_url":"http:\/\/www.nytimes.com\/1998\/10\/27\/opinion\/l-no-excuse-for-sex-bias-546313.html","snippet":"To the Editor:    Re Ken Hao's Oct. 23 letter headlined ''Truth About Preferences,'' in which he says ''race trumps sex as a factor in negative social impact'': Is there ever an excuse for discrimination? Years ago on my first job the male supervi...","lead_paragraph":"To the Editor: Re Ken Hao's Oct. 23 letter headlined ''Truth About Preferences,'' in which he says ''race trumps sex as a factor in negative social impact'': Is there ever an excuse for discrimination? Years ago on my first job the male supervisor didn't think twice in brushing away my discovery of the pay gap between male and female college graduates in the same job by saying men had to ''support families.''","abstract":"Anne T Murphy letter, prompted by Ken Hao's Oct 23 letter in which he asserts that 'race trumps sex as a factor in negative social impact,' contends there is never an excuse for discrimination; contends men earn more than women","blog":[],"source":"The New York Times","headline":{"main":"No Excuse for Sex Bias"},"pub_date":"1998-10-27T00:00:00Z","document_type":"article","news_desk":"Editorial Desk","section_name":"Opinion","subsection_name":null,"type_of_material":"Letter","_id":"4fd1e1238eb7c8105d728871"},{"web_url":"http:\/\/www.nytimes.com\/2016\/03\/20\/upshot\/as-women-take-over-a-male-dominated-field-the-pay-drops.html","snippet":"Work done by women pays less because women do it, research shows....","lead_paragraph":"Work done by women pays less because women do it, research shows.","abstract":"The Upshot; Claire Cain Miller Economic View column reacts to research finding that unequal pay gap between women and men is based on perception that work done by women is worth less than that done by men; observes research shows trend has persisted despite elimination of some factors originally thought to have caused it. ","blog":[],"source":"The New York Times","headline":{"main":"As Women Take Over a Male-Dominated Field, the Pay Drops","content_kicker":"Economic View","kicker":"The Upshot","print_headline":"Why Women Still Get the Short End of the Dollar"},"pub_date":"2016-03-20T00:00:00Z","document_type":"article","news_desk":"SundayBusiness","section_name":"The Upshot","subsection_name":null,"type_of_material":"News","_id":"56ec17fa38f0d82753b97614"},{"web_url":"http:\/\/www.nytimes.com\/1994\/12\/25\/movies\/l-disclosure-career-move-192040.html","snippet":"To the Editor:   In her review of \"Disclosure,\" Caryn James reveals a bias that obscures elementary logic  [ \"Tales From the Corner Office,\" Dec. 11 ] . She first asks why Anita Hill followed her alleged harasser from job to job, citing a new book...","lead_paragraph":"To the Editor: In her review of \"Disclosure,\" Caryn James reveals a bias that obscures elementary logic [ \"Tales From the Corner Office,\" Dec. 11 ] . She first asks why Anita Hill followed her alleged harasser from job to job, citing a new book that answers, \"because it was good for her career.\"","abstract":null,"blog":[],"source":"The New York Times","headline":{"main":"Career Move","kicker":"'DISCLOSURE'"},"pub_date":"1994-12-25T00:00:00Z","document_type":"article","news_desk":"Arts & Leisure Desk","section_name":"Movies; Arts; Opinion","subsection_name":null,"type_of_material":"Letter","_id":"4fd1c51b8eb7c8105d6f4e1f"},{"web_url":"http:\/\/www.nytimes.com\/2014\/09\/07\/sunday-review\/why-dont-more-men-go-into-teaching.html","snippet":"A change in the gender imbalance could sway the way teaching is regarded, and help it attract the best candidates....","lead_paragraph":"A change in the gender imbalance could sway the way teaching is regarded, and help it attract the best candidates.","abstract":"News analysis; teaching across the United States is an overwhelmingly female profession and has become more so over time; educators, advocates and lawmakers see correcting the gender imbalance as way to raise status of teaching to attract the best candidates.","blog":[],"source":"The New York Times","headline":{"main":"Why Don\u2019t More Men Go Into Teaching?","kicker":"News Analysis","print_headline":"Why Don\u2019t More Men Go Into Teaching?","content_kicker":"News Analysis"},"pub_date":"2014-09-07T00:00:00Z","document_type":"article","news_desk":"OpEd","section_name":"Sunday Review","subsection_name":null,"type_of_material":"An Analysis; News Analysis","_id":"540b52b138f0d85e13e4c288"},{"web_url":"http:\/\/www.nytimes.com\/2011\/12\/29\/business\/young-women-go-back-to-school-instead-of-work.html","snippet":"Many young women are leaving the labor force to upgrade their skills, while their male counterparts are more likely to take whatever job they can find....","lead_paragraph":"Many young women are leaving the labor force to upgrade their skills, while their male counterparts are more likely to take whatever job they can find.","abstract":"For the first time in three decades there are more young women in school than in the work force; many young women have dropped out of the labor force in order to upgrade their skills, while their male counterparts are more likely to take any job they can find; economists say that the long-term consequence of this trend may be that the next generation of women may have significant advantages over the next generation of men.","blog":[],"source":"The New York Times","headline":{"seo":"Young Women Go Back to School Instead of Work","main":"Instead of Work, Younger Women Head to School","print_headline":"Instead of Work, Younger Women Head to School"},"pub_date":"2011-12-29T00:00:00Z","document_type":"article","news_desk":"Business","section_name":"Business Day","subsection_name":null,"type_of_material":"News","_id":"5404a80d38f0d8119d157404"},{"web_url":"http:\/\/www.nytimes.com\/2010\/07\/22\/opinion\/22kristof.html","snippet":"Are the gains made by women putting the sexes on an equal footing?...","lead_paragraph":"Are the gains made by women putting the sexes on an equal footing?","abstract":null,"blog":[],"source":"The New York Times","headline":{"main":"Don\u2019t Write Off Men Just Yet","content_kicker":"Op-Ed Columnist","print_headline":"Don\u2019t Write Off Men Just Yet"},"pub_date":"2010-07-22T00:00:00Z","document_type":"article","news_desk":"Editorial","section_name":"Opinion","subsection_name":null,"type_of_material":"Op-Ed","_id":"5418c52938f0d86afc9a0865"}]