[{"web_url":"http:\/\/query.nytimes.com\/gst\/abstract.html?res=9803EFDF1031E432A25756C2A9649C946890D6CF","snippet":"Here's just the companion to take with you on that shopping trip to Gucci, or to the line at Studio 54, or anyplace you wish you had a handy collection of billingsgate....","lead_paragraph":"Here's just the companion to take with you on that shopping trip to Gucci, or to the line at Studio 54, or anyplace you wish you had a handy collection of billingsgate.","abstract":"Dialogues on American Politics (Book): By Profs Irving Louis Horowitz and Seymour Martin Lipset revd by Jeff Greenfield","blog":[],"source":"The New York Times","headline":{"main":"NONFICTION IN BRIEF"},"pub_date":"1979-02-25T00:00:00Z","document_type":"article","news_desk":null,"section_name":null,"subsection_name":null,"type_of_material":"Article","_id":"4fc4988c45c1498b0da7fd9c"},{"web_url":"http:\/\/www.nytimes.com\/2001\/11\/21\/opinion\/l-church-s-male-politics-293695.html","snippet":"To the Editor:    Re ''Catholic Bishops Elect First Black President'' (news article, Nov. 14): I was pleased to read Bishop Wilton D. Gregory's comment that he regarded his election as ''an expression of the love of the Catholic Church for people ...","lead_paragraph":"To the Editor: Re ''Catholic Bishops Elect First Black President'' (news article, Nov. 14): I was pleased to read Bishop Wilton D. Gregory's comment that he regarded his election as ''an expression of the love of the Catholic Church for people of color.''","abstract":"Gail Jones letter on elevation of black bishop, Wilton D Gregory, and Roman Catholic Church's continuing discrimination against women, who are at least fifty percent of parishioners (S)","blog":[],"source":"The New York Times","headline":{"main":"Church's Male Politics"},"pub_date":"2001-11-21T00:00:00Z","document_type":"article","news_desk":"Editorial Desk","section_name":"Opinion","subsection_name":null,"type_of_material":"Letter","_id":"4fd211378eb7c8105d78687c"},{"web_url":"http:\/\/www.nytimes.com\/aponline\/2016\/10\/27\/world\/asia\/ap-as-china-politics-by-the-numbers.html","snippet":"China's ruling Communist Party concludes a key meeting this week aimed at shoring up internal discipline and asserting General Secretary Xi Jinping's authority. The gathering is also expected to lay the groundwork for next year's national congress...","lead_paragraph":"China's ruling Communist Party concludes a key meeting this week aimed at shoring up internal discipline and asserting General Secretary Xi Jinping's authority. The gathering is also expected to lay the groundwork for next year's national congress that will decide major leadership positions and lay out the agenda for Xi's next five-year term.","abstract":null,"blog":[],"source":"AP","headline":{"main":"China's Male-Dominated, Anti-Graft Politics by the Numbers","print_headline":"China's Male-Dominated, Anti-Graft Politics by the Numbers"},"pub_date":"2016-10-27T05:48:45Z","document_type":"article","news_desk":null,"section_name":"World","subsection_name":"Asia Pacific","type_of_material":"News","_id":"581195437c459f606398bfc2"},{"web_url":"http:\/\/www.nytimes.com\/2010\/05\/05\/arts\/05iht-lon5.html","snippet":"Timing by itself cannot account for the hand grenade currently being lobbed into the laps of the Tory Party by the play \u201cPosh.\u201d...","lead_paragraph":"Timing by itself cannot account for the hand grenade currently being lobbed into the laps of the Tory Party by the play \u201cPosh.\u201d","abstract":null,"blog":[],"source":"International Herald Tribune","headline":{"main":"Satiric Assault on the Origins of Scabrous Male Bonding in Politics","kicker":"On the London Stage","print_headline":"Satiric Assault on the Origins of Scabrous Male Bonding in Politics","content_kicker":"On the London Stage"},"pub_date":"2010-05-05T00:00:00Z","document_type":"article","news_desk":"Culture","section_name":"Arts","subsection_name":null,"type_of_material":"News","_id":"5445d29238f0d832c813f4d6"},{"web_url":"http:\/\/www.nytimes.com\/1982\/10\/27\/us\/male-female-split-on-politics-found-a-key-factor-in-polls.html","snippet":"The split in political attitudes between men and women, a trend that Republicans have feared since women's unhappiness with President Reagan became clear in national polls last year, has emerged as a major factor in many 1982 election contests.   ...","lead_paragraph":"The split in political attitudes between men and women, a trend that Republicans have feared since women's unhappiness with President Reagan became clear in national polls last year, has emerged as a major factor in many 1982 election contests. Politicians report that what they call the gender gap is showing up widely in campaigns from coast to coast. Their campaign polls usually find Democrats getting more support from women while Republicans have more backing from men, but women vote in greater numbers than men. Facing this unaccustomed divergence, both parties are concentrating on women. Although they share some tactics, such as greater use of daytime television, the parties argue over whether the Reagan Administration's economic and budget policies have hit women hardest. Many Republicans are seeking to shield themselves from the effects of women's dislike for the Administration, shown repeatedly in national polls, by emphasizing education or the elderly in their campaigns.","abstract":null,"blog":[],"source":"The New York Times","headline":{"main":"MALE-FEMALE SPLIT ON POLITICS FOUND A KEY FACTOR IN POLLS"},"pub_date":"1982-10-27T00:00:00Z","document_type":"article","news_desk":"National Desk","section_name":"Front Page; U.S.; Washington","subsection_name":null,"type_of_material":"News","_id":"4fd12a928eb7c8105d5f31d0"},{"web_url":"http:\/\/query.nytimes.com\/gst\/abstract.html?res=9507EFDF1E3CE03ABC4153DFB767838F659EDE","snippet":"Here is one woman who has definitely decided to prepare herself for taking a part in politics or, preferably government, since the mud-slinging and currying of favor that are ramps in political campaigns disgust me....","lead_paragraph":"Here is one woman who has definitely decided to prepare herself for taking a part in politics or, preferably government, since the mud-slinging and currying of favor that are ramps in political campaigns disgust me.","abstract":"Lr on women's pol role","blog":[],"source":"The New York Times","headline":{"main":"Woman Sounds a Warning; Objects to Male Conduct of Politics and Intends to Take a Hand"},"pub_date":"1944-11-09T00:00:00Z","document_type":"article","news_desk":null,"section_name":null,"subsection_name":null,"type_of_material":"Letter","_id":"4fc22f6645c1498b0d65e0dc"},{"web_url":"http:\/\/query.nytimes.com\/gst\/abstract.html?res=9401E1DB163FE633A25751C1A9679C946296D6CF","snippet":"Declaring that to be a male school teacher was \"the crowning misfortune of the present dispensation,\" some 400 male school teachers decided at a dinner held in Kalil's restaurant last night to fight for economic survival through direct political a...","lead_paragraph":"Declaring that to be a male school teacher was \"the crowning misfortune of the present dispensation,\" some 400 male school teachers decided at a dinner held in Kalil's restaurant last night to fight for economic survival through direct political action.","abstract":"Men teachers form an association","blog":[],"source":"The New York Times","headline":{"main":"MALE TEACHERS SEE OPENING IN POLITICS; With an Estimated Control of 20,000 Votes, They Propose to \"Fight for Rights.\""},"pub_date":"1913-01-12T00:00:00Z","document_type":"article","news_desk":null,"section_name":null,"subsection_name":null,"type_of_material":"Article","_id":"4fc0635e45c1498b0d29b199"},{"web_url":"http:\/\/query.nytimes.com\/gst\/abstract.html?res=9D07E4D6153AE733A25752C2A9649C946597D6CF","snippet":null,"lead_paragraph":null,"abstract":null,"blog":[],"source":"The New York Times","headline":{"main":"When Lovely Woman Stoops to Politics; Her Methods So Up-to-date that the Male Graduate of the \"Practical\" School Can Learn From Her.","kicker":"1"},"pub_date":"1904-02-21T00:00:00Z","document_type":"article","news_desk":null,"section_name":null,"subsection_name":null,"type_of_material":"Article","_id":"4fc043ef45c1498b0d20ce86"},{"web_url":"http:\/\/www.nytimes.com\/2017\/02\/25\/opinion\/why-so-few-women-in-state-politics.html","snippet":"Female politicians in the United States lag far behind their counterparts in other Western democracies....","lead_paragraph":"Female politicians in the United States lag far behind their counterparts in other Western democracies.","abstract":null,"blog":[],"source":"The New York Times","headline":{"main":"Why So Few Women in State Politics?","content_kicker":"Editorial","kicker":"Editorial","print_headline":"Too Few Women in the Political Pipeline"},"pub_date":"2017-02-25T20:48:15+0000","document_type":"article","news_desk":"Editorial","section_name":"Opinion","subsection_name":null,"type_of_material":"Editorial","_id":"58b1ed967c459f2525d1e84f"},{"web_url":"http:\/\/www.nytimes.com\/aponline\/2017\/02\/02\/us\/ap-us-waitress-politician-fired.html","snippet":"A Rhode Island state legislator was fired from her job as a waitress after her employer said her political views hurt the restaurant's reputation....","lead_paragraph":"A Rhode Island state legislator was fired from her job as a waitress after her employer said her political views hurt the restaurant's reputation.","abstract":null,"blog":[],"source":"AP","headline":{"main":"Restaurant Fires Rhode Island Legislator for Political Talk","print_headline":"Restaurant Fires Rhode Island Legislator for Political Talk"},"pub_date":"2017-02-02T19:31:35+0000","document_type":"article","news_desk":null,"section_name":"U.S.","subsection_name":null,"type_of_material":"News","_id":"5893891f7c459f2525d1a21d"},{"web_url":"http:\/\/www.nytimes.com\/2017\/01\/28\/world\/asia\/japan-emperor-female-heirs.html","snippet":"As the governing party considers allowing Emperor Akihito to retire, many in the public believe the law should be permanently changed to admit women as heirs to the throne....","lead_paragraph":"As the governing party considers allowing Emperor Akihito to retire, many in the public believe the law should be permanently changed to admit women as heirs to the throne.","abstract":null,"blog":[],"source":"The New York Times","headline":{"main":"Many Japanese Look for a Shift to Female Heirs to the Throne","print_headline":"Many in Japan Look for Shift to Allow Female Heirs"},"pub_date":"2017-01-28T18:15:23+0000","document_type":"article","news_desk":"Foreign","section_name":"World","subsection_name":"Asia Pacific","type_of_material":"News","_id":"588cdfc37c459f2525d192ec"},{"web_url":"http:\/\/www.nytimes.com\/2017\/02\/25\/opinion\/sunday\/a-time-for-immodest-proposals.html","snippet":"Starting with a way to fight the social crisis....","lead_paragraph":"Starting with a way to fight the social crisis.","abstract":null,"blog":[],"source":"The New York Times","headline":{"main":"A Time for Immodest Proposals","content_kicker":"Op-Ed Columnist","kicker":"Op-Ed Columnist","print_headline":"A Time for Immodest Proposals"},"pub_date":"2017-02-25T20:25:58+0000","document_type":"article","news_desk":"OpEd","section_name":"Opinion","subsection_name":"Sunday Review","type_of_material":"Op-Ed","_id":"58b1e85f7c459f2525d1e847"},{"web_url":"http:\/\/www.nytimes.com\/2017\/02\/22\/opinion\/the-meaning-of-milo.html","snippet":"He\u2019s an avatar for a cultural conservatism that\u2019s united only by what it\u2019s against....","lead_paragraph":"He\u2019s an avatar for a cultural conservatism that\u2019s united only by what it\u2019s against.","abstract":null,"blog":[],"source":"The New York Times","headline":{"main":"The Meaning of Milo","content_kicker":"Op-Ed Columnist","kicker":"Op-Ed Columnist"},"pub_date":"2017-02-22T08:21:03+0000","document_type":"article","news_desk":"OpEd","section_name":"Opinion","subsection_name":null,"type_of_material":"Op-Ed","_id":"58ad49f57c459f2525d1dcf6"},{"web_url":"http:\/\/www.nytimes.com\/2017\/02\/16\/us\/politics\/readers-react-to-trumps-russian-ties.html","snippet":"An article about President Trump\u2019s ties to Russian officials had readers questioning the integrity of his campaign and United States intelligence officials....","lead_paragraph":"An article about President Trump\u2019s ties to Russian officials had readers questioning the integrity of his campaign and United States intelligence officials.","abstract":null,"blog":[],"source":"The New York Times","headline":{"main":"\u2018Something Big Is Happening\u2019: Readers React to Trump\u2019s Russian Ties"},"pub_date":"2017-02-16T17:23:46+0000","document_type":"article","news_desk":"Politics","section_name":"U.S.","subsection_name":"Politics","type_of_material":"News","_id":"58a5e02a7c459f2525d1cd7c"},{"web_url":"http:\/\/www.nytimes.com\/reuters\/2017\/02\/10\/us\/politics\/10reuters-usa-trump-japan-firstladies.html","snippet":"When Japanese first lady Akie Abe made her rounds in Washington on Friday, noticeably absent was the high-level chaperone of previous visits - America's first lady....","lead_paragraph":"When Japanese first lady Akie Abe made her rounds in Washington on Friday, noticeably absent was the high-level chaperone of previous visits - America's first lady.","abstract":null,"blog":[],"source":"Reuters","headline":{"main":"U.S., Japan First Ladies: Both Unconventional Yet Poles Apart","print_headline":"U.S., Japan First Ladies: Both Unconventional Yet Poles Apart"},"pub_date":"2017-02-10T23:21:29+0000","document_type":"article","news_desk":null,"section_name":"U.S.","subsection_name":"Politics","type_of_material":"News","_id":"589e4b037c459f2525d1ba84"},{"web_url":"http:\/\/www.nytimes.com\/reuters\/2017\/02\/11\/us\/politics\/11reuters-usa-trump-japan-firstladies.html","snippet":"When Japanese first lady Akie Abe made her rounds in Washington on Friday, noticeably absent was the high-level chaperone of previous visits - America's first lady....","lead_paragraph":"When Japanese first lady Akie Abe made her rounds in Washington on Friday, noticeably absent was the high-level chaperone of previous visits - America's first lady.","abstract":null,"blog":[],"source":"Reuters","headline":{"main":"U.S., Japan First Ladies: Both Unconventional Yet Poles Apart","print_headline":"U.S., Japan First Ladies: Both Unconventional Yet Poles Apart"},"pub_date":"2017-02-11T16:24:29+0000","document_type":"article","news_desk":null,"section_name":"U.S.","subsection_name":"Politics","type_of_material":"News","_id":"589f3ac57c459f2525d1bbc0"},{"web_url":"http:\/\/www.nytimes.com\/1994\/03\/13\/books\/l-sexual-politics-423955.html","snippet":"To the Editor:   In answer to Jane Smiley's question -- how many women vividly recall the day in 1970 when Kate Millett's \"Sexual Politics\" liberated them from having to fake an interest in Henry Miller? -- I can go one better. Not only did I go t...","lead_paragraph":"To the Editor: In answer to Jane Smiley's question -- how many women vividly recall the day in 1970 when Kate Millett's \"Sexual Politics\" liberated them from having to fake an interest in Henry Miller? -- I can go one better. Not only did I go through my bookshelves and dump a lot of male authors (D. H. Lawrence and Freud come to mind) in the garbage, but I stopped reading male authors for 10 years. It is the most liberating gift I have ever given myself. After 40 years of seeing the world -- religion, sex, politics, art, etc. -- through the filter of the male mind, it was thrilling to see it with my own eyes and brain and as women experience it.","abstract":null,"blog":[],"source":"The New York Times","headline":{"main":"Sexual Politics"},"pub_date":"1994-03-13T00:00:00Z","document_type":"article","news_desk":"Book Review Desk","section_name":"Arts; Books; Opinion","subsection_name":null,"type_of_material":"Letter","_id":"4fd1e2d78eb7c8105d72bf9d"},{"web_url":"http:\/\/www.nytimes.com\/aponline\/2017\/02\/22\/world\/europe\/ap-eu-britain-brit-awards.html","snippet":"The Brit Awards recognized big international stars including Drake and Beyonce and a cross-section of home-grown talent Wednesday &#8212; but the ceremony was overshadowed by the much-missed David Bowie and George Michael....","lead_paragraph":"The Brit Awards recognized big international stars including Drake and Beyonce and a cross-section of home-grown talent Wednesday &#8212; but the ceremony was overshadowed by the much-missed David Bowie and George Michael.","abstract":null,"blog":[],"source":"AP","headline":{"main":"David Bowie Honors, George Michael Tribute Top Brit Awards","print_headline":"David Bowie Honors, George Michael Tribute Top Brit Awards"},"pub_date":"2017-02-22T15:43:12+0000","document_type":"article","news_desk":null,"section_name":"World","subsection_name":"Europe","type_of_material":"News","_id":"58adb1997c459f2525d1de3a"},{"web_url":"http:\/\/www.nytimes.com\/aponline\/2017\/02\/23\/world\/europe\/ap-eu-hungary-olympics.html","snippet":"The decision to withdraw Budapest's bid to host the 2024 Summer Olympics is the third political defeat for Hungary's populist prime minister in less than a year....","lead_paragraph":"The decision to withdraw Budapest's bid to host the 2024 Summer Olympics is the third political defeat for Hungary's populist prime minister in less than a year.","abstract":null,"blog":[],"source":"AP","headline":{"main":"Olympic Bid Withdrawal New Setback for Hungarian Leader","print_headline":"Olympic Bid Withdrawal New Setback for Hungarian Leader"},"pub_date":"2017-02-23T14:15:38+0000","document_type":"article","news_desk":null,"section_name":"World","subsection_name":"Europe","type_of_material":"News","_id":"58aeee927c459f2525d1e14d"},{"web_url":"http:\/\/www.nytimes.com\/2017\/02\/21\/learning\/have-you-ever-performed-for-an-audience-or-shared-creative-work-with-others.html","snippet":"What does it take to transcend the worries and fears about expressing yourself creatively?...","lead_paragraph":"What does it take to transcend the worries and fears about expressing yourself creatively?","abstract":null,"blog":[],"source":"The New York Times","headline":{"main":"Have You Ever Performed for an Audience or Shared Creative Work With Others?","content_kicker":"Student Opinion","kicker":"Student Opinion"},"pub_date":"2017-02-21T11:32:36+0000","document_type":"article","news_desk":"Learning","section_name":"The Learning Network","subsection_name":null,"type_of_material":"News","_id":"58ac255d7c459f2525d1da28"}]