[{"web_url":"http:\/\/query.nytimes.com\/gst\/abstract.html?res=9403EED91F3CE13BBC4E51DFB466838F669EDE","snippet":"After an impassioned debate described by participants as setting male against female, the Senate today approved a bill that would permit needy men in divorce proceedings to sue their wives for alimony....","lead_paragraph":"After an impassioned debate described by participants as setting male against female, the Senate today approved a bill that would permit needy men in divorce proceedings to sue their wives for alimony.","abstract":"NYS Sen approves, 55-3, bill that would permit needy men in divorce proceedings to sue their wives for alimony; controversy over bill, sponsored by Sen A B Lewis, noted; Sens voting against bill are J J Marchi, F Padavan and R E Schmerhorn (M)","blog":[],"source":"The New York Times","headline":{"main":"State Senate Backs Male Alimony Suits"},"pub_date":"1974-02-26T00:00:00Z","document_type":"article","news_desk":null,"section_name":null,"subsection_name":null,"type_of_material":"Front Page","_id":"4fc48a3f45c1498b0da43566"},{"web_url":"http:\/\/query.nytimes.com\/gst\/abstract.html?res=9D07E3D81F3CE13BBC4E51DFB466838F669EDE","snippet":"After an Impassioned debate described by participants as setting male against female, the Senate today approved a bill that would permit needy men in divorce proceedings to sue their wives for alimony....","lead_paragraph":"After an Impassioned debate described by participants as setting male against female, the Senate today approved a bill that would permit needy men in divorce proceedings to sue their wives for alimony.","abstract":null,"blog":[],"source":"The New York Times","headline":{"main":"State Senate Backs Male Alimony Suits","kicker":"1"},"pub_date":"1974-02-26T00:00:00Z","document_type":"article","news_desk":null,"section_name":null,"subsection_name":null,"type_of_material":"Article","_id":"4fc48dee45c1498b0da51ade"},{"web_url":"http:\/\/query.nytimes.com\/gst\/abstract.html?res=9F01E3DE113AE034BC4052DFB166838E669EDE","snippet":"WASHINGTON, July 17 (UPI) The Senate refused today to go along with House efforts to allow separate physical education classes and professional honorary societies for men and women in federally aided schools at all levels....","lead_paragraph":"WASHINGTON, July 17 (UPI) The Senate refused today to go along with House efforts to allow separate physical education classes and professional honorary societies for men and women in federally aided schools at all levels.","abstract":"Sen votes, 65-29, to delete sex-segregation amendment to educ appropriations bill that would separate physical-educ classes and professional honorary socs for men and women in federally aided schools at all levels; legis is returned to HR, and some Sens are optimistic that HR would reverse its stand and send bill to White House; sex amendment, sponsored by Repr Bob Casey, would prohibit HEW Dept from withholding aid funds to force schools to integrate gym classes or professional and business honorary socs; Sen Birch Bayh says HEW Dept rules would not require integration for contact sports and would permit different groupings on basis of ability; says regulations will not force coeduc iocker rooms (M)","blog":[],"source":"The New York Times","headline":{"main":"All-Male Senate Rebuffs House On Sex-Segregation School Plan"},"pub_date":"1975-07-18T00:00:00Z","document_type":"article","news_desk":null,"section_name":null,"subsection_name":null,"type_of_material":"Article","_id":"4fc48fe045c1498b0da5ab8b"},{"web_url":"http:\/\/www.nytimes.com\/1991\/10\/15\/opinion\/l-lasting-tragedy-and-trauma-for-the-country-a-mostly-male-senate-037591.html","snippet":"To the Editor:   So the 98 male members of the Senate, under siege from wives, daughters, staffers and outraged women voters, have noticed that there is something a little unseemly, maybe even undemocratic, about having only two women colleagues....","lead_paragraph":"To the Editor: So the 98 male members of the Senate, under siege from wives, daughters, staffers and outraged women voters, have noticed that there is something a little unseemly, maybe even undemocratic, about having only two women colleagues.","abstract":null,"blog":[],"source":"The New York Times","headline":{"main":"Lasting Tragedy and Trauma for the Country; A Mostly Male Senate"},"pub_date":"1991-10-15T00:00:00Z","document_type":"article","news_desk":"Editorial Desk","section_name":"Opinion","subsection_name":null,"type_of_material":"Letter","_id":"4fd1d3488eb7c8105d70f9ee"},{"web_url":"http:\/\/query.nytimes.com\/gst\/abstract.html?res=9405E6D7113DEF34BC4153DFB7678389669EDE","snippet":"Although the United States Senate will be without a woman member next year for the first time since 1949, as a result of the elections Tuesday, the number of women holding elective office in the nation as a whole appears to have increased modestly...","lead_paragraph":"Although the United States Senate will be without a woman member next year for the first time since 1949, as a result of the elections Tuesday, the number of women holding elective office in the nation as a whole appears to have increased modestly.","abstract":"election produces no change in total number of 14 women in Cong, although Sen is now without woman member after defeat of Sen Smith","blog":[],"source":"The New York Times","headline":{"main":"Number of Women Elected Rises Slightly In Nation, But Senate Is All Male"},"pub_date":"1972-11-09T00:00:00Z","document_type":"article","news_desk":null,"section_name":null,"subsection_name":null,"type_of_material":"Article","_id":"4fc4816d45c1498b0da1b8a2"},{"web_url":"http:\/\/query.nytimes.com\/gst\/abstract.html?res=9C01E5DE123CE433A2575AC0A9609C94669ED7CF","snippet":null,"lead_paragraph":null,"abstract":null,"blog":[],"source":"The New York Times","headline":{"main":"PENNSYLVANIA LEGISLATURE.; Senate Passes the Bill to Tax Unnaturalized Adult Male Employes.","kicker":"1"},"pub_date":"1897-06-09T00:00:00Z","document_type":"article","news_desk":null,"section_name":null,"subsection_name":null,"type_of_material":"Front Page","_id":"4fc0209c45c1498b0d16b465"},{"web_url":"http:\/\/www.nytimes.com\/1991\/10\/08\/us\/thomas-nomination-senate-sexism-panel-s-handling-harassment-allegation-renews.html","snippet":"The bitter \"he said, she said\" case of Anita F. Hill and Clarence Thomas has offered a rare look into the mechanics of power and decision-making in Washington, a city where men have always made the rules and the Senate remains an overwhelmingly ma...","lead_paragraph":"The bitter \"he said, she said\" case of Anita F. Hill and Clarence Thomas has offered a rare look into the mechanics of power and decision-making in Washington, a city where men have always made the rules and the Senate remains an overwhelmingly male club. Even with the facts of the Oklahoma law school professor's accusations of sexual harassment against Judge Thomas still in dispute, the story of how members of the all-male Judiciary Committee handled the allegations has touched off an angry explosion among women in legal and political circles.","abstract":null,"blog":[],"source":"The New York Times","headline":{"main":"THE THOMAS NOMINATION: The Senate and Sexism; Panel's Handling of Harassment Allegation Renews Questions About an All-Male Club"},"pub_date":"1991-10-08T00:00:00Z","document_type":"article","news_desk":"National Desk","section_name":"Front Page; U.S.","subsection_name":null,"type_of_material":"An Analysis; News Analysis","_id":"4fd19c488eb7c8105d6adc47"},{"web_url":"http:\/\/www.nytimes.com\/2012\/10\/08\/nyregion\/kirsten-gillibrand-and-wendy-long-dartmouth-alumnae-vie-for-senate-seat.html","snippet":"Senator Kirsten Gillibrand of New York and Wendy Long, her Republican challenger, went to Dartmouth College amid the hostility that followed the admission of women....","lead_paragraph":"Senator Kirsten Gillibrand of New York and Wendy Long, her Republican challenger, went to Dartmouth College amid the hostility that followed the admission of women.","abstract":"Incumbent Sen Kirsten Gillibrand of New York and Republican Wendy Long, running against each other with sharply different political views and understandings of the world, shared a path earlier in life; both women attended Dartmouth College in the tumultuous decade following the introduction of women to the campus in 1972.","blog":[],"source":"The New York Times","headline":{"seo":"Kirsten Gillibrand and Wendy Long, Dartmouth Alumnae, Vie for Senate Seat","main":"Two Paths Through Dartmouth Meet in a U.S. Senate Race","print_headline":"After Forging Paths At Mostly Male Dartmouth, Facing Off for the Senate"},"pub_date":"2012-10-08T00:00:00Z","document_type":"article","news_desk":"Metro","section_name":"N.Y. \/ Region","subsection_name":null,"type_of_material":"News","_id":"507c4c8d95e998af71185911"},{"web_url":"http:\/\/query.nytimes.com\/gst\/abstract.html?res=940DE7D81339EF32A2575BC1A9679D946495D6CF","snippet":"ROME, Nov. 17. -- The Senate today discussed the bill granting to women the suffrage in municipal elections. Of eight speakers, five declared themselves in favor of the bill and two against, while one was favorable to woman suffrage provided it wa...","lead_paragraph":"ROME, Nov. 17. -- The Senate today discussed the bill granting to women the suffrage in municipal elections. Of eight speakers, five declared themselves in favor of the bill and two against, while one was favorable to woman suffrage provided it was hedged in by a host of restrictions.","abstract":"On municipal franchise for women, s in Italian Sen","blog":[],"source":"The New York Times","headline":{"main":"DEBATE SUFFRAGE IN ITALIAN SENATE; Government Prepares to Give Municipal Franchise to Women, While Ending Elections. LITTLE OPPOSITION SHOWN Male Opponents Appear Satisfied That Relatively Few Women Will Be Permitted to Vote."},"pub_date":"1925-11-18T00:00:00Z","document_type":"article","news_desk":null,"section_name":null,"subsection_name":null,"type_of_material":"Article","_id":"4fc09cc145c1498b0d3a87e0"},{"web_url":"http:\/\/query.nytimes.com\/gst\/abstract.html?res=9A0DE5DB1E39EF34BC4C53DFB566838E669FDE","snippet":null,"lead_paragraph":null,"abstract":null,"blog":[],"source":"The New York Times","headline":{"main":"THE EXPIRING CONGRESS.; CLOSING SCENES IN HOUSE AND SENATE. THE LEGISLATIVE PROCEEDINGS UNINTERESTING AND MONOTONOUS--THE LOBBYISTS, MALE AND FEMALE, DESERT THE CAPITOL EARLY--A POOR CHANCE FOR JOBS--SLAUGHTER OF EVERYTHING WHICH SAVORS OF THE LOBBY.","kicker":"1"},"pub_date":"1875-03-04T00:03:58Z","document_type":"article","news_desk":null,"section_name":null,"subsection_name":null,"type_of_material":"Front Page","_id":"4fbff1ce45c1498b0d08fff3"},{"web_url":"http:\/\/www.nytimes.com\/aponline\/2017\/02\/16\/us\/ap-us-north-dakota-governors-jeans.html","snippet":"North Dakota Gov. Doug Burgum's preference for wearing jeans got him booted from the state Senate's floor....","lead_paragraph":"North Dakota Gov. Doug Burgum's preference for wearing jeans got him booted from the state Senate's floor.","abstract":null,"blog":[],"source":"AP","headline":{"main":"Jeans Get Governor Booted From North Dakota Senate's Floor","print_headline":"Jeans Get Governor Booted From North Dakota Senate's Floor"},"pub_date":"2017-02-16T16:13:15+0000","document_type":"article","news_desk":null,"section_name":"U.S.","subsection_name":null,"type_of_material":"News","_id":"58a5cfa37c459f2525d1cd2d"},{"web_url":"http:\/\/query.nytimes.com\/gst\/abstract.html?res=990DE2D91638E233A2575BC2A9679C94659ED7CF","snippet":"It is nearly thirty years since Appomattox. Thirty years is a goodly slice to take out of a man's life, but there are many who were men of action from 1861 to 1865 who are yet good for a score of years in their country's service. As one goes into ...","lead_paragraph":"It is nearly thirty years since Appomattox. Thirty years is a goodly slice to take out of a man's life, but there are many who were men of action from 1861 to 1865 who are yet good for a score of years in their country's service. As one goes into the galleries of the Senate he instinctively glances at the Democratic side.","abstract":"War Record; Portrait","blog":[],"source":"The New York Times","headline":{"main":"SOLDERS OF THE U.S. SENATE; MEN WHO MALE REPUTATIONS IN THE FIELD YEARS AGO. Many States Now Represented by ex-Officers of the Confederacy, Most of Them Generals -- Daniel and Hunton of Virginia -- Ransom and Vance of North Carolina -- Senator Butler a True Son of the \"Fighting Butlers\" -- \"The Knightly Gordon.\""},"pub_date":"1894-01-28T00:00:00Z","document_type":"article","news_desk":null,"section_name":null,"subsection_name":null,"type_of_material":"Article","_id":"4fc02f7245c1498b0d1b0156"},{"web_url":"http:\/\/www.nytimes.com\/2016\/12\/22\/opinion\/the-senate-bathroom-angle.html","snippet":"We are sorely in need of some cheerful news out of Washington, so I\u2019m going to tell you Barbara Mikulski\u2019s story....","lead_paragraph":"We are sorely in need of some cheerful news out of Washington, so I\u2019m going to tell you Barbara Mikulski\u2019s story.","abstract":"Gail Collins Op-Ed column recounts longtime Congresswoman Barbara Mikulski's fight to win adequate bathroom facilities on Capitol Hill for female lawmakers; notes Mikulski is retiring after 30 years in Senate and 10 years in House.","blog":[],"source":"The New York Times","headline":{"main":"The Senate Bathroom Angle","content_kicker":"Op-Ed Columnist","kicker":"Op-Ed Columnist","print_headline":"The Senate Bathroom Angle"},"pub_date":"2016-12-22T08:21:19+0000","document_type":"article","news_desk":"OpEd","section_name":"Opinion","subsection_name":null,"type_of_material":"Op-Ed","_id":"585b8d097c459f2525d132a9"},{"web_url":"http:\/\/www.nytimes.com\/2017\/02\/08\/opinion\/elizabeth-warren-was-told-to-be-quiet-women-can-relate.html","snippet":"Being silenced, or being one of the few women in the room, can be both inhibiting and enraging....","lead_paragraph":"Being silenced, or being one of the few women in the room, can be both inhibiting and enraging.","abstract":null,"blog":[],"source":"The New York Times","headline":{"main":"Elizabeth Warren Was Told to Be Quiet. Women Can Relate.","content_kicker":"Dispatch","kicker":"Dispatch"},"pub_date":"2017-02-08T22:13:24+0000","document_type":"article","news_desk":"OpEd","section_name":"Opinion","subsection_name":null,"type_of_material":"Op-Ed","_id":"589b980c7c459f2525d1b2d0"},{"web_url":"http:\/\/www.nytimes.com\/reuters\/2017\/02\/03\/us\/politics\/03reuters-usa-court-transgender.html","snippet":"The U.S. Supreme Court on Friday scheduled oral arguments in a major dispute on transgender rights for March 28, when the U.S. Senate is set to be in the midst of a political fight over President Donald Trump's nominee to a vacant seat on the benc...","lead_paragraph":"The U.S. Supreme Court on Friday scheduled oral arguments in a major dispute on transgender rights for March 28, when the U.S. Senate is set to be in the midst of a political fight over President Donald Trump's nominee to a vacant seat on the bench.","abstract":null,"blog":[],"source":"Reuters","headline":{"main":"Transgender Court Hearing Set Amid Fight Over Trump Nominee","print_headline":"Transgender Court Hearing Set Amid Fight Over Trump Nominee"},"pub_date":"2017-02-03T18:24:29+0000","document_type":"article","news_desk":null,"section_name":"U.S.","subsection_name":"Politics","type_of_material":"News","_id":"5894cae57c459f2525d1a5c7"},{"web_url":"http:\/\/www.nytimes.com\/politics\/first-draft\/2015\/02\/19\/in-the-senate-women-are-better-dealmakers-than-men-heres-proof\/","snippet":"A couple of enterprising Harvard University students have uncovered proof of what women in the United States Senate have long suspected and claimed: They really are better than men at working together, passing bills and cutting bipartisan deals....","lead_paragraph":null,"abstract":"A couple of enterprising Harvard University students have uncovered proof of what women in the United States Senate have long suspected and claimed: They really are better than men at working together, passing bills and cutting bipartisan deals.","blog":[],"source":"The New York Times","headline":{"main":"Proof That Women Are the Better Dealmakers in the Senate","kicker":"First Draft"},"pub_date":"2015-02-19T08:54:28Z","document_type":"blogpost","news_desk":null,"section_name":"false","subsection_name":"false","type_of_material":"Blog","_id":"54e5eb7338f0d82d01cf77dc"},{"web_url":"http:\/\/query.nytimes.com\/gst\/abstract.html?res=9C06E5DE1E3AEF34BC4A53DFB5668382679FDE","snippet":null,"lead_paragraph":null,"abstract":null,"blog":[],"source":"The New York Times","headline":{"main":"FORTY-FIRST CONGRESS; List of Members of the Senate and House of Representatives Short Sketches of the New and the Retiring Senators. How the Political Parties are Divided in Each House. List of Representatives Whose Seats are Contested. States Unrepresented in the House at the Commencement of the Session. THE SENATE. List of Members--Its Political Complexion. Present Senators E?? Present Senators not Re-elected. THE NEW SENATORS. William A. Buckingham, of Connecticut. Ronben E. Fenton, of New-York. John P. Stockton, of New-Jersey. John Scott, of Pennsylvania. William T. Hamilton, of Maryland. Thomas F. Bayard, of Delaware. Abijah Gilbert, of Florida. William G. Brownlow, of Tennessee. Arthur I. Boreman, of West Virginia. Allen G. Thurman, of Ohio. Daniel D. Pratt, of Indiana. Matthew Male Carpenter, of Wisconsin. Carl Schurz, of Missouri. HOUSE OF REPRESENTATIVES. Eugene Casserly, of California. The Changes in Brief. States Not Represented. Contested Seats.","kicker":"2"},"pub_date":"1869-03-02T00:03:58Z","document_type":"article","news_desk":null,"section_name":null,"subsection_name":null,"type_of_material":"Article","_id":"4fbfe33645c1498b0d04e5ea"},{"web_url":"http:\/\/www.nytimes.com\/aponline\/2017\/02\/08\/us\/politics\/ap-us-senate-warren-breaking-rules.html","snippet":"The turbulent national debate over race, gender and free speech consumed the normally staid Senate on Wednesday after the GOP majority voted to silence Sen. Elizabeth Warren, abruptly elevating her celebrity status at a moment when liberals are hu...","lead_paragraph":"The turbulent national debate over race, gender and free speech consumed the normally staid Senate on Wednesday after the GOP majority voted to silence Sen. Elizabeth Warren, abruptly elevating her celebrity status at a moment when liberals are hungry for a leader to take on Donald Trump.","abstract":null,"blog":[],"source":"AP","headline":{"main":"Rancorous Senate 'Silencing' Gives Warren a National Boost","print_headline":"Rancorous Senate 'Silencing' Gives Warren a National Boost"},"pub_date":"2017-02-08T08:48:38+0000","document_type":"article","news_desk":null,"section_name":"U.S.","subsection_name":"Politics","type_of_material":"News","_id":"589adb6c7c459f2525d1b081"},{"web_url":"http:\/\/www.nytimes.com\/1985\/08\/18\/nyregion\/new-jersey-journal-189986.html","snippet":null,"lead_paragraph":null,"abstract":null,"blog":[],"source":"The New York Times","headline":{"main":"NEW JERSEY JOURNAL"},"pub_date":"1985-08-18T00:00:00Z","document_type":"article","news_desk":"New Jersey Weekly Desk","section_name":"New York and Region","subsection_name":null,"type_of_material":"News","_id":"4fd150258eb7c8105d630fa8"},{"web_url":"http:\/\/www.nytimes.com\/2007\/01\/27\/us\/27brfs-CENSUREOFSEN_BRF.html","snippet":"A State Senate panel recommended the censure of a lawmaker accused of groping a male page in a motel room bed. The full Senate could vote next week on the proposed punishment for the lawmaker, Senator Daniel Sutton, a Democrat from Flandreau. Cens...","lead_paragraph":"A State Senate panel recommended the censure of a lawmaker accused of groping a male page in a motel room bed. The full Senate could vote next week on the proposed punishment for the lawmaker, Senator Daniel Sutton, a Democrat from Flandreau. Censure would carry no loss of Mr. Sutton&#8217;s powers. The nine-member panel, which voted, 6 to 3, in favor of censure, could have recommended instead that the lawmaker be expelled or exonerated. The page, Austin Wiese, 19, testified this week that Mr. Sutton, a longtime family friend, touched his genitals through his shorts while the two shared a king-size bed at a motel last February. Mr. Wiese was 18 at the time. No criminal charges have been filed. Mr. Sutton acknowledged sharing a bed with the young man but denied groping him.","abstract":null,"blog":[],"source":"The New York Times","headline":{"main":"South Dakota: Censure of Senator Is Advised","print_headline":"South Dakota: Censure of Senator Is Advised"},"pub_date":"2007-01-27T00:00:00Z","document_type":"article","news_desk":"National","section_name":"U.S.","subsection_name":null,"type_of_material":"Brief","_id":"548e4f7b38f0d8437a5dbc79"}]