[{"web_url":"http:\/\/www.nytimes.com\/1985\/07\/11\/garden\/l-a-male-president-117050.html","snippet":"TO THE HOME SECTION:   History gives one a context for reflecting on the past, examining the present and looking toward the future. Therefore it is no surprise that Susan Barron [Hers, July 4] , describes past holders of the Presidency - all male ...","lead_paragraph":"TO THE HOME SECTION: History gives one a context for reflecting on the past, examining the present and looking toward the future. Therefore it is no surprise that Susan Barron [Hers, July 4] , describes past holders of the Presidency - all male - when she thinks about ''the image of a President.''","abstract":null,"blog":[],"source":"The New York Times","headline":{"main":"A Male President?"},"pub_date":"1985-07-11T00:00:00Z","document_type":"article","news_desk":"Home Desk","section_name":"Home and Garden; Style; Opinion","subsection_name":null,"type_of_material":"Letter","_id":"4fd15d838eb7c8105d6450d3"},{"web_url":"http:\/\/query.nytimes.com\/gst\/abstract.html?res=9902E6D6133DE43BBC4152DFB066838D679EDE","snippet":"HASTINGS-ON-HUDSON, N.Y., June 18 for the first time in its 160 years, the Orphan Asylum Society of the City of New York has a man as president. He is H.M. Baird Voorhis of Pelham, a partner in Voorhis, Fish, Inc., investment counsellors of 70 Pin...","lead_paragraph":"HASTINGS-ON-HUDSON, N.Y., June 18 for the first time in its 160 years, the Orphan Asylum Society of the City of New York has a man as president. He is H.M. Baird Voorhis of Pelham, a partner in Voorhis, Fish, Inc., investment counsellors of 70 Pine Street, New York.","abstract":"H M Baird elected pres, 1st man to hold post","blog":[],"source":"The New York Times","headline":{"main":"160-Year-Old Orphanage Gets First Male President"},"pub_date":"1966-06-19T00:00:00Z","document_type":"article","news_desk":null,"section_name":null,"subsection_name":null,"type_of_material":"Article","_id":"4fc42d4f45c1498b0d96b49a"},{"web_url":"http:\/\/www.nytimes.com\/aponline\/2016\/05\/12\/world\/americas\/ap-lt-brazil-political-crisis-the-latest.html","snippet":"The latest on the debate on impeachment of Brazilian president Dilma Rousseff (all times local):...","lead_paragraph":"The latest on the debate on impeachment of Brazilian president Dilma Rousseff (all times local):","abstract":null,"blog":[],"source":"AP","headline":{"main":"The Latest: Brazil's Acting President Names All-Male Cabinet","print_headline":"The Latest: Brazil's Acting President Names All-Male Cabinet"},"pub_date":"2016-05-12T01:06:59Z","document_type":"article","news_desk":"None","section_name":"World","subsection_name":"Americas","type_of_material":"News","_id":"5734101838f0d857ffcae933"},{"web_url":"http:\/\/www.nytimes.com\/2001\/05\/01\/nyregion\/marymount-manhattan-college-selects-its-first-male-president.html","snippet":"Marymount Manhattan College has selected Judson R. Shaver, the provost and academic vice president at Iona College in New Rochelle, N.Y., as its next president, the first  man to hold the post since the college was founded 66 years ago.     ''We f...","lead_paragraph":"Marymount Manhattan College has selected Judson R. Shaver, the provost and academic vice president at Iona College in New Rochelle, N.Y., as its next president, the first man to hold the post since the college was founded 66 years ago. ''We felt from the beginning that this was someone who understood where we had been and had a vision about where we might go,'' Mary Anne Schwalbe, head of the college's search committee, said in a statement. She added, ''A leader but also a listener was what we found when we talked to people who had worked for and with him.''","abstract":"Marymount Manhattan College selects Judson R Shaver, provost and academic vice president at Iona College, as its next president; he will become first man to hold post since college was founded 66 years ago (M)","blog":[],"source":"The New York Times","headline":{"main":"Marymount Manhattan College Selects Its First Male President"},"pub_date":"2001-05-01T00:00:00Z","document_type":"article","news_desk":"Metropolitan Desk","section_name":"New York and Region","subsection_name":null,"type_of_material":"News","_id":"4fd2238e8eb7c8105d7a92e5"},{"web_url":"http:\/\/query.nytimes.com\/gst\/abstract.html?res=9506EEDE153CEE3BBC4852DFB3668388659EDE","snippet":"Male, Isaac...","lead_paragraph":null,"abstract":"Male, Isaac","blog":[],"source":"The New York Times","headline":{"main":"ISAAC MALE, 99, DIES; President of Bookbinding Firm at Work Until 3 Weeks Ago"},"pub_date":"1943-05-10T00:00:00Z","document_type":"article","news_desk":null,"section_name":null,"subsection_name":null,"type_of_material":"Obituary","_id":"4fc23f4e45c1498b0d6a856c"},{"web_url":"http:\/\/query.nytimes.com\/gst\/abstract.html?res=9906E5DC1E31E03BBC4052DFB667838F659EDE","snippet":"CAMBRIDGE, Mass., Oct. 17 -- Dr. Earnest A. Hooton, Harvard anthropologist, would like to see a woman President in the White House....","lead_paragraph":"CAMBRIDGE, Mass., Oct. 17 -- Dr. Earnest A. Hooton, Harvard anthropologist, would like to see a woman President in the White House.","abstract":"Dr E A Hooton cites women's adm abilities","blog":[],"source":"The New York Times","headline":{"main":"WOMAN PRESIDENT IS HOOTON'S HOPE; Harvard Scientist Says Sex Is Less Inclined Than the Male Toward 'Facile Compromise'"},"pub_date":"1944-10-18T00:00:00Z","document_type":"article","news_desk":null,"section_name":null,"subsection_name":null,"type_of_material":"Article","_id":"4fc240e945c1498b0d6b0385"},{"web_url":"http:\/\/query.nytimes.com\/gst\/abstract.html?res=9B05E3DA1539E233A25751C2A9629C946595D6CF","snippet":"Publication yesterday of the announcement that the Tokio Municipal Council had approved plans for fifty miles of underground electric railways in the capital at a cost of $82,000,000, means, it is said, that the major part of the construction work...","lead_paragraph":"Publication yesterday of the announcement that the Tokio Municipal Council had approved plans for fifty miles of underground electric railways in the capital at a cost of $82,000,000, means, it is said, that the major part of the construction work will be done by the Foundation Company under agreements already reached.","abstract":"J W Doty says his co will probably build Tokio subways","blog":[],"source":"The New York Times","headline":{"main":"EXPECTS TO BUILD TOKIO'S SUBWAYS; Agreements for Large Part of Work Already Male With Foundation Company, President Says."},"pub_date":"1924-04-22T00:00:00Z","document_type":"article","news_desk":null,"section_name":null,"subsection_name":null,"type_of_material":"Article","_id":"4fc0b0b145c1498b0d406492"},{"web_url":"http:\/\/query.nytimes.com\/gst\/abstract.html?res=9400E5DC153AE23ABC4D53DFB466838C629EDE","snippet":"Dr. Mary E. Woolley, who will retire from the Mount Holyoke College presidency in June, came out publicly here today in opposition to Dr. Roswell G. Ham of Yale, who has been chosen as the first male president of the college, in succession to hers...","lead_paragraph":"Dr. Mary E. Woolley, who will retire from the Mount Holyoke College presidency in June, came out publicly here today in opposition to Dr. Roswell G. Ham of Yale, who has been chosen as the first male president of the college, in succession to herself.","abstract":"Opposes Dr Ham for Mt Holyoke Coll pres","blog":[],"source":"The New York Times","headline":{"main":"DR. WOOLLEY JOINS ATTACK ON DR. HAM; Retiring President Opposes a Male Successor as Violating Mt. Holyoke Tradition"},"pub_date":"1937-02-05T00:00:00Z","document_type":"article","news_desk":null,"section_name":null,"subsection_name":null,"type_of_material":"Article","_id":"4fc2027945c1498b0d5963b0"},{"web_url":"http:\/\/query.nytimes.com\/gst\/abstract.html?res=9E04EFD71439E435A75755C1A9649C946490D6CF","snippet":"Gilbert Cant article on male prostate gland; describes it, discusses its function, causes and symptoms of its diseases and treatment; says prostate disorders are among commonest afflictions of the modern male: 60% of N Amer men over age 60 have so...","lead_paragraph":null,"abstract":"Gilbert Cant article on male prostate gland; describes it, discusses its function, causes and symptoms of its diseases and treatment; says prostate disorders are among commonest afflictions of the modern male: 60% of N Amer men over age 60 have some enlargement of the prostate, and proportion rises to about 95% by age 80; gland is subject to infectious and noninfectious prostatis, but most feared of prostatic diseases is cancer; cancer originating in this gland is 3d commonest malignancy among N Amer males, and 3d-ranking cause of cancer deaths among men; article calls last qr of 20th century 'age of prostatism' because as more men live into advanced decades prostate trouble develops and because prostate disorder is now freely talked about; notes that US Interior Sec Rogers C B Morton is, so far, the highest placed Amer public official who has allowed public notice of his prostate trouble, cancer; he has no evidence of further difficulty following radiation treatment; comment by several drs cited; role of several drs in understanding and treating disorders noted; importance of early diagnosis stressed; illus; diagram (L)","blog":[],"source":"The New York Times","headline":{"main":"MALE TROUBLE; It's probably only a matter of time before a President discusses prostate disorder as freely as a President's wife discusses mastectomy"},"pub_date":"1975-02-16T00:00:00Z","document_type":"article","news_desk":null,"section_name":null,"subsection_name":null,"type_of_material":"Article","_id":"4fc4949045c1498b0da6f071"},{"web_url":"http:\/\/query.nytimes.com\/gst\/abstract.html?res=9505E3DF153DE73ABC4C52DFB7668388669EDE","snippet":"CAMBRIDGE, Mass. On Nov. 6 of this past year, Matina Horner, a 33-year-old associate professor of psychology at Harvard University, became the sixth president of Radcliffe College, the famed school for women founded in 1879 across the Cambridge Co...","lead_paragraph":"CAMBRIDGE, Mass. On Nov. 6 of this past year, Matina Horner, a 33-year-old associate professor of psychology at Harvard University, became the sixth president of Radcliffe College, the famed school for women founded in 1879 across the Cambridge Common from Harvard. For great numbers of people--both inside and outside of the academic world -- Matina Horner's inauguration was a moment of ritual rather than of ceremony,","abstract":"V Gornick article on Radcliffe pres M Horner and her research on failure to achieve and fear of success in intellectually gifted women; effects on women of close relationship between Harvard Univ and Radcliffe noted; illus","blog":[],"source":"The New York Times","headline":{"main":"Why Radcliffe women are afraid of success; Research by Matina Horner, now Radcliffe's president, may help explain why. She asked college students, male and female, to write brief stories based on almost identical cues. Below, one typical male Q and A (at left) and four feminine responses."},"pub_date":"1973-01-14T00:00:00Z","document_type":"article","news_desk":null,"section_name":null,"subsection_name":null,"type_of_material":"Article","_id":"4fc483ec45c1498b0da275df"},{"web_url":"http:\/\/query.nytimes.com\/gst\/abstract.html?res=9405E5DE123BE33BBC4C53DFB766838A659EDE","snippet":null,"lead_paragraph":null,"abstract":null,"blog":[],"source":"The New York Times","headline":{"main":"JOSEPH B. POLITZ, 63, A MANUFACTURER; President of Samuel W. Peck, Maker of Boys' and Men's Clothing, Dies at Home WAS MALE STYLE EXPERT Authority on Woolens Began as a Window Trimmer in San Francisco Store","kicker":"1"},"pub_date":"1941-01-04T00:00:00Z","document_type":"article","news_desk":null,"section_name":null,"subsection_name":null,"type_of_material":"Obituary","_id":"4fc21f6745c1498b0d615982"},{"web_url":"http:\/\/query.nytimes.com\/gst\/abstract.html?res=9806EFDC1E3FEE3BBC4850DFB166838D629EDE","snippet":"SOUTH HADLEY, Mass., July 29. -- Alumnae of Mount Holyoke College are formally advised of the election of Dr. Roswell Gray Ham to the presidency in an article by Alva Morrison, president of the board of trustees, appearing in the Mount Holyoke Alu...","lead_paragraph":"SOUTH HADLEY, Mass., July 29. -- Alumnae of Mount Holyoke College are formally advised of the election of Dr. Roswell Gray Ham to the presidency in an article by Alva Morrison, president of the board of trustees, appearing in the Mount Holyoke Alumnae Quarterly.","abstract":"A Morrison explains choice of Dr R G Ham as pres; Dr Woolley comments","blog":[],"source":"The New York Times","headline":{"main":"TRUSTEE EXPLAINS MT. HOLYOKE CHOICE; Declares in Alumnae Quarterly Dr. Ham Was Named Head When 3 Women Declined. MISS WOOLLEY CONSULTED But She Told Board Appointment of Male President Would Be Step Backward."},"pub_date":"1936-07-30T00:00:00Z","document_type":"article","news_desk":null,"section_name":null,"subsection_name":null,"type_of_material":"Article","_id":"4fc1e7e745c1498b0d516639"},{"web_url":"http:\/\/query.nytimes.com\/gst\/abstract.html?res=9B06E2D7173AE433A25751C0A9659C946696D6CF","snippet":"HARTFORD, Conn., March 1.--Colonel Theodore Roosevelt, in an interview in New York today, heartily indorsed the Connecticut military census plan by which every male resident of the State of Connecticut above 16 years old is being enrolled with a v...","lead_paragraph":"HARTFORD, Conn., March 1.--Colonel Theodore Roosevelt, in an interview in New York today, heartily indorsed the Connecticut military census plan by which every male resident of the State of Connecticut above 16 years old is being enrolled with a view to having his qualifications for service to the nation in time of war instantly available.","abstract":"urges that U. S. send army to Europe if war comes","blog":[],"source":"The New York Times","headline":{"main":"ROOSEVELT WANTS US TO SEND ARMY; If War Comes \"We Must Strike Hard at Germany,\" He Declares. FOR STATE-CENSUS PLAN Ex-President Praises Connecticut's Move to Enroll All Male Residents."},"pub_date":"1917-03-02T00:00:00Z","document_type":"article","news_desk":null,"section_name":null,"subsection_name":null,"type_of_material":"Article","_id":"4fc0698245c1498b0d2b78f5"},{"web_url":"http:\/\/query.nytimes.com\/gst\/abstract.html?res=9902EEDD1F3FE433A25752C2A9629C946996D6CF","snippet":"WASHINGTON, April 20.--President Wilson tonight made proclamation of the law extending to women of German and Austro-Hungarian nationality, more than fourteen years of age, the restrictions previously imposed on men of these nationalities residing...","lead_paragraph":"WASHINGTON, April 20.--President Wilson tonight made proclamation of the law extending to women of German and Austro-Hungarian nationality, more than fourteen years of age, the restrictions previously imposed on men of these nationalities residing in the United States.","abstract":"proclamation","blog":[],"source":"The New York Times","headline":{"main":"ENEMY WOMEN IN RESTRICTED CLASS; Same Rules as Affect Male Enemy Aliens Applied to Them by President. ACTION BASED ON NEW LAW German Women Must Register, Shun Barred Zones, and Quit Washington City. Attorney General's Statement. Suspected Women Watched."},"pub_date":"1918-04-21T00:00:00Z","document_type":"article","news_desk":null,"section_name":null,"subsection_name":null,"type_of_material":"Article","_id":"4fc08bd045c1498b0d35a184"},{"web_url":"http:\/\/query.nytimes.com\/gst\/abstract.html?res=9E07E0DF103EE33ABC4E51DFB4668382629EDE","snippet":"A male chorus of 5,000 voices, the largest group ever assembled, will present two free concerts in the Court of Peace at the World's Fair on July 1 and 2. Signing of the contract was announced yesterday by Fair officials....","lead_paragraph":"A male chorus of 5,000 voices, the largest group ever assembled, will present two free concerts in the Court of Peace at the World's Fair on July 1 and 2. Signing of the contract was announced yesterday by Fair officials.","abstract":"To visit N Y World's Fair","blog":[],"source":"The New York Times","headline":{"main":"CHORUS OF 5,000 WILL SING AT FAIR; Male Group, the Largest Ever Assembled, to Give Concerts on July 1 and 2 SITE IS COURT OF PEACE President of Turkey to Send Greetings to Exposition on Radio Today"},"pub_date":"1939-02-26T00:00:00Z","document_type":"article","news_desk":null,"section_name":null,"subsection_name":null,"type_of_material":"Article","_id":"4fc21fa945c1498b0d617450"},{"web_url":"http:\/\/query.nytimes.com\/gst\/abstract.html?res=9F05EFDC113EE732A25753C3A9659C94619FD6CF","snippet":"SALT LAKE CITY--Once all but cast out from the nation, the Mormon church is now a burgeoning and influential religion whose members eagerly espouse the traditional values of patriotism and capitalism....","lead_paragraph":"SALT LAKE CITY--Once all but cast out from the nation, the Mormon church is now a burgeoning and influential religion whose members eagerly espouse the traditional values of patriotism and capitalism.","abstract":"by Robert Towers","blog":[],"source":"The New York Times","headline":{"main":"Mormon Church at 150: Thriving on Traditionalism; Closely Knit Society Mormon Church Gains in Converts and Influence, Espousing Traditional Values Moving Outside Utah Conservative President Reliance on Tithing Carrying God's Message Departures From Chistianity Stress on Home Life Male as the Provider"},"pub_date":"1980-03-30T00:00:00Z","document_type":"article","news_desk":null,"section_name":null,"subsection_name":null,"type_of_material":"Front Page","_id":"4fc4a68645c1498b0dabd1c4"},{"web_url":"http:\/\/query.nytimes.com\/gst\/abstract.html?res=940CE1D9113AE433A25753C2A9679D946696D6CF","snippet":"WASHINGTON, Nov. 19.--President Wilson today issued a sweeping proclamation to govern the conduct of enemy aliens in the United States and protect shipping and other property from the outrages which have greatly crippled the ......","lead_paragraph":"WASHINGTON, Nov. 19.--President Wilson today issued a sweeping proclamation to govern the conduct of enemy aliens in the United States and protect shipping and other property from the outrages which have greatly crippled the ...","abstract":"Pres. Wilson issues proclamation governing conduct of enemy aliens and protecting shipping and other property; troops will guard piers when necessary; enemy aliens required to leave District of Columbia","blog":[],"source":"The New York Times","headline":{"main":"ALL GERMANS HERE UNDER NEW WATCH; President Wilson Proclaims a Sweeping Surveillance and Plan of Registration. WATERFRONTS WAR ZONES Troops to Guard Piers When Necessary--Enemy Aliens Required to Leave Washington. Text of the Proclamation. Bars Dr. Muck from Washington. 130,000 ARE AFFECTED HERE. Restrictions to Apply, It Is Expected, to Male Germans Above 14."},"pub_date":"1917-11-20T00:00:00Z","document_type":"article","news_desk":null,"section_name":null,"subsection_name":null,"type_of_material":"Article","_id":"4fc0756e45c1498b0d2f4232"},{"web_url":"http:\/\/query.nytimes.com\/gst\/abstract.html?res=9406E2DF1338E03ABC4852DFB066838B629EDE","snippet":"The pick of New York City's 65,000 male high school students, numbering twenty-eight, competed last night in the gymnasium of Stuyvesant High School in the first annual P.S.A.L. High Schools Physical Fitness Demonstration. Each of the boys of the ...","lead_paragraph":"The pick of New York City's 65,000 male high school students, numbering twenty-eight, competed last night in the gymnasium of Stuyvesant High School in the first annual P.S.A.L. High Schools Physical Fitness Demonstration. Each of the boys of the small group had attained...","abstract":"Mayor Walker on value of land in Rockefeller gift","blog":[],"source":"The New York Times","headline":{"main":"SEWARD PARK BOY WINS FITNESS TEST; Weiner Leads in Field of 28 Selected From 65,000 Male High School Students. HOOVER SENDS TELEGRAM Wires Message of Commendation, Which Is Read by President Kirby of the P.S.A.L. Strassberger Represents Mayor. Dr. Hartwell Is Speaker."},"pub_date":"1930-06-10T00:00:00Z","document_type":"article","news_desk":null,"section_name":null,"subsection_name":null,"type_of_material":"Article","_id":"4fc0b4fc45c1498b0d41b2b9"},{"web_url":"http:\/\/query.nytimes.com\/gst\/abstract.html?res=9C03EEDB163EE233A25756C0A9639C946697D6CF","snippet":"The Wiener Mannergesang Verein, Vienna's noted male choir, which is to sing before President Roosevelt, arrived yesterday 342 strong on the Hamburg-American Line steamship Oceana. They chartered the vessel for the trip. Of those who arrived 180 ar...","lead_paragraph":"The Wiener Mannergesang Verein, Vienna's noted male choir, which is to sing before President Roosevelt, arrived yesterday 342 strong on the Hamburg-American Line steamship Oceana. They chartered the vessel for the trip. Of those who arrived 180 are singers, and the rest guests.","abstract":"Wiener Mannergesang Verein, Vienna's noted male choir, arrives in US on ss Oceana","blog":[],"source":"The New York Times","headline":{"main":"AUSTRIAN SINGERS HERE ON THE OCEANA; Noted Male Choir of Vienna Will Make a Tour of This Country. TO SING FOR PRESIDENT Society Will Be Received at the White House Monday -- Elaborate Plans for Its Entertainment Here. PUPILS' PIANO RECITAL. Five Girls of St. Teresa's Academy Get Gold Medals. Charles Walcott Taken Ill on Tour."},"pub_date":"1907-05-05T00:00:00Z","document_type":"article","news_desk":null,"section_name":null,"subsection_name":null,"type_of_material":"Article","_id":"4fc048e245c1498b0d2245b1"},{"web_url":"http:\/\/query.nytimes.com\/gst\/abstract.html?res=9D0CE1D71630E033A25754C1A9609C94659ED7CF","snippet":"The sangerfest which is to begin next Saturday in the Madison Square Garden will bring together the largest and most finely trained body of choral singers that ever assembled in the City of New-York. It is nearly twenty-five years since a music fe...","lead_paragraph":"The sangerfest which is to begin next Saturday in the Madison Square Garden will bring together the largest and most finely trained body of choral singers that ever assembled in the City of New-York. It is nearly twenty-five years since a music festival of this kind has been given in this city, and the preparations which have been going on all Winter insure a most interesting series of entertainments.","abstract":"History; Portrait of Officers; Saengerfest Preparations","blog":[],"source":"The New York Times","headline":{"main":"HISTORICAL SINGING CLUBS; THE GERMAN CHORAL SOCIETIES OF NEW-YORK AND BROOKLYN. THE FORCES FOR THE SAENGERFEST. Histories of Bodies of Singers Which Are to Appear Next Week. HALF A CENTURY'S WORK FOR ART. A Complete Review of the Record of the German Singing Clubs of New-York and Brooklyn-Enviable Annals of the Famous Male Choruses of Two Cities -- The Liederkranz and Its Favorite President -- How Its Child, the Arion, Grew -- The Beethoven Maennerchor and Its Many Festivals -- The Zoellner of Brooklyn, a Gennine Phoenix -- Other Organizations and Their Historic Achievements."},"pub_date":"1894-06-17T00:00:00Z","document_type":"article","news_desk":null,"section_name":null,"subsection_name":null,"type_of_material":"Article","_id":"4fc02f7445c1498b0d1b03fc"}]