[{"web_url":"http:\/\/query.nytimes.com\/gst\/abstract.html?res=9401E1D7103FE63ABC4E52DFBE668383679EDE","snippet":"The Sexual Wilderness: The Contemporary Upheaval in Male-Female Relationships. By Vance Packard. 553 pages. McKay. $6.95. The New People: Desexualization in American Life. By Charles E. Winick. 384 pages. Pegasus. $7.50....","lead_paragraph":"The Sexual Wilderness: The Contemporary Upheaval in Male-Female Relationships. By Vance Packard. 553 pages. McKay. $6.95. The New People: Desexualization in American Life. By Charles E. Winick. 384 pages. Pegasus. $7.50.","abstract":"V Packard book The Sexual Wilderness: The Contemporary Upheaval in Male-Female Relationships, and C E Winick book The New People: Desexualization in American Life, revd","blog":[],"source":"The New York Times","headline":{"main":"Books of The Times; It's Here to Stay -- Are We?"},"pub_date":"1968-08-16T00:00:00Z","document_type":"article","news_desk":null,"section_name":null,"subsection_name":null,"type_of_material":"Review","_id":"4fc4683645c1498b0d9a9349"},{"web_url":"http:\/\/query.nytimes.com\/gst\/abstract.html?res=9E0CE4DF133EEF34BC4052DFB766838D669EDE","snippet":"In trying to get at the \"uniqueness\" of our national character, historians have shown little interest in what may well be one of the critical indices: sexual behavior. Their disregard reflects the culture's view that sexuality as a topic (indeed a...","lead_paragraph":"In trying to get at the \"uniqueness\" of our national character, historians have shown little interest in what may well be one of the critical indices: sexual behavior. Their disregard reflects the culture's view that sexuality as a topic (indeed as experience) should be confined to the furtive periphery.","abstract":"Rev of G J Barker-Benfield book The Horrors of the Half-Known Life. Male Attitudes Toward Women and Sexuality in Nineteenth-Century America; illus","blog":[],"source":"The New York Times","headline":{"main":"The Horrors Of the Half-Known Life; Some facts of life in the 19th century Half-Known"},"pub_date":"1976-01-18T00:00:00Z","document_type":"article","news_desk":null,"section_name":null,"subsection_name":null,"type_of_material":"Article","_id":"4fc4963345c1498b0da7667a"},{"web_url":"http:\/\/query.nytimes.com\/gst\/abstract.html?res=9F04E2DF1631E632A25751C1A9659C946990D6CF","snippet":"THE American male is not an endangered species, but his continued survival under so many grave, self-imposed handicaps is re  markable in itself. He must live with the myth of equal opportunity (anyone can achieve anything, and should), sexuality ...","lead_paragraph":"THE American male is not an endangered species, but his continued survival under so many grave, self-imposed handicaps is re markable in itself. He must live with the myth of equal opportunity (anyone can achieve anything, and should), sexuality (he must be ready to make love instantly to anything willing to stand still--an erection at will is the moral equivalent of a valid credit card), ...","abstract":"Books: Beyond the Male Myth. What Women Want to Know About Men's Sexuality. A Nationwide Survey by Dr Anthony Pietropinto and Jacqueline Simenauer; Male Sexuality. A Guide to Sexual Fulfillment by Dr Bernie Zilbergeld revd","blog":[],"source":"The New York Times","headline":{"main":"The Male Animal; BEYOND THE MALE MYTH MALE SEXUALITY THE SEASONS OF A MAN'S LIFE"},"pub_date":"1978-03-12T00:00:00Z","document_type":"article","news_desk":null,"section_name":null,"subsection_name":null,"type_of_material":"Article","_id":"4fc4936445c1498b0da69e52"},{"web_url":"http:\/\/www.nytimes.com\/1995\/03\/17\/movies\/film-review-the-male-perspective-on-life-after-marriage.html","snippet":"\"Bye Bye, Love\" takes a subject fraught with grief and rancor and sends it aloft like a helium balloon. This effervescent new comedy about the emotional travails of three divorced fathers aspires to be a hybrid of \"Parenthood\" and \"American Graffi...","lead_paragraph":"\"Bye Bye, Love\" takes a subject fraught with grief and rancor and sends it aloft like a helium balloon. This effervescent new comedy about the emotional travails of three divorced fathers aspires to be a hybrid of \"Parenthood\" and \"American Graffiti.\" But it is so intent on looking on the sunny side of divorce that it often seems shallow and evasive. The movie alludes to the bitterness of its subject only glancingly, as when a single father grimly remarks to his ex-wife, \"I see you're driving a child-support mobile,\" when she delivers the children for a visit.","abstract":null,"blog":[],"source":"The New York Times","headline":{"main":"The Male Perspective On Life After Marriage","kicker":"FILM REVIEW"},"pub_date":"1995-03-17T00:00:00Z","document_type":"article","news_desk":"Weekend Desk","section_name":"Movies; Arts","subsection_name":null,"type_of_material":"Review","_id":"4fd1e7a98eb7c8105d73506f"},{"web_url":"http:\/\/query.nytimes.com\/gst\/abstract.html?res=9400E3DE1439E731A25757C0A9639C946193D6CF","snippet":"Suicide...","lead_paragraph":null,"abstract":"Suicide","blog":[],"source":"The New York Times","headline":{"main":"Male Nurse Shoots 2, Ends Life"},"pub_date":"1940-05-04T00:00:00Z","document_type":"article","news_desk":null,"section_name":null,"subsection_name":null,"type_of_material":"Article","_id":"4fc2131e45c1498b0d5e0765"},{"web_url":"http:\/\/query.nytimes.com\/gst\/abstract.html?res=9A00E0D81330E631A25755C0A9679C94619FD6CF","snippet":"ALEXANDER CLARKE was a coed last year, and he did not mind it all. \"I don't think it's necessarily a derogatory term,\" he said. \"That's what you call  males at Wellesley.\"...","lead_paragraph":"ALEXANDER CLARKE was a coed last year, and he did not mind it all. \"I don't think it's necessarily a derogatory term,\" he said. \"That's what you call males at Wellesley.\"","abstract":"Article on Twelve-College Exchange, program involving Wellesley, Smith, Mount Holyoke, Amherst, Bowdoin, Connecticut College, Dartmouth, Trinity, Vassar, Wesleyan, Wheaton and Williams; under exchange program, student at any of 12 Northeastern colleges can spend 1 or 2 semesters at any of others; some male students give their reaction to being 'coeds' at woman's college; drawing (Winter Survey of Education) (M)","blog":[],"source":"The New York Times","headline":{"main":"Male Coeds-- How They Cope at Ole Ms.; The Male Coed: His Life at Ole Ms."},"pub_date":"1980-01-06T00:00:00Z","document_type":"article","news_desk":null,"section_name":null,"subsection_name":null,"type_of_material":"Article","_id":"4fc4a89945c1498b0dac5efb"},{"web_url":"http:\/\/www.nytimes.com\/1995\/09\/09\/arts\/dance-review-exploring-male-bonding-on-the-stage-and-in-life.html","snippet":"Terry Creach and Stephen Koester have been exploring the terrain of male bonding for over a decade in dances that have ranged from dramatic narrative to pure movement. On Wednesday night, they were joined by other male choreographers and dancers a...","lead_paragraph":"Terry Creach and Stephen Koester have been exploring the terrain of male bonding for over a decade in dances that have ranged from dramatic narrative to pure movement. On Wednesday night, they were joined by other male choreographers and dancers at the Ohio Theater (66 Wooster Street, SoHo), where they will dance through tomorrow. The emphasis was on meditative movement with the slightly wayward quality of improvisation. Dancing to muted industrial and traffic sounds and gentle piano phrases, Mr. Koester and Sean Curran built from simple motion and gestures to harder-edged, more complex encounters in \"Red Sphinx Meditates.\"","abstract":null,"blog":[],"source":"The New York Times","headline":{"main":"Exploring Male Bonding, On the Stage and in Life","kicker":"DANCE REVIEW"},"pub_date":"1995-09-09T00:00:00Z","document_type":"article","news_desk":"Cultural Desk","section_name":"Arts","subsection_name":null,"type_of_material":"Review","_id":"4fd1ec4e8eb7c8105d73d8ca"},{"web_url":"http:\/\/www.nytimes.com\/1995\/06\/14\/us\/doctors-tie-male-mentality-to-shorter-life-span.html","snippet":"The life expectancy of the American man is on average seven years shorter than that of the American woman, partly because of smoking, drinking and reckless behavior, according to a survey of 1,500 doctors that was made public today.    Some men ha...","lead_paragraph":"The life expectancy of the American man is on average seven years shorter than that of the American woman, partly because of smoking, drinking and reckless behavior, according to a survey of 1,500 doctors that was made public today. Some men have a \"bulletproof mentality\" that means they hate going to the doctor and when they do go they are reluctant to talk or ask questions about what ails them, the survey showed.","abstract":null,"blog":[],"source":"Reuters","headline":{"main":"Doctors Tie Male Mentality to Shorter Life Span"},"pub_date":"1995-06-14T00:00:00Z","document_type":"article","news_desk":"National Desk;","section_name":"Health","subsection_name":null,"type_of_material":"News","_id":"4fd1e9748eb7c8105d737eed"},{"web_url":"http:\/\/query.nytimes.com\/gst\/abstract.html?res=9D00E0DF1630EF3BBC4852DFB4678389679EDE","snippet":"2-yr study by Dr Wahlschlag finds male Trematomus Bernacchii, found only in Antarctic waters, has higher metabolism rate, slower growth rate and shorter life span than female...","lead_paragraph":null,"abstract":"2-yr study by Dr Wahlschlag finds male Trematomus Bernacchii, found only in Antarctic waters, has higher metabolism rate, slower growth rate and shorter life span than female","blog":[],"source":"The New York Times","headline":{"main":"Life in the Antarctic Rough on Male Fish"},"pub_date":"1962-12-10T00:00:00Z","document_type":"article","news_desk":null,"section_name":null,"subsection_name":null,"type_of_material":"Article","_id":"4fc4136e45c1498b0d8f503e"},{"web_url":"http:\/\/www.nytimes.com\/aponline\/2016\/01\/06\/world\/americas\/ap-lt-mexico-violence.html","snippet":"A new study suggests that Mexico's drug violence was so bad at its peak that it apparently caused the nation's male life expectancy to drop by several months....","lead_paragraph":"A new study suggests that Mexico's drug violence was so bad at its peak that it apparently caused the nation's male life expectancy to drop by several months.","abstract":null,"blog":[],"source":"AP","headline":{"main":"Study: Mexico Violence Caused Drop in Male Life Expectancy","print_headline":"Study: Mexico Violence Caused Drop in Male Life Expectancy"},"pub_date":"2016-01-06T10:24:07Z","document_type":"article","news_desk":"None","section_name":"World","subsection_name":"Americas","type_of_material":"News","_id":"568d31d538f0d803f4a0c79f"},{"web_url":"http:\/\/query.nytimes.com\/gst\/abstract.html?res=9406E2DA173DEE3BBC4A53DFB767838B649EDE","snippet":"NIAGARA FALLS, Nov. 1--The American father of today is a \"frustrated, forgotten man in the midst of family life,\" a Niagara Falls pediatrician, father of two, told a group of parent educators this afternoon....","lead_paragraph":"NIAGARA FALLS, Nov. 1--The American father of today is a \"frustrated, forgotten man in the midst of family life,\" a Niagara Falls pediatrician, father of two, told a group of parent educators this afternoon.","abstract":"Educ Dept sponsors Parent and Family Life Educ Conf","blog":[],"source":"The New York Times","headline":{"main":"FATHERS 'SHUTOUT,' PEDIATRICIAN SAYS; Family Life Conference Told Male Parents Are Excluded From Children's Life"},"pub_date":"1950-11-02T00:00:00Z","document_type":"article","news_desk":null,"section_name":null,"subsection_name":null,"type_of_material":"Article","_id":"4fc3170245c1498b0d73fd83"},{"web_url":"http:\/\/www.nytimes.com\/2015\/01\/14\/arts\/dance\/michelle-ellsworth-and-jeremy-wade-at-american-realness.html","snippet":"Two shows by Michelle Ellsworth and Jeremy Wade at the American Realness festival dealt with disappearance and decline....","lead_paragraph":"Two shows by Michelle Ellsworth and Jeremy Wade at the American Realness festival dealt with disappearance and decline.","abstract":"Siobhan Burke reviews performances by Michelle Ellsworth and Jeremy Wade at Abrons Art Center as part of American Realness festival.","blog":[],"source":"The New York Times","headline":{"seo":"Michelle Ellsworth and Jeremy Wade at American Realness","main":"Preparing for a Life Without the Male Gaze ","content_kicker":"Dance Review","kicker":"Dance Review","print_headline":"Preparing for a Life Without the Male Gaze"},"pub_date":"2015-01-14T00:00:00Z","document_type":"article","news_desk":"Culture","section_name":"Arts","subsection_name":"Dance","type_of_material":"Review","_id":"54b591fb38f0d82829edf035"},{"web_url":"http:\/\/www.nytimes.com\/1991\/03\/03\/nyregion\/campus-life-georgetown-white-male-writers-is-the-title-of-english-112.html","snippet":"The reading list for English 112 is familiar: Hawthorne, Melville, James Fenimore Cooper, Twain. But for many students and faculty members at Georgetown University, the appearance of a course titled \"White Male Writers\" this semester is as surpris...","lead_paragraph":"The reading list for English 112 is familiar: Hawthorne, Melville, James Fenimore Cooper, Twain. But for many students and faculty members at Georgetown University, the appearance of a course titled \"White Male Writers\" this semester is as surprising as it is revealing. \"This is just one small group within a large body of literature, so let's title it that,\" said Valerie Babb, the assistant professor of English who originated the course. \"But just as we say native American writers, just as we say black women writers, these are white male writers.\"","abstract":null,"blog":[],"source":"The New York Times","headline":{"main":"Campus Life: Georgetown; 'White Male Writers' Is the Title of English 112"},"pub_date":"1991-03-03T00:00:00Z","document_type":"article","news_desk":"Metropolitan Desk","section_name":"Education; Books; New York and Region","subsection_name":null,"type_of_material":"News","_id":"4fd198c58eb7c8105d6a81ea"},{"web_url":"http:\/\/www.nytimes.com\/2015\/01\/18\/magazine\/the-jet-set-life-of-karl-lagerfelds-favorite-male-model-for-now.html","snippet":"Private planes, caviar lunches and Little League....","lead_paragraph":"Private planes, caviar lunches and Little League.","abstract":"Irina Aleksander profile of Brad Kroenig, who has worked as male model for fashion designer Karl Lagerfeld since 2003; Kroenig is most senior and prominent member of group of male models that often accompanies Lagerfeld on yearly vacations and to parties worldwide.","blog":[],"source":"The New York Times","headline":{"main":"The Jet Set Life of Karl Lagerfeld\u2019s Favorite Male Model \u2014 for Now","print_headline":"Karl\u2019s Boy"},"pub_date":"2015-01-18T00:00:00Z","document_type":"article","news_desk":"Magazine","section_name":"Magazine","subsection_name":null,"type_of_material":"News","_id":"54b92d6438f0d80d88c3ffd5"},{"web_url":"http:\/\/www.nytimes.com\/1989\/07\/30\/style\/campus-life-illinois-a-ride-service-to-be-extended-to-male-students.html","snippet":"LEAD: Responding to a rash of aggravated attacks on men in recent years, the University of Illinois next fall will extend its protective nighttime ride service, previously restricted to women, to male students....","lead_paragraph":"LEAD: Responding to a rash of aggravated attacks on men in recent years, the University of Illinois next fall will extend its protective nighttime ride service, previously restricted to women, to male students.","abstract":null,"blog":[],"source":"The New York Times","headline":{"main":"CAMPUS LIFE: Illinois; A Ride Service To Be Extended To Male Students"},"pub_date":"1989-07-30T00:00:00Z","document_type":"article","news_desk":"Style Desk","section_name":"Style","subsection_name":null,"type_of_material":"News","_id":"4fd196388eb7c8105d6a3170"},{"web_url":"http:\/\/www.nytimes.com\/1991\/04\/07\/nyregion\/campus-life-mit-salute-to-women-at-a-school-once-99.6-male.html","snippet":"When Ellen Swallow Richards came to the Massachusetts Institute of Technology in January 1871, she was the first woman to attend the institute, then based in Boston. One woman and 250 men made up that historic coeducational class.    Now, 120 year...","lead_paragraph":"When Ellen Swallow Richards came to the Massachusetts Institute of Technology in January 1871, she was the first woman to attend the institute, then based in Boston. One woman and 250 men made up that historic coeducational class. Now, 120 years later, her portrait and several displays adorn the walls of the Ellen Swallow Richards lobby in Building 2, and a little more than a third of M.I.T.'s undergraduate class of 4,000 are women.","abstract":null,"blog":[],"source":"The New York Times","headline":{"main":"Campus Life: M.I.T.; Salute to Women At a School Once 99.6% Male"},"pub_date":"1991-04-07T00:00:00Z","document_type":"article","news_desk":"Metropolitan Desk","section_name":"New York and Region","subsection_name":null,"type_of_material":"News","_id":"4fd1a9108eb7c8105d6c5111"},{"web_url":"http:\/\/www.nytimes.com\/1990\/10\/14\/style\/campus-life-texas-a-loud-demand-for-a-place-on-a-male-squad.html","snippet":"LEAD: Cheering for University of Texas teams has always come easy for Candace Brister. She is so noisy at the school's sporting events that her friends call her ''the human microphone.''...","lead_paragraph":"LEAD: Cheering for University of Texas teams has always come easy for Candace Brister. She is so noisy at the school's sporting events that her friends call her ''the human microphone.''","abstract":null,"blog":[],"source":"The New York Times","headline":{"main":"Campus Life: Texas;   A Loud Demand For a Place On a Male Squad"},"pub_date":"1990-10-14T00:00:00Z","document_type":"article","news_desk":"Style Desk","section_name":"Style","subsection_name":null,"type_of_material":"News","_id":"4fd1a5198eb7c8105d6bdc74"},{"web_url":"http:\/\/www.nytimes.com\/2007\/09\/21\/movies\/21man.html","snippet":"In \u201cThe Man of My Life,\u201d the French director Zabou Breitman and her screenwriting partner Agn\u00e8s de Sacy examine male bonding from a feminine perspective....","lead_paragraph":"In \u201cThe Man of My Life,\u201d the French director Zabou Breitman and her screenwriting partner Agn\u00e8s de Sacy examine male bonding from a feminine perspective.","abstract":null,"blog":[],"source":"The New York Times","headline":{"seo":"The Man of My Life - Review - Movie","main":"Old-Style Male Bonding Turns Toward the Tender","content_kicker":"Movie Review | 'The Man of My Life'","kicker":"Movie Review | 'The Man of My Life'","print_headline":"Old-Style Male Bonding Turns Toward the Tender"},"pub_date":"2007-09-21T00:00:00Z","document_type":"article","news_desk":"Weekend","section_name":"Movies","subsection_name":null,"type_of_material":"Review","_id":"525dfffa38f0d8198974304b"},{"web_url":"http:\/\/www.nytimes.com\/2012\/05\/01\/science\/in-male-bowerbirds-pursuit-of-love-new-plant-life-blooms.html","snippet":"Male bowerbirds, through the extravagant structures they build to woo females, actually cultivate plant life, a study has found....","lead_paragraph":"Male bowerbirds, through the extravagant structures they build to woo females, actually cultivate plant life, a study has found.","abstract":"Dr Joah R Madden study appearing in journal Current Biology shows that male bowerbirds unintentionally cultivate plants.","blog":[],"source":"The New York Times","headline":{"seo":"In Male Bowerbirds\u2019 Pursuit of Love, New Plant Life Blooms","main":"In Birds\u2019 Pursuit of Love, New Plant Life Blooms","content_kicker":"Observatory","kicker":"Observatory","print_headline":"In Birds\u2019 Pursuit of Love, New Plant Life Blooms"},"pub_date":"2012-05-01T00:00:00Z","document_type":"article","news_desk":"Science","section_name":"Science","subsection_name":null,"type_of_material":"News","_id":"53f63ddc38f0d821a37b1ed7"},{"web_url":"http:\/\/www.nytimes.com\/2015\/10\/01\/books\/review-a-little-life-hanya-yanagiharas-traumatic-tale-of-male-friendship.html","snippet":"This novel depicts a man whose mind and body are indelibly scarred by abuse, and the friends and professionals who struggle to help him....","lead_paragraph":"This novel depicts a man whose mind and body are indelibly scarred by abuse, and the friends and professionals who struggle to help him.","abstract":"Janet Maslin reviews book A Little Life by Hanya Yanagihara.","blog":[],"source":"The New York Times","headline":{"main":"Review: \u2018A Little Life,\u2019 Hanya Yanagihara\u2019s Traumatic Tale of Male Friendship","content_kicker":"Books of The Times","kicker":"Books of The Times","print_headline":"In a Vale of Misery, the Grace of Friends   "},"pub_date":"2015-10-01T00:00:00Z","document_type":"article","news_desk":"Culture","section_name":"Books","subsection_name":null,"type_of_material":"Review","_id":"560c57a538f0d8716779a8b8"}]