[{"web_url":"http:\/\/www.nytimes.com\/interactive\/2016\/12\/21\/magazine\/the-lives-they-lived-ruth-hubbard.html","snippet":"She was grateful simply to be a female biologist \u2014 until she got mad about needing to be grateful....","lead_paragraph":"She was grateful simply to be a female biologist \u2014 until she got mad about needing to be grateful.","abstract":null,"blog":[],"source":"The New York Times","headline":{"main":"Ruth Hubbard Challenged the Male Model of Science","kicker":"The Lives They Lived"},"pub_date":"2016-12-21T12:03:02+0000","document_type":"multimedia","news_desk":"Magazine","section_name":"Magazine","subsection_name":null,"type_of_material":"Interactive Feature","_id":"585a6f737c459f2525d13005"},{"web_url":"http:\/\/query.nytimes.com\/gst\/abstract.html?res=9B04E2D91139EF3BBC4B52DFB2668383649EDE","snippet":"The size and shape of man has changed and is changing. Anthropological studies tell us so. So do records of clothing manufacturers....","lead_paragraph":"The size and shape of man has changed and is changing. Anthropological studies tell us so. So do records of clothing manufacturers.","abstract":"M Kestnbaum on clothing sizes reflecting increasing hgt of Amer male","blog":[],"source":"The New York Times","headline":{"main":"U. S. MALE GROWS TALLER, BULKIER; Science and His Suits Show He Is Gaining in Height, and Middle Areas, Too"},"pub_date":"1958-04-13T00:00:00Z","document_type":"article","news_desk":null,"section_name":null,"subsection_name":null,"type_of_material":"Article","_id":"4fc3c5ac45c1498b0d84f03b"},{"web_url":"http:\/\/query.nytimes.com\/gst\/abstract.html?res=9A04E3D81F3CE733A2575BC1A9639C946595D6CF","snippet":"IS it possible for an adult of one of the higher animals to change its sex completely, male becoming female or female becoming male? It is not only possible; it has been done in three recently recorded instances, and probably in many that have not...","lead_paragraph":"IS it possible for an adult of one of the higher animals to change its sex completely, male becoming female or female becoming male? It is not only possible; it has been done in three recently recorded instances, and probably in many that have not been observed, according to Dr. Oscar Riddle of the Station for Experimental Evolution conducted at Cold Spring Harbor, L.I., by the Department of Genetics of the Carnegie Institution.","abstract":"experiment with hen cited in sp art on how animals change sex","blog":[],"source":"The New York Times","headline":{"main":"SCIENCE LEARNS HOW ANIMALS CHANGE SEX; Biologists Assert That High Rate of Metabolism, or Conversion of Food Into Living Matter, Produces a Male, Low Rate a Female."},"pub_date":"1924-05-18T00:00:00Z","document_type":"article","news_desk":null,"section_name":null,"subsection_name":null,"type_of_material":"Article","_id":"4fc093f545c1498b0d37fec3"},{"web_url":"http:\/\/query.nytimes.com\/gst\/abstract.html?res=9E0CE3D9113CE73ABC4C53DFB0668382629EDE","snippet":"Once upon a time, which means before 1868, helium was supposed to exist only in the sun. Hence the name. Even after Sir William Ramsay, in 1895, discovered it in the mineral cleveite and in meteoric ......","lead_paragraph":"Once upon a time, which means before 1868, helium was supposed to exist only in the sun. Hence the name. Even after Sir William Ramsay, in 1895, discovered it in the mineral cleveite and in meteoric ...","abstract":"Seeks cause for male births increase after Long wars","blog":[],"source":"The New York Times","headline":{"main":"Science In The News; Down in the Sea With Helium Divers' Physical Reactions Nitrogen Spells Trouble Advantages of Helium Nation's Store of Helium Those Male War Babies As to Short and Long Wars Insulin for Asthma"},"pub_date":"1939-06-04T00:00:00Z","document_type":"article","news_desk":null,"section_name":null,"subsection_name":null,"type_of_material":"Article","_id":"4fc2023f45c1498b0d59563b"},{"web_url":"http:\/\/query.nytimes.com\/gst\/abstract.html?res=9D04E0DD163BEE32A25757C1A9649D946194D6CF","snippet":"Whether the rich young men or rather the young man in the overluxurious academy or college can really enter the academic heaven is a question that is being raised, not by a skeptical or puritanical older......","lead_paragraph":"Whether the rich young men or rather the young man in the overluxurious academy or college can really enter the academic heaven is a question that is being raised, not by a skeptical or puritanical older...","abstract":"Classroom and campus","blog":[],"source":"The New York Times","headline":{"main":"In the Classroom and on the Campus; The Eagerness to Embark on New Academic Housing Plans Is Seen by Some Undergraduate Editors as a Worship of False Gods. The Extra Curricular Male. The Boom in Science."},"pub_date":"1930-12-14T00:00:00Z","document_type":"article","news_desk":null,"section_name":null,"subsection_name":null,"type_of_material":"Article","_id":"4fc0cd5745c1498b0d48aa64"},{"web_url":"http:\/\/query.nytimes.com\/gst\/abstract.html?res=980CE6DB1138E03ABC4950DFB166838B629EDE","snippet":"PEKING, July 30.--The discovery of a second skull of the \"Peking man,\" the oldest vestige of human life extant, was formally announced today by Dr. Davidson Black before the Geological Survey of China....","lead_paragraph":"PEKING, July 30.--The discovery of a second skull of the \"Peking man,\" the oldest vestige of human life extant, was formally announced today by Dr. Davidson Black before the Geological Survey of China.","abstract":"Announces discovery of second skull of Peking man; says it is male","blog":[],"source":"The New York Times","headline":{"main":"NEW 'PEKING' SKULL SHOWS PACE SHAPE; Second Vestige of Earliest Man Pieced Together From Bits Found in Choukoutien Cave. CANINE TEETH ARE INTACT Dr. Davidson Black Says Head Is That of a Young Male--Science Hails Find as Most Important. Facial Contour Shown. Briton Says Find Is Important."},"pub_date":"1930-07-31T00:00:00Z","document_type":"article","news_desk":null,"section_name":null,"subsection_name":null,"type_of_material":"Article","_id":"4fc0ae9145c1498b0d3fc527"},{"web_url":"http:\/\/www.nytimes.com\/1985\/01\/17\/opinion\/topics-more-education-less-science-aphrodisiacsnonprescription-nostrums-cannot.html","snippet":"True, clinically speaking, alcohol is a depressant, not an erotic stimulant....","lead_paragraph":"True, clinically speaking, alcohol is a depressant, not an erotic stimulant.","abstract":null,"blog":[],"source":"The New York Times","headline":{"main":"Topics ;   More Education, Less Science ;   AphrodisiacsNonprescription nostrums cannot correct either a lack of hair or a lack of ardor, says the Food and Drug Administration, responding to Congressional interest in over-the- counter drugs. The findings are not, in any scientific sense, surprising. Claims of miraculous cures for baldness probably date back as far as baldness. And aphrodisiacs, like the legendary Spanish fly, probably have never worked any place outside the imaginations of fevered schoolboys. The F.D.A. report is unsettling nonetheless, because of its lack of science. The agency implies that, apart from a still-experimental drug made from male hormones, there are no aphrodisiacs at all, not liquor and not even perfume. It sounds as though the F.D.A. is getting too caught up in the rigor of its own research."},"pub_date":"1985-01-17T00:00:00Z","document_type":"article","news_desk":"Editorial Desk","section_name":"Opinion","subsection_name":null,"type_of_material":"Editorial","_id":"4fd13fc98eb7c8105d6167c6"},{"web_url":"http:\/\/www.nytimes.com\/2007\/02\/24\/pageoneplus\/24corrections.ART-008.html","snippet":"A brief report in Science Times on Feb. 13, about a study of hormonal responses to the odor of a substance in male sweat, misspelled part of the name of an institution in Israel where the senior author of the study works. It is the Weizmann Instit...","lead_paragraph":"A brief report in Science Times on Feb. 13, about a study of hormonal responses to the odor of a substance in male sweat, misspelled part of the name of an institution in Israel where the senior author of the study works. It is the Weizmann Institute of Science, not Weissman.","abstract":null,"blog":[],"source":"The New York Times","headline":{"main":"Corrections: For the Record","print_headline":"Corrections: For the Record"},"pub_date":"2007-02-24T00:00:00Z","document_type":"article","news_desk":"Summary","section_name":"Corrections","subsection_name":null,"type_of_material":"Correction","_id":"548f6b8238f0d8019c0ad827"},{"web_url":"http:\/\/www.nytimes.com\/2017\/02\/23\/books\/review\/testosterone-rex-myths-of-sex-science-and-society-cordelia-fine.html","snippet":"In \u201cTestosterone Rex,\u201d the Australian academic Cordelia Fine argues that society\u2019s views about gender are blinkered, hidebound and wrong....","lead_paragraph":"In \u201cTestosterone Rex,\u201d the Australian academic Cordelia Fine argues that society\u2019s views about gender are blinkered, hidebound and wrong.","abstract":null,"blog":[],"source":"The New York Times","headline":{"main":"Not From Venus, Not From Mars: What We Believe About Gender and Why It\u2019s Often Wrong","content_kicker":"Nonfiction","kicker":"Nonfiction","print_headline":"Not From Venus, Not From Mars"},"pub_date":"2017-02-23T12:00:02+0000","document_type":"article","news_desk":"BookReview","section_name":"Books","subsection_name":"Book Review","type_of_material":"Review","_id":"58aecec77c459f2525d1e0ec"},{"web_url":"http:\/\/query.nytimes.com\/gst\/fullpage.html?res=940CE6DE113EF937A15751C0A9619C8B63","snippet":"A brief report in Science Times on Feb. 13, about a study of hormonal responses to the odor of a substance in male sweat, misspelled part of the name of an institution in Israel where the senior author of the study works. It is the Weizmann Instit...","lead_paragraph":"A brief report in Science Times on Feb. 13, about a study of hormonal responses to the odor of a substance in male sweat, misspelled part of the name of an institution in Israel where the senior author of the study works. It is the Weizmann Institute of Science, not Weissman.","abstract":"Correction on Feb 13 report about study of hormonal responses to odor of substance in male sweat, concerns name of institution in Israel where senior author of study works","blog":[],"source":"The New York Times","headline":{"main":"Corrections"},"pub_date":"2007-02-24T00:00:00Z","document_type":"article","news_desk":"Metropolitan Desk","section_name":"Corrections; New York and Region","subsection_name":null,"type_of_material":"Correction","_id":"4fd272db8eb7c8105d8300c3"},{"web_url":"http:\/\/query.nytimes.com\/gst\/fullpage.html?res=9D01E1D7143CF931A25750C0A9639C8B63","snippet":"An article in Science Times on Tuesday about bacteria that kill only male insects misstated the name of the journal that published a report on them by Dr. Zoe Veneti and Dr. Gregory D. D. Hurst and colleagues. The journal was Science, not Nature....","lead_paragraph":"An article in Science Times on Tuesday about bacteria that kill only male insects misstated the name of the journal that published a report on them by Dr. Zoe Veneti and Dr. Gregory D. D. Hurst and colleagues. The journal was Science, not Nature.","abstract":"March 8 article about bacteria that kill only male insects misstated name of journal that published report on them; it was Science","blog":[],"source":"The New York Times","headline":{"main":"Corrections"},"pub_date":"2005-03-12T00:00:00Z","document_type":"article","news_desk":"Metropolitan Desk","section_name":"Corrections; New York and Region","subsection_name":null,"type_of_material":"Correction","_id":"4fd24aba8eb7c8105d7e8a71"},{"web_url":"http:\/\/www.nytimes.com\/aponline\/2017\/02\/20\/world\/europe\/ap-eu-uber-sexual-harassment.html","snippet":"Uber's chief executive ordered an investigation Monday into a sexual-harassment claim made by a female engineer who said her prospects at the company evaporated after she complained about advances from her boss....","lead_paragraph":"Uber's chief executive ordered an investigation Monday into a sexual-harassment claim made by a female engineer who said her prospects at the company evaporated after she complained about advances from her boss.","abstract":null,"blog":[],"source":"AP","headline":{"main":"Uber to Investigate Sexual Harassment Claim by Engineer","print_headline":"Uber to Investigate Sexual Harassment Claim by Engineer"},"pub_date":"2017-02-20T11:27:42+0000","document_type":"article","news_desk":null,"section_name":"World","subsection_name":"Europe","type_of_material":"News","_id":"58aad2b47c459f2525d1d7c0"},{"web_url":"http:\/\/www.nytimes.com\/2017\/01\/26\/well\/family\/why-young-girls-dont-think-they-are-smart-enough.html","snippet":"Being intellectually gifted is often stereotyped as a male quality, and American girls seem to absorb this thinking at a young age....","lead_paragraph":"Being intellectually gifted is often stereotyped as a male quality, and American girls seem to absorb this thinking at a young age.","abstract":null,"blog":[],"source":"The New York Times","headline":{"main":"Why Young Girls Don\u2019t Think They Are Smart Enough"},"pub_date":"2017-01-26T19:24:48+0000","document_type":"article","news_desk":"Well","section_name":"Well","subsection_name":"Family","type_of_material":"News","_id":"588a4d067c459f2525d18d6d"},{"web_url":"http:\/\/www.nytimes.com\/2017\/02\/10\/movies\/star-wars-women-visual-effects.html","snippet":"Behind the scenes, female executives and visual effects experts have been working to bring gender equity to a specialty field....","lead_paragraph":"Behind the scenes, female executives and visual effects experts have been working to bring gender equity to a specialty field.","abstract":null,"blog":[],"source":"The New York Times","headline":{"main":"The Women of \u2018Star Wars.\u2019 (It\u2019s Not Who You Think.)","print_headline":"The Women Behind the Force"},"pub_date":"2017-02-10T12:00:16+0000","document_type":"article","news_desk":"Arts&Leisure","section_name":"Movies","subsection_name":null,"type_of_material":"News","_id":"589dab577c459f2525d1b85d"},{"web_url":"http:\/\/www.nytimes.com\/2000\/08\/03\/technology\/l-the-nerd-as-stereotype-507431.html","snippet":"To the Editor:    In the article about women in computing, the quotation about the image of people in computer science being that of white, male, antisocial nerds is strange. Does the statement mean that women are concerned that they will turn int...","lead_paragraph":"To the Editor: In the article about women in computing, the quotation about the image of people in computer science being that of white, male, antisocial nerds is strange. Does the statement mean that women are concerned that they will turn into white, male, antisocial nerds if they study computer science? Does it mean that women are leaving the field because they don't think they will meet eligible men? DAN BLOCH Pittsburgh","abstract":"Dan Bloch letter questions whether women in computer science are concerned that they will become antisocial nerds or concerned that they will meet men who are antisocial nerds (July 27 article)","blog":[],"source":"The New York Times","headline":{"main":"The Nerd as Stereotype"},"pub_date":"2000-08-03T00:00:00Z","document_type":"article","news_desk":"Circuits","section_name":"Technology; Opinion","subsection_name":null,"type_of_material":"Letter","_id":"4fd1fa5a8eb7c8105d757f87"},{"web_url":"http:\/\/www.nytimes.com\/1983\/12\/11\/books\/christmas-books-animals.html","snippet":"THE RETURN OF THE BROWN PELICAN     Photographs by Dan Guravich.  Text by Joseph E. Brown.  Foreword by Roger Tory Peterson.  Illustrated. 118 pp....","lead_paragraph":"THE RETURN OF THE BROWN PELICAN Photographs by Dan Guravich. Text by Joseph E. Brown. Foreword by Roger Tory Peterson. Illustrated. 118 pp.","abstract":null,"blog":[],"source":"The New York Times","headline":{"main":"ANIMALS","kicker":"CHRISTMAS BOOKS"},"pub_date":"1983-12-11T00:00:00Z","document_type":"article","news_desk":"Book Review Desk","section_name":"Arts; Books","subsection_name":null,"type_of_material":"Review","_id":"4fd1304d8eb7c8105d5fd142"},{"web_url":"http:\/\/www.nytimes.com\/aponline\/2017\/01\/29\/technology\/ap-us-tec-tech-diversity-slow-crawl.html","snippet":"The tech industry brought us self-driving cars, artificial intelligence and 3-D printers. But when it comes to racial and gender diversity, its leading companies are no trailblazers....","lead_paragraph":"The tech industry brought us self-driving cars, artificial intelligence and 3-D printers. But when it comes to racial and gender diversity, its leading companies are no trailblazers.","abstract":null,"blog":[],"source":"AP","headline":{"main":"Diversity in Tech: Lots of Attention, Little Progress","print_headline":"Diversity in Tech: Lots of Attention, Little Progress"},"pub_date":"2017-01-29T15:03:37+0000","document_type":"article","news_desk":null,"section_name":"Technology","subsection_name":null,"type_of_material":"News","_id":"588e04527c459f2525d19423"},{"web_url":"http:\/\/www.nytimes.com\/2017\/02\/22\/well\/move\/men-is-exercise-putting-a-damper-on-your-sex-life.html","snippet":"Men who exercise strenuously may have a lower libido than those whose workouts are lighter, a new study found....","lead_paragraph":"Men who exercise strenuously may have a lower libido than those whose workouts are lighter, a new study found.","abstract":null,"blog":[],"source":"The New York Times","headline":{"main":"Men, Is Exercise Putting a Damper on Your Sex Life?","content_kicker":"Phys Ed","print_headline":"Men\u2019s Workouts Tied to Low Libido"},"pub_date":"2017-02-22T11:00:02+0000","document_type":"article","news_desk":"Science","section_name":"Well","subsection_name":"Move","type_of_material":"News","_id":"58ad6f367c459f2525d1dd5d"},{"web_url":"http:\/\/www.nytimes.com\/aponline\/2017\/01\/24\/technology\/ap-us-tec-tech-diversity-slow-crawl.html","snippet":"The tech industry brought us self-driving cars, artificial intelligence and 3-D printers. But when it comes to racial and gender diversity, its leading companies are no trailblazers....","lead_paragraph":"The tech industry brought us self-driving cars, artificial intelligence and 3-D printers. But when it comes to racial and gender diversity, its leading companies are no trailblazers.","abstract":null,"blog":[],"source":"AP","headline":{"main":"Diversity in Tech: Lots of Attention, Little Progress","print_headline":"Diversity in Tech: Lots of Attention, Little Progress"},"pub_date":"2017-01-24T16:51:53+0000","document_type":"article","news_desk":null,"section_name":"Technology","subsection_name":null,"type_of_material":"News","_id":"588786377c459f2525d18594"},{"web_url":"http:\/\/query.nytimes.com\/gst\/abstract.html?res=9D02EEDE173CE03ABC4B53DFB467838F649EDE","snippet":null,"lead_paragraph":null,"abstract":null,"blog":[],"source":"The New York Times","headline":{"main":"'Our Town' Revival at College","kicker":"1"},"pub_date":"1954-12-03T00:00:00Z","document_type":"article","news_desk":null,"section_name":null,"subsection_name":null,"type_of_material":"Article","_id":"4fc3a58c45c1498b0d7b9aa2"}]