[{"web_url":"http:\/\/www.nytimes.com\/reuters\/2016\/12\/31\/us\/politics\/31reuters-usa-obamacare.html","snippet":"A federal judge in Texas on Saturday issued a court order barring enforcement of an Obama administration policy seeking to extend anti-discrimination protections under the Affordable Care Act to transgender health and abortion-related services....","lead_paragraph":"A federal judge in Texas on Saturday issued a court order barring enforcement of an Obama administration policy seeking to extend anti-discrimination protections under the Affordable Care Act to transgender health and abortion-related services.","abstract":null,"blog":[],"source":"Reuters","headline":{"main":"U.S. Judge Blocks Transgender, Abortion-Related Obamacare Protections","print_headline":"U.S. Judge Blocks Transgender, Abortion-Related Obamacare Protections"},"pub_date":"2017-01-01T01:21:28+0000","document_type":"article","news_desk":null,"section_name":"U.S.","subsection_name":"Politics","type_of_material":"News","_id":"586859a37c459f2525d145b8"},{"web_url":"http:\/\/www.nytimes.com\/reuters\/2017\/01\/17\/world\/asia\/17reuters-thailand-lgbt.html","snippet":"Thai transgender activist Nada Chaiyajit completed her undergraduate studies in August, and two months later, school officials told her 12 classmates - all men - that their graduation certificates were ready....","lead_paragraph":"Thai transgender activist Nada Chaiyajit completed her undergraduate studies in August, and two months later, school officials told her 12 classmates - all men - that their graduation certificates were ready.","abstract":null,"blog":[],"source":"Reuters","headline":{"main":"In LGBT 'Paradise', Thai Transgender Activist Breaks Barriers to Education","print_headline":"In LGBT 'Paradise', Thai Transgender Activist Breaks Barriers to Education"},"pub_date":"2017-01-18T01:27:28+0000","document_type":"article","news_desk":null,"section_name":"World","subsection_name":"Asia Pacific","type_of_material":"News","_id":"587ec4867c459f2525d1719c"},{"web_url":"http:\/\/www.nytimes.com\/reuters\/2015\/09\/03\/us\/03reuters-usa-healthcare-discrimination.html","snippet":"The U.S. government said on Thursday it will extend its healthcare nondiscrimination law to transgender individuals and require health insurers and medical providers to treat all patients equally, regardless of sex....","lead_paragraph":"The U.S. government said on Thursday it will extend its healthcare nondiscrimination law to transgender individuals and require health insurers and medical providers to treat all patients equally, regardless of sex.","abstract":null,"blog":[],"source":"Reuters","headline":{"main":"U.S. Government to Extend Healthcare Nondiscrimination Law to Transgender People","print_headline":"U.S. Government to Extend Healthcare Nondiscrimination Law to Transgender People"},"pub_date":"2015-09-03T13:24:10Z","document_type":"article","news_desk":"None","section_name":"U.S.","subsection_name":null,"type_of_material":"News","_id":"55e8825938f0d82b9387d472"},{"web_url":"http:\/\/www.nytimes.com\/reuters\/2016\/06\/17\/world\/asia\/17reuters-world-health-lgbt.html","snippet":"Millions of transgender people around the world face major challenges in getting adequate medical care despite multiple health issues, from depression to high rates of HIV, researchers say....","lead_paragraph":"Millions of transgender people around the world face major challenges in getting adequate medical care despite multiple health issues, from depression to high rates of HIV, researchers say.","abstract":null,"blog":[],"source":"Reuters","headline":{"main":"Transgender People Face Challenges for Adequate Health Care-Study","print_headline":"Transgender People Face Challenges for Adequate Health Care-Study"},"pub_date":"2016-06-17T04:08:56Z","document_type":"article","news_desk":"None","section_name":"World","subsection_name":"Asia Pacific","type_of_material":"News","_id":"5763b05038f0d83da36e0666"},{"web_url":"http:\/\/www.nytimes.com\/1998\/07\/07\/business\/a-record-pace-for-viagra-sales.html","snippet":"Viagra, the Pfizer Inc. pill for correcting male impotence, smashed all records in its first three months, according to I.M.S. Health, an industry consultant, which released numbers yesterday.     I.M.S. also predicted that sales of Viagra would r...","lead_paragraph":"Viagra, the Pfizer Inc. pill for correcting male impotence, smashed all records in its first three months, according to I.M.S. Health, an industry consultant, which released numbers yesterday. I.M.S. also predicted that sales of Viagra would reach $1 billion in the United States by March 1999.","abstract":"IMS Health says prescriptions for Pfizer Inc's Viagra, drug to correct male impotence, totaled 2.9 million between April and June, enough for estimated sales of record $259.5 million; predicts United States sales will reach $1 billion in full year (S)","blog":[],"source":"The New York Times","headline":{"main":"A Record Pace For Viagra Sales"},"pub_date":"1998-07-07T00:00:00Z","document_type":"article","news_desk":"Business\/Financial Desk","section_name":"Health; Business","subsection_name":null,"type_of_material":"News","_id":"4fd219058eb7c8105d796621"},{"web_url":"http:\/\/www.nytimes.com\/reuters\/2014\/05\/03\/world\/europe\/03reuters-usa-health-mers.html","snippet":"Along a stretch of rust-belt suburbia in Indiana, the Community Hospital in Munster now claims the dubious distinction of being the first U.S. facility to admit a patient with the deadly Middle East Respiratory Syndrome (MERS)....","lead_paragraph":"Along a stretch of rust-belt suburbia in Indiana, the Community Hospital in Munster now claims the dubious distinction of being the first U.S. facility to admit a patient with the deadly Middle East Respiratory Syndrome (MERS).","abstract":null,"blog":[],"source":"Reuters","headline":{"main":"Indiana Hospital Caring for MERS Patient Still Bustling","print_headline":"Indiana Hospital Caring for MERS Patient Still Bustling"},"pub_date":"2014-05-03T14:54:03Z","document_type":"article","news_desk":null,"section_name":"World","subsection_name":"Europe","type_of_material":"News","_id":"53653be938f0d81bc61595ee"},{"web_url":"http:\/\/www.nytimes.com\/reuters\/2014\/08\/24\/world\/africa\/24reuters-health-ebola.html","snippet":"A British medical worker was flown home from West Africa on Sunday after becoming the first Briton infected in an Ebola epidemic, and a separate new outbreak of the disease was detected in Democratic Republic of Congo....","lead_paragraph":"A British medical worker was flown home from West Africa on Sunday after becoming the first Briton infected in an Ebola epidemic, and a separate new outbreak of the disease was detected in Democratic Republic of Congo.","abstract":null,"blog":[],"source":"Reuters","headline":{"main":"British Ebola Victim Flown Home as Congo Finds New Outbreak","print_headline":"British Ebola Victim Flown Home as Congo Finds New Outbreak"},"pub_date":"2014-08-24T16:05:12Z","document_type":"article","news_desk":null,"section_name":"World","subsection_name":"Africa","type_of_material":"News","_id":"53fa45a238f0d8431914d5d2"},{"web_url":"http:\/\/www.nytimes.com\/reuters\/2014\/10\/09\/business\/09reuters-venture-women-nea.html","snippet":"NEA, one of the world's biggest venture-capital firms, said it  hired drug-development veteran Carol Gallagher as a partner, putting one more woman on track to join the heavily male top ranks of venture executives....","lead_paragraph":"NEA, one of the world's biggest venture-capital firms, said it  hired drug-development veteran Carol Gallagher as a partner, putting one more woman on track to join the heavily male top ranks of venture executives.","abstract":null,"blog":[],"source":"Reuters","headline":{"main":"Biopharma Veteran Gallagher to Join Venture Capital Firm NEA","print_headline":"Biopharma Veteran Gallagher to Join Venture Capital Firm NEA"},"pub_date":"2014-10-09T08:24:36Z","document_type":"article","news_desk":"None","section_name":"Business Day","subsection_name":null,"type_of_material":"News","_id":"54367ea838f0d843550382ab"},{"web_url":"http:\/\/health.nytimes.com\/health\/guides\/disease\/prostate-cancer\/overview.html","snippet":"Prostate cancer is cancer that starts in the prostate gland. The prostate is a small, walnut-sized structure that makes up part of a man's reproductive system. It wraps around the urethra. This is the tube that carries urine out of the body....","lead_paragraph":"Prostate cancer is cancer that starts in the prostate gland. The prostate is a small, walnut-sized structure that makes up part of a man's reproductive system. It wraps around the urethra. This is the tube that carries urine out of the body.","abstract":null,"blog":[],"source":null,"headline":{"main":"Prostate Cancer"},"pub_date":null,"document_type":"topic","news_desk":null,"section_name":null,"subsection_name":null,"type_of_material":"healthtopic","_id":"51fa883438f0d8740ac890bd"},{"web_url":"http:\/\/www.nytimes.com\/2009\/06\/13\/health\/13hiv.html","snippet":"Health officials accused an industry-supported health clinic of failing to cooperate with state investigations and of failing to protect industry workers and their partners....","lead_paragraph":"Health officials accused an industry-supported health clinic of failing to cooperate with state investigations and of failing to protect industry workers and their partners.","abstract":null,"blog":[],"source":"The New York Times","headline":{"main":"H.I.V. Found in 22 Actors in Sex Films Since 2004","print_headline":"H.I.V. Found In 22 Actors In Sex Films Since 2004"},"pub_date":"2009-06-13T00:00:00Z","document_type":"article","news_desk":"National","section_name":"Health","subsection_name":null,"type_of_material":"News","_id":"5452dbd938f0d81b603ed29f"},{"web_url":"http:\/\/www.nytimes.com\/2006\/09\/27\/business\/27responses.ready.html","snippet":null,"lead_paragraph":null,"abstract":null,"blog":[],"source":"The New York Times","headline":{"main":"Reader Responses"},"pub_date":"2006-09-27T10:32:00Z","document_type":"article","news_desk":"Business","section_name":"Business Day","subsection_name":null,"type_of_material":"News","_id":"54b1ff0538f0d87f81147ae2"},{"web_url":"http:\/\/query.nytimes.com\/gst\/fullpage.html?res=9901E4DE1331F931A25751C0A9669D8B63","snippet":"One way to promote safer sex is to make it more attractive.     The Department of Health and Mental Hygiene announced on Thursday the five finalists in its design competition for condom wrappers. And now the vote is on....","lead_paragraph":"One way to promote safer sex is to make it more attractive. The Department of Health and Mental Hygiene announced on Thursday the five finalists in its design competition for condom wrappers. And now the vote is on.","abstract":"City room blog; New York City Department of Health and Mental Hygiene announces five finalists in its design competition for condom wrappers; people will vote on final design which will wrap around millions of Lifestyles condoms promoting safe-sex; photos (M)","blog":[],"source":"The New York Times","headline":{"main":"Protection in Nifty Packaging: Finalists for New York Condom Wrapper Contest"},"pub_date":"2010-02-12T00:00:00Z","document_type":"article","news_desk":"Metropolitan Desk","section_name":"New York and Region","subsection_name":null,"type_of_material":"News","_id":"4fd2a4f88eb7c8105d88c598"},{"web_url":"http:\/\/www.nytimes.com\/reuters\/2013\/07\/30\/us\/30reuters-usa-healthcare-rates.html","snippet":"Florida and Georgia, two states where politicians oppose U.S. President Barack Obama's healthcare law, said on Tuesday that insurance rates for individuals would rise sharply in 2014 under the reform....","lead_paragraph":"Florida and Georgia, two states where politicians oppose U.S. President Barack Obama's healthcare law, said on Tuesday that insurance rates for individuals would rise sharply in 2014 under the reform.","abstract":null,"blog":[],"source":"Reuters","headline":{"main":"Florida, Georgia Say Insurance Rates to Spike Under Obamacare","print_headline":"Florida, Georgia Say Insurance Rates to Spike Under Obamacare"},"pub_date":"2013-07-30T20:16:35Z","document_type":"article","news_desk":null,"section_name":"U.S.","subsection_name":null,"type_of_material":"News","_id":"51f85b4a38f0d8431a75c7a1"},{"web_url":"http:\/\/health.nytimes.com\/health\/guides\/disease\/adolescent-depression\/overview.html","snippet":"Adolescent depression is a disorder that affects teenagers. It leads to sadness, discouragement, and a loss of self-worth and interest in their usual activities. See also: ADHD Bipolar disorder Depression Major depression...","lead_paragraph":"Adolescent depression is a disorder that affects teenagers. It leads to sadness, discouragement, and a loss of self-worth and interest in their usual activities. See also: ADHD Bipolar disorder Depression Major depression","abstract":null,"blog":[],"source":null,"headline":{"main":"Adolescent Depression"},"pub_date":null,"document_type":"topic","news_desk":null,"section_name":null,"subsection_name":null,"type_of_material":"healthtopic","_id":"524488fa38f0d8198973c8c0"},{"web_url":"http:\/\/www.nytimes.com\/reuters\/2014\/03\/31\/world\/americas\/31reuters-brazil-cuban-death.html","snippet":"A Cuban doctor who worked in a Brazilian government program that hired thousands of foreign physicians committed suicide at a hotel in the country's capital, the health ministry said on Monday....","lead_paragraph":"A Cuban doctor who worked in a Brazilian government program that hired thousands of foreign physicians committed suicide at a hotel in the country's capital, the health ministry said on Monday.","abstract":null,"blog":[],"source":"Reuters","headline":{"main":"Cuban Doctor in Brazilian Program Kills Himself-Official","print_headline":"Cuban Doctor in Brazilian Program Kills Himself-Official"},"pub_date":"2014-03-31T21:05:31Z","document_type":"article","news_desk":null,"section_name":"World","subsection_name":"Americas","type_of_material":"News","_id":"533a113538f0d844a7d526e6"},{"web_url":"http:\/\/health.nytimes.com\/health\/guides\/specialtopic\/smoking-and-smokeless-tobacco\/overview.html","snippet":"","lead_paragraph":"","abstract":null,"blog":[],"source":null,"headline":{"main":"Risks of Tobacco"},"pub_date":null,"document_type":"topic","news_desk":null,"section_name":null,"subsection_name":null,"type_of_material":"healthtopic","_id":"5244890b38f0d8198973c8c2"},{"web_url":"http:\/\/health.nytimes.com\/health\/guides\/disease\/nicotine-withdrawal\/overview.html","snippet":"Tobacco and nicotine can be addictive like alcohol, cocaine, and morphine....","lead_paragraph":"Tobacco and nicotine can be addictive like alcohol, cocaine, and morphine.","abstract":null,"blog":[],"source":null,"headline":{"main":"Nicotine and Tobacco"},"pub_date":null,"document_type":"topic","news_desk":null,"section_name":null,"subsection_name":null,"type_of_material":"healthtopic","_id":"52449f4e38f0d8198973cc59"},{"web_url":"http:\/\/health.nytimes.com\/health\/guides\/disease\/high-blood-cholesterol-and-triglycerides\/overview.html","snippet":"Cholesterol is a fat (also called a lipid) that your body needs to work properly. Too much bad cholesterol can increase your chance of getting heart disease, stroke, and other problems. The medical term for high blood cholesterol is lipid disorder...","lead_paragraph":"Cholesterol is a fat (also called a lipid) that your body needs to work properly. Too much bad cholesterol can increase your chance of getting heart disease, stroke, and other problems. The medical term for high blood cholesterol is lipid disorder, hyperlipidemia, or hypercholesterolemia.","abstract":null,"blog":[],"source":null,"headline":{"main":"High Blood Cholesterol Levels"},"pub_date":null,"document_type":"topic","news_desk":null,"section_name":null,"subsection_name":null,"type_of_material":"healthtopic","_id":"51fa885538f0d8740ac890c2"},{"web_url":"http:\/\/health.nytimes.com\/health\/guides\/symptoms\/depression\/overview.html","snippet":"Depression may be described as feeling sad, blue, unhappy, miserable, or down in the dumps. Most of us feel this way at one time or another for short periods. Clinical depression is a mood disorder in which feelings of sadness, loss, anger, or fru...","lead_paragraph":"Depression may be described as feeling sad, blue, unhappy, miserable, or down in the dumps. Most of us feel this way at one time or another for short periods. Clinical depression is a mood disorder in which feelings of sadness, loss, anger, or frustration interfere with everyday life for a longer period of time. For more information on the symptoms and treatment of depression, see: Adolescent depression Bipolar disorder Depression in the elderly Dysthymia Major depression","abstract":null,"blog":[],"source":null,"headline":{"main":"Depression"},"pub_date":null,"document_type":"topic","news_desk":null,"section_name":null,"subsection_name":null,"type_of_material":"healthtopic","_id":"51fa8bbe38f0d8740ac89170"},{"web_url":"http:\/\/health.nytimes.com\/health\/guides\/disease\/major-depression-with-psychotic-features\/overview.html","snippet":"Major depression with psychotic features is a mental disorder in which a person has depression along with loss of touch with reality (psychosis). See also: Major depression Psychosis...","lead_paragraph":"Major depression with psychotic features is a mental disorder in which a person has depression along with loss of touch with reality (psychosis). See also: Major depression Psychosis","abstract":null,"blog":[],"source":null,"headline":{"main":"Major Depression With Psychotic Features"},"pub_date":null,"document_type":"topic","news_desk":null,"section_name":null,"subsection_name":null,"type_of_material":"healthtopic","_id":"52449ed538f0d8198973cc46"}]