[{"web_url":"http:\/\/query.nytimes.com\/gst\/abstract.html?res=9E01E1DB1E3EE733A05757C1A9649C946496D6CF","snippet":"You say that after all the years of agitation of the equal suffrage question the same arguments are advanced. Granted! Does that lessen their value any? If truth loses its power by reiteration, what about all moral and religious teachings?...","lead_paragraph":"You say that after all the years of agitation of the equal suffrage question the same arguments are advanced. Granted! Does that lessen their value any? If truth loses its power by reiteration, what about all moral and religious teachings?","abstract":null,"blog":[],"source":"The New York Times","headline":{"main":"MALE VOTERS IGNORANT.; Small Proportion Know Anything of Political Economy.","kicker":"1"},"pub_date":"1915-02-14T00:00:00Z","document_type":"article","news_desk":null,"section_name":null,"subsection_name":null,"type_of_material":"Letter","_id":"4fc086f145c1498b0d3430d8"},{"web_url":"http:\/\/query.nytimes.com\/gst\/abstract.html?res=9802E4D81038E432A25750C0A9679D94619FD6CF","snippet":"Ronald Reagan and President Carter, their already close race tightened by their debate last Tuesday, appeared to be running about even in popular support with two days to go until the Presidential election....","lead_paragraph":"Ronald Reagan and President Carter, their already close race tightened by their debate last Tuesday, appeared to be running about even in popular support with two days to go until the Presidential election.","abstract":"Carter-Reagan stands on major issues reviewed; diagrams","blog":[],"source":"The New York Times","headline":{"main":"Reagan and Carter Stand Nearly Even in Last Polls; Differences on War Issue Reagan and Carter Stand Almost Even in Final Polls Effects of the Debate Male-Female Preferences Catholics and Conservatives Fears About the Economy The New York Times\/CBS News Poll"},"pub_date":"1980-11-03T00:00:00Z","document_type":"article","news_desk":null,"section_name":null,"subsection_name":null,"type_of_material":"Front Page","_id":"4fc4a49c45c1498b0dab4938"},{"web_url":"http:\/\/www.nytimes.com\/reuters\/2017\/01\/17\/world\/asia\/17reuters-india-women-air-india.html","snippet":"Air India will introduce women-only seats on its domestic flights to give female passengers more choice and comfort, said a senior official from the national carrier, rejecting claims the move was linked to reports of in-flight sex attacks....","lead_paragraph":"Air India will introduce women-only seats on its domestic flights to give female passengers more choice and comfort, said a senior official from the national carrier, rejecting claims the move was linked to reports of in-flight sex attacks. ","abstract":null,"blog":[],"source":"Reuters","headline":{"main":"Air India Says Women-Only Seats for Comfort After Reported In-Flight Sex Attacks","print_headline":"Air India Says Women-Only Seats for Comfort After Reported In-Flight Sex Attacks"},"pub_date":"2017-01-17T12:57:34+0000","document_type":"article","news_desk":null,"section_name":"World","subsection_name":"Asia Pacific","type_of_material":"News","_id":"587e14c57c459f2525d16f6f"},{"web_url":"http:\/\/www.nytimes.com\/aponline\/2016\/12\/23\/us\/ap-us-gamer-for-congress.html","snippet":"In the gaming world, Brianna Wu has earned a reputation battling the online harassment campaign known as Gamergate, a fight that led to rape and murder threats from the darker recesses of the male-dominated realm....","lead_paragraph":"In the gaming world, Brianna Wu has earned a reputation battling the online harassment campaign known as Gamergate, a fight that led to rape and murder threats from the darker recesses of the male-dominated realm.","abstract":null,"blog":[],"source":"AP","headline":{"main":"After Online Threats, Gaming Engineer Plans Run for Congress","print_headline":"After Online Threats, Gaming Engineer Plans Run for Congress"},"pub_date":"2016-12-23T15:45:37+0000","document_type":"article","news_desk":null,"section_name":"U.S.","subsection_name":null,"type_of_material":"News","_id":"585d46a87c459f2525d136c1"},{"web_url":"http:\/\/www.nytimes.com\/reuters\/2017\/02\/11\/us\/politics\/11reuters-usa-trump-japan-firstladies.html","snippet":"When Japanese first lady Akie Abe made her rounds in Washington on Friday, noticeably absent was the high-level chaperone of previous visits - America's first lady....","lead_paragraph":"When Japanese first lady Akie Abe made her rounds in Washington on Friday, noticeably absent was the high-level chaperone of previous visits - America's first lady.","abstract":null,"blog":[],"source":"Reuters","headline":{"main":"U.S., Japan First Ladies: Both Unconventional Yet Poles Apart","print_headline":"U.S., Japan First Ladies: Both Unconventional Yet Poles Apart"},"pub_date":"2017-02-11T16:24:29+0000","document_type":"article","news_desk":null,"section_name":"U.S.","subsection_name":"Politics","type_of_material":"News","_id":"589f3ac57c459f2525d1bbc0"},{"web_url":"http:\/\/www.nytimes.com\/reuters\/2017\/02\/10\/us\/politics\/10reuters-usa-trump-japan-firstladies.html","snippet":"When Japanese first lady Akie Abe made her rounds in Washington on Friday, noticeably absent was the high-level chaperone of previous visits - America's first lady....","lead_paragraph":"When Japanese first lady Akie Abe made her rounds in Washington on Friday, noticeably absent was the high-level chaperone of previous visits - America's first lady.","abstract":null,"blog":[],"source":"Reuters","headline":{"main":"U.S., Japan First Ladies: Both Unconventional Yet Poles Apart","print_headline":"U.S., Japan First Ladies: Both Unconventional Yet Poles Apart"},"pub_date":"2017-02-10T23:21:29+0000","document_type":"article","news_desk":null,"section_name":"U.S.","subsection_name":"Politics","type_of_material":"News","_id":"589e4b037c459f2525d1ba84"},{"web_url":"http:\/\/www.nytimes.com\/2017\/02\/10\/world\/middleeast\/camel-beauty-contest-abu-dhabi.html","snippet":"An annual festival celebrating the camel kicked off near Abu Dhabi, with camel races and beauty contests....","lead_paragraph":"An annual festival celebrating the camel kicked off near Abu Dhabi, with camel races and beauty contests.","abstract":null,"blog":[],"source":"The New York Times","headline":{"main":"Where Camels Race and Win Beauty Contests"},"pub_date":"2017-02-10T20:02:55+0000","document_type":"article","news_desk":"Foreign","section_name":"World","subsection_name":"Middle East","type_of_material":"News","_id":"589e1c797c459f2525d1ba01"},{"web_url":"http:\/\/www.nytimes.com\/2017\/02\/02\/business\/dealbook\/snap-spiegel-scaramucci-deutsche.html","snippet":"Snap\u2019s initial public offering is one of the most eagerly anticipated this year and will bring the company\u2019s approach to business into the public eye....","lead_paragraph":"Snap\u2019s initial public offering is one of the most eagerly anticipated this year and will bring the company\u2019s approach to business into the public eye.","abstract":null,"blog":[],"source":"The New York Times","headline":{"main":"Morning Agenda: Snap\u2019s I.P.O., Scaramucci\u2019s Job Withdrawn, Struggles at Deutsche Bank"},"pub_date":"2017-02-02T11:12:35+0000","document_type":"article","news_desk":"Business","section_name":"Business Day","subsection_name":"DealBook","type_of_material":"News","_id":"589314297c459f2525d1a095"},{"web_url":"http:\/\/www.nytimes.com\/reuters\/2016\/12\/14\/world\/americas\/14reuters-chile-politics-doll.html","snippet":"A prominent Chilean business leader presented the country's economy minister with an inflatable doll on stage at an event late on Tuesday, sparking a social media storm and criticism by President Michelle Bachelet....","lead_paragraph":"A prominent Chilean business leader presented the country's economy minister with an inflatable doll on stage at an event late on Tuesday, sparking a social media storm and criticism by President Michelle Bachelet.","abstract":null,"blog":[],"source":"Reuters","headline":{"main":"Inflatable Doll 'Gift' to Minister Sparks Anger in Chile","print_headline":"Inflatable Doll 'Gift' to Minister Sparks Anger in Chile"},"pub_date":"2016-12-14T15:39:33+0000","document_type":"article","news_desk":null,"section_name":"World","subsection_name":"Americas","type_of_material":"News","_id":"585167bc7c459f2525d11cba"},{"web_url":"http:\/\/www.nytimes.com\/2017\/01\/12\/business\/janet-yellen-interest-rates.html","snippet":"Meeting with educators, the Fed\u2019s chairwoman emphasized its role in fighting financial crises but hoped that in the future it would be less interesting....","lead_paragraph":"Meeting with educators, the Fed\u2019s chairwoman emphasized its role in fighting financial crises but hoped that in the future it would be less interesting.","abstract":null,"blog":[],"source":"The New York Times","headline":{"main":"Janet Yellen Gives an Economic Short Course, Beyond Interest Rates","print_headline":"Chairwoman of Fed Gives an Economics Short Course, Beyond Interest Rates"},"pub_date":"2017-01-13T04:21:08+0000","document_type":"article","news_desk":"Business","section_name":"Business Day","subsection_name":null,"type_of_material":"News","_id":"587855be7c459f2525d1651f"},{"web_url":"http:\/\/www.nytimes.com\/2017\/01\/24\/business\/economy\/women-labor-force.html","snippet":"Men have been the focus of concern about a stubborn trend of working-age Americans neither working nor looking for jobs. But the trend applies to women, too....","lead_paragraph":"Men have been the focus of concern about a stubborn trend of working-age Americans neither working nor looking for jobs. But the trend applies to women, too.","abstract":null,"blog":[],"source":"The New York Times","headline":{"main":"Why Women Quit Working: It\u2019s Not for the Reasons Men Do","print_headline":"\u2018Care Chasm\u2019 Forces Women to Forgo Jobs"},"pub_date":"2017-01-24T23:07:11+0000","document_type":"article","news_desk":"Business","section_name":"Business Day","subsection_name":"Economy","type_of_material":"News","_id":"5887de257c459f2525d186d4"},{"web_url":"http:\/\/www.nytimes.com\/2017\/01\/18\/arts\/music\/fiona-apple-tiny-hands-womens-march.html","snippet":"The chant is on a new track, called \u201cTiny Hands,\u201d the singer created for the women\u2019s march in Washington after Donald Trump\u2019s inauguration....","lead_paragraph":"The chant is on a new track, called \u201cTiny Hands,\u201d the singer created for the women\u2019s march in Washington after Donald Trump\u2019s inauguration.","abstract":null,"blog":[],"source":"The New York Times","headline":{"main":"Fiona Apple Releases a Trump Protest Chant"},"pub_date":"2017-01-18T19:46:48+0000","document_type":"article","news_desk":"Arts&Leisure","section_name":"Arts","subsection_name":"Music","type_of_material":"News","_id":"587fc6357c459f2525d17483"},{"web_url":"http:\/\/www.nytimes.com\/2017\/01\/25\/insider\/the-dows-record-rise-sends-a-former-wall-street-stock-broker-back-in-time.html","snippet":"Before I became a financial reporter, I was what they used to call a \u201ccustomer\u2019s man.\u201d Nevermind that I\u2019m a woman....","lead_paragraph":"Before I became a financial reporter, I was what they used to call a \u201ccustomer\u2019s man.\u201d Nevermind that I\u2019m a woman.","abstract":null,"blog":[],"source":"The New York Times","headline":{"main":"The Dow\u2019s Record Rise Sends a Former Wall Street Stock Broker Back in Time"},"pub_date":"2017-01-25T21:59:37+0000","document_type":"article","news_desk":"Business","section_name":"Times Insider","subsection_name":null,"type_of_material":"News","_id":"58891fcc7c459f2525d18a4f"},{"web_url":"http:\/\/www.nytimes.com\/aponline\/2016\/12\/14\/world\/americas\/ap-lt-chile-sex-doll-uproar.html","snippet":"Chileans are in an uproar over a Cabinet minister being given an inflatable sex doll with a note saying \"to stimulate the economy\" taped over its mouth....","lead_paragraph":"Chileans are in an uproar over a Cabinet minister being given an inflatable sex doll with a note saying \"to stimulate the economy\" taped over its mouth.","abstract":null,"blog":[],"source":"AP","headline":{"main":"Inflatable Love Doll Gift to Minister Sparks Furor in Chile","print_headline":"Inflatable Love Doll Gift to Minister Sparks Furor in Chile"},"pub_date":"2016-12-14T22:22:10+0000","document_type":"article","news_desk":null,"section_name":"World","subsection_name":"Americas","type_of_material":"News","_id":"5851c6197c459f2525d11e0e"},{"web_url":"http:\/\/www.nytimes.com\/2016\/02\/03\/sports\/australian-groups-warned-on-gender-equality.html","snippet":"Sports bodies in the country were told that they would face cuts if female and male athletes did not travel in the same style when taking part in major events overseas....","lead_paragraph":"Sports bodies in the country were told that they would face cuts if female and male athletes did not travel in the same style when taking part in major events overseas.","abstract":"Australian sports authorities warn country's sports bodies of consequences if female and male athletes do not receive equal travel accommodations for events abroad.","blog":[],"source":"The New York Times","headline":{"main":"Australian Groups Warned on Gender Equality","content_kicker":"Sports Briefing | International Sports","print_headline":"Australian Groups Warned"},"pub_date":"2016-02-03T00:00:00Z","document_type":"article","news_desk":"Sports","section_name":"Sports","subsection_name":null,"type_of_material":"Brief","_id":"56b187cd38f0d873ef295230"},{"web_url":"http:\/\/query.nytimes.com\/gst\/abstract.html?res=9A0CE3D9103FE233A25757C2A9649C946796D6CF","snippet":null,"lead_paragraph":null,"abstract":null,"blog":[],"source":"The New York Times","headline":{"main":"FEW SERVANTS UNDER WAR.; Economy Urges Britons to Modify Their Scale of Living.","kicker":"1"},"pub_date":"1916-02-24T00:00:00Z","document_type":"article","news_desk":null,"section_name":null,"subsection_name":null,"type_of_material":"Front Page","_id":"4fc0639245c1498b0d29b7b0"},{"web_url":"http:\/\/www.nytimes.com\/2002\/08\/13\/opinion\/l-the-rules-for-women-366323.html","snippet":"To the Editor:    ''A Kinder, Gentler Kennedy Runs for Governor'' (Postcard From the Campaign, Aug. 12) shows us the tightrope that women running for executive office must walk. Studies show that the public is equally comfortable voting men or wom...","lead_paragraph":"To the Editor: ''A Kinder, Gentler Kennedy Runs for Governor'' (Postcard From the Campaign, Aug. 12) shows us the tightrope that women running for executive office must walk. Studies show that the public is equally comfortable voting men or women into Congress. But when women run for mayor, governor or president, voters say they fear that she won't be tough enough to handle the economy or war.","abstract":"White House Project president Marie C Wilson letter on Aug 12 article on Maryland gubernatorial race deplores greater obstacles women face in running for executive office, where voters tend to fear they will not be tough enough","blog":[],"source":"The New York Times","headline":{"main":"The Rules for Women"},"pub_date":"2002-08-13T00:00:00Z","document_type":"article","news_desk":"Editorial Desk","section_name":"Opinion","subsection_name":null,"type_of_material":"Letter","_id":"4fd21eee8eb7c8105d7a19cc"},{"web_url":"http:\/\/www.nytimes.com\/1998\/12\/24\/opinion\/l-new-yorkers-naughty-and-nice-the-male-ethos-580570.html","snippet":"To the Editor:    John Tierney's Dec. 21 Big City column about New York City's ''modern male ethos'' is wrong to characterize Representative Jerrold Nadler's district as ''an island whose economy would be in shambles if every adulterous male execu...","lead_paragraph":"To the Editor: John Tierney's Dec. 21 Big City column about New York City's ''modern male ethos'' is wrong to characterize Representative Jerrold Nadler's district as ''an island whose economy would be in shambles if every adulterous male executive had to resign.'' Mr. Nadler's district includes extensive areas of Brooklyn with large Orthodox Jewish communities.","abstract":"Assemblyman Edward C Sullivan letter replies to John Tierney's Dec 21 column on adulterous New Yorkers","blog":[],"source":"The New York Times","headline":{"main":"New Yorkers: Naughty and Nice; The Male Ethos"},"pub_date":"1998-12-24T00:00:00Z","document_type":"article","news_desk":"Editorial Desk","section_name":"Opinion","subsection_name":null,"type_of_material":"Letter","_id":"4fd1e6e48eb7c8105d73363e"},{"web_url":"http:\/\/www.nytimes.com\/2017\/02\/05\/business\/h-1b-visa-tech-cheers-for-foreign-workers.html","snippet":"Tech companies say the H-1B program is needed to find highly skilled employees. But it has also been used to lower labor costs and cut jobs....","lead_paragraph":"Tech companies say the H-1B program is needed to find highly skilled employees. But it has also been used to lower labor costs and cut jobs.","abstract":null,"blog":[],"source":"The New York Times","headline":{"main":"Not Everyone in Tech Cheers Visa Program for Foreign Workers","print_headline":"Some Tech Workers See Visas as Threat"},"pub_date":"2017-02-06T00:57:58+0000","document_type":"article","news_desk":"Business","section_name":"Business Day","subsection_name":null,"type_of_material":"News","_id":"5897ca1e7c459f2525d1a9a3"},{"web_url":"http:\/\/www.nytimes.com\/2017\/02\/13\/t-magazine\/pictures-generation-new-york-artists-cindy-sherman-robert-longo.html","snippet":"The influence of the Pictures Generation, a loosely affiliated Reagan-era movement of New York artists, continues to resonate today....","lead_paragraph":"The influence of the Pictures Generation, a loosely affiliated Reagan-era movement of New York artists, continues to resonate today.","abstract":null,"blog":[],"source":"The New York Times","headline":{"main":"These \u201980s Artists Are More Important Than Ever","print_headline":"Back in the Frame"},"pub_date":"2017-02-13T09:12:57+0000","document_type":"article","news_desk":"TStyle","section_name":"T Magazine","subsection_name":null,"type_of_material":"News","_id":"58a178a07c459f2525d1c01d"}]