[{"web_url":"http:\/\/query.nytimes.com\/gst\/abstract.html?res=9807E0DC1F3EE53ABC4E53DFB2668383659EDE","snippet":"On a note of tension, the twenty-sixth annual International Beauty Shop Owners Convention and Exhibition opened yesterday in Grand Central Palace, 480 Lexington Avenue....","lead_paragraph":"On a note of tension, the twenty-sixth annual International Beauty Shop Owners Convention and Exhibition opened yesterday in Grand Central Palace, 480 Lexington Avenue.","abstract":"Internatl Beauty Shop Owners Conv and Exhibition, NYC; rising use of home permanents scored","blog":[],"source":"The New York Times","headline":{"main":"Home Permanents' Menace Beauty Trade; Male Salons Urged as New Income Aids"},"pub_date":"1948-04-06T00:00:00Z","document_type":"article","news_desk":null,"section_name":null,"subsection_name":null,"type_of_material":"Article","_id":"4fc28ccc45c1498b0d6f5cf4"},{"web_url":"http:\/\/www.nytimes.com\/2016\/12\/30\/business\/why-arent-there-more-female-billionaires.html","snippet":"A study shows that women are making inroads among the wealthy, but that their ranks at the very top of the earnings ladder are still remarkably thin....","lead_paragraph":"A study shows that women are making inroads among the wealthy, but that their ranks at the very top of the earnings ladder are still remarkably thin.","abstract":null,"blog":[],"source":"The New York Times","headline":{"main":"Why Aren\u2019t There More Female Billionaires?","content_kicker":"Inside Wealth","kicker":"Inside Wealth","print_headline":"Plenty of Billionaires, but Few Are Women"},"pub_date":"2016-12-30T18:57:49+0000","document_type":"article","news_desk":"SundayBusiness","section_name":"Business Day","subsection_name":null,"type_of_material":"News","_id":"5866ae317c459f2525d143c8"},{"web_url":"http:\/\/www.nytimes.com\/1985\/08\/18\/nyregion\/new-jersey-journal-189986.html","snippet":null,"lead_paragraph":null,"abstract":null,"blog":[],"source":"The New York Times","headline":{"main":"NEW JERSEY JOURNAL"},"pub_date":"1985-08-18T00:00:00Z","document_type":"article","news_desk":"New Jersey Weekly Desk","section_name":"New York and Region","subsection_name":null,"type_of_material":"News","_id":"4fd150258eb7c8105d630fa8"},{"web_url":"http:\/\/well.blogs.nytimes.com\/2012\/06\/28\/among-doctors-too-women-are-paid-less\/","snippet":"Male physician-researchers made over $12,000 per year more than comparable women, a study found, even after researchers took into account differences in specialty, publications, academic rank, hours worked and leadership positions....","lead_paragraph":null,"abstract":"Male physician-researchers made over $12,000 per year more than comparable women, a study found, even after researchers took into account differences in specialty, publications, academic rank, hours worked and leadership positions.","blog":[],"source":"The New York Times","headline":{"main":"Among Doctors, Too, Women Are Paid Less","kicker":"Well"},"pub_date":"2012-06-28T15:50:07Z","document_type":"blogpost","news_desk":null,"section_name":"Health","subsection_name":null,"type_of_material":"Blog","_id":"4fecc636439ee47a72ecd16e"},{"web_url":"http:\/\/www.nytimes.com\/aponline\/2017\/02\/20\/us\/politics\/ap-us-education-big-data.html","snippet":"Getting through college isn't easy, and it can be even harder for low-income and first generation students with few support resources. A new tool involving big data can help those at risk....","lead_paragraph":"Getting through college isn't easy, and it can be even harder for low-income and first generation students with few support resources. A new tool involving big data can help those at risk.","abstract":null,"blog":[],"source":"AP","headline":{"main":"Study: Struggling College Students Get a Hand to Graduate","print_headline":"Study: Struggling College Students Get a Hand to Graduate"},"pub_date":"2017-02-20T08:21:42+0000","document_type":"article","news_desk":null,"section_name":"U.S.","subsection_name":"Politics","type_of_material":"News","_id":"58aaa71f7c459f2525d1d761"},{"web_url":"http:\/\/www.nytimes.com\/reuters\/2017\/02\/16\/arts\/16reuters-disney-starwars.html","snippet":"Walt Disney Co and major retailers will release the galaxy's newest \"Star Wars\" toys at a Sept. 1 midnight event ahead of the holiday debut of the next film in the saga, \"The Last Jedi,\" company executives told Reuters....","lead_paragraph":"Walt Disney Co and major retailers will release the galaxy's newest \"Star Wars\" toys at a Sept. 1 midnight event ahead of the holiday debut of the next film in the saga, \"The Last Jedi,\" company executives told Reuters.","abstract":null,"blog":[],"source":"Reuters","headline":{"main":"Disney Plans Midnight 'Star Wars' Event to Unveil 'Last Jedi' Toys","print_headline":"Disney Plans Midnight 'Star Wars' Event to Unveil 'Last Jedi' Toys"},"pub_date":"2017-02-16T11:06:29+0000","document_type":"article","news_desk":null,"section_name":"Arts","subsection_name":null,"type_of_material":"News","_id":"58a587bd7c459f2525d1cc31"},{"web_url":"http:\/\/www.nytimes.com\/2007\/06\/11\/opinion\/11mon3.html","snippet":"A college degree does not ensure a bigger share of the economic pie for many graduates....","lead_paragraph":"A college degree does not ensure a bigger share of the economic pie for many graduates.","abstract":null,"blog":[],"source":"The New York Times","headline":{"main":"Economic Life After College","print_headline":"Economic Life After College"},"pub_date":"2007-06-11T00:00:00Z","document_type":"article","news_desk":"Editorial","section_name":"Opinion","subsection_name":null,"type_of_material":"Editorial","_id":"548b322638f0d8482929aa03"},{"web_url":"http:\/\/query.nytimes.com\/gst\/abstract.html?res=9E00E2DA1630EF3BBC4B53DFB7668388679EDE","snippet":"Census Bur repts drs, dentists and lawyers are leading money earners, US...","lead_paragraph":null,"abstract":"Census Bur repts drs, dentists and lawyers are leading money earners, US","blog":[],"source":"The New York Times","headline":{"main":"Professional Men Head List of Earners in U.S."},"pub_date":"1963-01-03T00:00:00Z","document_type":"article","news_desk":null,"section_name":null,"subsection_name":null,"type_of_material":"Article","_id":"4fc41e5445c1498b0d926f92"},{"web_url":"http:\/\/krugman.blogs.nytimes.com\/2010\/11\/10\/income-and-life-expectancy\/","snippet":"Prosper and live long, not, not....","lead_paragraph":"I've referenced this before, but here's the Social Security Administration study. Look at Table 4: since 1977, the life expectancy of male workers retiring at age 65 has risen 6 years in the top half of the income distribution, but only 1.3 years in the bottom half.","abstract":"Prosper and live long, not, not.","blog":[],"source":"The New York Times","headline":{"main":"Income And Life Expectancy","kicker":"Paul Krugman"},"pub_date":"2010-11-10T17:05:39Z","document_type":"blogpost","news_desk":null,"section_name":"Opinion","subsection_name":null,"type_of_material":"Blog","_id":"4fd39d7f8eb7c8105d8def1b"},{"web_url":"http:\/\/query.nytimes.com\/gst\/abstract.html?res=9F03E0DD1F38E733A25751C1A9639C946097D6CF","snippet":null,"lead_paragraph":null,"abstract":null,"blog":[],"source":"The New York Times","headline":{"main":"Norway May Have Woman Suffrage.","kicker":"1"},"pub_date":"1901-05-12T00:00:00Z","document_type":"article","news_desk":null,"section_name":null,"subsection_name":null,"type_of_material":"Article","_id":"4fc0409945c1498b0d1febc3"},{"web_url":"http:\/\/www.nytimes.com\/1989\/06\/12\/business\/casual-male-corp-reports-earnings-for-qtr-to-april-29.html","snippet":"LEAD:         *3*** COMPANY REPORTS **    *3* Casual Male Corp (OTC)       Qtr to April 29   1989   1988                     Sales   19,787,542   15,846,974              Net loss   1,380,547   b90,223              Share earns   -   .02            ...","lead_paragraph":"LEAD: *3*** COMPANY REPORTS ** *3* Casual Male Corp (OTC) Qtr to April 29 1989 1988 Sales 19,787,542 15,846,974 Net loss 1,380,547 b90,223 Share earns - .02 Shares outst 5,463,256 4,038,000 b-Net income and included a $33,395 tax credit.","abstract":null,"blog":[],"source":"The New York Times","headline":{"main":"Casual Male Corp reports earnings for Qtr to April 29"},"pub_date":"1989-06-12T00:00:00Z","document_type":"article","news_desk":"Financial Desk","section_name":"Business","subsection_name":null,"type_of_material":"Statistics","_id":"4fd183be8eb7c8105d68197e"},{"web_url":"http:\/\/query.nytimes.com\/gst\/abstract.html?res=9A04E2DC123EEF3ABC4951DFB066838B679EDE","snippet":"repts 1\/2 of families had incomes of record $5,417 or more in '59; repts median income of individuals at record $2,606, $130 above '58; other data...","lead_paragraph":null,"abstract":"repts 1\/2 of families had incomes of record $5,417 or more in '59; repts median income of individuals at record $2,606, $130 above '58; other data","blog":[],"source":"The New York Times","headline":{"main":"Family Income Rose To $5,417 Peak in '59"},"pub_date":"1960-06-21T00:00:00Z","document_type":"article","news_desk":null,"section_name":null,"subsection_name":null,"type_of_material":"Article","_id":"4fc40ab445c1498b0d8cc734"},{"web_url":"http:\/\/query.nytimes.com\/gst\/abstract.html?res=9E00E3DC1F30E03ABC4953DFBE66838D669EDE","snippet":"Canadian Revenue Dept survey repts income for men from '70-74 increased 68.9% compared with 62.2% for women; avg male income was $11,736 while female avg was $6,734 (S)...","lead_paragraph":null,"abstract":"Canadian Revenue Dept survey repts income for men from '70-74 increased 68.9% compared with 62.2% for women; avg male income was $11,736 while female avg was $6,734 (S)","blog":[],"source":"The New York Times","headline":{"main":"Canadian Income Gap"},"pub_date":"1976-08-01T00:00:00Z","document_type":"article","news_desk":null,"section_name":null,"subsection_name":null,"type_of_material":"Article","_id":"4fc495b845c1498b0da740ef"},{"web_url":"http:\/\/query.nytimes.com\/gst\/abstract.html?res=9F0CE7D81639EF3BBC4953DFB1668382679EDE","snippet":"A 60-year-old registered male nurse, Frank L. Dulaney, of 5 West 63d Street, pleaded guilty yesterday in Federal Court to failing to file income tax returns for three years, when his income ranged from $22,000 to $31,000 a year. Mr. Dulaney, a nur...","lead_paragraph":"A 60-year-old registered male nurse, Frank L. Dulaney, of 5 West 63d Street, pleaded guilty yesterday in Federal Court to failing to file income tax returns for three years, when his income ranged from $22,000 to $31,000 a year. Mr. Dulaney, a nurse for 33 years, was indicted Jan. 16 by a Federal grand jury on five counts involving the years 1962 through 1966.","abstract":"Pleads guilty to failing to file income tax returns for 3 yrs","blog":[],"source":"The New York Times","headline":{"main":"Nurse Admits Tax Evasion"},"pub_date":"1969-07-01T00:00:00Z","document_type":"article","news_desk":null,"section_name":null,"subsection_name":null,"type_of_material":"Article","_id":"4fc46eb345c1498b0d9c7c67"},{"web_url":"http:\/\/www.nytimes.com\/2017\/01\/26\/well\/family\/why-young-girls-dont-think-they-are-smart-enough.html","snippet":"Being intellectually gifted is often stereotyped as a male quality, and American girls seem to absorb this thinking at a young age....","lead_paragraph":"Being intellectually gifted is often stereotyped as a male quality, and American girls seem to absorb this thinking at a young age.","abstract":null,"blog":[],"source":"The New York Times","headline":{"main":"Why Young Girls Don\u2019t Think They Are Smart Enough"},"pub_date":"2017-01-26T19:24:48+0000","document_type":"article","news_desk":"Well","section_name":"Well","subsection_name":"Family","type_of_material":"News","_id":"588a4d067c459f2525d18d6d"},{"web_url":"http:\/\/query.nytimes.com\/gst\/abstract.html?res=9906E5D81F3DE533A2575AC1A9679D946195D6CF","snippet":"Seeks action by Congress to exempt income on mortgages from operations of income tax to relieve housing shortage...","lead_paragraph":null,"abstract":"Seeks action by Congress to exempt income on mortgages from operations of income tax to relieve housing shortage","blog":[],"source":"The New York Times","headline":{"main":"WANT MORTGAGES TAX FREE; Real Estate Dealers Seek Action by Congress."},"pub_date":"1920-11-19T00:00:00Z","document_type":"article","news_desk":null,"section_name":null,"subsection_name":null,"type_of_material":"Article","_id":"4fc0812c45c1498b0d32ae0f"},{"web_url":"http:\/\/query.nytimes.com\/gst\/abstract.html?res=9502E5DD133CE533A25750C0A9659C946095D6CF","snippet":null,"lead_paragraph":null,"abstract":null,"blog":[],"source":"The New York Times","headline":{"main":"WOMEN'S INCOMES GOOD.; Unmarried Ones Nearly Equaled Men in State Tax Average.","kicker":"1"},"pub_date":"1921-03-03T00:00:00Z","document_type":"article","news_desk":null,"section_name":null,"subsection_name":null,"type_of_material":"Article","_id":"4fc07cb845c1498b0d3157db"},{"web_url":"http:\/\/www.nytimes.com\/aponline\/2017\/01\/09\/us\/ap-us-us-mayors-priorities.html","snippet":"U.S. mayors from blue and red states and regardless of party affiliation share many common concerns about poverty, racial and income inequality and immigration, according to a new survey....","lead_paragraph":"U.S. mayors from blue and red states and regardless of party affiliation share many common concerns about poverty, racial and income inequality and immigration, according to a new survey.","abstract":null,"blog":[],"source":"AP","headline":{"main":"Survey: Mayors Unified on Battling Poverty, Other Key Issues","print_headline":"Survey: Mayors Unified on Battling Poverty, Other Key Issues"},"pub_date":"2017-01-09T23:18:47+0000","document_type":"article","news_desk":null,"section_name":"U.S.","subsection_name":null,"type_of_material":"News","_id":"58741a627c459f2525d15a49"},{"web_url":"http:\/\/economix.blogs.nytimes.com\/2011\/03\/04\/more-on-mens-wages\/","snippet":"The chart shows a combination of two trends -- that wages for male workers has declined, when inflation is taken into account, and that many more men are not working at all....","lead_paragraph":"One more thought on the Hamilton Project chart showing a big decline in men's wages since 1969: it is not depicting the wage history of a typical male worker. The typical 50-year full-time male worker, for instance, is not making 28 percent less than the equivalent man was in 1969.","abstract":"The chart shows a combination of two trends -- that wages for male workers has declined, when inflation is taken into account, and that many more men are not working at all.","blog":[],"source":"The New York Times","headline":{"main":"More on Men's Wages","kicker":"Economix"},"pub_date":"2011-03-04T15:57:04Z","document_type":"blogpost","news_desk":null,"section_name":"Business Day","subsection_name":null,"type_of_material":"Blog","_id":"4fd39f098eb7c8105d8e289b"},{"web_url":"http:\/\/www.nytimes.com\/1989\/09\/12\/business\/casual-male-corp-reports-earnings-for-qtr-to-july-29.html","snippet":"LEAD:         *3*** COMPANY REPORTS **    *3* Casual Male Corp       Qtr to July 29   1989   1988                     Sales   26,144,787   21,497,533              Net loss   864,273   b973,733              Share earns   -   .24              6mo sa...","lead_paragraph":"LEAD: *3*** COMPANY REPORTS ** *3* Casual Male Corp Qtr to July 29 1989 1988 Sales 26,144,787 21,497,533 Net loss 864,273 b973,733 Share earns - .24 6mo sales 45,932,329 37,344,507 Net loss 2,257,463 b1,063,956 Share earns - .26 b-Net income and included an extraordinary item consisting of tax benefits resulting from the utilization of net operating loss carryforwards of $336,780 and $370,175 for the quarter and 6 months, respectively.","abstract":null,"blog":[],"source":"The New York Times","headline":{"main":"Casual Male Corp reports earnings for Qtr to July 29"},"pub_date":"1989-09-12T00:00:00Z","document_type":"article","news_desk":"Financial Desk","section_name":"Business","subsection_name":null,"type_of_material":"Statistics","_id":"4fd184508eb7c8105d68300f"}]