[{"web_url":"http:\/\/www.nytimes.com\/2011\/01\/18\/health\/18global.html","snippet":"Researchers reported in The Lancet this month that having a circumcised partner reduced a woman&#8217;s risk of catching human papillomaviruses by about 25 percent....","lead_paragraph":"Researchers reported in The Lancet this month that having a circumcised partner reduced a woman&#8217;s risk of catching human papillomaviruses by about 25 percent.","abstract":null,"blog":[],"source":"The New York Times","headline":{"seo":"Male Circumcision May Help Sex Partners Against Cervical Cancer","main":"Uganda: Male Circumcision May Help Protect Sexual Partners Against Cervical Cancer","kicker":"Global Update","print_headline":"PREVENTION: Male Circumcision May Help Protect Sexual Partners Against Cervical Cancer","content_kicker":"Global Update"},"pub_date":"2011-01-18T00:00:00Z","document_type":"article","news_desk":"Science","section_name":"Health","subsection_name":null,"type_of_material":"News","_id":"5409daf238f0d852c36f6dfb"},{"web_url":"http:\/\/health.nytimes.com\/health\/guides\/disease\/inhibited-sexual-desire\/overview.html","snippet":"Inhibited sexual desire (ISD) refers to a low level of sexual interest. A person with ISD will not start, or respond to their partner's desire for, sexual activity. ISD can be primary (in which the person has never felt much sexual desire or inter...","lead_paragraph":"Inhibited sexual desire (ISD) refers to a low level of sexual interest. A person with ISD will not start, or respond to their partner's desire for, sexual activity. ISD can be primary (in which the person has never felt much sexual desire or interest), or secondary (in which the person used to feel sexual desire, but no longer does). ISD can also relate to the partner (the person with ISD is interested in other people, but not his or her partner), or it can be general ( the person with ISD isn't sexually interested in anyone). In the extreme form of sexual aversion, the person not only lacks sexual desire, but may find sex repulsive. Sometimes, the sexual desire is not inhibited. The two partners have different sexual interest levels, even though both of their interest levels are within the normal range. Someone can claim that his or her partner has ISD, when in fact they have overactive sexual desire and are very demanding sexually.","abstract":null,"blog":[],"source":null,"headline":{"main":"Inhibited Sexual Desire"},"pub_date":null,"document_type":"topic","news_desk":null,"section_name":null,"subsection_name":null,"type_of_material":"healthtopic","_id":"52446c2b38f0d8198973c40b"},{"web_url":"http:\/\/health.nytimes.com\/health\/guides\/test\/buccal-smear\/overview.html","snippet":"A buccal  (pronounced \"buckle\") smear is the painless removal of a sample of cells from the inside of your mouth (cheek) for study....","lead_paragraph":"A buccal  (pronounced \"buckle\") smear is the painless removal of a sample of cells from the inside of your mouth (cheek) for study.","abstract":null,"blog":[],"source":null,"headline":{"main":"Buccal Smear"},"pub_date":null,"document_type":"topic","news_desk":null,"section_name":null,"subsection_name":null,"type_of_material":"healthtopic","_id":"5244739f38f0d8198973c540"},{"web_url":"http:\/\/health.nytimes.com\/health\/guides\/disease\/chlamydial-urethritis-male\/overview.html","snippet":"Chlamydia infection in males is an infection of the urethra (the tube that drains urine from the bladder and passes through the penis). This type of chlamydia infection is passed from one person to another during sexual contact. Chlamydia Chlamydi...","lead_paragraph":"Chlamydia infection in males is an infection of the urethra (the tube that drains urine from the bladder and passes through the penis). This type of chlamydia infection is passed from one person to another during sexual contact. Chlamydia Chlamydia infections in women","abstract":null,"blog":[],"source":null,"headline":{"main":"Chlamydial Infections - Male"},"pub_date":null,"document_type":"topic","news_desk":null,"section_name":null,"subsection_name":null,"type_of_material":"healthtopic","_id":"5244991a38f0d8198973cb54"},{"web_url":"http:\/\/health.nytimes.com\/health\/guides\/disease\/reifenstein-syndrome\/overview.html","snippet":"Reifenstein syndrome is disease that occurs in boys when the body cannot respond the right way to the male sex hormones (androgens). Testosterone is a male sex hormone. This disorder is a type of androgen insufficiency syndrome....","lead_paragraph":"Reifenstein syndrome is disease that occurs in boys when the body cannot respond the right way to the male sex hormones (androgens). Testosterone is a male sex hormone. This disorder is a type of androgen insufficiency syndrome.","abstract":null,"blog":[],"source":null,"headline":{"main":"Reifenstein Syndrome"},"pub_date":null,"document_type":"topic","news_desk":null,"section_name":null,"subsection_name":null,"type_of_material":"healthtopic","_id":"52448b9e38f0d8198973c92c"},{"web_url":"http:\/\/health.nytimes.com\/health\/guides\/symptoms\/ambiguous-genitalia\/overview.html","snippet":"Ambiguous genitalia is a birth defect where the outer genitals do not have the typical appearance of either a boy or a girl....","lead_paragraph":"Ambiguous genitalia is a birth defect where the outer genitals do not have the typical appearance of either a boy or a girl.","abstract":null,"blog":[],"source":null,"headline":{"main":"Ambiguous Genitalia"},"pub_date":null,"document_type":"topic","news_desk":null,"section_name":null,"subsection_name":null,"type_of_material":"healthtopic","_id":"5244853138f0d8198973c823"},{"web_url":"http:\/\/health.nytimes.com\/health\/guides\/disease\/urethritis\/overview.html","snippet":"Urethritis is inflammation (swelling and irritation) of the urethra. The urethra is the tube that carries urine from the body....","lead_paragraph":"Urethritis is inflammation (swelling and irritation) of the urethra. The urethra is the tube that carries urine from the body.","abstract":null,"blog":[],"source":null,"headline":{"main":"Urethritis"},"pub_date":null,"document_type":"topic","news_desk":null,"section_name":null,"subsection_name":null,"type_of_material":"healthtopic","_id":"5244943e38f0d8198973ca87"},{"web_url":"http:\/\/health.nytimes.com\/health\/guides\/disease\/intersex\/overview.html","snippet":"Intersex is a group of conditions where there is a discrepancy between the external genitals and the internal genitals (the testes and ovaries). The older term for this condition, hermaphroditism, came from joining the names of a Greek god and god...","lead_paragraph":"Intersex is a group of conditions where there is a discrepancy between the external genitals and the internal genitals (the testes and ovaries). The older term for this condition, hermaphroditism, came from joining the names of a Greek god and goddess, Hermes and Aphrodite. Hermes was a god of male sexuality (among other things) and Aphrodite a goddess of female sexuality, love, and beauty. Although the older terms are still included in this article for reference, they have been replaced by most experts (and patients and families) because they are misleading, confusing, and insensitive. Increasingly this group of conditions is being called disorders of sex development (DSDs).","abstract":null,"blog":[],"source":null,"headline":{"main":"Intersex"},"pub_date":null,"document_type":"topic","news_desk":null,"section_name":null,"subsection_name":null,"type_of_material":"healthtopic","_id":"52446d3738f0d8198973c437"},{"web_url":"http:\/\/health.nytimes.com\/health\/guides\/disease\/lymphogranuloma-venereum\/overview.html","snippet":"Lymphogranuloma venereum (LGV) is a sexually transmitted bacterial infection....","lead_paragraph":"Lymphogranuloma venereum (LGV) is a sexually transmitted bacterial infection.","abstract":null,"blog":[],"source":null,"headline":{"main":"Lymphogranuloma Venereum"},"pub_date":null,"document_type":"topic","news_desk":null,"section_name":null,"subsection_name":null,"type_of_material":"healthtopic","_id":"524498a338f0d8198973cb3d"},{"web_url":"http:\/\/health.nytimes.com\/health\/guides\/disease\/developmental-disorders-of-the-vagina-and-vulva\/overview.html","snippet":"Developmental disorders of the vagina and vulva include many different structural problems that occur while the baby is developing in the mother''s womb....","lead_paragraph":"Developmental disorders of the vagina and vulva include many different structural problems that occur while the baby is developing in the mother''s womb.","abstract":null,"blog":[],"source":null,"headline":{"main":"Developmental Disorders of the Vagina and Vulva"},"pub_date":null,"document_type":"topic","news_desk":null,"section_name":null,"subsection_name":null,"type_of_material":"healthtopic","_id":"524454fb38f0d8198973c05a"},{"web_url":"http:\/\/www.nytimes.com\/2017\/02\/22\/well\/move\/men-is-exercise-putting-a-damper-on-your-sex-life.html","snippet":"Men who exercise strenuously may have a lower libido than those whose workouts are lighter, a new study found....","lead_paragraph":"Men who exercise strenuously may have a lower libido than those whose workouts are lighter, a new study found.","abstract":null,"blog":[],"source":"The New York Times","headline":{"main":"Men, Is Exercise Putting a Damper on Your Sex Life?","content_kicker":"Phys Ed","print_headline":"Men\u2019s Workouts Tied to Low Libido"},"pub_date":"2017-02-22T11:00:02+0000","document_type":"article","news_desk":"Science","section_name":"Well","subsection_name":"Move","type_of_material":"News","_id":"58ad6f367c459f2525d1dd5d"},{"web_url":"http:\/\/health.nytimes.com\/health\/guides\/specialtopic\/aging-changes-in-the-male-reproductive-system\/overview.html","snippet":"Aging changes in the male reproductive system may include changes in testicular tissue, sperm production, and erectile function. These changes usually occur gradually....","lead_paragraph":"Aging changes in the male reproductive system may include changes in testicular tissue, sperm production, and erectile function. These changes usually occur gradually.","abstract":null,"blog":[],"source":null,"headline":{"main":"Aging Changes in the Male Reproductive System"},"pub_date":null,"document_type":"topic","news_desk":null,"section_name":null,"subsection_name":null,"type_of_material":"healthtopic","_id":"524454c738f0d8198973c053"},{"web_url":"http:\/\/health.nytimes.com\/health\/guides\/disease\/chlamydia\/overview.html","snippet":"Chlamydia is an infection caused by the bacteria Chlamydia trachomatis . It is most often spread through sexual contact....","lead_paragraph":"Chlamydia is an infection caused by the bacteria Chlamydia trachomatis . It is most often spread through sexual contact.","abstract":null,"blog":[],"source":null,"headline":{"main":"Chlamydia"},"pub_date":null,"document_type":"topic","news_desk":null,"section_name":null,"subsection_name":null,"type_of_material":"healthtopic","_id":"52445e6238f0d8198973c1cb"},{"web_url":"http:\/\/www.nytimes.com\/reuters\/2017\/02\/15\/world\/asia\/15reuters-australia-abuse.html","snippet":"The Catholic Church in Australia paid A$276 million ($212.9 million) in compensation, treatment and other costs to thousands of victims of child sexual offences in the past 35 years, according to a report released on Thursday at an inquiry into in...","lead_paragraph":"The Catholic Church in Australia paid A$276 million ($212.9 million) in compensation, treatment and other costs to thousands of victims of child sexual offences in the past 35 years, according to a report released on Thursday at an inquiry into institutional abuse.","abstract":null,"blog":[],"source":"Reuters","headline":{"main":"Australia's Catholic Church Paid $213 Million in Abuse Compensation, Costs","print_headline":"Australia's Catholic Church Paid $213 Million in Abuse Compensation, Costs"},"pub_date":"2017-02-16T01:12:33+0000","document_type":"article","news_desk":null,"section_name":"World","subsection_name":"Asia Pacific","type_of_material":"News","_id":"58a4fc8b7c459f2525d1cadf"},{"web_url":"http:\/\/www.nytimes.com\/reuters\/2017\/02\/20\/world\/europe\/20reuters-italy-discrimination.html","snippet":"The head of Italy's anti-discrimination office resigned on Monday after accusations that government funds meant to promote diversity projects and tackle racism had been earmarked for gay sex clubs masquerading as cultural centers....","lead_paragraph":"The head of Italy's anti-discrimination office resigned on Monday after accusations that government funds meant to promote diversity projects and tackle racism had been earmarked for gay sex clubs masquerading as cultural centers.","abstract":null,"blog":[],"source":"Reuters","headline":{"main":"Italy's Anti-Discrimination Chief Quits After Gay Sex Club Scandal","print_headline":"Italy's Anti-Discrimination Chief Quits After Gay Sex Club Scandal"},"pub_date":"2017-02-20T20:12:28+0000","document_type":"article","news_desk":null,"section_name":"World","subsection_name":"Europe","type_of_material":"News","_id":"58ab4db47c459f2525d1d8d7"},{"web_url":"http:\/\/health.nytimes.com\/health\/guides\/disease\/pharyngitis-gonococcal\/overview.html","snippet":"Gonococcal pharyngitis is a sexually transmitted infection of the tonsils and back of the throat (pharynx)....","lead_paragraph":"Gonococcal pharyngitis is a sexually transmitted infection of the tonsils and back of the throat (pharynx).","abstract":null,"blog":[],"source":null,"headline":{"main":"Pharyngitis - Gonococcal"},"pub_date":null,"document_type":"topic","news_desk":null,"section_name":null,"subsection_name":null,"type_of_material":"healthtopic","_id":"5244595e38f0d8198973c105"},{"web_url":"http:\/\/www.nytimes.com\/aponline\/2017\/01\/18\/world\/europe\/ap-soc-britain-sex-abuse.html","snippet":"Police say the number of clubs impacted by British soccer's sprawling child sex abuse scandal has climbed to 248, with 184 suspects and 526 potential victims....","lead_paragraph":"Police say the number of clubs impacted by British soccer's sprawling child sex abuse scandal has climbed to 248, with 184 suspects and 526 potential victims.","abstract":null,"blog":[],"source":"AP","headline":{"main":"526 Potential Victims in Sex Abuse Case, 248 Clubs Impacted","print_headline":"526 Potential Victims in Sex Abuse Case, 248 Clubs Impacted"},"pub_date":"2017-01-18T11:00:41+0000","document_type":"article","news_desk":null,"section_name":"World","subsection_name":"Europe","type_of_material":"News","_id":"587f4adf7c459f2525d172d3"},{"web_url":"http:\/\/health.nytimes.com\/health\/guides\/disease\/hypogonadotropic-hypogonadism\/overview.html","snippet":"Hypogonadism is a condition in which the male testes or the female ovaries produce little or no sex hormones. Hypogonadotropic hypogonadism (HH) is a form of hypogonadism that is due to a problem with the pituitary gland or hypothalamus....","lead_paragraph":"Hypogonadism is a condition in which the male testes or the female ovaries produce little or no sex hormones. Hypogonadotropic hypogonadism (HH) is a form of hypogonadism that is due to a problem with the pituitary gland or hypothalamus.","abstract":null,"blog":[],"source":null,"headline":{"main":"Hypogonadotropic Hypogonadism"},"pub_date":null,"document_type":"topic","news_desk":null,"section_name":null,"subsection_name":null,"type_of_material":"healthtopic","_id":"5244936438f0d8198973ca65"},{"web_url":"http:\/\/health.nytimes.com\/health\/guides\/disease\/pelvic-inflammatory-disease-pid\/overview.html","snippet":"Pelvic inflammatory disease is an infection of a woman's womb (uterus), ovaries, or fallopian tubes....","lead_paragraph":"Pelvic inflammatory disease is an infection of a woman's womb (uterus), ovaries, or fallopian tubes.","abstract":null,"blog":[],"source":null,"headline":{"main":"Pelvic Inflammatory Disease (PID)"},"pub_date":null,"document_type":"topic","news_desk":null,"section_name":null,"subsection_name":null,"type_of_material":"healthtopic","_id":"52449dee38f0d8198973cc1e"},{"web_url":"http:\/\/www.nytimes.com\/reuters\/2017\/02\/10\/world\/europe\/10reuters-fashion-new-york-intersexmodel.html","snippet":"Belgian fashion model Hanne Gaby Odiele knew from a young age that she was different from other girls but did not understand why until she was 17 and read a magazine story about an intersex girl....","lead_paragraph":"Belgian fashion model Hanne Gaby Odiele knew from a young age that she was different from other girls but did not understand why until she was 17 and read a magazine story about an intersex girl.","abstract":null,"blog":[],"source":"Reuters","headline":{"main":"Belgian Model Becoming Public Face of Intersex People","print_headline":"Belgian Model Becoming Public Face of Intersex People"},"pub_date":"2017-02-10T19:09:30+0000","document_type":"article","news_desk":null,"section_name":"World","subsection_name":"Europe","type_of_material":"News","_id":"589e0fee7c459f2525d1b9df"}]