[{"web_url":"http:\/\/health.nytimes.com\/health\/guides\/disease\/prostatitis-chronic\/overview.html","snippet":"Chronic bacterial prostatitis is swelling and irritation (inflammation) of the prostate gland that develops slowly and continues for a long period of time. It is a chronic infection of the prostate gland. See also: Prostatitis - bacterial acute Pr...","lead_paragraph":"Chronic bacterial prostatitis is swelling and irritation (inflammation) of the prostate gland that develops slowly and continues for a long period of time. It is a chronic infection of the prostate gland. See also: Prostatitis - bacterial acute Prostatitis - nonbacterial chronic","abstract":null,"blog":[],"source":null,"headline":{"main":"Prostatitis - Bacterial - Chronic"},"pub_date":null,"document_type":"topic","news_desk":null,"section_name":null,"subsection_name":null,"type_of_material":"healthtopic","_id":"5244961738f0d8198973cad4"},{"web_url":"http:\/\/health.nytimes.com\/health\/guides\/disease\/infertility-in-men\/overview.html","snippet":"Infertility means you cannot make a baby (conceive). Infertility is grouped into two categories: Primary infertility refers to couples who have not become pregnant after at least 1 year of unprotected sex (intercourse). Secondary infertility refer...","lead_paragraph":"Infertility means you cannot make a baby (conceive). Infertility is grouped into two categories: Primary infertility refers to couples who have not become pregnant after at least 1 year of unprotected sex (intercourse). Secondary infertility refers to couples who have been pregnant at least once, but are not able to get pregnant now.","abstract":null,"blog":[],"source":null,"headline":{"main":"Infertility"},"pub_date":null,"document_type":"topic","news_desk":null,"section_name":null,"subsection_name":null,"type_of_material":"healthtopic","_id":"5244a51938f0d8198973cd48"},{"web_url":"http:\/\/www.nytimes.com\/2017\/01\/02\/world\/asia\/south-korea-scandal-choi-soon-sil-daughter.html","snippet":"South Korean officials will seek the extradition of the daughter of Choi Soon-sil, the presidential confidante at the center of an influence-peddling scandal....","lead_paragraph":"South Korean officials will seek the extradition of the daughter of Choi Soon-sil, the presidential confidante at the center of an influence-peddling scandal.","abstract":null,"blog":[],"source":"The New York Times","headline":{"main":"Daughter of Key Figure in South Korean Scandal Is Detained in Denmark"},"pub_date":"2017-01-02T11:57:34+0000","document_type":"article","news_desk":"Foreign","section_name":"World","subsection_name":"Asia Pacific","type_of_material":"News","_id":"586a40367c459f2525d1479d"},{"web_url":"https:\/\/lens.blogs.nytimes.com\/2017\/01\/23\/peter-hujars-gay-lower-east-side-out-of-the-shadows\/","snippet":"A traveling retrospective finally recognizes the work of Peter Hujar, whose photos of gay life were overshadowed by those by his contemporary, Robert Mapplethorpe....","lead_paragraph":"Every enclave seems to produce one successful photographer. On the Lower East Side\u2019s gay arts scene of the 1970s, Robert Mapplethorpe broke out to achieve fame and notoriety. But, there was also Peter Hujar, Mapplethorpe\u2019s prolific contemporary. He, like Mapplethorpe, depicted aspects of gay life, was an insider among a circle of famous artists and writers, and even preferred the square format. Yet his photographs, overshadowed by Mapplethorpe\u2019s, tell different stories. Now, 30 years after he died from complications of AIDS, Mr. Hujar is finally getting his due: a traveling retrospective, organized by the Morgan Library & Museum.","abstract":"A traveling retrospective finally recognizes the work of Peter Hujar, whose photos of gay life were overshadowed by those by his contemporary, Robert Mapplethorpe.","blog":[],"source":"The New York Times","headline":{"main":"Peter Hujar\u2019s Gay Lower East Side: Out of the Shadows","kicker":"Lens"},"pub_date":"2017-01-23T09:00:14+0000","document_type":"blogpost","news_desk":null,"section_name":"Multimedia","subsection_name":null,"type_of_material":"Blog","_id":"58861bc17c459f2525d181d9"},{"web_url":"http:\/\/www.nytimes.com\/2017\/02\/13\/t-magazine\/pictures-generation-new-york-artists-cindy-sherman-robert-longo.html","snippet":"The influence of the Pictures Generation, a loosely affiliated Reagan-era movement of New York artists, continues to resonate today....","lead_paragraph":"The influence of the Pictures Generation, a loosely affiliated Reagan-era movement of New York artists, continues to resonate today.","abstract":null,"blog":[],"source":"The New York Times","headline":{"main":"These \u201980s Artists Are More Important Than Ever","print_headline":"Back in the Frame"},"pub_date":"2017-02-13T09:12:57+0000","document_type":"article","news_desk":"TStyle","section_name":"T Magazine","subsection_name":null,"type_of_material":"News","_id":"58a178a07c459f2525d1c01d"},{"web_url":"http:\/\/health.nytimes.com\/health\/guides\/disease\/infertility-in-women\/overview.html","snippet":"Infertility is the inability of a couple to become pregnant after 12 months of unprotected intercourse....","lead_paragraph":"Infertility is the inability of a couple to become pregnant after 12 months of unprotected intercourse.","abstract":null,"blog":[],"source":null,"headline":{"main":"Infertility in Women"},"pub_date":null,"document_type":"topic","news_desk":null,"section_name":null,"subsection_name":null,"type_of_material":"healthtopic","_id":"5244891c38f0d8198973c8c7"},{"web_url":"http:\/\/www.nytimes.com\/2017\/01\/12\/business\/victor-lownes-playboy-magazine-executive.html","snippet":"A professed rake and a friend of Hugh Hefner\u2019s, Mr. Lownes helped to develop the chain of Playboy Clubs....","lead_paragraph":"A professed rake and a friend of Hugh Hefner\u2019s, Mr. Lownes helped to develop the chain of Playboy Clubs.","abstract":null,"blog":[],"source":"The New York Times","headline":{"main":"Victor Lownes, 88, Playboy Executive Who Shaped Company\u2019s Libertine Ethic","print_headline":"Victor Lownes, 88, Rake and Colleague of Hefner"},"pub_date":"2017-01-13T02:26:37+0000","document_type":"article","news_desk":"Business","section_name":"Business Day","subsection_name":null,"type_of_material":"Obituary (Obit)","_id":"58783ae57c459f2525d164f9"},{"web_url":"http:\/\/health.nytimes.com\/health\/guides\/disease\/urinary-tract-infection\/overview.html","snippet":"A urinary tract infection, or UTI, is an infection of the urinary tract. The infection can occur at different points in the urinary tract including: Bladder -- an infection in the bladder is also called cystitis or a bladder infection. Kidneys -- ...","lead_paragraph":"A urinary tract infection, or UTI, is an infection of the urinary tract. The infection can occur at different points in the urinary tract including: Bladder -- an infection in the bladder is also called cystitis or a bladder infection. Kidneys -- an infection of one or both kidneys is called pyelonephritis or a kidney infection. Ureters -- the tubes that take urine from each kidney to the bladder are only rarely the site of infection. Urethra -- an infection of the tube that empties urine from the bladder to the outside is called urethritis.","abstract":null,"blog":[],"source":null,"headline":{"main":"Urinary Tract Infection - Adults"},"pub_date":null,"document_type":"topic","news_desk":null,"section_name":null,"subsection_name":null,"type_of_material":"healthtopic","_id":"51fa88ef38f0d8740ac890e0"},{"web_url":"http:\/\/health.nytimes.com\/health\/guides\/disease\/cystitis-acute-bacterial\/overview.html","snippet":"Acute cystitis is a bacterial infection of the bladder or lower urinary tract. Acute means sudden or severe....","lead_paragraph":"Acute cystitis is a bacterial infection of the bladder or lower urinary tract. Acute means sudden or severe.","abstract":null,"blog":[],"source":null,"headline":{"main":"Cystitis - Acute"},"pub_date":null,"document_type":"topic","news_desk":null,"section_name":null,"subsection_name":null,"type_of_material":"healthtopic","_id":"5244963038f0d8198973cad8"},{"web_url":"http:\/\/www.nytimes.com\/2007\/04\/17\/science\/17lett.html","snippet":"Readers respond to articles in Science Times with thoughts on sexuality, desire and dating....","lead_paragraph":"Readers respond to articles in Science Times with thoughts on sexuality, desire and dating. ","abstract":null,"blog":[],"source":"The New York Times","headline":{"main":"Letters"},"pub_date":"2007-04-17T00:00:00Z","document_type":"article","news_desk":"Science","section_name":"Science","subsection_name":null,"type_of_material":"Letter","_id":"5497b3ed38f0d82b2e2f3fdc"},{"web_url":"http:\/\/www.nytimes.com\/2017\/02\/07\/magazine\/how-a-fractious-womens-movement-came-to-lead-the-left.html","snippet":"Feminism brought the opposition together. But how long will that last, and how many converts can it win?...","lead_paragraph":"Feminism brought the opposition together. But how long will that last, and how many converts can it win?","abstract":null,"blog":[],"source":"The New York Times","headline":{"main":"How a Fractious Women\u2019s Movement Came to Lead the Left","content_kicker":"Feature","kicker":"Feature","print_headline":"Forces in Opposition"},"pub_date":"2017-02-07T10:00:06+0000","document_type":"article","news_desk":"Magazine","section_name":"Magazine","subsection_name":null,"type_of_material":"News","_id":"58999aad7c459f2525d1ad60"},{"web_url":"http:\/\/health.nytimes.com\/health\/guides\/disease\/urinary-tract-infection-chronic-or-recurrent\/overview.html","snippet":"A urinary tract infection (UTI) is an infection of the urinary tract. This article discusses UTIs in children. The infection can affect different parts of the urinary tract, including the: Bladder, also called cystitis Kidneys, also called pyelone...","lead_paragraph":"A urinary tract infection (UTI) is an infection of the urinary tract. This article discusses UTIs in children. The infection can affect different parts of the urinary tract, including the: Bladder, also called cystitis Kidneys, also called pyelonephritis Urethra -- the tube that empties urine from the bladder to the outside","abstract":null,"blog":[],"source":null,"headline":{"main":"Urinary Tract Infection - Children"},"pub_date":null,"document_type":"topic","news_desk":null,"section_name":null,"subsection_name":null,"type_of_material":"healthtopic","_id":"5244959f38f0d8198973cac2"},{"web_url":"http:\/\/tierneylab.blogs.nytimes.com\/2007\/09\/09\/men-and-women-different-but-equal-whats-the-problem\/","snippet":"As promised last week, here's the remainder of Roy Baumeister's response to the readers who commented on my post on his recent speech to the American Psychological Association, \"Is There Anything Good About Men?\" Here Dr. Baumeister, a social psyc...","lead_paragraph":"As promised last week, here's the remainder of Roy Baumeister's response to the readers who commented on my post on his recent speech to the American Psychological Association, \"Is There Anything Good About Men?\" Here Dr. Baumeister, a social psychologist at Florida State University, deals with the ways in which culture exploits not just women but also men -- and how everyone benefits as a result:","abstract":"As promised last week, here's the remainder of Roy Baumeister's response to the readers who commented on my post on his recent speech to the American Psychological Association, \"Is There Anything Good About Men?\" Here Dr. Baumeister, a social psychologist at Florida State University, deals with the ways in which culture exploits not just women [...]","blog":[],"source":"The New York Times","headline":{"main":"Men and Women, Different but Equal: What's the Problem?","kicker":"TierneyLab"},"pub_date":"2007-09-09T18:58:56Z","document_type":"blogpost","news_desk":null,"section_name":"Science","subsection_name":null,"type_of_material":"Blog","_id":"4fd368a68eb7c8105d8ba0ef"},{"web_url":"http:\/\/carpetbagger.blogs.nytimes.com\/2006\/02\/07\/will-oscar-switch-teams\/","snippet":"The Bagger has always had his speculations about Oscar's dating life. The golden guy does not set off the Bagger's gaydar in a huge way - unlike The Actor, which is given out by the Screen Actors Guild and is TOTALLY gay \u2013 but then there are som...","lead_paragraph":"The Bagger has always had his speculations about Oscar's dating life. The golden guy does not set off the Bagger's gaydar in a huge way - unlike The Actor, which is given out by the Screen Actors Guild and is TOTALLY gay - but then there are some facts that are tough to get past. For example, what straight male do you know who would consider being clad head-to-toe in gold to be proper evening wear? And even though Oscar is 78 years old or so, he is incredibly buff, a tribute either to a moderate lifestyle or endless trips to the gym. Factor in the fact that Oscar spends his time adjacent to big stars, a constant familiar who is petted and stroked, and there are reasons to think that Oscar, if not an avowed homosexual, certainly has his moments, and may be more flexible than he appears to be.","abstract":"The Bagger has always had his speculations about Oscar's dating life. The golden guy does not set off the Bagger's gaydar in a huge way - unlike The Actor, which is given out by the Screen Actors Guild and is TOTALLY gay \u2013 but then there are some facts that are tough to get past. [...]","blog":[],"source":"The New York Times","headline":{"main":"Will Oscar Switch Teams?","kicker":"Carpetbagger"},"pub_date":"2006-02-07T09:13:24Z","document_type":"blogpost","news_desk":null,"section_name":"Arts","subsection_name":null,"type_of_material":"Blog","_id":"4fd364128eb7c8105d8b2b8d"},{"web_url":"http:\/\/health.nytimes.com\/health\/guides\/disease\/stress-incontinence\/overview.html","snippet":"Stress incontinence is losing urine without meaning to during physical activity, such as coughing, sneezing, laughing, or exercise....","lead_paragraph":"Stress incontinence is losing urine without meaning to during physical activity, such as coughing, sneezing, laughing, or exercise.","abstract":null,"blog":[],"source":null,"headline":{"main":"Stress Incontinence"},"pub_date":null,"document_type":"topic","news_desk":null,"section_name":null,"subsection_name":null,"type_of_material":"healthtopic","_id":"52449e0838f0d8198973cc22"},{"web_url":"http:\/\/www.nytimes.com\/2000\/06\/07\/business\/the-web-s-user-profile-undergoes-a-broad-transformation.html","snippet":"FOR a long time, the image of the typical Internet user was a heterosexual white male younger than 40. Although this characterization was mostly true, the Web is now becoming a thriving marketplace for a wider range of people.    As the economic a...","lead_paragraph":"FOR a long time, the image of the typical Internet user was a heterosexual white male younger than 40. Although this characterization was mostly true, the Web is now becoming a thriving marketplace for a wider range of people. As the economic and political influence of Asian-Americans, Hispanics, African-Americans and gay men and lesbians increases, so does their presence on the Web. Technology is also allowing millions of people with disabilities to go online. Not surprisingly, a growing number of sites are serving these communities as they contour the Web to their own needs.","abstract":"Web is now becoming thriving marketplace for wide range of people, not just younger, white, heterosexual males; growing number of sites serving minority communities noted; photos (M)","blog":[],"source":"The New York Times","headline":{"main":"The Web's User Profile Undergoes a Broad Transformation"},"pub_date":"2000-06-07T00:00:00Z","document_type":"article","news_desk":"E-Commerce","section_name":"Technology","subsection_name":null,"type_of_material":"News","_id":"4fd2248c8eb7c8105d7aabc3"},{"web_url":"http:\/\/www.nytimes.com\/2005\/10\/03\/business\/worldbusiness\/03vogue.html","snippet":"Vogue Magazine is wagering $8.6 million for postage-stamp-size portion of China's population....","lead_paragraph":"From behind her big desk on the top floor of a sleek new office tower in the Xintiandi district, Angelica Cheung, the guiding hand behind this country's new edition of Vogue magazine, contemplated a very Chinese dilemma. ''Just a few years ago, China definitely wasn't ready and didn't have consumers at the level of Vogue,'' said Ms. Cheung, the magazine's editorial director, as smoothly spoken as she was elegant in a black-and-white pattern Max Mara blouse and skirt. ''Two years from now, though, would have definitely been too late. That's the way China is, moving incredibly fast.''","abstract":null,"blog":[],"source":"The New York Times","headline":{"main":"Fashion Magazines Rush to Mold China's Sense of Style","kicker":"MEDIA"},"pub_date":"2005-10-03T00:00:00Z","document_type":"article","news_desk":"Business\/Financial Desk","section_name":"Business","subsection_name":null,"type_of_material":"News","_id":"4fd2872b8eb7c8105d858579"},{"web_url":"http:\/\/www.nytimes.com\/2005\/06\/28\/international\/asia\/28wave.html","snippet":"From movies and TV to pop music, South Korea is emerging as the pop culture leader of Asia....","lead_paragraph":"Here in one of the first corners of Asia hit by the ''Korean Wave'' of cultural exports, a television series about a royal cook, ''A Jewel in the Palace,'' proved so popular that it is now used to advertise South Korea on the Taipei subway. A huge hit in Mongolia, the drama also fueled a boom in tourists from Hong Kong visiting South Korea. A weepy love story, ''Winter Sonata,'' became the rage in Uzbekistan after driving the Japanese into a frenzy last year. In Thailand and Malaysia, people devoured ''A Tale of Autumn,'' and Vietnamese were glued to ''Lovers in Paris.'' In China, South Korean dramas are sold, and pirated, everywhere, and the young adopt the clothing and hairstyles made cool by South Korean stars.","abstract":"South Korea is emerging as pop culture leader of Asia, with South Korean television, movie and music companies and stars increasingly defining what disparate people in East Asia watch, listen to and play; country is now being valued for trendy entertainers and cutting-edge technology; photo (M)","blog":[],"source":"The New York Times","headline":{"main":"Roll Over, Godzilla: Korea Rules"},"pub_date":"2005-06-28T00:00:00Z","document_type":"article","news_desk":"Foreign Desk","section_name":"World","subsection_name":null,"type_of_material":"News","_id":"4fd25e958eb7c8105d80dfbd"},{"web_url":"http:\/\/health.nytimes.com\/health\/guides\/symptoms\/urinary-incontinence\/overview.html","snippet":"Urinary (or bladder) incontinence happens when you are not able to keep urine from leaking out of your urethra, the tube that carries urine out of your body from your bladder. You may leak urine from time to time. Or, you may not be able to hold a...","lead_paragraph":"Urinary (or bladder) incontinence happens when you are not able to keep urine from leaking out of your urethra, the tube that carries urine out of your body from your bladder. You may leak urine from time to time. Or, you may not be able to hold any urine. The three main types of urinary incontinence are: Stress incontinence -- occurs during certain activities like coughing, sneezing, laughing, or exercise. Urge incontinence -- involves a strong, sudden need to urinate. Then the bladder squeezes and you lose urine. You don't have enough time after you feel the need to urinate to get to the bathroom before you do urinate. Overflow incontinence -- occurs when the bladder cannot empty. This leads to dribbling. Mixed incontinence -- involves more than one type of urinary incontinence. Bowel incontinence is when you are unable to control the passage of stool. It is not covered in this article.","abstract":null,"blog":[],"source":null,"headline":{"main":"Urinary Incontinence"},"pub_date":null,"document_type":"topic","news_desk":null,"section_name":null,"subsection_name":null,"type_of_material":"healthtopic","_id":"51fa8b7b38f0d8740ac89163"},{"web_url":"http:\/\/www.nytimes.com\/2015\/11\/18\/business\/media\/gawker-politics-media.html","snippet":"The website, which has covered New York and the media for more than a decade, is changing focus as part of a broad revamping at Gawker Media....","lead_paragraph":"The website, which has covered New York and the media for more than a decade, is changing focus as part of a broad revamping at Gawker Media.","abstract":"Gawker Media announces in memo to staff that Gawker.com will shift its focus to politics, away from longstanding focus on New York and media; change is part of broader reorganization at company.","blog":[],"source":"The New York Times","headline":{"main":"Gawker to Retool as Politics Site","print_headline":"Gawker.com Will Switch Its Focus to Political News "},"pub_date":"2015-11-18T00:00:00Z","document_type":"article","news_desk":"Business","section_name":"Business Day","subsection_name":"Media","type_of_material":"News","_id":"564b846738f0d86974392ec0"}]