[{"web_url":"http:\/\/www.nytimes.com\/1985\/08\/18\/nyregion\/new-jersey-journal-189986.html","snippet":null,"lead_paragraph":null,"abstract":null,"blog":[],"source":"The New York Times","headline":{"main":"NEW JERSEY JOURNAL"},"pub_date":"1985-08-18T00:00:00Z","document_type":"article","news_desk":"New Jersey Weekly Desk","section_name":"New York and Region","subsection_name":null,"type_of_material":"News","_id":"4fd150258eb7c8105d630fa8"},{"web_url":"http:\/\/health.nytimes.com\/health\/guides\/disease\/reifenstein-syndrome\/overview.html","snippet":"Reifenstein syndrome is disease that occurs in boys when the body cannot respond the right way to the male sex hormones (androgens). Testosterone is a male sex hormone. This disorder is a type of androgen insufficiency syndrome....","lead_paragraph":"Reifenstein syndrome is disease that occurs in boys when the body cannot respond the right way to the male sex hormones (androgens). Testosterone is a male sex hormone. This disorder is a type of androgen insufficiency syndrome.","abstract":null,"blog":[],"source":null,"headline":{"main":"Reifenstein Syndrome"},"pub_date":null,"document_type":"topic","news_desk":null,"section_name":null,"subsection_name":null,"type_of_material":"healthtopic","_id":"52448b9e38f0d8198973c92c"},{"web_url":"http:\/\/health.nytimes.com\/health\/guides\/disease\/intersex\/overview.html","snippet":"Intersex is a group of conditions where there is a discrepancy between the external genitals and the internal genitals (the testes and ovaries). The older term for this condition, hermaphroditism, came from joining the names of a Greek god and god...","lead_paragraph":"Intersex is a group of conditions where there is a discrepancy between the external genitals and the internal genitals (the testes and ovaries). The older term for this condition, hermaphroditism, came from joining the names of a Greek god and goddess, Hermes and Aphrodite. Hermes was a god of male sexuality (among other things) and Aphrodite a goddess of female sexuality, love, and beauty. Although the older terms are still included in this article for reference, they have been replaced by most experts (and patients and families) because they are misleading, confusing, and insensitive. Increasingly this group of conditions is being called disorders of sex development (DSDs).","abstract":null,"blog":[],"source":null,"headline":{"main":"Intersex"},"pub_date":null,"document_type":"topic","news_desk":null,"section_name":null,"subsection_name":null,"type_of_material":"healthtopic","_id":"52446d3738f0d8198973c437"},{"web_url":"http:\/\/health.nytimes.com\/health\/guides\/symptoms\/short-stature\/overview.html","snippet":"Short stature refers to any person who is significantly below the average height for a person of the same age and sex. The term often refers to children or adolescents who are significantly below the average height of their peers....","lead_paragraph":"Short stature refers to any person who is significantly below the average height for a person of the same age and sex. The term often refers to children or adolescents who are significantly below the average height of their peers.","abstract":null,"blog":[],"source":null,"headline":{"main":"Short Stature"},"pub_date":null,"document_type":"topic","news_desk":null,"section_name":null,"subsection_name":null,"type_of_material":"healthtopic","_id":"524484d738f0d8198973c815"},{"web_url":"http:\/\/www.nytimes.com\/reuters\/2017\/02\/04\/technology\/04reuters-china-trafficking-apps.html","snippet":"A mobile app helped Chinese authorities recover hundreds of missing children last year, Xinhua news agency reported on Saturday, in a country where child trafficking is rampant....","lead_paragraph":"A mobile app helped Chinese authorities recover hundreds of missing children last year, Xinhua news agency reported on Saturday, in a country where child trafficking is rampant. ","abstract":null,"blog":[],"source":"Reuters","headline":{"main":"Mobile App Helps China Recover Hundreds of Missing Children","print_headline":"Mobile App Helps China Recover Hundreds of Missing Children"},"pub_date":"2017-02-04T12:15:27+0000","document_type":"article","news_desk":null,"section_name":"Technology","subsection_name":null,"type_of_material":"News","_id":"5895c5e87c459f2525d1a768"},{"web_url":"http:\/\/health.nytimes.com\/health\/guides\/disease\/adrenocortical-carcinoma\/overview.html","snippet":"Adrenocortical carcinoma is a cancer of the adrenal glands....","lead_paragraph":"Adrenocortical carcinoma is a cancer of the adrenal glands.","abstract":null,"blog":[],"source":null,"headline":{"main":"Adrenocortical Carcinoma"},"pub_date":null,"document_type":"topic","news_desk":null,"section_name":null,"subsection_name":null,"type_of_material":"healthtopic","_id":"5244605638f0d8198973c220"},{"web_url":"http:\/\/www.nytimes.com\/reuters\/2017\/02\/15\/world\/asia\/15reuters-australia-abuse.html","snippet":"The Catholic Church in Australia paid A$276 million ($212.9 million) in compensation, treatment and other costs to thousands of victims of child sexual offences in the past 35 years, according to a report released on Thursday at an inquiry into in...","lead_paragraph":"The Catholic Church in Australia paid A$276 million ($212.9 million) in compensation, treatment and other costs to thousands of victims of child sexual offences in the past 35 years, according to a report released on Thursday at an inquiry into institutional abuse.","abstract":null,"blog":[],"source":"Reuters","headline":{"main":"Australia's Catholic Church Paid $213 Million in Abuse Compensation, Costs","print_headline":"Australia's Catholic Church Paid $213 Million in Abuse Compensation, Costs"},"pub_date":"2017-02-16T01:12:33+0000","document_type":"article","news_desk":null,"section_name":"World","subsection_name":"Asia Pacific","type_of_material":"News","_id":"58a4fc8b7c459f2525d1cadf"},{"web_url":"http:\/\/health.nytimes.com\/health\/guides\/disease\/congenital-adrenal-hyperplasia\/overview.html","snippet":"Congenital adrenal hyperplasia is the name given to a group of inherited disorders of the adrenal gland....","lead_paragraph":"Congenital adrenal hyperplasia is the name given to a group of inherited disorders of the adrenal gland.","abstract":null,"blog":[],"source":null,"headline":{"main":"Congenital Adrenal Hyperplasia"},"pub_date":null,"document_type":"topic","news_desk":null,"section_name":null,"subsection_name":null,"type_of_material":"healthtopic","_id":"524493d038f0d8198973ca78"},{"web_url":"http:\/\/health.nytimes.com\/health\/guides\/disease\/prader-willi-syndrome\/overview.html","snippet":"Prader-Willi syndrome is a congenital (present from birth) disease. It affects many parts of the body. People with this condition are obese, have reduced muscle tone and mental ability, and have sex glands that produce little or no hormones....","lead_paragraph":"Prader-Willi syndrome is a congenital (present from birth) disease. It affects many parts of the body. People with this condition are obese, have reduced muscle tone and mental ability, and have sex glands that produce little or no hormones.","abstract":null,"blog":[],"source":null,"headline":{"main":"Prader-Willi Syndrome"},"pub_date":null,"document_type":"topic","news_desk":null,"section_name":null,"subsection_name":null,"type_of_material":"healthtopic","_id":"524483b038f0d8198973c7e6"},{"web_url":"http:\/\/www.nytimes.com\/aponline\/2017\/02\/01\/us\/ap-fbc-southwest-baptist-group-home-abuse.html","snippet":"A former football player at Southwest Baptist University was charged Wednesday in a videotaped assault at a group home for children....","lead_paragraph":"A former football player at Southwest Baptist University was charged Wednesday in a videotaped assault at a group home for children.","abstract":null,"blog":[],"source":"AP","headline":{"main":"Former Southwest Baptist University Football Player Charged","print_headline":"Former Southwest Baptist University Football Player Charged"},"pub_date":"2017-02-01T23:22:33+0000","document_type":"article","news_desk":null,"section_name":"U.S.","subsection_name":null,"type_of_material":"News","_id":"58926dbc7c459f2525d19f1d"},{"web_url":"http:\/\/www.nytimes.com\/2017\/02\/10\/world\/middleeast\/camel-beauty-contest-abu-dhabi.html","snippet":"An annual festival celebrating the camel kicked off near Abu Dhabi, with camel races and beauty contests....","lead_paragraph":"An annual festival celebrating the camel kicked off near Abu Dhabi, with camel races and beauty contests.","abstract":null,"blog":[],"source":"The New York Times","headline":{"main":"Where Camels Race and Win Beauty Contests"},"pub_date":"2017-02-10T20:02:55+0000","document_type":"article","news_desk":"Foreign","section_name":"World","subsection_name":"Middle East","type_of_material":"News","_id":"589e1c797c459f2525d1ba01"},{"web_url":"http:\/\/www.nytimes.com\/2017\/02\/23\/books\/review\/testosterone-rex-myths-of-sex-science-and-society-cordelia-fine.html","snippet":"In \u201cTestosterone Rex,\u201d the Australian academic Cordelia Fine argues that society\u2019s views about gender are blinkered, hidebound and wrong....","lead_paragraph":"In \u201cTestosterone Rex,\u201d the Australian academic Cordelia Fine argues that society\u2019s views about gender are blinkered, hidebound and wrong.","abstract":null,"blog":[],"source":"The New York Times","headline":{"main":"Not From Venus, Not From Mars: What We Believe About Gender and Why It\u2019s Often Wrong","content_kicker":"Nonfiction","kicker":"Nonfiction","print_headline":"Not From Venus, Not From Mars"},"pub_date":"2017-02-23T12:00:02+0000","document_type":"article","news_desk":"BookReview","section_name":"Books","subsection_name":"Book Review","type_of_material":"Review","_id":"58aecec77c459f2525d1e0ec"},{"web_url":"http:\/\/health.nytimes.com\/health\/guides\/symptoms\/gynecomastia\/overview.html","snippet":"Gynecomastia is the growth of abnormally large breasts in males. It is due to the excess growth of breast tissue, not excess fat tissue....","lead_paragraph":"Gynecomastia is the growth of abnormally large breasts in males. It is due to the excess growth of breast tissue, not excess fat tissue.","abstract":null,"blog":[],"source":null,"headline":{"main":"Gynecomastia"},"pub_date":null,"document_type":"topic","news_desk":null,"section_name":null,"subsection_name":null,"type_of_material":"healthtopic","_id":"524483c738f0d8198973c7ea"},{"web_url":"http:\/\/www.nytimes.com\/aponline\/2017\/01\/24\/us\/ap-us-sex-assault-corroborating-evidence.html","snippet":"The male sponsors of a bill that would require victims of sexual assault to corroborate their testimony are backing away from the proposal after backlash from victims' rights advocates and police....","lead_paragraph":"The male sponsors of a bill that would require victims of sexual assault to corroborate their testimony are backing away from the proposal after backlash from victims' rights advocates and police.","abstract":null,"blog":[],"source":"AP","headline":{"main":"Sponsors Back Off Bill to Require Sex Assault Corroboration","print_headline":"Sponsors Back Off Bill to Require Sex Assault Corroboration"},"pub_date":"2017-01-24T15:42:48+0000","document_type":"article","news_desk":null,"section_name":"U.S.","subsection_name":null,"type_of_material":"News","_id":"588776007c459f2525d18557"},{"web_url":"http:\/\/www.nytimes.com\/2017\/01\/24\/business\/economy\/women-labor-force.html","snippet":"Men have been the focus of concern about a stubborn trend of working-age Americans neither working nor looking for jobs. But the trend applies to women, too....","lead_paragraph":"Men have been the focus of concern about a stubborn trend of working-age Americans neither working nor looking for jobs. But the trend applies to women, too.","abstract":null,"blog":[],"source":"The New York Times","headline":{"main":"Why Women Quit Working: It\u2019s Not for the Reasons Men Do","print_headline":"\u2018Care Chasm\u2019 Forces Women to Forgo Jobs"},"pub_date":"2017-01-24T23:07:11+0000","document_type":"article","news_desk":"Business","section_name":"Business Day","subsection_name":"Economy","type_of_material":"News","_id":"5887de257c459f2525d186d4"},{"web_url":"http:\/\/query.nytimes.com\/gst\/abstract.html?res=9E00E1D7153CEE34BC4053DFB1668383649FDE","snippet":null,"lead_paragraph":null,"abstract":null,"blog":[],"source":"The New York Times","headline":{"main":"Article 1 -- No Title","kicker":"1"},"pub_date":"1858-07-08T00:03:58Z","document_type":"article","news_desk":null,"section_name":null,"subsection_name":null,"type_of_material":"Article","_id":"4fbfd61b45c1498b0d01786f"},{"web_url":"http:\/\/www.nytimes.com\/2017\/01\/28\/world\/asia\/japan-emperor-female-heirs.html","snippet":"As the governing party considers allowing Emperor Akihito to retire, many in the public believe the law should be permanently changed to admit women as heirs to the throne....","lead_paragraph":"As the governing party considers allowing Emperor Akihito to retire, many in the public believe the law should be permanently changed to admit women as heirs to the throne.","abstract":null,"blog":[],"source":"The New York Times","headline":{"main":"Many Japanese Look for a Shift to Female Heirs to the Throne","print_headline":"Many in Japan Look for Shift to Allow Female Heirs"},"pub_date":"2017-01-28T18:15:23+0000","document_type":"article","news_desk":"Foreign","section_name":"World","subsection_name":"Asia Pacific","type_of_material":"News","_id":"588cdfc37c459f2525d192ec"},{"web_url":"http:\/\/www.nytimes.com\/aponline\/2017\/02\/01\/us\/ap-us-boarding-school-sex-abuse.html","snippet":"Teachers at a Pennsylvania boarding school sexually preyed on children for half a century while administrators turned a blind eye, a grand jury said in a report Wednesday....","lead_paragraph":"Teachers at a Pennsylvania boarding school sexually preyed on children for half a century while administrators turned a blind eye, a grand jury said in a report Wednesday.","abstract":null,"blog":[],"source":"AP","headline":{"main":"Report: Officials Hid Years of Sex Abuse at Boarding School","print_headline":"Report: Officials Hid Years of Sex Abuse at Boarding School"},"pub_date":"2017-02-01T18:15:59+0000","document_type":"article","news_desk":null,"section_name":"U.S.","subsection_name":null,"type_of_material":"News","_id":"589225e67c459f2525d19e04"},{"web_url":"http:\/\/health.nytimes.com\/health\/guides\/disease\/developmental-disorders-of-the-female-reproductive-tract\/overview.html","snippet":"Developmental disorders of the female reproductive tract are problems in a baby girl's reproductive organs that occur while she is growing in her mother's body. Female reproductive organs include the vagina, ovaries, uterus, and cervix....","lead_paragraph":"Developmental disorders of the female reproductive tract are problems in a baby girl's reproductive organs that occur while she is growing in her mother's body. Female reproductive organs include the vagina, ovaries, uterus, and cervix.","abstract":null,"blog":[],"source":null,"headline":{"main":"Developmental Disorders of the Female Reproductive Tract"},"pub_date":null,"document_type":"topic","news_desk":null,"section_name":null,"subsection_name":null,"type_of_material":"healthtopic","_id":"52445cb438f0d8198973c187"},{"web_url":"http:\/\/www.nytimes.com\/2017\/02\/11\/fashion\/hanne-gaby-odiele-model-intersex-activist-fashion-week.html","snippet":"Advocates hope that Hanne Gaby Odiele will bring attention to the intersex movement....","lead_paragraph":"Advocates hope that Hanne Gaby Odiele will bring attention to the intersex movement.","abstract":null,"blog":[],"source":"The New York Times","headline":{"main":"How a Top Model Also Became an Intersex Activist","print_headline":"Top Model and, Yes, Intersex Activist"},"pub_date":"2017-02-11T11:00:03+0000","document_type":"article","news_desk":"Styles","section_name":"Fashion & Style","subsection_name":null,"type_of_material":"News","_id":"58a71c267c459f2525d1d173"}]