[{"web_url":"http:\/\/www.nytimes.com\/2017\/01\/15\/fashion\/mens-style\/neil-barrett-fashion-show-milan-gender-blur.html","snippet":"For his fashion show in Milan, the British designer presents a mash-up of \u201980s references and age-old tailoring traditions....","lead_paragraph":"For his fashion show in Milan, the British designer presents a mash-up of \u201980s references and age-old tailoring traditions.","abstract":null,"blog":[],"source":"The New York Times","headline":{"main":"Neil Barrett\u2019s Gender-Blur Army","content_kicker":"Fashion Review","kicker":"Fashion Review","print_headline":"Neil Barrett\u2019s Gender-Blur Army"},"pub_date":"2017-01-15T22:49:47+0000","document_type":"article","news_desk":"Styles","section_name":"Fashion & Style","subsection_name":"Men\u2019s Style","type_of_material":"Review","_id":"587bfc907c459f2525d16b5e"},{"web_url":"http:\/\/www.nytimes.com\/2017\/02\/09\/t-magazine\/fashion\/raf-simons-calvin-klein-debut-expect.html","snippet":"The Belgian designer, who debuts at Calvin Klein on Friday, has had a long (and memorable) run in fashion....","lead_paragraph":"The Belgian designer, who debuts at Calvin Klein on Friday, has had a long (and memorable) run in fashion. ","abstract":null,"blog":[],"source":"The New York Times","headline":{"main":"10 Standout Moments of Raf Simons\u2019s Career"},"pub_date":"2017-02-09T22:53:39+0000","document_type":"article","news_desk":"TStyle","section_name":"T Magazine","subsection_name":"Fashion & Beauty","type_of_material":"News","_id":"589cf3007c459f2525d1b6be"},{"web_url":"http:\/\/www.nytimes.com\/2017\/02\/14\/t-magazine\/art\/anicka-yi.html","snippet":"She has used tempura-fried flowers, incorporated smell, and injected live snails with oxytocin....","lead_paragraph":"She has used tempura-fried flowers, incorporated smell, and injected live snails with oxytocin.","abstract":null,"blog":[],"source":"The New York Times","headline":{"main":"Anicka Yi Is Inventing a New Kind of Conceptual Art","print_headline":"Burn After Reading"},"pub_date":"2017-02-14T16:02:12+0000","document_type":"article","news_desk":"TStyle","section_name":"T Magazine","subsection_name":"Art","type_of_material":"News","_id":"58a32a087c459f2525d1c4d9"},{"web_url":"http:\/\/www.nytimes.com\/2017\/01\/17\/fashion\/mens-style\/prada-versace-missoni-tods-milan-mens-fashion-week.html","snippet":"The Italian fashion houses offer pragmatic designs for uncertain times....","lead_paragraph":"The Italian fashion houses offer pragmatic designs for uncertain times.","abstract":null,"blog":[],"source":"The New York Times","headline":{"main":"At Milan Men\u2019s Fashion Week, Prada and Versace Take It Down a Notch","content_kicker":"Critic\u2019s Notebook","kicker":"Critic\u2019s Notebook","print_headline":"Down a Notch"},"pub_date":"2017-01-17T22:05:50+0000","document_type":"article","news_desk":"Styles","section_name":"Fashion & Style","subsection_name":"Men\u2019s Style","type_of_material":"Review","_id":"587e95467c459f2525d1712a"},{"web_url":"http:\/\/www.nytimes.com\/2016\/12\/19\/t-magazine\/fashion\/best-new-brands-doen-kosas-khaite-dilara-findikoglu.html","snippet":"From a swimwear brand that actually celebrates swimming to a company that finds vintage fabrics and dyes them black, 15 standout creators worth knowing....","lead_paragraph":"From a swimwear brand that actually celebrates swimming to a company that finds vintage fabrics and dyes them black, 15 standout creators worth knowing.","abstract":null,"blog":[],"source":"The New York Times","headline":{"main":"Fifteen Interesting New Brands We Discovered in 2016"},"pub_date":"2016-12-19T09:36:27+0000","document_type":"article","news_desk":"TStyle","section_name":"T Magazine","subsection_name":"Fashion & Beauty","type_of_material":"News","_id":"5857aa1f7c459f2525d12968"},{"web_url":"http:\/\/tmagazine.blogs.nytimes.com\/2015\/02\/06\/bernhard-willhelm-moca-exhibit\/","snippet":"Bernard Wilhelm opens a show at MOCA, in which he presents his fall\/winter 2015 collection....","lead_paragraph":null,"abstract":"Bernard Wilhelm opens a show at MOCA, in which he presents his fall\/winter 2015 collection.","blog":[],"source":"The New York Times","headline":{"main":"A Fashion Designer Stages an Erotic Exhibition in Lieu of a Runway ","kicker":"T Magazine"},"pub_date":"2015-02-06T11:30:06Z","document_type":"blogpost","news_desk":"TStyle","section_name":"false","subsection_name":"false","type_of_material":"Blog","_id":"54d4ed8b38f0d873d358e85c"},{"web_url":"http:\/\/www.nytimes.com\/2017\/02\/22\/arts\/music\/kingdom-tears-in-the-club-interview.html","snippet":"This D.J. and producer\u2019s debut album, \u201cTears in the Club,\u201d is filled with dark tracks topped by vocals from Syd and SZA....","lead_paragraph":"This D.J. and producer\u2019s debut album, \u201cTears in the Club,\u201d is filled with dark tracks topped by vocals from Syd and SZA.","abstract":null,"blog":[],"source":"The New York Times","headline":{"main":"Kingdom Rises From the Underground With Off-Kilter R&B","print_headline":"Rising From the Underground With Off-Kilter R&amp;B"},"pub_date":"2017-02-22T21:51:28+0000","document_type":"article","news_desk":"Culture","section_name":"Arts","subsection_name":"Music","type_of_material":"News","_id":"58ae07e47c459f2525d1df4b"},{"web_url":"http:\/\/www.nytimes.com\/2013\/11\/01\/arts\/design\/designing-modern-women-1890-1990-at-moma.html","snippet":"\u201cDesigning Modern Women 1890-1990,\u201d at the Museum of Modern Art, examines how women helped shape future ways of living and served as muses to modernity....","lead_paragraph":"\u201cDesigning Modern Women 1890-1990,\u201d at the Museum of Modern Art, examines how women helped shape future ways of living and served as muses to modernity.","abstract":"Ken Johnson reviews design exhibit Designing Modern Women 1890-1990 at Museum of Modern Art.","blog":[],"source":"The New York Times","headline":{"seo":"\u2018Designing Modern Women 1890-1990,\u2019 at MoMA","main":"Shaping the Future, in the Kitchen and Beyond","kicker":"Art Review","print_headline":"Shaping the Future, in the Kitchen and Beyond","content_kicker":"Art Review"},"pub_date":"2013-11-01T00:00:00Z","document_type":"article","news_desk":"Weekend","section_name":"Arts","subsection_name":"Art & Design","type_of_material":"Review","_id":"5272d05338f0d829b45e92cd"},{"web_url":"http:\/\/www.nytimes.com\/2016\/12\/07\/arts\/design\/best-art.html","snippet":"Looking back at the season, in light of a presidential election....","lead_paragraph":"Looking back at the season, in light of a presidential election.","abstract":null,"blog":[],"source":"The New York Times","headline":{"main":"The Best Art of 2016","print_headline":"Business as Usual? Not for the Best Shows"},"pub_date":"2016-12-07T17:54:39+0000","document_type":"article","news_desk":"Arts&Leisure","section_name":"Arts","subsection_name":"Art & Design","type_of_material":"News","_id":"58484ce27c459f2525d10856"},{"web_url":"http:\/\/www.nytimes.com\/2012\/03\/01\/fashion\/lacroix-and-blahnik-star-in-fashion-fairy-tales.html","snippet":"Christian Lacroix and Manolo Blahnik are the central figures in the first two fairy tales of Camilla Morton's new series. Next: DVF as an empress....","lead_paragraph":"Christian Lacroix and Manolo Blahnik are the central figures in the first two fairy tales of Camilla Morton's new series. Next: DVF as an empress.","abstract":null,"blog":[],"source":"International Herald Tribune","headline":{"seo":"Lacroix and Blahnik Star in Fashion Fairy Tales","main":"Everyone Wants to Be Cinderella","print_headline":"Everyone Wants to Be Cinderella"},"pub_date":"2012-03-01T00:00:00Z","document_type":"article","news_desk":"Styles","section_name":"Fashion & Style","subsection_name":null,"type_of_material":"News","_id":"53f41b9e38f0d857ea2d0bbf"},{"web_url":"http:\/\/www.nytimes.com\/2011\/04\/28\/world\/middleeast\/28iht-M28B-TUNISIA-FASHION.html","snippet":"Emboldened by change, designers strive to create new jobs and lift hopes by using local craftworkers and local materials to inspire their creations....","lead_paragraph":"Emboldened by change, designers strive to create new jobs and lift hopes by using local craftworkers and local materials to inspire their creations.","abstract":null,"blog":[],"source":"International Herald Tribune","headline":{"main":"A Revolution Sallies Forth on the Tunisian Runway","print_headline":"A Revolution Sallies Forth on the Tunisian Runway","content_kicker":"I.H.T. Special Section: Middle East"},"pub_date":"2011-04-28T00:00:00Z","document_type":"article","news_desk":"Foreign","section_name":"World","subsection_name":"Middle East","type_of_material":"News","_id":"54100ab038f0d87641c687bf"},{"web_url":"http:\/\/www.nytimes.com\/2012\/02\/14\/arts\/design\/lillian-bassman-fashion-and-fine-art-photographer-dies-at-94.html","snippet":"In the 1990s, reinterpretations of Ms. Bassman\u2019s photographs found a new generation of admirers, and a full-fledged revival of her career ensued, with gallery shows and international exhibitions....","lead_paragraph":"In the 1990s, reinterpretations of Ms. Bassman\u2019s photographs found a new generation of admirers, and a full-fledged revival of her career ensued, with gallery shows and international exhibitions.","abstract":"Lillian Bassman, magazine art director and photographer who achieved renown for her fashion and fine-art portraits, dies at age 94.","blog":[],"source":"The New York Times","headline":{"seo":"Lillian Bassman, Fashion and Fine-Art Photographer, Dies at 94","main":"Lillian Bassman, Fashion and Fine-Art Photographer, Dies at 94","print_headline":"Lillian Bassman, 94, Photographer, Dies"},"pub_date":"2012-02-14T00:00:00Z","document_type":"article","news_desk":"Culture","section_name":"Arts","subsection_name":"Art & Design","type_of_material":"Obituary","_id":"515dad2bcf28d0219d002b0d"},{"web_url":"http:\/\/www.nytimes.com\/2014\/02\/12\/fashion\/donna-karan-marks-30-years-in-fashion.html","snippet":"The designer, who put the emphasis on flesh in her winter 2014 collection, has given much to the universe of style....","lead_paragraph":"The designer, who put the emphasis on flesh in her winter 2014 collection, has given much to the universe of style.","abstract":"Suzy Menkes reviews winter 2014 collections by Donna Karan, Phillip Lim and Thom Browne at New York Fashion Week.","blog":[],"source":"The New York Times","headline":{"main":"Donna Karan: Three Decades in Fashion","kicker":"Fashion Review","print_headline":"A 30-Year Affair With the City","content_kicker":"Fashion Review"},"pub_date":"2014-02-12T00:00:00Z","document_type":"article","news_desk":"Styles","section_name":"Fashion & Style","subsection_name":null,"type_of_material":"Review","_id":"52fa44fb38f0d810dc091830"},{"web_url":"http:\/\/www.nytimes.com\/2016\/04\/14\/fashion\/mens-style\/mens-fashion-saint-laurent-brioni-berluti.html","snippet":"It\u2019s no coincidence that big changes at Saint Laurent, Brioni and Zegna have come just as a casual generation reaches maturity....","lead_paragraph":"It\u2019s no coincidence that big changes at Saint Laurent, Brioni and Zegna have come just as a casual generation reaches maturity.","abstract":"Series of high-profile departures of designers from menswear labels and waning prominence of traditional suits are shaking men's fashion world, but resurgent interest in men's style bodes well for industry.","blog":[],"source":"The New York Times","headline":{"main":"Why Is the Men\u2019s Fashion Industry in Such Turmoil?","content_kicker":"Critic's Notebook","kicker":"Critic's Notebook","print_headline":"Catering to the Suit Haters"},"pub_date":"2016-04-14T00:00:00Z","document_type":"article","news_desk":"Styles","section_name":"Fashion & Style","subsection_name":"Men\u2019s Style","type_of_material":"News","_id":"570eb4db38f0d827bc125e1a"},{"web_url":"http:\/\/www.nytimes.com\/2016\/07\/08\/t-magazine\/fashion\/maria-grazia-chiuri-dior.html","snippet":"The house (finally) announced today that the Italian co-designer of Valentino would succeed Raf Simons \u2014 making her the first woman ever to hold the job....","lead_paragraph":"The house (finally) announced today that the Italian co-designer of Valentino would succeed Raf Simons \u2014 making her the first woman ever to hold the job.","abstract":null,"blog":[],"source":"The New York Times","headline":{"main":"What to Know About Dior\u2019s New Artistic Director, Maria Grazia Chiuri"},"pub_date":"2016-07-08T00:00:00Z","document_type":"article","news_desk":"TStyle","section_name":"T Magazine","subsection_name":"Fashion & Beauty","type_of_material":"News","_id":"577f507538f0d8658862b0ba"},{"web_url":"http:\/\/www.nytimes.com\/2017\/02\/03\/fashion\/mens-style\/new-york-fashion-week-mens-international-immigration-trump.html","snippet":"At New York Fashion Week: Men\u2019s, John Varvatos, Raf Simons and Willy Chavarria make the case for internationalism during a fraught political moment....","lead_paragraph":"At New York Fashion Week: Men\u2019s, John Varvatos, Raf Simons and Willy Chavarria make the case for internationalism during a fraught political moment.","abstract":null,"blog":[],"source":"The New York Times","headline":{"main":"Men\u2019s Runways Are Threaded With Dissent","content_kicker":"Critic's Notebook","kicker":"Critic's Notebook","print_headline":"Threaded With Dissent"},"pub_date":"2017-02-03T22:46:41+0000","document_type":"article","news_desk":"Styles","section_name":"Fashion & Style","subsection_name":"Men\u2019s Style","type_of_material":"News","_id":"5895085a7c459f2525d1a687"},{"web_url":"http:\/\/www.nytimes.com\/2012\/04\/12\/fashion\/schiaparelli-and-prada-connected-with-womens-inner-feelings.html","snippet":"Elsa Schiaparelli and Miuccia Prada, two women who pushed against the status quo, are the subjects of an exhibition at the Costume Institute of the Metropolitan Museum of Art....","lead_paragraph":"Elsa Schiaparelli and Miuccia Prada, two women who pushed against the status quo, are the subjects of an exhibition at the Costume Institute of the Metropolitan Museum of Art.","abstract":"Italian fashion designers Elsa Schiaparelli and Miuccia Prada, two women who pushed against the status quo in the male world of modern fashion, are subjects of an exhibition at the Costume Institute of the Metropolitan Museum of Art.","blog":[],"source":"The New York Times","headline":{"seo":"Schiaparelli and Prada Connected With Women\u2019s Inner Feelings","main":"The Edge Goes to the Women","print_headline":"The Edge Goes to the Women"},"pub_date":"2012-04-12T00:00:00Z","document_type":"article","news_desk":"Styles","section_name":"Fashion & Style","subsection_name":null,"type_of_material":"News","_id":"51c1f0137e0d9c0839d29e30"},{"web_url":"http:\/\/tmagazine.blogs.nytimes.com\/2015\/01\/23\/fashion-news-guccis-new-guy-j-c-penney-catalog-alexander-wang-bean-baggage\/","snippet":"Plus, Rick Owens\u2019s ballsy runway move, Obama\u2019s right to shoes and more from the week in style....","lead_paragraph":null,"abstract":"Plus, Rick Owens\u2019s ballsy runway move, Obama\u2019s right to shoes and more from the week in style.","blog":[],"source":"The New York Times","headline":{"main":"Gucci's New Guy, the Return of the J. C. Penney Catalog and Alexander Wang's Bean Baggage","kicker":"T Magazine"},"pub_date":"2015-01-23T13:35:01Z","document_type":"blogpost","news_desk":"TStyle","section_name":"false","subsection_name":"false","type_of_material":"Blog","_id":"54c2959138f0d8068bfdabb1"},{"web_url":"http:\/\/www.nytimes.com\/2016\/06\/12\/fashion\/grayson-perry-male-identity.html","snippet":"Grayson Perry, prizewinning artist and broadcaster, takes on the question of male identity....","lead_paragraph":"Grayson Perry, prizewinning artist and broadcaster, takes on the question of male identity.","abstract":"Grayson Perry, award-winning British artist and well-known cross-dresser, writes and hosts Channel 4 television series All Man; show, which premieres right before London Collections Men fashion week, explores issues that have been source of fascination for Perry for years, including identity, sex and power of personal style in various art forms, including fashion.","blog":[],"source":"The New York Times","headline":{"main":"The Man in the Pink Floral Dress","print_headline":"The Man in the Pink Floral Dress"},"pub_date":"2016-06-10T09:00:28+0000","document_type":"article","news_desk":"Styles","section_name":"Fashion & Style","subsection_name":null,"type_of_material":"News","_id":"575a81ad38f0d80f3c48a331"},{"web_url":"http:\/\/www.nytimes.com\/2016\/09\/10\/fashion\/eckhaus-latta-casting-new-york-fashion-week.html","snippet":"How the Eckhaus Latta designers select fashion week\u2019s coolest cast....","lead_paragraph":"How the Eckhaus Latta designers select fashion week\u2019s coolest cast.","abstract":null,"blog":[],"source":"The New York Times","headline":{"main":"On This Runway, Non-Models and Cool Kids"},"pub_date":"2016-09-10T04:00:00+0000","document_type":"article","news_desk":"Styles","section_name":"Fashion & Style","subsection_name":null,"type_of_material":"News","_id":"57d98b047c459f227dbaad48"}]