[{"web_url":"http:\/\/www.nytimes.com\/reuters\/2017\/02\/07\/world\/americas\/07reuters-argentina-protest-topless.html","snippet":"Dozens of topless women, joined by hundreds of fully clothed protesters, demonstrated in Buenos Aires on Tuesday to demand the right to sunbathe semi-nude after police asked bare-breasted women to leave a nearby beach....","lead_paragraph":"Dozens of topless women, joined by hundreds of fully clothed protesters, demonstrated in Buenos Aires on Tuesday to demand the right to sunbathe semi-nude after police asked bare-breasted women to leave a nearby beach.","abstract":null,"blog":[],"source":"Reuters","headline":{"main":"Argentine Women Stage Topless Protest Claiming Sunbathers' Rights","print_headline":"Argentine Women Stage Topless Protest Claiming Sunbathers' Rights"},"pub_date":"2017-02-07T23:00:29+0000","document_type":"article","news_desk":null,"section_name":"World","subsection_name":"Americas","type_of_material":"News","_id":"589a51957c459f2525d1af7e"},{"web_url":"http:\/\/www.nytimes.com\/reuters\/2017\/02\/14\/us\/14reuters-chicago-shooting.html","snippet":"An 11-year-old girl shot in the head over the weekend died on Tuesday and a toddler was killed by gunfire during a triple shooting as Chicago continued its struggle to curb gun violence....","lead_paragraph":"An 11-year-old girl shot in the head over the weekend died on Tuesday and a toddler was killed by gunfire during a triple shooting as Chicago continued its struggle to curb gun violence. ","abstract":null,"blog":[],"source":"Reuters","headline":{"main":"11-Year-Old Chicago Girl Shot in the Head Dies: Family","print_headline":"11-Year-Old Chicago Girl Shot in the Head Dies: Family"},"pub_date":"2017-02-14T20:36:30+0000","document_type":"article","news_desk":null,"section_name":"U.S.","subsection_name":null,"type_of_material":"News","_id":"58a36a557c459f2525d1c5c6"},{"web_url":"http:\/\/www.nytimes.com\/reuters\/2017\/02\/10\/world\/americas\/10reuters-brazil-supremecourt-drugs.html","snippet":"A Brazilian Supreme Court justice called on Friday for the legalization of marijuana and even cocaine to undo the growing power of drug gangs behind a wave of violence that has shaken Latin America's largest country....","lead_paragraph":"A Brazilian Supreme Court justice called on Friday for the legalization of marijuana and even cocaine to undo the growing power of drug gangs behind a wave of violence that has shaken Latin America's largest country.  ","abstract":null,"blog":[],"source":"Reuters","headline":{"main":"Brazil Supreme Court Judge Calls for Drugs Legalization to Beat Gangs","print_headline":"Brazil Supreme Court Judge Calls for Drugs Legalization to Beat Gangs"},"pub_date":"2017-02-10T19:06:30+0000","document_type":"article","news_desk":null,"section_name":"World","subsection_name":"Americas","type_of_material":"News","_id":"589e0f3c7c459f2525d1b9db"},{"web_url":"http:\/\/www.nytimes.com\/1998\/07\/26\/nyregion\/l-battering-metrocards-squatters-homicides-aren-t-so-rare-domestic-violence-cases-075957.html","snippet":"To the Editor:    As the domestic violence coordinator at a municipal hospital in the Bronx, I was pleased to see the article ''Striking Back'' (June 28) examining New York City's response to the issue of domestic violence. But I was disturbed by ...","lead_paragraph":"To the Editor: As the domestic violence coordinator at a municipal hospital in the Bronx, I was pleased to see the article ''Striking Back'' (June 28) examining New York City's response to the issue of domestic violence. But I was disturbed by one of the article's final sentences, ''Homicides are rare in domestic violence cases, experts say.'' This is an inaccurate and potentially dangerous statement.","abstract":"Carrie Epstein letter responds to June 28 article on New York City's response to domestic violence (S)","blog":[],"source":"The New York Times","headline":{"main":"Battering, Metrocards, Squatters; Homicides Aren't So Rare In Domestic Violence Cases"},"pub_date":"1998-07-26T00:00:00Z","document_type":"article","news_desk":"The City Weekly Desk","section_name":"New York and Region; Opinion","subsection_name":null,"type_of_material":"Letter","_id":"4fd1dff48eb7c8105d726024"},{"web_url":"http:\/\/www.nytimes.com\/2017\/01\/16\/world\/europe\/uk-police-diversity.html","snippet":"A program, similar to Teach for America, places university graduates for two years in some of the country\u2019s most troubled areas, with a focus on diversifying the police corps....","lead_paragraph":"A program, similar to Teach for America, places university graduates for two years in some of the country\u2019s most troubled areas, with a focus on diversifying the police corps.","abstract":null,"blog":[],"source":"The New York Times","headline":{"main":"U.K. Police Look to Young Recruits to Help Shed an Image as \u2018Male, Pale and Stale\u2019","content_kicker":"Burnley Journal","kicker":"Burnley Journal","print_headline":"British Police Look to Recruits to Shed an Image as \u2018Male, Pale and Stale\u2019"},"pub_date":"2017-01-16T14:30:27+0000","document_type":"article","news_desk":"Foreign","section_name":"World","subsection_name":"Europe","type_of_material":"News","_id":"587cd9087c459f2525d16ceb"},{"web_url":"http:\/\/artsbeat.blogs.nytimes.com\/2007\/08\/16\/rankin-v-mcdermid\/","snippet":"Ian Rankin. (Librado Romero\/The New York Times) Val McDermid Two of Britain's best-known (and most gifted) crime writers, Ian Rankin and Val McDermid, are battling, the Times of London reports, over this comment, which Rankin made in an interview ...","lead_paragraph":"Two of Britain's best-known (and most gifted) crime writers, Ian Rankin and Val McDermid, are battling, the Times of London reports, over this comment, which Rankin made in an interview last year: \"The people writing the most graphic novels today are women. They are mostly lesbians as well, which I find interesting.\"","abstract":"Ian Rankin. (Librado Romero\/The New York Times) Val McDermid Two of Britain's best-known (and most gifted) crime writers, Ian Rankin and Val McDermid, are battling, the Times of London reports, over this comment, which Rankin made in an interview last year: \"The people writing the most graphic novels today are women. They are mostly lesbians [...]","blog":[],"source":"The New York Times","headline":{"main":"Rankin v. McDermid","kicker":"ArtsBeat"},"pub_date":"2007-08-16T10:23:23Z","document_type":"blogpost","news_desk":null,"section_name":"Arts","subsection_name":null,"type_of_material":"Blog","_id":"4fd368da8eb7c8105d8ba85e"},{"web_url":"http:\/\/www.nytimes.com\/aponline\/2017\/01\/10\/us\/ap-us-charleston-church-shooting-timeline.html","snippet":"Here is a timeline of the shooting at the historic Emanuel AME Church in downtown Charleston, South Carolina:...","lead_paragraph":"Here is a timeline of the shooting at the historic Emanuel AME Church in downtown Charleston, South Carolina:","abstract":null,"blog":[],"source":"AP","headline":{"main":"Timeline of the Shooting at Emanuel AME Church in Charleston","print_headline":"Timeline of the Shooting at Emanuel AME Church in Charleston"},"pub_date":"2017-01-10T22:24:53+0000","document_type":"article","news_desk":null,"section_name":"U.S.","subsection_name":null,"type_of_material":"News","_id":"58755f3c7c459f2525d15d90"},{"web_url":"http:\/\/www.nytimes.com\/2017\/02\/24\/world\/asia\/kansas-attack-possible-hate-crime-srinivas-kuchibhotla.html","snippet":"India\u2019s government expressed shock after one citizen was killed and another wounded in a bar in suburban Kansas....","lead_paragraph":"India\u2019s government expressed shock after one citizen was killed and another wounded in a bar in suburban Kansas.","abstract":null,"blog":[],"source":"The New York Times","headline":{"main":"Hate Crime Is Feared as 2 Indian Engineers Are Shot in Kansas","print_headline":"Drinks at a Bar, Ethnic Insults, Then Gunshots"},"pub_date":"2017-02-24T09:49:05+0000","document_type":"article","news_desk":"National","section_name":"U.S.","subsection_name":null,"type_of_material":"News","_id":"58b001977c459f2525d1e451"},{"web_url":"http:\/\/www.nytimes.com\/2017\/01\/12\/arts\/television\/how-movies-and-tv-address-rape-and-revenge.html","snippet":"Films like \u201cElle\u201d and TV series like \u201cSweet\/Vicious\u201d and \u201cWestworld\u201d are depicting sexual violence and its consequences in a new light, with mixed success....","lead_paragraph":"Films like \u201cElle\u201d and TV series like \u201cSweet\/Vicious\u201d and \u201cWestworld\u201d are depicting sexual violence and its consequences in a new light, with mixed success.","abstract":null,"blog":[],"source":"The New York Times","headline":{"main":"How Movies and TV Address Rape and Revenge","print_headline":"Rape, Revenge and How We Watch"},"pub_date":"2017-01-12T11:00:26+0000","document_type":"article","news_desk":"Arts&Leisure","section_name":"Arts","subsection_name":"Television","type_of_material":"News","_id":"587761cc7c459f2525d1625a"},{"web_url":"http:\/\/www.nytimes.com\/1999\/05\/11\/opinion\/l-profiling-and-prevention-628484.html","snippet":"To the Editor:    Brent Staples (Editorial Observer, May 10) is correct to point out that the typical drug addict is ''a white male in his 20's who lives in a suburb.'' However, the crimes associated with drugs -- robberies by drug addicts, violen...","lead_paragraph":"To the Editor: Brent Staples (Editorial Observer, May 10) is correct to point out that the typical drug addict is ''a white male in his 20's who lives in a suburb.'' However, the crimes associated with drugs -- robberies by drug addicts, violence between drug-dealing gangs and drive-by shootings -- are not taking place in the suburbs. Are the police sending special teams into black and Hispanic neighborhoods just to arrest drug users, or are they there to arrest criminals, who may also happen to be drug users?","abstract":"Pierre A Lehu letter replies to Brent Staples's Editorial Observer (May 10) scoring so-called racial profiling of drug abusers; argues that sending police into high-crime areas to protect residents from criminal activity should be encouraged","blog":[],"source":"The New York Times","headline":{"main":"Profiling and Prevention"},"pub_date":"1999-05-11T00:00:00Z","document_type":"article","news_desk":"Editorial Desk","section_name":"Opinion","subsection_name":null,"type_of_material":"Letter","_id":"4fd21f108eb7c8105d7a2065"},{"web_url":"http:\/\/www.nytimes.com\/aponline\/2016\/04\/05\/world\/africa\/ap-af-south-africa-murder-case.html","snippet":"South African police say a young woman was murdered in similarly horrific circumstances and in the same place as a teenager whose 2013 death shocked even people accustomed to high levels of violent crime....","lead_paragraph":"South African police say a young woman was murdered in similarly horrific circumstances and in the same place as a teenager whose 2013 death shocked even people accustomed to high levels of violent crime.","abstract":null,"blog":[],"source":"AP","headline":{"main":"South African Murder Echoes Similar Killing in 2013","print_headline":"South African Murder Echoes Similar Killing in 2013"},"pub_date":"2016-04-05T08:48:31Z","document_type":"article","news_desk":"None","section_name":"World","subsection_name":"Africa","type_of_material":"News","_id":"5703b4e838f0d828b0bfaf2e"},{"web_url":"http:\/\/schott.blogs.nytimes.com\/2009\/03\/19\/corrective-rape\/","snippet":"The use of sexual assault to \"cure\" lesbians in South Africa....","lead_paragraph":"The use of sexual assault to \"cure\" lesbians in South Africa.","abstract":"The use of sexual assault to \"cure\" lesbians in South Africa.","blog":[],"source":"The New York Times","headline":{"main":"Corrective Rape","kicker":"Schott's Vocab"},"pub_date":"2009-03-19T09:01:02Z","document_type":"blogpost","news_desk":null,"section_name":"Opinion","subsection_name":null,"type_of_material":"Blog","_id":"4fd394388eb7c8105d8c9039"},{"web_url":"http:\/\/www.nytimes.com\/reuters\/2016\/12\/07\/world\/asia\/07reuters-afghanistan-cycling.html","snippet":"Brushing aside suicide bombings and public scorn, the young women of Afghanistan's first freestyle cycling club hope their pop-a-wheelies, bunnyhops and backflips will trailblaze a new path for future generations in this conservative Muslim nation...","lead_paragraph":"Brushing aside suicide bombings and public scorn, the young women of Afghanistan's first freestyle cycling club hope their pop-a-wheelies, bunnyhops and backflips will trailblaze a new path for future generations in this conservative Muslim nation.","abstract":null,"blog":[],"source":"Reuters","headline":{"main":"Female Afghan Cyclists Push Boundaries One Wheelie at a Time","print_headline":"Female Afghan Cyclists Push Boundaries One Wheelie at a Time"},"pub_date":"2016-12-07T07:24:30+0000","document_type":"article","news_desk":null,"section_name":"World","subsection_name":"Asia Pacific","type_of_material":"News","_id":"5847b9367c459f2525d10648"},{"web_url":"http:\/\/www.nytimes.com\/1994\/02\/17\/opinion\/l-women-rarely-batter-men-except-when-abused-themselves-213446.html","snippet":"To the Editor:   Re \"Men, Too, Are Victims of Domestic Violence\" (letter, Feb. 4):...","lead_paragraph":"To the Editor: Re \"Men, Too, Are Victims of Domestic Violence\" (letter, Feb. 4):","abstract":null,"blog":[],"source":"The New York Times","headline":{"main":"Women Rarely Batter Men Except When Abused Themselves"},"pub_date":"1994-02-17T00:00:00Z","document_type":"article","news_desk":"Editorial Desk","section_name":"Opinion","subsection_name":null,"type_of_material":"Letter","_id":"4fd1add58eb7c8105d6ce404"},{"web_url":"http:\/\/www.nytimes.com\/1993\/10\/03\/nyregion\/crime-down-in-92-in-new-york-and-nationwide.html","snippet":"The number of crimes reported in New York State dropped by 6 percent last year, a trend mirrored in a nationwide decline in crime in 1992, state and Federal officials said yesterday.   The New York figures made 1992 the second year in a row when r...","lead_paragraph":"The number of crimes reported in New York State dropped by 6 percent last year, a trend mirrored in a nationwide decline in crime in 1992, state and Federal officials said yesterday. The New York figures made 1992 the second year in a row when reported crime decreased in the state. The largest drop occurred in New York City, which experienced a 7.8 percent decline. Crime in the suburbs dropped by 6.2 percent, while upstate areas showed a decline of 1.7 percent.","abstract":null,"blog":[],"source":"The New York Times","headline":{"main":"Crime Down in '92 in New York and Nationwide"},"pub_date":"1993-10-03T00:00:00Z","document_type":"article","news_desk":"Metropolitan Desk","section_name":"New York and Region","subsection_name":null,"type_of_material":"News","_id":"4fd1ad628eb7c8105d6cd9e6"},{"web_url":"http:\/\/www.nytimes.com\/2014\/03\/16\/opinion\/sunday\/domestic-violence.html","snippet":"Readers react to Nicholas Kristof\u2019s call for more attention and resources to fight this \u201cscourge.\u201d...","lead_paragraph":"Readers react to Nicholas Kristof\u2019s call for more attention and resources to fight this \u201cscourge.\u201d","abstract":null,"blog":[],"source":"The New York Times","headline":{"main":"Domestic Violence","kicker":"Letters","print_headline":"Domestic Violence","content_kicker":"Letters"},"pub_date":"2014-03-16T00:00:00Z","document_type":"article","news_desk":"Letters","section_name":"Opinion","subsection_name":"Sunday Review","type_of_material":"Letter","_id":"53249c2c38f0d86e6417380e"},{"web_url":"http:\/\/query.nytimes.com\/gst\/abstract.html?res=9E06EEDD133BE033A05755C0A9669D946793D6CF","snippet":"DETROIT, Oct. 5 (AP)--Two penologists agreed today that America, hhas a long way to go before checking the increased crime of the post-war period....","lead_paragraph":"DETROIT, Oct. 5 (AP)--Two penologists agreed today that America, hhas a long way to go before checking the increased crime of the post-war period.","abstract":"A M MacCormick and R A McGee int on post-war conditions and prospects","blog":[],"source":"The New York Times","headline":{"main":"ASSERTS U.S. FACES 'REAL CRIME WAVE'; Osborne Group Chief Blames Delinquency on Confusion, Housing, Food Shortages"},"pub_date":"1946-10-06T00:00:00Z","document_type":"article","news_desk":null,"section_name":null,"subsection_name":null,"type_of_material":"Article","_id":"4fc23b9b45c1498b0d6959c2"},{"web_url":"http:\/\/www.nytimes.com\/aponline\/2016\/12\/06\/world\/middleeast\/ap-ml-lebanon-rape-law.html","snippet":"A dozen Lebanese women, dressed as brides in white wedding dresses stained with fake blood and bandages, gathered Tuesday outside government buildings in Lebanon's capital to protest a law that allows a rapist to get away with his crime if he marr...","lead_paragraph":"A dozen Lebanese women, dressed as brides in white wedding dresses stained with fake blood and bandages, gathered Tuesday outside government buildings in Lebanon's capital to protest a law that allows a rapist to get away with his crime if he marries the survivor.","abstract":null,"blog":[],"source":"AP","headline":{"main":"Lebanese Women Protest Against Rape Law","print_headline":"Lebanese Women Protest Against Rape Law"},"pub_date":"2016-12-06T15:24:52+0000","document_type":"article","news_desk":null,"section_name":"World","subsection_name":"Middle East","type_of_material":"News","_id":"5846d84c7c459f2525d103d9"},{"web_url":"http:\/\/www.nytimes.com\/1995\/05\/21\/weekinreview\/word-for-word-sir-charge-fair-lady-s-question-why-can-t-man-be-more-like-woman.html","snippet":"ALTHOUGH the nation professes to be worried sick both about how much money is in the Government's coffers and how much crime is in the cities' streets, few people have come forward with practical suggestions for solving both problems at once. But ...","lead_paragraph":"ALTHOUGH the nation professes to be worried sick both about how much money is in the Government's coffers and how much crime is in the cities' streets, few people have come forward with practical suggestions for solving both problems at once. But June Stephenson, a research psychologist from Napa, Calif, has a doozy. In her book \"Men are Not Cost-Effective: Male Crime in America,\" published in paperback this year by Harper Perennial, she spells out her plan. Here is an excerpt. SARAH BOXER WHO do the police investigate if the identities of the perpetrators of a crime are unknown? Almost always they would be investigating young men. Thirty-one percent of the people arrested and sent to prison are men between the ages of 18 and 24, and another 45 percent are men aged 25 to 44. Ninety-four percent of prisoners are males. Whether it is robbery, burglary, arson, white-collar crime, crime against children, crime against women, drug dealing, drunk driving, murder, crime in government, treason, or gang violence, crime is a masculine statement. . . .","abstract":null,"blog":[],"source":"The New York Times","headline":{"main":"Word for Word \/ The Sir-Charge; A Fair Lady's Question: Why Can't A Man Be More Like a Woman?"},"pub_date":"1995-05-21T00:00:00Z","document_type":"article","news_desk":"Week in Review Desk","section_name":"Week in Review","subsection_name":null,"type_of_material":"News","_id":"4fd1bee28eb7c8105d6eca3b"},{"web_url":"http:\/\/www.nytimes.com\/1989\/02\/04\/opinion\/why-gun-laws-won-t-stop-shootings.html","snippet":"LEAD: Humane people react to the lack of ready solutions for tragedies like the Stockton, Calif., school massacre by crying out for gun control. I do not believe that gun bans can overcome the basic socio-economic and cultural factors that produce...","lead_paragraph":"LEAD: Humane people react to the lack of ready solutions for tragedies like the Stockton, Calif., school massacre by crying out for gun control. I do not believe that gun bans can overcome the basic socio-economic and cultural factors that produce violence in America.","abstract":null,"blog":[],"source":"The New York Times","headline":{"main":"Why Gun Laws Won't Stop Shootings"},"pub_date":"1989-02-04T00:00:00Z","document_type":"article","news_desk":"Editorial Desk","section_name":"Opinion","subsection_name":null,"type_of_material":"Op-Ed","_id":"4fd1923f8eb7c8105d69b4ac"}]