[{"web_url":"http:\/\/www.nytimes.com\/2017\/01\/18\/opinion\/this-year-oscarssoblack.html","snippet":"Against a backdrop of tense race relations, three widely praised movies should bring needed diversity to this year\u2019s Academy Award nominations....","lead_paragraph":"Against a backdrop of tense race relations, three widely praised movies should bring needed diversity to this year\u2019s Academy Award nominations.","abstract":null,"blog":[],"source":"The New York Times","headline":{"main":"This Year, #OscarsSoBlack?","content_kicker":"Op-Ed Columnist","kicker":"Op-Ed Columnist","print_headline":"A More Diverse  Oscars?"},"pub_date":"2017-01-18T08:21:22+0000","document_type":"article","news_desk":"OpEd","section_name":"Opinion","subsection_name":null,"type_of_material":"Op-Ed","_id":"587f25867c459f2525d1724f"},{"web_url":"http:\/\/www.nytimes.com\/2017\/01\/29\/arts\/television\/whats-on-tv-sunday-the-sag-awards-and-50-years-of-tom-brokaw.html","snippet":"Actors vote for their favorite performances by their peers \u2014 and honor Lily Tomlin \u2014 at the SAG Awards. And \u201cDateline NBC\u201d pays tribute to Tom Brokaw\u2019s career....","lead_paragraph":"Actors vote for their favorite performances by their peers \u2014 and honor Lily Tomlin \u2014 at the SAG Awards. And \u201cDateline NBC\u201d pays tribute to Tom Brokaw\u2019s career.","abstract":null,"blog":[],"source":"The New York Times","headline":{"main":"What\u2019s on TV Sunday: The SAG Awards and 50 Years of Tom Brokaw","print_headline":"What\u2019s on Sunday"},"pub_date":"2017-01-29T06:00:17+0000","document_type":"article","news_desk":"Culture","section_name":"Arts","subsection_name":"Television","type_of_material":"Schedule","_id":"588d84f77c459f2525d193a4"},{"web_url":"http:\/\/www.nytimes.com\/2017\/02\/27\/movies\/moonlight-la-la-land-academy-awards-conversation.html","snippet":"Three New York Times critics share their reactions to the wrong best picture\u2019s being announced at the awards show....","lead_paragraph":"Three New York Times critics share their reactions to the wrong best picture\u2019s being announced at the awards show.","abstract":null,"blog":[],"source":"The New York Times","headline":{"main":"\u2018Moonlight,\u2019 \u2018La La Land\u2019 and What an Epic Oscars Fail Really Says","print_headline":"And the Winner Is \u2026 Wrong"},"pub_date":"2017-02-27T20:49:44+0000","document_type":"article","news_desk":"Culture","section_name":"Movies","subsection_name":null,"type_of_material":"News","_id":"58b490ef7c459f2525d1ecf2"},{"web_url":"http:\/\/www.nytimes.com\/2017\/02\/26\/business\/media\/oscars-trump-hollywood.html","snippet":"Who do our stars think they\u2019re winning over with political oratory side-by-side with a bacchanalia of self-congratulation?...","lead_paragraph":"Who do our stars think they\u2019re winning over with political oratory side-by-side with a bacchanalia of self-congratulation?","abstract":null,"blog":[],"source":"The New York Times","headline":{"main":"Assailing the White House From Hollywood\u2019s Glass House","content_kicker":"Mediator","kicker":"Mediator","print_headline":"Assailing Trump\u2019s White House  From Hollywood\u2019s Glass House"},"pub_date":"2017-02-27T02:26:34+0000","document_type":"article","news_desk":"Business","section_name":"Business Day","subsection_name":"Media","type_of_material":"News","_id":"58b38e627c459f2525d1ea68"},{"web_url":"http:\/\/www.nytimes.com\/2014\/12\/28\/movies\/in-hollywood-its-a-mens-mens-mens-world.html","snippet":"Even though women hold power positions throughout the industry, only a handful of movies directed by women have been released by the major Hollywood studios this year....","lead_paragraph":"Even though women hold power positions throughout the industry, only a handful of movies directed by women have been released by the major Hollywood studios this year.","abstract":"Warner Bros has hired Michelle MacLaren to direct its Wonder Woman movie, becoming first studio to tap female director for major superhero project; news offers further evidence that female directors are inching closer to closing gender gap, but big disparities remain, particularly in Hollywood and in action genre (Series: The Director Gap).","blog":[],"source":"The New York Times","headline":{"main":"In Hollywood, It\u2019s a Men\u2019s, Men\u2019s, Men\u2019s World","content_kicker":"The Director Gap","print_headline":"It\u2019s a Men\u2019s, Men\u2019s, Men\u2019s World"},"pub_date":"2014-12-28T00:00:00Z","document_type":"article","news_desk":"Arts&Leisure","section_name":"Movies","subsection_name":null,"type_of_material":"News","_id":"549aed1438f0d879a541872e"},{"web_url":"http:\/\/www.nytimes.com\/2015\/03\/23\/business\/media\/at-the-box-office-its-no-longer-a-mans-world.html","snippet":"Women are driving movie ticket sales to a degree rarely seen before, while young men, long the most coveted audience, are relatively AWOL....","lead_paragraph":"Women are driving movie ticket sales to a degree rarely seen before, while young men, long the most coveted audience, are relatively AWOL.","abstract":"Women are buying movie tickets at almost unprecedented degree, while traditional lucrative audience of young men is spending comparatively less at box office as industry gears up for summer blockbuster season; young men are more easily distracted by other forms of entertainment and women may be more reliable opening-weekend audience.","blog":[],"source":"The New York Times","headline":{"main":"At the Box Office, It\u2019s No Longer a Man\u2019s World","print_headline":"At the Box Office, It\u2019s No Longer a Man\u2019s World"},"pub_date":"2015-03-23T00:00:00Z","document_type":"article","news_desk":"Business","section_name":"Business Day","subsection_name":"Media","type_of_material":"News","_id":"550f5a9a38f0d82e80e0abaf"},{"web_url":"http:\/\/www.nytimes.com\/2015\/02\/15\/movies\/awardsseason\/oscars-2015-a-o-scott-and-manohla-dargis-discuss-the-contenders.html","snippet":"More people watch the Academy Awards ceremony than watch the nominated movies, leading to a question: Why are people often more interested in the politics behind films than the films themselves?...","lead_paragraph":"More people watch the Academy Awards ceremony than watch the nominated movies, leading to a question: Why are people often more interested in the politics behind films than the films themselves?","abstract":"A O Scott and Manohla Dargis discuss culture wars and public political debates triggered by the upcoming Academy Awards and its movie nominees.","blog":[],"source":"The New York Times","headline":{"main":"Oscars 2015: A. O. Scott and Manohla Dargis Discuss the Contenders","print_headline":"Everyone Has a Take on Movies and Prizes"},"pub_date":"2015-02-15T00:00:00Z","document_type":"article","news_desk":"Arts&Leisure","section_name":"Movies","subsection_name":"Awards Season","type_of_material":"News","_id":"54dd18ff38f0d8448bfa3596"},{"web_url":"http:\/\/www.nytimes.com\/2016\/12\/09\/fashion\/nina-jacobson-hollywood-diversity-hunger-games-american-crime-story.html","snippet":"Booted from Disney\u2019s executive suite, the film executive has come roaring back as the diversity-minded producer of \u201cThe Hunger Games\u201d and \u201cAmerican Crime Story.\u201d...","lead_paragraph":"Booted from Disney\u2019s executive suite, the film executive has come roaring back as the diversity-minded producer of \u201cThe Hunger Games\u201d and \u201cAmerican Crime Story.\u201d","abstract":null,"blog":[],"source":"The New York Times","headline":{"main":"Nina Jacobson Has Her Revenge on Hollywood\u2019s Old-Boy Network","print_headline":"Fighting Hollywood\u2019s Old-Boy Mentality"},"pub_date":"2016-12-09T21:00:13+0000","document_type":"article","news_desk":"Styles","section_name":"Fashion & Style","subsection_name":null,"type_of_material":"News","_id":"584b1b657c459f2525d11069"},{"web_url":"http:\/\/www.nytimes.com\/2017\/01\/12\/arts\/television\/how-movies-and-tv-address-rape-and-revenge.html","snippet":"Films like \u201cElle\u201d and TV series like \u201cSweet\/Vicious\u201d and \u201cWestworld\u201d are depicting sexual violence and its consequences in a new light, with mixed success....","lead_paragraph":"Films like \u201cElle\u201d and TV series like \u201cSweet\/Vicious\u201d and \u201cWestworld\u201d are depicting sexual violence and its consequences in a new light, with mixed success.","abstract":null,"blog":[],"source":"The New York Times","headline":{"main":"How Movies and TV Address Rape and Revenge","print_headline":"Rape, Revenge and How We Watch"},"pub_date":"2017-01-12T11:00:26+0000","document_type":"article","news_desk":"Arts&Leisure","section_name":"Arts","subsection_name":"Television","type_of_material":"News","_id":"587761cc7c459f2525d1625a"},{"web_url":"http:\/\/www.nytimes.com\/2016\/10\/07\/movies\/ovation-review-henry-jaglom.html","snippet":"The setting for this director\u2019s lighthearted 20th feature is a stage production of \u201cThe Rainmaker,\u201d whose cast is a hairbreadth from unemployment....","lead_paragraph":"The setting for this director\u2019s lighthearted 20th feature is a stage production of \u201cThe Rainmaker,\u201d whose cast is a hairbreadth from unemployment.","abstract":"Jeannette Catsoulis reviews movie Ovation, directed by Henry Jaglom and starring Tanna Frederick and James Denton.","blog":[],"source":"The New York Times","headline":{"main":"Review: In Henry Jaglom\u2019s \u2018Ovation,\u2019 the Action Is Backstage"},"pub_date":"2016-10-07T04:00:00+0000","document_type":"article","news_desk":"Weekend","section_name":"Movies","subsection_name":null,"type_of_material":"Review","_id":"57f6cc247c459f6063988578"},{"web_url":"http:\/\/www.nytimes.com\/2010\/11\/12\/movies\/12every.html","snippet":"A new 35-millimeter print of Jean-Luc Godard\u2019s 1980 film, \u201cEvery Man for Himself,\u201d begins a two-week run at the Film Forum....","lead_paragraph":"A new 35-millimeter print of Jean-Luc Godard\u2019s 1980 film, \u201cEvery Man for Himself,\u201d begins a two-week run at the Film Forum.","abstract":null,"blog":[],"source":"The New York Times","headline":{"seo":"Jean-Luc Godard\u2019s \u2018Every Man for Himself\u2019 Returns","main":"Even After 30 Years, the Film of the Moment","kicker":"Critic\u2019s Notebook","print_headline":"Even After 30 Years, The Film of the Moment","content_kicker":"Critic\u2019s Notebook"},"pub_date":"2010-11-12T00:00:00Z","document_type":"article","news_desk":"Weekend","section_name":"Movies","subsection_name":null,"type_of_material":"News","_id":"54208ef338f0d81f7a6003f3"},{"web_url":"http:\/\/www.nytimes.com\/2015\/07\/05\/movies\/heroines-triumph-at-box-office-but-has-anything-changed-in-hollywood.html","snippet":"A. O. Scott and Manohla Dargis on Hollywood&#8217;s recent spate of female-driven movies, from &#8220;Spy&#8221; to &#8220;Pitch Perfect 2&#8221; to &#8220;Inside Out.&#8221;...","lead_paragraph":"A. O. Scott and Manohla Dargis on Hollywood&#8217;s recent spate of female-driven movies, from &#8220;Spy&#8221; to &#8220;Pitch Perfect 2&#8221; to &#8220;Inside Out.&#8221;","abstract":"New York Times critics debate Hollywood\u2019s inclination to close gender gap in light of overwhelming success of latest summer films with female themes and central characters.","blog":[],"source":"The New York Times","headline":{"main":"Heroines Triumph at Box Office, but Has Anything Changed in Hollywood?","print_headline":"Heavy-Hitting Heroines "},"pub_date":"2015-07-05T00:00:00Z","document_type":"article","news_desk":"Arts&Leisure","section_name":"Movies","subsection_name":null,"type_of_material":"News","_id":"5596956e38f0d82a206e53a1"},{"web_url":"http:\/\/www.nytimes.com\/1999\/08\/08\/arts\/l-providence-ri-women-of-substance-937134.html","snippet":"To the Editor:    In her article about the success of the television drama ''Providence,'' Hilary de Vries has missed an important point contributing to the show's appeal. Audiences, including but not limited to women, are hungry to see leading wo...","lead_paragraph":"To the Editor: In her article about the success of the television drama ''Providence,'' Hilary de Vries has missed an important point contributing to the show's appeal. Audiences, including but not limited to women, are hungry to see leading women who have substance, intelligence and ambition -- as most women have or want to have. With male television protagonists edging out female protagonists three to one (it's twice as bad in movies), andwith leading women that do exist often characterized as flighty and unambitious, it is no wonder that a female television protagonist who has a real life, a real job and real brains is popular. T. L. SOBEL New York","abstract":"T L Sobel letter on Hilary de Vries' July 25 article on television drama Providence holds its attraction is that its protagonist is woman of substance and intelligence; photo (S)","blog":[],"source":"The New York Times","headline":{"main":"Women of Substance","kicker":"PROVIDENCE, R.I."},"pub_date":"1999-08-08T00:00:00Z","document_type":"article","news_desk":"Arts and Leisure Desk","section_name":"Arts; Opinion","subsection_name":null,"type_of_material":"Letter","_id":"4fd2216f8eb7c8105d7a5f64"},{"web_url":"http:\/\/artsbeat.blogs.nytimes.com\/2013\/03\/09\/a-presto-change-o-opening-night-at-sxsw\/","snippet":"\u201cThe Incredible Burt Wonderstone\u201d opened the South by Southwest film festival in Austin, Tex....","lead_paragraph":null,"abstract":"\u201cThe Incredible Burt Wonderstone\u201d opened the South by Southwest film festival in Austin, Tex.","blog":[],"source":"The New York Times","headline":{"main":"A Presto, Change-O Opening Night at SXSW","kicker":"ArtsBeat"},"pub_date":"2013-03-09T13:11:23Z","document_type":"blogpost","news_desk":null,"section_name":"Arts","subsection_name":null,"type_of_material":"Blog","_id":"513b7d01cf28d04ae00009b3"},{"web_url":"http:\/\/www.nytimes.com\/2015\/10\/18\/arts\/television\/supergirl-leads-a-wave-of-female-heroes.html","snippet":"The show is just one example in which women are better represented as superheroes than ever before....","lead_paragraph":"The show is just one example in which women are better represented as superheroes than ever before.","abstract":"Two new series, Supergirl on CBS and Jessica Jones on Netflix, attempt to correct gender parity of comic book superheroes featured on screen.","blog":[],"source":"The New York Times","headline":{"main":"\u2018Supergirl\u2019 Leads a Wave of Female Heroes","print_headline":"She\u2019s More Than Ready to Right Wrongs"},"pub_date":"2015-10-18T00:00:00Z","document_type":"article","news_desk":"Arts&Leisure","section_name":"Arts","subsection_name":"Television","type_of_material":"News","_id":"5620e6cf38f0d84dbbafe2b6"},{"web_url":"http:\/\/www.nytimes.com\/2016\/11\/15\/business\/media\/marvels-inhumans-tv-series-will-arrive-via-theaters.html","snippet":"An ABC series based on Marvel\u2019s characters will debut next year on Imax screens, before a re-edited version heads to TV....","lead_paragraph":"An ABC series based on Marvel\u2019s characters will debut next year on Imax screens, before a re-edited version heads to TV.","abstract":null,"blog":[],"source":"The New York Times","headline":{"main":"Marvel\u2019s \u2018Inhumans\u2019 TV Series Will Arrive via Imax Theaters","print_headline":"Bound for TV, Marvel Series To Stop First In Theaters"},"pub_date":"2016-11-15T00:04:15Z","document_type":"article","news_desk":"Business","section_name":"Business Day","subsection_name":"Media","type_of_material":"News","_id":"582a51037c459f6a5fccdf72"},{"web_url":"http:\/\/www.nytimes.com\/2015\/10\/13\/arts\/television\/mimi-leder-on-the-struggles-of-being-a-female-director.html","snippet":"Ms. Leder talked about her role in creating the look and feel of \u201cThe Leftovers,\u201d the differences between film and television and the barriers for women in both mediums....","lead_paragraph":"Ms. Leder talked about her role in creating the look and feel of \u201cThe Leftovers,\u201d the differences between film and television and the barriers for women in both mediums.","abstract":"Excerpts from interview with Emmy-winning television and film director Mimi Leder, who discusses her latest show, HBO's The Leftovers, and her ups and downs directing Hollywood movies and television shows.","blog":[],"source":"The New York Times","headline":{"main":"Mimi Leder on the Struggles of Being a Female Director","print_headline":"Veteran TV Director Still Tries to Scale Film Barriers"},"pub_date":"2015-10-13T00:00:00Z","document_type":"article","news_desk":"Culture","section_name":"Arts","subsection_name":"Television","type_of_material":"Interview","_id":"561bd67038f0d839bd911210"},{"web_url":"http:\/\/www.nytimes.com\/2014\/03\/05\/opinion\/dowd-frozen-in-a-niche.html","snippet":"When will Hollywood accept that the world is curvy, and the curvy world can be profitable?...","lead_paragraph":"When will Hollywood accept that the world is curvy, and the curvy world can be profitable?","abstract":"Maureen Dowd Op-Ed column holds that although the Oscars seemed like a pantheon of diversity, Hollywood is still overwhelmingly run by middle-aged white men; ponders why Hollywood executives continue to struggle with the notion that films directed by and starring women can be just as profitable as movies directed by and starring men.","blog":[],"source":"The New York Times","headline":{"main":"Frozen in a Niche?","kicker":"Op-Ed Columnist","print_headline":"Frozen in a Niche?","content_kicker":"Op-Ed Columnist"},"pub_date":"2014-03-05T00:00:00Z","document_type":"article","news_desk":"Editorial","section_name":"Opinion","subsection_name":null,"type_of_material":"Op-Ed","_id":"531687ac38f0d86fea64d1f4"},{"web_url":"http:\/\/www.nytimes.com\/2013\/12\/22\/opinion\/sunday\/bruni-waiting-for-wonder-woman.html","snippet":"Despite strides in 2013 and the miracle that is Jennifer Lawrence, Hollywood still owes us more heroines than we get....","lead_paragraph":"Despite strides in 2013 and the miracle that is Jennifer Lawrence, Hollywood still owes us more heroines than we get.","abstract":"Frank Bruni Op-Ed column contends the announcement that Wonder Woman will appear in an upcoming sequel to the film Man of Steel underscores the lack of female heroines in Hollywood movies; maintains that everyone should care about glass ceilings and the inadequate breadth of what Hollywood shows and tells girls and boys.","blog":[],"source":"The New York Times","headline":{"main":"Waiting for Wonder Woman","content_kicker":"Op-Ed Columnist","kicker":"Op-Ed Columnist","print_headline":"Waiting for Wonder Woman"},"pub_date":"2013-12-22T00:00:00Z","document_type":"article","news_desk":"Editorial","section_name":"Opinion","subsection_name":"Sunday Review","type_of_material":"Op-Ed","_id":"52b5ec4a38f0d837d23e2d4f"},{"web_url":"http:\/\/www.nytimes.com\/2017\/02\/13\/t-magazine\/pictures-generation-new-york-artists-cindy-sherman-robert-longo.html","snippet":"The influence of the Pictures Generation, a loosely affiliated Reagan-era movement of New York artists, continues to resonate today....","lead_paragraph":"The influence of the Pictures Generation, a loosely affiliated Reagan-era movement of New York artists, continues to resonate today.","abstract":null,"blog":[],"source":"The New York Times","headline":{"main":"These \u201980s Artists Are More Important Than Ever","print_headline":"Back in the Frame"},"pub_date":"2017-02-13T09:12:57+0000","document_type":"article","news_desk":"TStyle","section_name":"T Magazine","subsection_name":null,"type_of_material":"News","_id":"58a178a07c459f2525d1c01d"}]