[{"web_url":"http:\/\/www.nytimes.com\/1987\/07\/09\/garden\/in-male-dominated-korea-an-island-of-sexual-equality.html","snippet":"LEAD: ON certain mornings when the winds are right, the work songs of the haenyo, the diving women, waft upward from the rocky shores to the cliffs of Cheju Do, an island 60 miles south of the South Korean mainland....","lead_paragraph":"LEAD: ON certain mornings when the winds are right, the work songs of the haenyo, the diving women, waft upward from the rocky shores to the cliffs of Cheju Do, an island 60 miles south of the South Korean mainland.","abstract":null,"blog":[],"source":"The New York Times","headline":{"main":"IN MALE-DOMINATED KOREA, AN ISLAND OF SEXUAL EQUALITY"},"pub_date":"1987-07-09T00:00:00Z","document_type":"article","news_desk":"Home Desk","section_name":"Home and Garden; Style","subsection_name":null,"type_of_material":"News","_id":"4fd16e088eb7c8105d660cbd"},{"web_url":"http:\/\/query.nytimes.com\/gst\/abstract.html?res=9D04E5DB1E3AE03BBC4A51DFB467838C669EDE","snippet":"WASHINGTON, Dec. 21 The Equal Employment Opportunity Commission today proposed a set of guidelines for affirmative action programs in employment that would protect companies from complaints of so-called reverse discrimination made by white males....","lead_paragraph":"WASHINGTON, Dec. 21 The Equal Employment Opportunity Commission today proposed a set of guidelines for affirmative action programs in employment that would protect companies from complaints of so-called reverse discrimination made by white males.","abstract":"Equal Educ Opportunity Comm proposes affirmative action program guidelines to protect cos from complaints of reverse discrimination made by white males; Norton comments (M)","blog":[],"source":"The New York Times","headline":{"main":"GUIDELINES OFFERED FOR EQUALITY IN JOBS; U.S. Agency Acts to Aid Employers in Meeting White Male Complaints"},"pub_date":"1977-12-22T00:00:00Z","document_type":"article","news_desk":null,"section_name":null,"subsection_name":null,"type_of_material":"Article","_id":"4fc4997f45c1498b0da84048"},{"web_url":"http:\/\/query.nytimes.com\/gst\/abstract.html?res=9D00E3DC103BE23ABC4F51DFB366838B649EDE","snippet":"The State Labor Relations Board made public yesterday a decision dismissing the petition of the Char-Sol Seafood House, Inc., operators of Larry's Cafe, 711 Eighth Avenue, which asked that a bargaining election be held for the tavern's employes, i...","lead_paragraph":"The State Labor Relations Board made public yesterday a decision dismissing the petition of the Char-Sol Seafood House, Inc., operators of Larry's Cafe, 711 Eighth Avenue, which asked that a bargaining election be held for the tavern's employes, including three female bartenders.","abstract":"SLRB dismisses Larry's Cafe Plea for bargaining election for its barmaids; holds election not needed since all of bar's employes are now non-union; ruling seen backing barmaids equality with bartenders","blog":[],"source":"The New York Times","headline":{"main":"BARTENDERS LOSE MALE SUPERIORITY; Labor Board, in Effect, Backs Women in Their Battle for Pub Job Equality"},"pub_date":"1950-05-27T00:00:00Z","document_type":"article","news_desk":null,"section_name":null,"subsection_name":null,"type_of_material":"Article","_id":"4fc3192c45c1498b0d74af1f"},{"web_url":"http:\/\/query.nytimes.com\/gst\/abstract.html?res=9F07E0DE1531EF34BC4E53DFB7668388669EDE","snippet":"A schoolteacher-parent should be entitled to a leave of absence to bring up a new baby, according to the Federal Equal Employment Opportunity Commission....","lead_paragraph":"A schoolteacher-parent should be entitled to a leave of absence to bring up a new baby, according to the Federal Equal Employment Opportunity Commission.","abstract":null,"blog":[],"source":"The New York Times","headline":{"main":"CHILD-CARE LEAVE FOR MEN BACKED; U.S. Panel Supports Male 'Teacher in Case Here Equality Is Issue Rejection was Brusque","kicker":"1"},"pub_date":"1973-01-06T00:00:00Z","document_type":"article","news_desk":null,"section_name":null,"subsection_name":null,"type_of_material":"Article","_id":"4fc483db45c1498b0da264f7"},{"web_url":"http:\/\/query.nytimes.com\/gst\/abstract.html?res=9407E6DB1139E33BBC4D52DFB4668388659EDE","snippet":"CHICAGO, Feb. 15 -- Masculine opposition to women in industry is collapsing, Miss Mary Anderson, director of the Women's Bureau, Department of Labor, said today....","lead_paragraph":"CHICAGO, Feb. 15 -- Masculine opposition to women in industry is collapsing, Miss Mary Anderson, director of the Women's Bureau, Department of Labor, said today.","abstract":"S on women in industry, Chicago CIO Council","blog":[],"source":"The New York Times","headline":{"main":"WOMEN FOUND ABLE IN IDUSTRIAL JOBS; Labor Department Official Says That Male Opposition to Them Is Collapsing GAINING EQUALITY IN PAY Shaping of Post-War Pattern of Occupations Is Urged Now to Forestall Want"},"pub_date":"1943-02-15T00:00:00Z","document_type":"article","news_desk":null,"section_name":null,"subsection_name":null,"type_of_material":"Article","_id":"4fc235d845c1498b0d67bae1"},{"web_url":"http:\/\/query.nytimes.com\/gst\/abstract.html?res=9F01E3DC1339E03ABC4152DFB466838B629EDE","snippet":"HAVANA, Feb. 19.--Two sessions of the Interamerican Commission of Women were held today, the first at 11 A.M. and the second at 3 P.M. At the morning session Senorita Clara Gonzalez, commissioner for Panama, opened the meeting and Senorita Juanita...","lead_paragraph":"HAVANA, Feb. 19.--Two sessions of the Interamerican Commission of Women were held today, the first at 11 A.M. and the second at 3 P.M. At the morning session Senorita Clara Gonzalez, commissioner for Panama, opened the meeting and Senorita Juanita Fromen of Nicaragua was the principal speaker. She spoke on the topic of nationality of citizens.","abstract":"J Fromen on equality of men and women as to their nationality; L Berrien on women's nationality, ss at Inter-Amer Comm of Women","blog":[],"source":"The New York Times","headline":{"main":"WOMEN URGE PARITY WITH MALE CITIZENS; Speakers at Havana Conference Ask Equal Rights in Choice of Their Nationality.APPEAL TO HAGUE VOTEDResolution Asks Incorporation inProposed International Codeof Citizenship Rules. Equality Set as Goal."},"pub_date":"1930-02-19T00:00:00Z","document_type":"article","news_desk":null,"section_name":null,"subsection_name":null,"type_of_material":"Article","_id":"4fc0c38a45c1498b0d45ee96"},{"web_url":"http:\/\/www.nytimes.com\/aponline\/2017\/02\/03\/world\/europe\/ap-eu-sweden-trump.html","snippet":"Sweden's Deputy Prime Minister has posted on Facebook an all-woman photo including herself signing a proposal for the country's new climate law &#8212; a photo many online commentators have taken as a direct swipe at Donald Trump....","lead_paragraph":"Sweden's Deputy Prime Minister has posted on Facebook an all-woman photo including herself signing a proposal for the country's new climate law &#8212; a photo many online commentators have taken as a direct swipe at Donald Trump.","abstract":null,"blog":[],"source":"AP","headline":{"main":"Sweden's 'Feminist Government' Takes Swipe at Trump","print_headline":"Sweden's 'Feminist Government' Takes Swipe at Trump"},"pub_date":"2017-02-03T14:48:52+0000","document_type":"article","news_desk":null,"section_name":"World","subsection_name":"Europe","type_of_material":"News","_id":"5894985e7c459f2525d1a508"},{"web_url":"http:\/\/www.nytimes.com\/reuters\/2017\/02\/23\/sports\/olympics\/23reuters-olympics-shooting-tokyo.html","snippet":"The International Shooting Sport Federation plans to introduce mixed events in air pistol, air rifle and trap for the Tokyo 2020 Olympics to help achieve the IOC's goal of 50 percent female participation in the Olympics Games....","lead_paragraph":"The International Shooting Sport Federation plans to introduce mixed events in air pistol, air rifle and trap for the Tokyo 2020 Olympics to help achieve the IOC's goal of 50 percent female participation in the Olympics Games.","abstract":null,"blog":[],"source":"Reuters","headline":{"main":"Federation Wants Mixed Shooting Events for Tokyo 2020 Games","print_headline":"Federation Wants Mixed Shooting Events for Tokyo 2020 Games"},"pub_date":"2017-02-23T14:54:50+0000","document_type":"article","news_desk":null,"section_name":"Sports","subsection_name":"Olympics","type_of_material":"News","_id":"58aef7c67c459f2525d1e170"},{"web_url":"http:\/\/www.nytimes.com\/aponline\/2017\/01\/26\/us\/ap-us-gender-state-ids.html","snippet":"Democratic lawmakers on Thursday introduced a bill supporters say would make California the first state to add a third gender option on state identifying documents....","lead_paragraph":"Democratic lawmakers on Thursday introduced a bill supporters say would make California the first state to add a third gender option on state identifying documents.","abstract":null,"blog":[],"source":"AP","headline":{"main":"California Lawmakers Want Third-Gender Option on IDs","print_headline":"California Lawmakers Want Third-Gender Option on IDs"},"pub_date":"2017-01-26T22:37:04+0000","document_type":"article","news_desk":null,"section_name":"U.S.","subsection_name":null,"type_of_material":"News","_id":"588a7a157c459f2525d18e27"},{"web_url":"http:\/\/www.nytimes.com\/aponline\/2017\/02\/11\/us\/ap-us-lgbt-rights.html","snippet":"President Donald Trump's administration is stepping back from a request made by former President Barack Obama's administration in an ongoing lawsuit over bathroom rights for transgender students in public schools....","lead_paragraph":"President Donald Trump's administration is stepping back from a request made by former President Barack Obama's administration in an ongoing lawsuit over bathroom rights for transgender students in public schools.","abstract":null,"blog":[],"source":"AP","headline":{"main":"US Withdraws Stay Request in Transgender Bathroom Case","print_headline":"US Withdraws Stay Request in Transgender Bathroom Case"},"pub_date":"2017-02-11T23:45:36+0000","document_type":"article","news_desk":null,"section_name":"U.S.","subsection_name":null,"type_of_material":"News","_id":"589fa2247c459f2525d1bc8c"},{"web_url":"http:\/\/www.nytimes.com\/reuters\/2017\/01\/30\/us\/30reuters-usa-boyscouts.html","snippet":"The Boy Scouts of America said on Monday the group would begin accepting transgender boys, bucking its more than a century-old practice of using the gender stated on a birth certificate to determine eligibility....","lead_paragraph":"The Boy Scouts of America said on Monday the group would begin accepting transgender boys, bucking its more than a century-old practice of using the gender stated on a birth certificate to determine eligibility.","abstract":null,"blog":[],"source":"Reuters","headline":{"main":"Boy Scouts of America to Begin Accepting Transgender Boys","print_headline":"Boy Scouts of America to Begin Accepting Transgender Boys"},"pub_date":"2017-01-31T00:45:29+0000","document_type":"article","news_desk":null,"section_name":"U.S.","subsection_name":null,"type_of_material":"News","_id":"588fde2e7c459f2525d19815"},{"web_url":"http:\/\/query.nytimes.com\/gst\/abstract.html?res=980DE5D9153BE533A2575AC2A9659C94619ED7CF","snippet":null,"lead_paragraph":null,"abstract":null,"blog":[],"source":"The New York Times","headline":{"main":"Article 12 -- No Title","kicker":"1"},"pub_date":"1890-03-29T00:00:00Z","document_type":"article","news_desk":null,"section_name":null,"subsection_name":null,"type_of_material":"Article","_id":"4fc01f1845c1498b0d163a70"},{"web_url":"http:\/\/www.nytimes.com\/1985\/11\/17\/nyregion\/westchester-opinion-confronting-stereotypes-in-yonkers-football-suit.html","snippet":null,"lead_paragraph":null,"abstract":null,"blog":[],"source":"The New York Times","headline":{"main":"CONFRONTING STEREOTYPES IN YONKERS FOOTBALL SUIT","kicker":"WESTCHESTER OPINION"},"pub_date":"1985-11-17T00:00:00Z","document_type":"article","news_desk":"Westchester Weekly Desk","section_name":"Education; New York and Region","subsection_name":null,"type_of_material":"News","_id":"4fd167248eb7c8105d655851"},{"web_url":"http:\/\/query.nytimes.com\/gst\/abstract.html?res=9B02E4D91E3BE433A25755C1A96E9C946791D6CF","snippet":"HR approves bill authorizing regular commissions for male nurses...","lead_paragraph":null,"abstract":"HR approves bill authorizing regular commissions for male nurses","blog":[],"source":"The New York Times","headline":{"main":"House Votes Commissions For Male Nurses in Services"},"pub_date":"1966-08-16T00:00:00Z","document_type":"article","news_desk":null,"section_name":null,"subsection_name":null,"type_of_material":"Article","_id":"4fc4255e45c1498b0d948a06"},{"web_url":"http:\/\/www.nytimes.com\/2017\/01\/17\/upshot\/republican-men-say-its-a-better-time-to-be-a-woman-than-a-man.html","snippet":"A survey shows 82 percent of women feel sexism is a problem today, while men underestimate the sexism felt by the women in their lives....","lead_paragraph":"A survey shows 82 percent of women feel sexism is a problem today, while men underestimate the sexism felt by the women in their lives.","abstract":null,"blog":[],"source":"The New York Times","headline":{"main":"Republican Men Say It\u2019s a Better Time to Be a Woman Than a Man","content_kicker":"Gender Inequality","kicker":"The Upshot","print_headline":"Sexes Differ on Persistence of Sexism"},"pub_date":"2017-01-17T15:58:19+0000","document_type":"article","news_desk":"Upshot","section_name":"The Upshot","subsection_name":null,"type_of_material":"News","_id":"587e3f237c459f2525d16fed"},{"web_url":"http:\/\/www.nytimes.com\/1990\/06\/17\/nyregion\/l-equality-for-women-on-the-golf-course-953190.html","snippet":"LEAD: I am all for equality for women on the golf course....","lead_paragraph":"LEAD: I am all for equality for women on the golf course.","abstract":null,"blog":[],"source":"The New York Times","headline":{"main":"Equality for Women On the Golf Course"},"pub_date":"1990-06-17T00:00:00Z","document_type":"article","news_desk":"New Jersey Weekly Desk","section_name":"New York and Region; Opinion","subsection_name":null,"type_of_material":"Letter","_id":"4fd194138eb7c8105d69ebb8"},{"web_url":"http:\/\/www.nytimes.com\/aponline\/2017\/02\/21\/us\/politics\/ap-us-trump-transgender-bathrooms.html","snippet":"The Trump administration is working on a new set of directives on the use of school bathrooms by transgender students, the White House said Tuesday....","lead_paragraph":"The Trump administration is working on a new set of directives on the use of school bathrooms by transgender students, the White House said Tuesday.","abstract":null,"blog":[],"source":"AP","headline":{"main":"Trump Administration Working on Trans Bathroom Guidelines","print_headline":"Trump Administration Working on Trans Bathroom Guidelines"},"pub_date":"2017-02-21T21:51:58+0000","document_type":"article","news_desk":null,"section_name":"U.S.","subsection_name":"Politics","type_of_material":"News","_id":"58acb6837c459f2525d1dbf0"},{"web_url":"http:\/\/www.nytimes.com\/1990\/11\/14\/garden\/l-taboos-and-sexuality-997390.html","snippet":"To The Living Section:   I would like to clarify the quotation from me in your piece headlined \"Bodies Go Public: It's Men's Turn Now\" on Oct. 31. I am quoted as saying, \"Taboos preserve the sense of special mystery of one gender as opposed to ano...","lead_paragraph":"To The Living Section: I would like to clarify the quotation from me in your piece headlined \"Bodies Go Public: It's Men's Turn Now\" on Oct. 31. I am quoted as saying, \"Taboos preserve the sense of special mystery of one gender as opposed to another\" and thus \"contribute to equality.\" Public displays and open discussion of male or female sexuality contribute to equality only if men and women participate equally. Formerly, displays of the female form underscored that men had the distinct power to look while women were looked upon, thus contributing to inequality . The new trend toward the unveiling of men's bodies means that both men and women are eqally open (or closed) to each other. This is why (as the next sentence properly says) the breakdown of taboos against display of the male body speaks to equality between the sexes. TODD GITLIN Professor of Sociology University of California Berkeley, Calif.","abstract":null,"blog":[],"source":"The New York Times","headline":{"main":"Taboos and Sexuality"},"pub_date":"1990-11-14T00:00:00Z","document_type":"article","news_desk":"Living Desk","section_name":"Home and Garden; Opinion","subsection_name":null,"type_of_material":"Letter","_id":"4fd19ea58eb7c8105d6b1f86"},{"web_url":"http:\/\/www.nytimes.com\/reuters\/2017\/01\/09\/world\/europe\/09reuters-britain-politics-women.html","snippet":"The number of women parliamentarians in Britain is \"shockingly low\" and the government should set targets to achieve equal representation by 2030, British lawmakers said in a report on Tuesday....","lead_paragraph":"The number of women parliamentarians in Britain is \"shockingly low\" and the government should set targets to achieve equal representation by 2030, British lawmakers said in a report on Tuesday.","abstract":null,"blog":[],"source":"Reuters","headline":{"main":"More Women Lawmakers Needed in UK as Numbers 'Shockingly Low': Report","print_headline":"More Women Lawmakers Needed in UK as Numbers 'Shockingly Low': Report"},"pub_date":"2017-01-10T00:42:32+0000","document_type":"article","news_desk":null,"section_name":"World","subsection_name":"Europe","type_of_material":"News","_id":"58742e017c459f2525d15a73"},{"web_url":"http:\/\/www.nytimes.com\/reuters\/2017\/01\/23\/world\/asia\/23reuters-india-cities-ghettos.html","snippet":"On the inauguration of U.S. President Donald Trump, an Indian real estate company ran an advertisement with the slogan 'Homes that don't discriminate', calling for an end to prejudice in India's housing market based on gender, religion or caste....","lead_paragraph":"On the inauguration of U.S. President Donald Trump, an Indian real estate company ran an advertisement with the slogan 'Homes that don't discriminate', calling for an end to prejudice in India's housing market based on gender, religion or caste.","abstract":null,"blog":[],"source":"Reuters","headline":{"main":"No Muslims, No Single Women: Housing Bias Turning Indian Cities Into Ghettos","print_headline":"No Muslims, No Single Women: Housing Bias Turning Indian Cities Into Ghettos"},"pub_date":"2017-01-23T16:03:32+0000","document_type":"article","news_desk":null,"section_name":"World","subsection_name":"Asia Pacific","type_of_material":"News","_id":"5886295a7c459f2525d18205"}]