[{"web_url":"http:\/\/www.nytimes.com\/1985\/11\/28\/us\/asserting-the-rights-of-the-male.html","snippet":"When Dan Logan was a Washington speechwriter, politicians were only too happy to listen to his suggestions. But now, as executive director of Free Man, a men's issues organization, Mr. Logan feels that his ideas are seldom taken seriously.   ''If ...","lead_paragraph":"When Dan Logan was a Washington speechwriter, politicians were only too happy to listen to his suggestions. But now, as executive director of Free Man, a men's issues organization, Mr. Logan feels that his ideas are seldom taken seriously. ''If you say 'men's issues' to a poltician in Washington,'' Mr. Logan said, ''he may laugh. I've had it happen to me.''","abstract":null,"blog":[],"source":"The New York Times","headline":{"main":"ASSERTING THE RIGHTS OF THE MALE"},"pub_date":"1985-11-28T00:00:00Z","document_type":"article","news_desk":"National Desk","section_name":"U.S.","subsection_name":null,"type_of_material":"News","_id":"4fd15f198eb7c8105d647992"},{"web_url":"http:\/\/www.nytimes.com\/aponline\/2013\/07\/31\/world\/asia\/ap-as-skorea-male-rights-activist.html","snippet":"A funeral has been held for an activist for men's rights who died after jumping in South Korea's Han River in a publicity stunt gone awry....","lead_paragraph":"A funeral has been held for an activist for men's rights who died after jumping in South Korea's Han River in a publicity stunt gone awry.","abstract":null,"blog":[],"source":"AP","headline":{"main":"Funeral for Male Rights Activist Killed in Stunt","print_headline":"Funeral for Male Rights Activist Killed in Stunt"},"pub_date":"2013-07-31T23:23:25Z","document_type":"article","news_desk":null,"section_name":"World","subsection_name":"Asia Pacific","type_of_material":"News","_id":"51fa734438f0d8740ac88e9c"},{"web_url":"http:\/\/query.nytimes.com\/gst\/abstract.html?res=9B04E7DE153AE532A25750C2A9659C946194D6CF","snippet":"House of Commons men refuse to permit women members to take women guests into general smoking room...","lead_paragraph":null,"abstract":"House of Commons men refuse to permit women members to take women guests into general smoking room","blog":[],"source":"The New York Times","headline":{"main":"Male M.P.'s Maintain Rights Against Women in Commons"},"pub_date":"1930-03-23T00:00:00Z","document_type":"article","news_desk":null,"section_name":null,"subsection_name":null,"type_of_material":"Article","_id":"4fc0bea245c1498b0d44814c"},{"web_url":"http:\/\/query.nytimes.com\/gst\/abstract.html?res=9A07E2D6143DE03ABC4A51DFB1668383659EDE","snippet":"ROCHESTER, July 21 -- The gradual disappearance from the American scene of civic groups composed exclusively of women was foreseen here today....","lead_paragraph":"ROCHESTER, July 21 -- The gradual disappearance from the American scene of civic groups composed exclusively of women was foreseen here today.","abstract":"marked, Rochester; Dr M E Hilton urges merger of men's and women's civic groups","blog":[],"source":"The New York Times","headline":{"main":"Merger of Male, Female Civic Groups Urged At Women's Rights Celebration in Rochester"},"pub_date":"1948-07-22T00:00:00Z","document_type":"article","news_desk":null,"section_name":null,"subsection_name":null,"type_of_material":"Article","_id":"4fc2897045c1498b0d6e51c5"},{"web_url":"http:\/\/www.nytimes.com\/reuters\/2014\/06\/16\/world\/africa\/16reuters-health-fgm.html","snippet":"Female genital mutilation, the excision of the clitoris practised widely in African and many Muslim countries, is a means for men to maintain control of women and must be eradicated, U.N. human rights chief Navi Pillay said on Monday....","lead_paragraph":"Female genital mutilation, the excision of the clitoris practised widely in African and many Muslim countries, is a means for men to maintain control of women and must be eradicated, U.N. human rights chief Navi Pillay said on Monday.","abstract":null,"blog":[],"source":"Reuters","headline":{"main":"Female Mutilation a Means of Male Power Over Women: UN Rights Chief","print_headline":"Female Mutilation a Means of Male Power Over Women: UN Rights Chief"},"pub_date":"2014-06-16T11:44:09Z","document_type":"article","news_desk":null,"section_name":"World","subsection_name":"Africa","type_of_material":"News","_id":"539f111d38f0d87596d2697c"},{"web_url":"http:\/\/query.nytimes.com\/gst\/abstract.html?res=9E0CE6D6173EE63ABC4953DFB6678389669EDE","snippet":"The State Division of Human Rights is investigating charges of five part-time physical-education instructors in Queens that they were discriminated against for reasons of sex when the local school board decided to hire women instructors in their p...","lead_paragraph":"The State Division of Human Rights is investigating charges of five part-time physical-education instructors in Queens that they were discriminated against for reasons of sex when the local school board decided to hire women instructors in their place.","abstract":"NYS Human Rights Division is investigating charges of 5 part-time physical educ instructors in Queens that they were discriminated against for reasons of sex when local school bd 26 decided to hire women instructors to replace them; 5 men were conducting evening games and recreation classes for children in dist, some of them for as long as 14 yrs; they were not rehired last fall after decision by bd to use more women instructors in order to attract larger number of girls to evening programs; program dir Mrs A Morse concedes only few more women have joined evening sessions; both dist bd and central Educ Bd have rejected men's complaints","blog":[],"source":"The New York Times","headline":{"main":"5 MALE TEACHERS CHARGE SEX BIAS; State Rights Unit Checking on Complaints Filed Here"},"pub_date":"1972-10-01T00:00:00Z","document_type":"article","news_desk":null,"section_name":null,"subsection_name":null,"type_of_material":"Article","_id":"4fc47b3f45c1498b0da01422"},{"web_url":"http:\/\/query.nytimes.com\/gst\/abstract.html?res=9E07E2D91F30E73BBC4D52DFB766838A669EDE","snippet":"The Barbizon Hotel for Women, the New York Mets, a chain of Bowery hotels and restaurant and hotel associations were among the disparate institutions that urged the City Commission on Human Rights yesterday to honor their longstanding practices of...","lead_paragraph":"The Barbizon Hotel for Women, the New York Mets, a chain of Bowery hotels and restaurant and hotel associations were among the disparate institutions that urged the City Commission on Human Rights yesterday to honor their longstanding practices of discriminating between the sexes.","abstract":"NY: Club urges it be allowed to continue Ladies Days, NYC Human Rights Comm hearing on sex discrimination law","blog":[],"source":"The New York Times","headline":{"main":"CITY RIGHTS UNIT PONDERS SEX LAW; Hears Hotels' Pleas to Keep Male-Female Distinction"},"pub_date":"1971-01-15T00:00:00Z","document_type":"article","news_desk":null,"section_name":null,"subsection_name":null,"type_of_material":"Article","_id":"4fc4806945c1498b0da178ab"},{"web_url":"http:\/\/query.nytimes.com\/gst\/abstract.html?res=9805E2DA1630E43ABC4A52DFB566838B659EDE","snippet":"The Samuel French office, which once had a virtual monopoly on stock and amateur rights, has taken cognizance of the competition offered by the Dramatists Play Service,......","lead_paragraph":"The Samuel French office, which once had a virtual monopoly on stock and amateur rights, has taken cognizance of the competition offered by the Dramatists Play Service,...","abstract":null,"blog":[],"source":"The New York Times","headline":{"main":"$10,000 FOR RIGHTS TO 'THE MALE ANIMAL'; French Office Pays High Sum for Stock-Amateur Offering","kicker":"1"},"pub_date":"1940-03-12T00:00:00Z","document_type":"article","news_desk":null,"section_name":null,"subsection_name":null,"type_of_material":"Article","_id":"4fc2286345c1498b0d63e27c"},{"web_url":"http:\/\/query.nytimes.com\/gst\/abstract.html?res=9501EED8133EE23BBC4950DFBE66838C649EDE","snippet":"There has been more progress made in the United States against racial prejudice than against sex prejudice a leading psychologist said yesterday....","lead_paragraph":"There has been more progress made in the United States against racial prejudice than against sex prejudice a leading psychologist said yesterday.","abstract":"Dr G Watson sees little change in typical male prejudices against women, s, Internatl Council of Women Psychologists","blog":[],"source":"The New York Times","headline":{"main":"MAN TELLS WOMEN THEY LACK RIGHTS; Psychologists Hear Plea for Change in 'Typical' Male Attitude of Prejudice"},"pub_date":"1957-08-31T00:00:00Z","document_type":"article","news_desk":null,"section_name":null,"subsection_name":null,"type_of_material":"Article","_id":"4fc3bb3b45c1498b0d81f576"},{"web_url":"http:\/\/query.nytimes.com\/gst\/abstract.html?res=9403EFDD1239E53ABC4852DFB466838D659EDE","snippet":"WASHINGTON, Feb. 9--When Mrs. Anna M. Rosenberg set up in New York City the Committee on Services to Women Veterans she called attention to a gap in the veterans' program, which all cities should move to fill if the veterans' readjustment program ...","lead_paragraph":"WASHINGTON, Feb. 9--When Mrs. Anna M. Rosenberg set up in New York City the Committee on Services to Women Veterans she called attention to a gap in the veterans' program, which all cities should move to fill if the veterans' readjustment program is to carry out its fullest promise.","abstract":"Mademoiselle (pub) article on advice to women veterans discussed","blog":[],"source":"The New York Times","headline":{"main":"READJUSTMENT; Female Veterans Rate Every Consideration Provided Male Under 'Gl Bill of Rights'-- Magazine Outlines the Field"},"pub_date":"1946-02-10T00:00:00Z","document_type":"article","news_desk":null,"section_name":null,"subsection_name":null,"type_of_material":"Article","_id":"4fc2418945c1498b0d6b2f6f"},{"web_url":"http:\/\/query.nytimes.com\/gst\/abstract.html?res=9401E1DB163FE633A25751C1A9679C946296D6CF","snippet":"Declaring that to be a male school teacher was \"the crowning misfortune of the present dispensation,\" some 400 male school teachers decided at a dinner held in Kalil's restaurant last night to fight for economic survival through direct political a...","lead_paragraph":"Declaring that to be a male school teacher was \"the crowning misfortune of the present dispensation,\" some 400 male school teachers decided at a dinner held in Kalil's restaurant last night to fight for economic survival through direct political action.","abstract":"Men teachers form an association","blog":[],"source":"The New York Times","headline":{"main":"MALE TEACHERS SEE OPENING IN POLITICS; With an Estimated Control of 20,000 Votes, They Propose to \"Fight for Rights.\""},"pub_date":"1913-01-12T00:00:00Z","document_type":"article","news_desk":null,"section_name":null,"subsection_name":null,"type_of_material":"Article","_id":"4fc0635e45c1498b0d29b199"},{"web_url":"http:\/\/query.nytimes.com\/gst\/abstract.html?res=9F07E2D61E3DE03BBC4F53DFB766838D649EDE","snippet":"PHILADELPHIA, Jan. 6-- The provision in the will of Stephen Girard that restricts admissions to Girard College to \"poor, white male orphans\" was upheld today by the six judges of the Philadelphia Orphans' Court....","lead_paragraph":"PHILADELPHIA, Jan. 6-- The provision in the will of Stephen Girard that restricts admissions to Girard College to \"poor, white male orphans\" was upheld today by the six judges of the Philadelphia Orphans' Court.","abstract":"Phila Orphans Ct upholds provision in S Girard will restricting admissions to Girard Coll to poor white male orphans; 2 Negroes, who sued City Trusts Bd, '54, met all but race qualifications; to appeal","blog":[],"source":"The New York Times","headline":{"main":"BAN ON NEGROES BY COLLEGE HOLDS; Philadelphia Judges Support Girard's Limit to 'Poor, White Male Orphans' No Legal Reason to Alter Trust 'Reassured Rights' Cited"},"pub_date":"1956-01-07T00:00:00Z","document_type":"article","news_desk":null,"section_name":null,"subsection_name":null,"type_of_material":"Article","_id":"4fc3b78045c1498b0d80df11"},{"web_url":"http:\/\/query.nytimes.com\/gst\/abstract.html?res=990CE0DF1139EF32A25752C0A96E9C946795D6CF","snippet":"LONDON. ANOTHER suffrage campaign is to begin in the Autumn throughout Great Britain, this time on the issue of an equality of franchise between the sexes. There is, however, no prospect of a renewal of the violent tactics of the pre-war suffraget...","lead_paragraph":"LONDON. ANOTHER suffrage campaign is to begin in the Autumn throughout Great Britain, this time on the issue of an equality of franchise between the sexes. There is, however, no prospect of a renewal of the violent tactics of the pre-war suffragettes.","abstract":"Feature article on campaign for equal rights","blog":[],"source":"The New York Times","headline":{"main":"BRITAIN HAS NEW SUFFRAGE ISSUE; Equal Rights With Male Voters Is Aim of Campaign in Which Many Veteran Women Leaders Are Active"},"pub_date":"1926-08-01T00:00:00Z","document_type":"article","news_desk":null,"section_name":null,"subsection_name":null,"type_of_material":"Article","_id":"4fc0a05945c1498b0d3b8d89"},{"web_url":"http:\/\/query.nytimes.com\/gst\/abstract.html?res=950CE6D81330E233A2575BC1A9649D946196D6CF","snippet":"US Govt sells Pribilof Is seal skins at London auction for $445,000; profit from leasing rights to sealing indus in '09 was only $153,000...","lead_paragraph":null,"abstract":"US Govt sells Pribilof Is seal skins at London auction for $445,000; profit from leasing rights to sealing indus in '09 was only $153,000","blog":[],"source":"The New York Times","headline":{"main":"GOVERNMENT GAINS PROFIT IN SEALING; Sells 12,920 Skins In London for $445,000 -- Leased Rights Last Year for Only $153,000. ONLY MALE ANIMALS SLAIN Protection of the Priblloff Herds Pays Well, Though Market's Demand Has Not Been Up to Normal."},"pub_date":"1910-12-18T00:00:00Z","document_type":"article","news_desk":null,"section_name":null,"subsection_name":null,"type_of_material":"Editorial","_id":"4fc056b445c1498b0d2613d6"},{"web_url":"http:\/\/query.nytimes.com\/gst\/abstract.html?res=9403EFD71F30E33ABC4B53DFB6678382639EDE","snippet":"WASHINGTON, Oct. 2.--Special legislation for women in industry was approved and the equal rights amendment sponsored by the National Woman's party was denounced by the Rev. John A. Ryan in an address today before the National Council of Catholic W...","lead_paragraph":"WASHINGTON, Oct. 2.--Special legislation for women in industry was approved and the equal rights amendment sponsored by the National Woman's party was denounced by the Rev. John A. Ryan in an address today before the National Council of Catholic Women.","abstract":"S at Natl Council of Cath Women's convention opposing views of J A Ryan who denounced equal rights amendment for women in industry","blog":[],"source":"The New York Times","headline":{"main":"HITS EQUAL RIGHTS AS BANE OF WOMEN; Dr. John A. Ryan Condemns the Proposed Measure Before Catholic Conference. WOMAN TAKES EXCEPTION New York Wage Earner Describes Her Own Experience in Competing With Male Workers."},"pub_date":"1929-10-03T00:00:00Z","document_type":"article","news_desk":null,"section_name":null,"subsection_name":null,"type_of_material":"Article","_id":"4fc0c8df45c1498b0d47525c"},{"web_url":"http:\/\/query.nytimes.com\/gst\/abstract.html?res=9F01E3DC1339E03ABC4152DFB466838B629EDE","snippet":"HAVANA, Feb. 19.--Two sessions of the Interamerican Commission of Women were held today, the first at 11 A.M. and the second at 3 P.M. At the morning session Senorita Clara Gonzalez, commissioner for Panama, opened the meeting and Senorita Juanita...","lead_paragraph":"HAVANA, Feb. 19.--Two sessions of the Interamerican Commission of Women were held today, the first at 11 A.M. and the second at 3 P.M. At the morning session Senorita Clara Gonzalez, commissioner for Panama, opened the meeting and Senorita Juanita Fromen of Nicaragua was the principal speaker. She spoke on the topic of nationality of citizens.","abstract":"J Fromen on equality of men and women as to their nationality; L Berrien on women's nationality, ss at Inter-Amer Comm of Women","blog":[],"source":"The New York Times","headline":{"main":"WOMEN URGE PARITY WITH MALE CITIZENS; Speakers at Havana Conference Ask Equal Rights in Choice of Their Nationality.APPEAL TO HAGUE VOTEDResolution Asks Incorporation inProposed International Codeof Citizenship Rules. Equality Set as Goal."},"pub_date":"1930-02-19T00:00:00Z","document_type":"article","news_desk":null,"section_name":null,"subsection_name":null,"type_of_material":"Article","_id":"4fc0c38a45c1498b0d45ee96"},{"web_url":"http:\/\/query.nytimes.com\/gst\/abstract.html?res=9502E0D81139E13ABC4B51DFB4668382609EDE","snippet":"WATERTOWN, N.Y., Feb. 22.--Dr. Mary Walker, 87 years old, died at her home, on Bunker Hill, near Oswego, at 8 o'clock last night after a long illness. She was a surgeon in the civil war and received a Congressional medal of honor. She gained fame ...","lead_paragraph":"WATERTOWN, N.Y., Feb. 22.--Dr. Mary Walker, 87 years old, died at her home, on Bunker Hill, near Oswego, at 8 o'clock last night after a long illness. She was a surgeon in the civil war and received a Congressional medal of honor. She gained fame by being the only woman allowed to appear in male attire by an act of Congress.","abstract":"death and career","blog":[],"source":"The New York Times","headline":{"main":"DR. MARY WALKER, CRUSADER, IS DEAD; Women's Rights Advocate, Who Wore Male Attire by Authority of Congress, Was 87. SURGEON IN THE CIVIL WAR Pioneer Suffragist and Lecturer Was a Picturesque Figure in Washington for Years."},"pub_date":"1919-02-23T00:00:00Z","document_type":"article","news_desk":null,"section_name":null,"subsection_name":null,"type_of_material":"Article","_id":"4fc06e6a45c1498b0d2cf454"},{"web_url":"http:\/\/query.nytimes.com\/gst\/abstract.html?res=9D02E6DE133DEF31A7575BC1A9619C946694D6CF","snippet":"LANCASTER, Pa., July 17.--Seeds of trouble, ready to sprout and flourish, still remain in Eden, it became evident at the first national convention of the Men's Garden Clubs of America, held here today to crystallize into a vigorous fighting organi...","lead_paragraph":"LANCASTER, Pa., July 17.--Seeds of trouble, ready to sprout and flourish, still remain in Eden, it became evident at the first national convention of the Men's Garden Clubs of America, held here today to crystallize into a vigorous fighting organization the growing number...","abstract":null,"blog":[],"source":"The New York Times","headline":{"main":"PUSH FIGHT TO SAVE GARDENS FOR MEN; Male Clubs of America in Their First Convention Find Trouble in Eden; WOMEN LOSE SUFFRAGE; But the Powdered Noses Win at Dinner--Delegates at Lancaster, Pa., Visit Near-By Displays No Women Allowed to Vote Free Defends Men's Rights","kicker":"1"},"pub_date":"1937-07-18T00:00:00Z","document_type":"article","news_desk":null,"section_name":null,"subsection_name":null,"type_of_material":"Article","_id":"4fc1f98a45c1498b0d56bef7"},{"web_url":"http:\/\/query.nytimes.com\/gst\/abstract.html?res=9B01EED71F30E733A25754C1A9639C946297D6CF","snippet":"QUEENSTOWN, May 16. -- The Umbria arrived here at 3:38 P.M. to-day....","lead_paragraph":"QUEENSTOWN, May 16. -- The Umbria arrived here at 3:38 P.M. to-day.","abstract":"Cafe Boulevard Wins Mrs. Israel's Suit","blog":[],"source":"The New York Times","headline":{"main":"Article 1 -- No Title; RESTAURANT KEEPERS' RIGHTS. Court Upholds Defendant Who Refused to Serve a Woman Because She Had No Male Escort. CONGO MISSIONARY ARRIVES. The Rev. Mr. Morrison Will Lay Before Secretary Hay Evidence of Abuses in the Free State."},"pub_date":"1903-05-17T00:00:00Z","document_type":"article","news_desk":null,"section_name":null,"subsection_name":null,"type_of_material":"Article","_id":"4fc02f0845c1498b0d1ae4e8"},{"web_url":"http:\/\/www.nytimes.com\/aponline\/2017\/02\/10\/us\/ap-us-hilton-gender-discrimination-suit.html","snippet":"A Hilton hotel paid a female housekeeper less than her male counterparts &#8212; including her own son &#8212; for the same work, state anti-discrimination officials alleged in a civil rights complaint Friday....","lead_paragraph":"A Hilton hotel paid a female housekeeper less than her male counterparts &#8212; including her own son &#8212; for the same work, state anti-discrimination officials alleged in a civil rights complaint Friday.","abstract":null,"blog":[],"source":"AP","headline":{"main":"Complaint: Hilton Paid Woman Less Than Her Son for Same Work","print_headline":"Complaint: Hilton Paid Woman Less Than Her Son for Same Work"},"pub_date":"2017-02-10T18:51:48+0000","document_type":"article","news_desk":null,"section_name":"U.S.","subsection_name":null,"type_of_material":"News","_id":"589e0bc77c459f2525d1b9c8"}]