[{"web_url":"http:\/\/query.nytimes.com\/gst\/abstract.html?res=9E02E0D81739E732A25751C0A9639C946890D6CF","snippet":"PROVIDENCE, R.I., May 1 (AP)--A Federal judge ruled today that a male high school senior had been unconstitutionally barred from the girls' volleyball team at his school and ordered that he be allowed to play....","lead_paragraph":"PROVIDENCE, R.I., May 1 (AP)--A Federal judge ruled today that a male high school senior had been unconstitutionally barred from the girls' volleyball team at his school and ordered that he be allowed to play.","abstract":"Fed Dist Ct (Providence, RI) Judge Raymond J Pettine rules that male hs senior Donald Gomes had been unconstitutionally barred from girl's volleyball team at his school and orders that he be allowed to play (S)","blog":[],"source":"The New York Times","headline":{"main":"Male Breakthrough in Sports"},"pub_date":"1979-05-02T00:00:00Z","document_type":"article","news_desk":null,"section_name":null,"subsection_name":null,"type_of_material":"Article","_id":"4fc4a0c245c1498b0daa4c77"},{"web_url":"http:\/\/www.nytimes.com\/1999\/05\/09\/nyregion\/l-cheerleading-favors-male-sports-still-583286.html","snippet":"This sentence, buried in the middle of the article ''Cheerleading Changes as Boys Join Sidelines'' on May 2, says it all: ''At the schools where the cheerleaders were interviewed, the squad still only went out to cheer for major boys' sports.''   ...","lead_paragraph":"This sentence, buried in the middle of the article ''Cheerleading Changes as Boys Join Sidelines'' on May 2, says it all: ''At the schools where the cheerleaders were interviewed, the squad still only went out to cheer for major boys' sports.'' No matter how many boys sign up, until cheerleading squads are equally assigned to girls' sports as well, cheerleading (and its still predominantly female members) will continue to be viewed as serving the traditionally dominant male athletic culture in these schools. JENNY GEER Larchmont","abstract":null,"blog":[],"source":"The New York Times","headline":{"main":"Cheerleading Favors Male Sports, Still"},"pub_date":"1999-05-09T00:00:00Z","document_type":"article","news_desk":"Westchester Weekly Desk","section_name":"New York and Region; Opinion","subsection_name":null,"type_of_material":"Letter","_id":"4fd20c898eb7c8105d77c130"},{"web_url":"http:\/\/query.nytimes.com\/gst\/abstract.html?res=9B0CE3D8173BE133A25750C1A9679D946690D6CF","snippet":"At Connectquot, swimming is a team sport. Not only do the girls swim as a team, but Martha Morrell and Ray D'Annolfo also coach as a team....","lead_paragraph":"At Connectquot, swimming is a team sport. Not only do the girls swim as a team, but Martha Morrell and Ray D'Annolfo also coach as a team.","abstract":null,"blog":[],"source":"The New York Times","headline":{"main":"Male Aide Buoys Swimmers; Girls' Sports.","kicker":"1"},"pub_date":"1977-11-13T00:00:00Z","document_type":"article","news_desk":null,"section_name":null,"subsection_name":null,"type_of_material":"Article","_id":"4fc49c2945c1498b0da8f498"},{"web_url":"http:\/\/query.nytimes.com\/gst\/abstract.html?res=9503E0D9103BE63BBC4850DFB767838F669EDE","snippet":"In field hockey, women have usually worn the cleats and carried the sticks. But at Princeton University, the tables may have turned as men have started taking up everything but the traditional jumper and knee socks. Coed sports are not new at Prin...","lead_paragraph":"In field hockey, women have usually worn the cleats and carried the sticks. But at Princeton University, the tables may have turned as men have started taking up everything but the traditional jumper and knee socks. Coed sports are not new at Princeton, Last fall, two husky women announced their intention to try out for the light-weight football squad. Both men and women compete","abstract":null,"blog":[],"source":"The New York Times","headline":{"main":"A Male Invasion; New Jersey Sports","kicker":"1"},"pub_date":"1974-11-30T00:00:00Z","document_type":"article","news_desk":null,"section_name":null,"subsection_name":null,"type_of_material":"Article","_id":"4fc488da45c1498b0da3c5b8"},{"web_url":"http:\/\/query.nytimes.com\/gst\/abstract.html?res=9801E0D81631E53BBC4053DFB4668388649EDE","snippet":"A VERY BRUNDAGE is a brave man of such lofty principles that he deems compromise or expediency a coward's cloak. No sooner had the millionaire ex-decathlon champion been elected president of the International Olympic Committee last July, the first...","lead_paragraph":"A VERY BRUNDAGE is a brave man of such lofty principles that he deems compromise or expediency a coward's cloak. No sooner had the millionaire ex-decathlon champion been elected president of the International Olympic Committee last July, the first American ever so honored, than he flailed away with his usual vigor at the evils threatening the Olympic movement. He pointed one accusing finger at the curse of \"gigantism.\"","abstract":null,"blog":[],"source":"The New York Times","headline":{"main":"Sports of The Times; More Deadly Than the Male","kicker":"1"},"pub_date":"1953-02-08T00:00:00Z","document_type":"article","news_desk":null,"section_name":null,"subsection_name":null,"type_of_material":"Article","_id":"4fc3a7ca45c1498b0d7c3cb5"},{"web_url":"http:\/\/www.nytimes.com\/1998\/12\/08\/sports\/sports-of-the-times-another-male-coach-hired-in-wnba.html","snippet":"HIS credentials to coach women's professional basketball were unassailable, though Van Chancellor admits his original intentions were not altogether pure.    It was during the mid-1960's when Chancellor, teaching math and coaching boys' basketball...","lead_paragraph":"HIS credentials to coach women's professional basketball were unassailable, though Van Chancellor admits his original intentions were not altogether pure. It was during the mid-1960's when Chancellor, teaching math and coaching boys' basketball in Horn Lake, Miss., went to the principal one day and said he needed a study hall break. ''There weren't too many math teachers in Mississippi in those days,'' the coach of the Houston Comets drawled recently on the phone. ''They told me they also needed a coach for the girls' team. If I took it over, I'd be able to get out of two classes a day.''","abstract":"Harvey Araton column voices concern over the number of men being named to coach teams in Women's National Basketball Association; photo of Richie Adubato, who is expected to be named coach of New York Liberty; photo (M)","blog":[],"source":"The New York Times","headline":{"main":"Sports of The Times; Another Male Coach Hired In W.N.B.A."},"pub_date":"1998-12-08T00:00:00Z","document_type":"article","news_desk":"Sports Desk","section_name":"Sports","subsection_name":null,"type_of_material":"News","_id":"4fd20d838eb7c8105d77deac"},{"web_url":"http:\/\/query.nytimes.com\/gst\/abstract.html?res=9904EFDB123CE23ABC4C51DFB066838F629EDE","snippet":"2d...","lead_paragraph":null,"abstract":"2d","blog":[],"source":"The New York Times","headline":{"main":"VIRGINIA FRESHMEN EXCEL; Connor, Cramer and Male Awarded Numerals in Three Sports."},"pub_date":"1934-06-24T00:00:00Z","document_type":"article","news_desk":null,"section_name":null,"subsection_name":null,"type_of_material":"Article","_id":"4fc1e81e45c1498b0d5170f1"},{"web_url":"http:\/\/www.nytimes.com\/2001\/08\/15\/sports\/sports-of-the-times-putting-dent-in-one-more-male-bastion.html","snippet":"IN basketball, the answer to Sigmund Freud's long-discussed question -- what do women want? -- is not very complicated. Just ask Stephanie Ready.    She wants, generally, what guys want: a good job, respect, the chance to succeed or fail on her me...","lead_paragraph":"IN basketball, the answer to Sigmund Freud's long-discussed question -- what do women want? -- is not very complicated. Just ask Stephanie Ready. She wants, generally, what guys want: a good job, respect, the chance to succeed or fail on her merits, in a passion of her choosing, and with no glass rafters. She wants to win and, as a coach, to develop good players along the way.","abstract":"Ira Berkow's Sports of The Times column on Stephanie Ready, who will become assistant coach of Greenville (SC) Groove in National Basketball Association's new eight-team developmental league; league will essentially be NBA minor league and successor to defunct Continental Basketball Association; Ready is first female coach ever of American men's professional team; photo (M)","blog":[],"source":"The New York Times","headline":{"main":"Sports of The Times; Putting Dent In One More Male Bastion"},"pub_date":"2001-08-15T00:00:00Z","document_type":"article","news_desk":"Sports Desk","section_name":"Sports","subsection_name":null,"type_of_material":"News","_id":"4fd20f918eb7c8105d782244"},{"web_url":"http:\/\/query.nytimes.com\/gst\/abstract.html?res=9F06E7DC1639E633A25755C2A96F9C946795D6CF","snippet":"Paris experts discuss effects of sports on human figures...","lead_paragraph":null,"abstract":"Paris experts discuss effects of sports on human figures","blog":[],"source":"The New York Times","headline":{"main":"FIGURE OF SEXES AFFECTED BY SPORTS; Female Form Divine Is Diviner, That of Male Out of Shape, Paris Experts Say."},"pub_date":"1926-09-26T00:00:00Z","document_type":"article","news_desk":null,"section_name":null,"subsection_name":null,"type_of_material":"Article","_id":"4fc0897645c1498b0d34eb09"},{"web_url":"http:\/\/www.nytimes.com\/2016\/05\/06\/insider\/the-times-on-the-air-juliet-macur-on-mean-male-sports-fans-gina-kolata-on-the-biggest-gainers-and-more.html","snippet":"Highlights from radio and television interviews featuring reporters and columnists from The Times....","lead_paragraph":"Highlights from radio and television interviews featuring reporters and columnists from The Times.","abstract":null,"blog":[],"source":"The New York Times","headline":{"main":"The Times on the Air: Juliet Macur on Mean Male Sports Fans, Gina Kolata on the Biggest Gainers, and More","content_kicker":"Tune In to The Times","kicker":"Tune In to The Times"},"pub_date":"2016-05-06T00:00:00Z","document_type":"article","news_desk":"Insider","section_name":"Times Insider","subsection_name":null,"type_of_material":"News","_id":"572c982b38f0d83ff98d81c5"},{"web_url":"http:\/\/query.nytimes.com\/gst\/abstract.html?res=9F0DEED6103CE03BBC4C53DFB366838D649EDE","snippet":"Along with defending champion Yale and Penn State, Georgetown University is one of the favored teams in the Eastern intercollegiate golf championships....","lead_paragraph":"Along with defending champion Yale and Penn State, Georgetown University is one of the favored teams in the Eastern intercollegiate golf championships.","abstract":null,"blog":[],"source":"The New York Times","headline":{"main":"Notes on College Sports; Local Golfers Will Lead Georgetown Team in Intercollegiate Championships Salute to Rourke and Ketz Tribute to a Coach Fishing, Male and Female Fordham Boosters to Meet","kicker":"1"},"pub_date":"1956-05-04T00:00:00Z","document_type":"article","news_desk":null,"section_name":null,"subsection_name":null,"type_of_material":"Article","_id":"4fc3bac645c1498b0d81c987"},{"web_url":"http:\/\/query.nytimes.com\/gst\/abstract.html?res=9B02E7D91430E532A25752C2A9679D946890D6CF","snippet":"Newly formed joint venture called SINO Information Resources and partners BNC Enterprises has purchased McAvoy Publications International, advertising representatives, and has formed China Advertising (M)...","lead_paragraph":null,"abstract":"Newly formed joint venture called SINO Information Resources and partners BNC Enterprises has purchased McAvoy Publications International, advertising representatives, and has formed China Advertising (M)","blog":[],"source":"The New York Times","headline":{"main":"Advertising; A 'Rep' For Chinese Magazines Altman Stoller Is Named Agency for Inside Sports Electronic-Media Study Under Way Doyle Dane Executive Turns to Copywriting New Business for Y.& R. Playgirl Study Rebuts Male-Readership 'Myth' Accounts"},"pub_date":"1979-11-21T00:00:00Z","document_type":"article","news_desk":null,"section_name":null,"subsection_name":null,"type_of_material":"Article","_id":"4fc4a17645c1498b0daa8214"},{"web_url":"http:\/\/query.nytimes.com\/gst\/abstract.html?res=9D0DEEDB1E31E43ABC4951DFB466838B659EDE","snippet":"Ted Shawn and his group of men dancers opened a series of three recitals at Carnegie Hall last night. This is the seventh season for the group, and has been announced as its last, so the present series is the company's farewell engagement here....","lead_paragraph":"Ted Shawn and his group of men dancers opened a series of three recitals at Carnegie Hall last night. This is the seventh season for the group, and has been announced as its last, so the present series is the company's farewell engagement here.","abstract":"Recitals","blog":[],"source":"The New York Times","headline":{"main":"TED SHAWN GROUP OPENS DANCE HERE; Male Company Starts Series of Three Recitals as Their Farewell Engagement LEADER'S PROGRAM SEEN 'Olympiad,' a Suite on Sports, Created by Men of the Cast -Meeker Supplies Music"},"pub_date":"1940-02-21T00:00:00Z","document_type":"article","news_desk":null,"section_name":null,"subsection_name":null,"type_of_material":"Article","_id":"4fc2144745c1498b0d5e5469"},{"web_url":"http:\/\/query.nytimes.com\/gst\/abstract.html?res=9E0DE5D81639E732A25753C3A9679C946890D6CF","snippet":"Jethro Pugh retires (S)...","lead_paragraph":null,"abstract":"Jethro Pugh retires (S)","blog":[],"source":"The New York Times","headline":{"main":"Sports News Briefs; Canadiens Rout Flyers, Lead Islanders by 2 Points England in Strong Position In Australia Cricket Test Brockton Sets U.S. Mark In Schoolboy Mile Relay Miss Evert Lashes a Shot At Leading Male Players Jurgy Hanover Captures 2d Leg of Trotting Series People in Sports..."},"pub_date":"1979-01-30T00:00:00Z","document_type":"article","news_desk":null,"section_name":null,"subsection_name":null,"type_of_material":"Article","_id":"4fc4a7c045c1498b0dac2300"},{"web_url":"http:\/\/www.nytimes.com\/1985\/11\/17\/nyregion\/westchester-opinion-confronting-stereotypes-in-yonkers-football-suit.html","snippet":null,"lead_paragraph":null,"abstract":null,"blog":[],"source":"The New York Times","headline":{"main":"CONFRONTING STEREOTYPES IN YONKERS FOOTBALL SUIT","kicker":"WESTCHESTER OPINION"},"pub_date":"1985-11-17T00:00:00Z","document_type":"article","news_desk":"Westchester Weekly Desk","section_name":"Education; New York and Region","subsection_name":null,"type_of_material":"News","_id":"4fd167248eb7c8105d655851"},{"web_url":"http:\/\/www.nytimes.com\/2016\/02\/03\/sports\/australian-groups-warned-on-gender-equality.html","snippet":"Sports bodies in the country were told that they would face cuts if female and male athletes did not travel in the same style when taking part in major events overseas....","lead_paragraph":"Sports bodies in the country were told that they would face cuts if female and male athletes did not travel in the same style when taking part in major events overseas.","abstract":"Australian sports authorities warn country's sports bodies of consequences if female and male athletes do not receive equal travel accommodations for events abroad.","blog":[],"source":"The New York Times","headline":{"main":"Australian Groups Warned on Gender Equality","content_kicker":"Sports Briefing | International Sports","print_headline":"Australian Groups Warned"},"pub_date":"2016-02-03T00:00:00Z","document_type":"article","news_desk":"Sports","section_name":"Sports","subsection_name":null,"type_of_material":"Brief","_id":"56b187cd38f0d873ef295230"},{"web_url":"http:\/\/www.nytimes.com\/2017\/02\/22\/well\/move\/men-is-exercise-putting-a-damper-on-your-sex-life.html","snippet":"Men who exercise strenuously may have a lower libido than those whose workouts are lighter, a new study found....","lead_paragraph":"Men who exercise strenuously may have a lower libido than those whose workouts are lighter, a new study found.","abstract":null,"blog":[],"source":"The New York Times","headline":{"main":"Men, Is Exercise Putting a Damper on Your Sex Life?","content_kicker":"Phys Ed","print_headline":"Men\u2019s Workouts Tied to Low Libido"},"pub_date":"2017-02-22T11:00:02+0000","document_type":"article","news_desk":"Science","section_name":"Well","subsection_name":"Move","type_of_material":"News","_id":"58ad6f367c459f2525d1dd5d"},{"web_url":"http:\/\/query.nytimes.com\/gst\/abstract.html?res=9E06E0D61630E33ABC4B52DFB2668382639EDE","snippet":null,"lead_paragraph":null,"abstract":null,"blog":[],"source":"The New York Times","headline":{"main":"BUSINESS WORLD; Fine Jewelry Selling Well. Push Rayon Merchandising. Stresses Sheer Fail Worsteds. Topcoat Orders Show Revival. Not to Open Hosiery Lines Yet. Male Sports Apparel Sought. May Go After \"Returners.\" New Ties Match Sweaters. Weather Unbalances Coal Sales. Gray Goods Quiet but Firm.","kicker":"1"},"pub_date":"1929-04-13T00:00:00Z","document_type":"article","news_desk":null,"section_name":null,"subsection_name":null,"type_of_material":"Article","_id":"4fc0b60945c1498b0d41fbc8"},{"web_url":"http:\/\/query.nytimes.com\/gst\/abstract.html?res=9B04EED91231E632A2575AC2A9629C946990D6CF","snippet":"ARLINGTON, Tex., April 28--Saying \"I feel fine; I'm ready to come back right now,\" Roger Moret worked out today for the first time since going into a catatonic state in the Texas Rangers' clubhouse on April 12....","lead_paragraph":"ARLINGTON, Tex., April 28--Saying \"I feel fine; I'm ready to come back right now,\" Roger Moret worked out today for the first time since going into a catatonic state in the Texas Rangers' clubhouse on April 12.","abstract":null,"blog":[],"source":"The New York Times","headline":{"main":"Sports News Briefs; Moret Works Out, Says 'I'm Ready to Come Back' Connors Upset by Pfister In 3 Sets at Las Vegas U.S. Divers Defeat Soviet In Male, Female Events Memorial Service Held For USAC Plane Victims Hockey Dropped at St. Louis U.","kicker":"1"},"pub_date":"1978-04-29T00:00:00Z","document_type":"article","news_desk":null,"section_name":null,"subsection_name":null,"type_of_material":"Article","_id":"4fc49cd045c1498b0da92809"},{"web_url":"http:\/\/www.nytimes.com\/2014\/06\/29\/business\/letters-sports-talk-at-the-water-cooler.html","snippet":"A reader responds to \u201cAgain, I\u2019m a Player Without a Team\u201d (Workstation, June 22)....","lead_paragraph":"A reader responds to \u201cAgain, I\u2019m a Player Without a Team\u201d (Workstation, June 22).","abstract":null,"blog":[],"source":"The New York Times","headline":{"main":"Sports Talk at the Water Cooler","kicker":"Letters","print_headline":"Sports Talk at the Water Cooler","content_kicker":"Letters"},"pub_date":"2014-06-29T00:00:00Z","document_type":"article","news_desk":"SundayBusiness","section_name":"Business Day","subsection_name":null,"type_of_material":"Letter","_id":"53aec05338f0d82b75d9b17c"}]