[{"web_url":"http:\/\/www.nytimes.com\/reuters\/2017\/01\/18\/business\/18reuters-oracle-usa-labor.html","snippet":"The U.S. Labor Department has sued Oracle America Inc, alleging that the technology company systematically paid its white, male employees more than other workers and unlawfully favored Asian applicants in its recruiting and hiring efforts....","lead_paragraph":"The U.S. Labor Department has sued Oracle America Inc, alleging that the technology company systematically paid its white, male employees more than other workers and unlawfully favored Asian applicants in its recruiting and hiring efforts.","abstract":null,"blog":[],"source":"Reuters","headline":{"main":"U.S. Sues Oracle, Alleges Salary and Hiring Discrimination","print_headline":"U.S. Sues Oracle, Alleges Salary and Hiring Discrimination"},"pub_date":"2017-01-18T18:18:37+0000","document_type":"article","news_desk":null,"section_name":"Business Day","subsection_name":null,"type_of_material":"News","_id":"587fb1857c459f2525d17435"},{"web_url":"http:\/\/www.nytimes.com\/reuters\/2017\/02\/20\/business\/20reuters-uber-tech-sexual-harassment.html","snippet":"Uber Technologies Inc has hired former U.S. Attorney General Eric Holder to conduct a review of sexual harassment claims at the ride-hailing service made by a former employee....","lead_paragraph":"Uber Technologies Inc has hired former U.S. Attorney General Eric Holder to conduct a review of sexual harassment claims at the ride-hailing service made by a former employee.","abstract":null,"blog":[],"source":"Reuters","headline":{"main":"Uber Hires Ex-U.S. Attorney General Holder to Probe Sexual Harassment","print_headline":"Uber Hires Ex-U.S. Attorney General Holder to Probe Sexual Harassment"},"pub_date":"2017-02-20T05:42:30+0000","document_type":"article","news_desk":null,"section_name":"Business Day","subsection_name":null,"type_of_material":"News","_id":"58aa81ce7c459f2525d1d71b"},{"web_url":"http:\/\/www.nytimes.com\/2017\/02\/05\/business\/h-1b-visa-tech-cheers-for-foreign-workers.html","snippet":"Tech companies say the H-1B program is needed to find highly skilled employees. But it has also been used to lower labor costs and cut jobs....","lead_paragraph":"Tech companies say the H-1B program is needed to find highly skilled employees. But it has also been used to lower labor costs and cut jobs.","abstract":null,"blog":[],"source":"The New York Times","headline":{"main":"Not Everyone in Tech Cheers Visa Program for Foreign Workers","print_headline":"Some Tech Workers See Visas as Threat"},"pub_date":"2017-02-06T00:57:58+0000","document_type":"article","news_desk":"Business","section_name":"Business Day","subsection_name":null,"type_of_material":"News","_id":"5897ca1e7c459f2525d1a9a3"},{"web_url":"http:\/\/www.nytimes.com\/aponline\/2017\/01\/18\/technology\/ap-us-tec-oracle-discrimination-suit.html","snippet":"The U.S. Department of Labor has filed a lawsuit against Oracle, claiming that the technology giant has a \"systemic practice\" of paying white male workers more than their non-white and female counterparts with the same job titles....","lead_paragraph":"The U.S. Department of Labor has filed a lawsuit against Oracle, claiming that the technology giant has a \"systemic practice\" of paying white male workers more than their non-white and female counterparts with the same job titles.","abstract":null,"blog":[],"source":"AP","headline":{"main":"US Sues Oracle, Says It Pays White Men More Than Others","print_headline":"US Sues Oracle, Says It Pays White Men More Than Others"},"pub_date":"2017-01-18T20:06:49+0000","document_type":"article","news_desk":null,"section_name":"Technology","subsection_name":null,"type_of_material":"News","_id":"587fcadf7c459f2525d1749c"},{"web_url":"http:\/\/query.nytimes.com\/gst\/abstract.html?res=9B00E5DE163DEF34BC4A51DFBE668383649EDE","snippet":"Fed Govt lends $1 million for dormitory...","lead_paragraph":null,"abstract":"Fed Govt lends $1 million for dormitory","blog":[],"source":"The New York Times","headline":{"main":"School Gets Loan for Building"},"pub_date":"1958-08-22T00:00:00Z","document_type":"article","news_desk":null,"section_name":null,"subsection_name":null,"type_of_material":"Article","_id":"4fc3c82945c1498b0d85ac6c"},{"web_url":"http:\/\/health.nytimes.com\/health\/guides\/disease\/infertility-in-men\/overview.html","snippet":"Infertility means you cannot make a baby (conceive). Infertility is grouped into two categories: Primary infertility refers to couples who have not become pregnant after at least 1 year of unprotected sex (intercourse). Secondary infertility refer...","lead_paragraph":"Infertility means you cannot make a baby (conceive). Infertility is grouped into two categories: Primary infertility refers to couples who have not become pregnant after at least 1 year of unprotected sex (intercourse). Secondary infertility refers to couples who have been pregnant at least once, but are not able to get pregnant now.","abstract":null,"blog":[],"source":null,"headline":{"main":"Infertility"},"pub_date":null,"document_type":"topic","news_desk":null,"section_name":null,"subsection_name":null,"type_of_material":"healthtopic","_id":"5244a51938f0d8198973cd48"},{"web_url":"http:\/\/www.nytimes.com\/2017\/02\/10\/theater\/review-the-town-hall-affair.html","snippet":"Maura Tierney, Kate Valk, Scott Shepherd and the Wooster Group recreate a firestorm of a panel discussion in the timely and time-bending piece....","lead_paragraph":"Maura Tierney, Kate Valk, Scott Shepherd and the Wooster Group recreate a firestorm of a panel discussion in the timely and time-bending piece.","abstract":null,"blog":[],"source":"The New York Times","headline":{"main":"Review: It\u2019s Norman Mailer vs. Feminists in \u2018The Town Hall Affair\u2019","print_headline":"Yelling About Sex"},"pub_date":"2017-02-10T23:47:12+0000","document_type":"article","news_desk":"Culture","section_name":"Theater","subsection_name":null,"type_of_material":"Review","_id":"589e51057c459f2525d1ba93"},{"web_url":"http:\/\/www.nytimes.com\/reuters\/2017\/02\/16\/arts\/16reuters-disney-starwars.html","snippet":"Walt Disney Co and major retailers will release the galaxy's newest \"Star Wars\" toys at a Sept. 1 midnight event ahead of the holiday debut of the next film in the saga, \"The Last Jedi,\" company executives told Reuters....","lead_paragraph":"Walt Disney Co and major retailers will release the galaxy's newest \"Star Wars\" toys at a Sept. 1 midnight event ahead of the holiday debut of the next film in the saga, \"The Last Jedi,\" company executives told Reuters.","abstract":null,"blog":[],"source":"Reuters","headline":{"main":"Disney Plans Midnight 'Star Wars' Event to Unveil 'Last Jedi' Toys","print_headline":"Disney Plans Midnight 'Star Wars' Event to Unveil 'Last Jedi' Toys"},"pub_date":"2017-02-16T11:06:29+0000","document_type":"article","news_desk":null,"section_name":"Arts","subsection_name":null,"type_of_material":"News","_id":"58a587bd7c459f2525d1cc31"},{"web_url":"http:\/\/www.nytimes.com\/2004\/01\/06\/health\/books-on-health-sperm-takes-a-free-ride.html","snippet":"''The Male Pill: A Biography of a Technology in the Making,'' by Dr. Nelly Oudshoorn, Duke University Press, $21.95.      Other than the advent of Viagra, sexual intervention topics have focused primarily on women: contraceptive pills, in vitro fe...","lead_paragraph":"''The Male Pill: A Biography of a Technology in the Making,'' by Dr. Nelly Oudshoorn, Duke University Press, $21.95. Other than the advent of Viagra, sexual intervention topics have focused primarily on women: contraceptive pills, in vitro fertilization and hormone replacement therapy, among them.","abstract":"Dr Nelly Oudshoorn, University of Twente (Netherlands) gender and technology professor, writes book The Male Pill: Biography of Technology in the Making; discusses quest for male contraceptive and gives reasons why she believes that sexual intervention topics have been focused primarily on women; photo (S)","blog":[],"source":"The New York Times","headline":{"main":"Sperm Takes a Free Ride","kicker":"BOOKS ON HEALTH"},"pub_date":"2004-01-06T00:00:00Z","document_type":"article","news_desk":"Health & Fitness","section_name":"Health; Books","subsection_name":null,"type_of_material":"News","_id":"4fd29cd28eb7c8105d87e9df"},{"web_url":"http:\/\/www.nytimes.com\/2017\/02\/10\/movies\/star-wars-women-visual-effects.html","snippet":"Behind the scenes, female executives and visual effects experts have been working to bring gender equity to a specialty field....","lead_paragraph":"Behind the scenes, female executives and visual effects experts have been working to bring gender equity to a specialty field.","abstract":null,"blog":[],"source":"The New York Times","headline":{"main":"The Women of \u2018Star Wars.\u2019 (It\u2019s Not Who You Think.)","print_headline":"The Women Behind the Force"},"pub_date":"2017-02-10T12:00:16+0000","document_type":"article","news_desk":"Arts&Leisure","section_name":"Movies","subsection_name":null,"type_of_material":"News","_id":"589dab577c459f2525d1b85d"},{"web_url":"http:\/\/www.nytimes.com\/2000\/09\/05\/opinion\/technology-s-gender-gap.html","snippet":"The barriers that keep minorities from enjoying full access to the technological revolution have been widely commented on. Less talked about is another ''digital divide,'' the fact that fewer women are entering today's booming technology fields.  ...","lead_paragraph":"The barriers that keep minorities from enjoying full access to the technological revolution have been widely commented on. Less talked about is another ''digital divide,'' the fact that fewer women are entering today's booming technology fields. Studies show that women are active users of the new technology and that female Internet users slightly outnumber male users. But the paucity of women creating that technology is cause for concern. The most recent National Science Foundation statistics show that between 1984 and 1997, the proportion of women receiving bachelor's degrees in computer science dropped from 37 percent to 27 percent. Currently, women make up only 20 percent of the information technology work force.","abstract":"Editorial laments fact that fewer women are entering booming technology fields; says technology industry badly needs more workers and that women represent major untapped source of talent that could solve shortage (S)","blog":[],"source":"The New York Times","headline":{"main":"Technology's Gender Gap"},"pub_date":"2000-09-05T00:00:00Z","document_type":"article","news_desk":"Editorial Desk","section_name":"Opinion","subsection_name":null,"type_of_material":"Editorial","_id":"4fd209798eb7c8105d7754d4"},{"web_url":"http:\/\/www.nytimes.com\/2017\/02\/14\/dining\/chef-dominique-crenn.html","snippet":"The San Francisco chef is suddenly one of the world\u2019s most acclaimed and visible cooks \u2014 and one of the few women ranked alongside men....","lead_paragraph":"The San Francisco chef is suddenly one of the world\u2019s most acclaimed and visible cooks \u2014 and one of the few women ranked alongside men.","abstract":null,"blog":[],"source":"The New York Times","headline":{"main":"Does Fame Have a Recipe? Dominique Crenn\u2019s Fast Rise","print_headline":"Here, There  and Rising"},"pub_date":"2017-02-14T18:00:08+0000","document_type":"article","news_desk":"Dining","section_name":"Food","subsection_name":null,"type_of_material":"News","_id":"58a345af7c459f2525d1c538"},{"web_url":"http:\/\/www.nytimes.com\/2017\/02\/12\/technology\/trump-tech-company-employees.html","snippet":"Prompted by President Trump\u2019s immigration order and in some cases their employer\u2019s own past, workers seek to set limits on cooperation with the administration....","lead_paragraph":"Prompted by President Trump\u2019s immigration order and in some cases their employer\u2019s own past, workers seek to set limits on cooperation with the administration.","abstract":null,"blog":[],"source":"The New York Times","headline":{"main":"Activism Hits Even the Less Flashy Tech Companies","print_headline":"Activism Hits the Older Tech Companies"},"pub_date":"2017-02-12T21:19:58+0000","document_type":"article","news_desk":"Business","section_name":"Technology","subsection_name":null,"type_of_material":"News","_id":"58a0d1887c459f2525d1be97"},{"web_url":"http:\/\/www.nytimes.com\/aponline\/2017\/01\/29\/technology\/ap-us-tec-tech-diversity-slow-crawl.html","snippet":"The tech industry brought us self-driving cars, artificial intelligence and 3-D printers. But when it comes to racial and gender diversity, its leading companies are no trailblazers....","lead_paragraph":"The tech industry brought us self-driving cars, artificial intelligence and 3-D printers. But when it comes to racial and gender diversity, its leading companies are no trailblazers.","abstract":null,"blog":[],"source":"AP","headline":{"main":"Diversity in Tech: Lots of Attention, Little Progress","print_headline":"Diversity in Tech: Lots of Attention, Little Progress"},"pub_date":"2017-01-29T15:03:37+0000","document_type":"article","news_desk":null,"section_name":"Technology","subsection_name":null,"type_of_material":"News","_id":"588e04527c459f2525d19423"},{"web_url":"http:\/\/www.nytimes.com\/aponline\/2017\/02\/20\/us\/politics\/ap-us-education-big-data.html","snippet":"Getting through college isn't easy, and it can be even harder for low-income and first generation students with few support resources. A new tool involving big data can help those at risk....","lead_paragraph":"Getting through college isn't easy, and it can be even harder for low-income and first generation students with few support resources. A new tool involving big data can help those at risk.","abstract":null,"blog":[],"source":"AP","headline":{"main":"Study: Struggling College Students Get a Hand to Graduate","print_headline":"Study: Struggling College Students Get a Hand to Graduate"},"pub_date":"2017-02-20T08:21:42+0000","document_type":"article","news_desk":null,"section_name":"U.S.","subsection_name":"Politics","type_of_material":"News","_id":"58aaa71f7c459f2525d1d761"},{"web_url":"http:\/\/www.nytimes.com\/2009\/01\/27\/science\/27lett-DIVERSITYAND_LETTERS.html","snippet":"To the Editor:....","lead_paragraph":"To the Editor:.","abstract":null,"blog":[],"source":"The New York Times","headline":{"main":"Diversity and Inclusion (1 Letter)","print_headline":"Diversity And Inclusion","content_kicker":"Letters"},"pub_date":"2009-01-27T00:00:00Z","document_type":"article","news_desk":"Science","section_name":"Science","subsection_name":null,"type_of_material":"Letter","_id":"5472202038f0d85d607d50e8"},{"web_url":"http:\/\/www.nytimes.com\/aponline\/2017\/02\/16\/arts\/ap-eu-tv-planet-earth-ii.html","snippet":"From jungles to deserts to mountains, the BBC's epic nature series \"Planet Earth II\" takes viewers around the world &#8212; and around many genres of television....","lead_paragraph":"From jungles to deserts to mountains, the BBC's epic nature series \"Planet Earth II\" takes viewers around the world &#8212; and around many genres of television.","abstract":null,"blog":[],"source":"AP","headline":{"main":"Epic 'Planet Earth II' Offers Creatures'-Eye View of Nature","print_headline":"Epic 'Planet Earth II' Offers Creatures'-Eye View of Nature"},"pub_date":"2017-02-16T13:00:55+0000","document_type":"article","news_desk":null,"section_name":"Arts","subsection_name":null,"type_of_material":"News","_id":"58a5a2927c459f2525d1cc82"},{"web_url":"http:\/\/www.nytimes.com\/aponline\/2017\/01\/24\/technology\/ap-us-tec-tech-diversity-slow-crawl.html","snippet":"The tech industry brought us self-driving cars, artificial intelligence and 3-D printers. But when it comes to racial and gender diversity, its leading companies are no trailblazers....","lead_paragraph":"The tech industry brought us self-driving cars, artificial intelligence and 3-D printers. But when it comes to racial and gender diversity, its leading companies are no trailblazers.","abstract":null,"blog":[],"source":"AP","headline":{"main":"Diversity in Tech: Lots of Attention, Little Progress","print_headline":"Diversity in Tech: Lots of Attention, Little Progress"},"pub_date":"2017-01-24T16:51:53+0000","document_type":"article","news_desk":null,"section_name":"Technology","subsection_name":null,"type_of_material":"News","_id":"588786377c459f2525d18594"},{"web_url":"http:\/\/health.nytimes.com\/health\/guides\/disease\/infertility-in-women\/overview.html","snippet":"Infertility is the inability of a couple to become pregnant after 12 months of unprotected intercourse....","lead_paragraph":"Infertility is the inability of a couple to become pregnant after 12 months of unprotected intercourse.","abstract":null,"blog":[],"source":null,"headline":{"main":"Infertility in Women"},"pub_date":null,"document_type":"topic","news_desk":null,"section_name":null,"subsection_name":null,"type_of_material":"healthtopic","_id":"5244891c38f0d8198973c8c7"},{"web_url":"http:\/\/www.nytimes.com\/1998\/05\/24\/movies\/l-special-effects-on-terminator-2-051110.html","snippet":"To the Editor:    Thanks to Mr. McDonald for a stimulating article. But I would question his interpretation of ''Terminator 2: Judgment Day.'' He wrote that the special effects ''overwhelmed what story there was'' and ''supported narratives with a...","lead_paragraph":"To the Editor: Thanks to Mr. McDonald for a stimulating article. But I would question his interpretation of ''Terminator 2: Judgment Day.'' He wrote that the special effects ''overwhelmed what story there was'' and ''supported narratives with about as much staying power as comic books.'' In fact, ''Terminator 2'' has a very important story to tell about our technological attitudes and anxieties in the late 20th century. Technology as both savior and destroyer, as male and capitalistic, are all important themes in the movie. ANDY COX San Francisco","abstract":"Andy Cox letter on William McDonald's May 3 article on impact of movie special effects (S)","blog":[],"source":"The New York Times","headline":{"main":"On 'Terminator 2'","kicker":"SPECIAL EFFECTS"},"pub_date":"1998-05-24T00:00:00Z","document_type":"article","news_desk":"Arts and Leisure Desk","section_name":"Movies; Arts; Opinion","subsection_name":null,"type_of_material":"Letter","_id":"4fd20c638eb7c8105d77bbb1"}]