[{"web_url":"http:\/\/www.nytimes.com\/2017\/01\/06\/world\/asia\/despite-ban-invasive-virginity-tests-remain-prevalent-in-afghanistan.html","snippet":"Months after the president vowed to keep justice officials from ordering the examinations, found to be invalid, the tests are still traumatizing women....","lead_paragraph":"Months after the president vowed to keep justice officials from ordering the examinations, found to be invalid, the tests are still traumatizing women.","abstract":null,"blog":[],"source":"The New York Times","headline":{"main":"Despite Ban, Invasive Virginity Tests Remain Prevalent in Afghanistan","print_headline":"Invasive Virginity Tests in Afghanistan Defy a Ban"},"pub_date":"2017-01-06T08:00:24+0000","document_type":"article","news_desk":"Foreign","section_name":"World","subsection_name":"Asia Pacific","type_of_material":"News","_id":"586f4ea27c459f2525d15216"},{"web_url":"http:\/\/www.nytimes.com\/2017\/01\/10\/magazine\/president-dutertes-list.html","snippet":"He has the names of more than a million supposed drug dealers and corrupt officials in the Philippines. In this violent new drug war, who is determining who dies?...","lead_paragraph":"He has the names of more than a million supposed drug dealers and corrupt officials in the Philippines. In this violent new drug war, who is determining who dies?","abstract":null,"blog":[],"source":"The New York Times","headline":{"main":"President Duterte\u2019s List","content_kicker":"Feature","kicker":"Feature","print_headline":"The List"},"pub_date":"2017-01-10T10:00:24+0000","document_type":"article","news_desk":"Magazine","section_name":"Magazine","subsection_name":null,"type_of_material":"News","_id":"5874b0be7c459f2525d15b54"},{"web_url":"http:\/\/query.nytimes.com\/gst\/abstract.html?res=9F06EFD81238E133A25755C2A9649C946192D6CF","snippet":"Human Rights: ed by UNESCO...","lead_paragraph":null,"abstract":"Human Rights: ed by UNESCO","blog":[],"source":"The New York Times","headline":{"main":"ON TELEVISION"},"pub_date":"1950-02-26T00:00:00Z","document_type":"article","news_desk":null,"section_name":null,"subsection_name":null,"type_of_material":"Article","_id":"4fc31ab745c1498b0d752bec"},{"web_url":"http:\/\/www.nytimes.com\/2016\/12\/16\/world\/canada\/canada-today-energy-project-clash-christmas-tree-scorn-and-rules-on-marijuana.html","snippet":"Why flood a valley, many ask, when there is not much demand for the power it will help generate?...","lead_paragraph":"Why flood a valley, many ask, when there is not much demand for the power it will help generate?","abstract":null,"blog":[],"source":"The New York Times","headline":{"main":"Canada Today: Energy Project Clash, Christmas Tree Scorn and Rules on Marijuana"},"pub_date":"2016-12-16T21:46:05+0000","document_type":"article","news_desk":"Foreign","section_name":"World","subsection_name":"Canada","type_of_material":"News","_id":"585460a17c459f2525d12581"},{"web_url":"http:\/\/www.nytimes.com\/2014\/10\/22\/movies\/e-team-examines-human-rights-watch-investigators.html","snippet":"&#8220;E-Team,&#8221; a documentary, follows the high-risk work of four globe-trotting investigators for the organization Human Rights Watch....","lead_paragraph":"&#8220;E-Team,&#8221; a documentary, follows the high-risk work of four globe-trotting investigators for the organization Human Rights Watch.","abstract":"Jeannette Catsoulis reviews Ross Kauffman and Katy Chevigny documentary film E-Team.","blog":[],"source":"The New York Times","headline":{"seo":"&#8216;E-Team&#8217; Examines Human Rights Watch Investigators","main":"Gallantry and Glamour in a War Zone","content_kicker":"Movie Review","kicker":"Movie Review | 'E-Team'","print_headline":"Gallantry and Glamour in a War Zone"},"pub_date":"2014-10-21T18:30:01+0000","document_type":"article","news_desk":"Culture","section_name":"Movies","subsection_name":null,"type_of_material":"Review","_id":"5446a62a38f0d850b0934ec0"},{"web_url":"http:\/\/www.nytimes.com\/2013\/01\/12\/world\/middleeast\/saudi-arabias-king-lets-women-sit-on-advisory-council.html","snippet":"King Abdullah for the first time granted women seats on the Shura council, but they will have to wear conservative Islamic head covering and use doors, offices and seating areas separate from the men....","lead_paragraph":"King Abdullah for the first time granted women seats on the Shura council, but they will have to wear conservative Islamic head covering and use doors, offices and seating areas separate from the men.","abstract":"Saudi Arabia's King Abdullah issues decree that for first time gives women seats on royal advisory council, but they will have to wear conservative Islamic head covering and use doors, offices and seating areas separate from men.","blog":[],"source":"The New York Times","headline":{"seo":"Saudi Arabia\u2019s King Lets Women Sit on Advisory Council","main":"Saudi Arabia\u2019s King Allows Women to Join National Advisory Council","print_headline":"Saudi Arabia: King Allows Women\r\nTo Join a Royal Advisory Body"},"pub_date":"2013-01-12T00:00:00Z","document_type":"article","news_desk":"Foreign","section_name":"World","subsection_name":"Middle East","type_of_material":"News","_id":"50f0ee2400315214fbb83d29"},{"web_url":"http:\/\/www.nytimes.com\/2010\/10\/24\/magazine\/24SoapOpera-t.html","snippet":"Cultural change for Afghan women may come from an unlikely source: Afghanistan\u2019s first TV soap opera....","lead_paragraph":"Cultural change for Afghan women may come from an unlikely source: Afghanistan\u2019s first TV soap opera.","abstract":null,"blog":[],"source":"The New York Times","headline":{"seo":"Female Empowerment on Afghanistan\u2019s First TV Soap Opera","main":"Studio Kabul","kicker":"Advancing Women's Rights | Afghanistan","print_headline":"Studio Kabul","content_kicker":"Advancing Women's Rights | Afghanistan"},"pub_date":"2010-10-24T00:00:00Z","document_type":"article","news_desk":"Magazine","section_name":"Magazine","subsection_name":null,"type_of_material":"News","_id":"541bc92238f0d8296cb1017d"},{"web_url":"http:\/\/www.nytimes.com\/2004\/02\/26\/world\/struggle-for-iraq-equal-rights-iraqi-women-s-window-opportunity-for-political.html","snippet":"Emboldened by the fall of Saddam Hussein, Iraqi women are pushing for political freedoms many of them have never enjoyed. But as they do, a rising tide of religious zeal threatens even the small victories they have won.     Ibtisam Ali and her sis...","lead_paragraph":"Emboldened by the fall of Saddam Hussein, Iraqi women are pushing for political freedoms many of them have never enjoyed. But as they do, a rising tide of religious zeal threatens even the small victories they have won. Ibtisam Ali and her sister, Raghad, have spearheaded a petition drive demanding a large percentage of seats for women in a new national assembly. But when Raghad, 25, tried to run for local office, the men at the candidate registration office informed her that women could not be candidates.","abstract":"Iraqi women, emboldened by fall of Saddam Hussein, are pushing for political freedoms many of them have never enjoyed, even as rising tide of religious zeal threatens even small victories they have won; intimidation of woman who tried to run for local office described; committee drafting new constitution does not include any women and has called for Islamic law on family matters, while on streets many women are covering heads and bodies for fear of harassment; photo (M)","blog":[],"source":"The New York Times","headline":{"main":"Iraqi Women's Window of Opportunity for Political Gains Is Closing","kicker":"THE STRUGGLE FOR IRAQ: EQUAL RIGHTS"},"pub_date":"2004-02-26T00:00:00Z","document_type":"article","news_desk":"Foreign Desk","section_name":"World; Washington","subsection_name":null,"type_of_material":"News","_id":"4fd24bbc8eb7c8105d7eafac"},{"web_url":"http:\/\/www.nytimes.com\/2017\/02\/20\/opinion\/topless-uprising-against-sexism.html","snippet":"A debate about women\u2019s right to control their bodies led to bare-breasted protests....","lead_paragraph":"A debate about women\u2019s right to control their bodies led to bare-breasted protests.","abstract":null,"blog":[],"source":"The New York Times","headline":{"main":"Topless Uprising Against Sexism","content_kicker":"Op-Ed Contributor","kicker":"Op-Ed Contributor","print_headline":"A topless uprising"},"pub_date":"2017-02-20T15:53:24+0000","document_type":"article","news_desk":"OpEd","section_name":"Opinion","subsection_name":null,"type_of_material":"Op-Ed","_id":"58ab10fd7c459f2525d1d846"},{"web_url":"http:\/\/www.nytimes.com\/2012\/12\/20\/opinion\/south-koreas-new-president-must-challenge-the-north-on-human-rights.html","snippet":"Alleviating the tremendous suffering of fellow Koreans in North Korea is the challenge facing South Korea\u2019s first female president, Park Geun-hye....","lead_paragraph":"Alleviating the tremendous suffering of fellow Koreans in North Korea is the challenge facing South Korea\u2019s first female president, Park Geun-hye.","abstract":null,"blog":[],"source":"The New York Times","headline":{"seo":"South Korea\u2019s New President Must Challenge the North on Human Rights","main":"South Korea\u2019s New President Must Challenge the North","kicker":"Op-Ed Contributor","print_headline":"South Korea\u2019s New President Must Challenge the North","content_kicker":"Op-Ed Contributor"},"pub_date":"2012-12-20T00:00:00Z","document_type":"article","news_desk":"OpEd","section_name":"Opinion","subsection_name":null,"type_of_material":"Op-Ed","_id":"50d2704500315214fbb8058b"},{"web_url":"http:\/\/www.nytimes.com\/1993\/12\/24\/opinion\/on-my-mind-female-genital-mutilation.html","snippet":"On the desk is a brand new report on violation of human rights around the world. It is one of the most saddening documents of its kind I have read -- for what is not in it.   In its 389 pages the report details human rights abuses country by count...","lead_paragraph":"On the desk is a brand new report on violation of human rights around the world. It is one of the most saddening documents of its kind I have read -- for what is not in it. In its 389 pages the report details human rights abuses country by country. It includes a special report devoted to the particular human rights problems of women.","abstract":null,"blog":[],"source":"The New York Times","headline":{"main":"On My Mind; Female Genital Mutilation"},"pub_date":"1993-12-24T00:00:00Z","document_type":"article","news_desk":"Editorial Desk","section_name":"Opinion","subsection_name":null,"type_of_material":"Op-Ed","_id":"4fd1ad5d8eb7c8105d6cd568"},{"web_url":"http:\/\/www.nytimes.com\/2012\/12\/12\/world\/asia\/afghan-law-offering-abused-women-redress-makes-slow-gains.html","snippet":"Female victims of violence in Afghanistan are often afraid to report abuses to government authorities and rarely see their cases taken to trial, according to a United Nations report....","lead_paragraph":"Female victims of violence in Afghanistan are often afraid to report abuses to government authorities and rarely see their cases taken to trial, according to a United Nations report.","abstract":"United Nations study of Afghanistan's Elimination of Violence Against Women Act, enacted in 2009 to give recourse to victims of violence, finds that use of law has increased significantly but still lags behind number of complaints and that only small percentage of incidents are registered with police or courts.","blog":[],"source":"The New York Times","headline":{"seo":"Afghan Law Offering Abused Women Redress Makes Slow Gains","main":"Slow Gains in Justice for Afghan Women","print_headline":"Slow Gains in Justice for Afghan Women"},"pub_date":"2012-12-12T00:00:00Z","document_type":"article","news_desk":"Foreign","section_name":"World","subsection_name":"Asia Pacific","type_of_material":"News","_id":"50c7845c00315214fbb7ee5c"},{"web_url":"http:\/\/www.nytimes.com\/2016\/01\/13\/world\/middleeast\/saudi-arabia-arrests-samar-badawi-human-rights-advocate.html","snippet":"The arrest of Ms. Badawi, who has pushed for more rights for women, is the kingdom\u2019s latest effort to clamp down on dissent, advocacy groups said....","lead_paragraph":"The arrest of Ms. Badawi, who has pushed for more rights for women, is the kingdom\u2019s latest effort to clamp down on dissent, advocacy groups said.","abstract":"Human rights activist Samar Badawi is arrested in Saudi Arabia for dissent; Badawi is former wife of Waleed Abu al-Khair, Saudi lawyer serving 15-year sentence for his activism.","blog":[],"source":"The New York Times","headline":{"main":"Saudi Arabia Arrests Samar Badawi, Human Rights Advocate","print_headline":"Saudi Arabia Arrests a Prominent Rights Advocate"},"pub_date":"2016-01-13T00:00:00Z","document_type":"article","news_desk":"Foreign","section_name":"World","subsection_name":"Middle East","type_of_material":"News","_id":"5695895b38f0d83e7cfe03d3"},{"web_url":"http:\/\/www.nytimes.com\/2015\/04\/06\/world\/asia\/chinese-womens-rights-activists-fall-afoul-of-officials.html","snippet":"The detention of five outspoken activists, part of an effort to quash the nascent feminist movement, is seen as a dismal milestone in the Communist Party&#8217;s war on grass-roots activism....","lead_paragraph":"The detention of five outspoken activists, part of an effort to quash the nascent feminist movement, is seen as a dismal milestone in the Communist Party&#8217;s war on grass-roots activism.","abstract":"Arrest and imprisonment of five feminist activists in China has started international backlash in support of women, despite Chinese authorities' attempts to hush story; crackdown on activists Li Tinting, Wei Tingting, Wu Rongrong, Wang Man and Zheng Churan is seen as indicator of increased crackdown on grassroots activism under Pres Xi Jinping.","blog":[],"source":"The New York Times","headline":{"main":"Taking Feminist Battle to China\u2019s Streets, and Landing in Jail","print_headline":"Taking Feminist Battle to China\u2019s Streets, and Landing in Jail"},"pub_date":"2015-04-06T00:00:00Z","document_type":"article","news_desk":"Foreign","section_name":"World","subsection_name":"Asia Pacific","type_of_material":"News","_id":"5521762d38f0d84db9ace51e"},{"web_url":"http:\/\/cityroom.blogs.nytimes.com\/2012\/05\/17\/a-west-village-mural-weighs-gay-rights-in-the-middle-east\/","snippet":"A new mural on the corner of Greenwich and Hudson Streets in the West Village displays a provocative message about gay rights in Israel and other Middle Eastern countries....","lead_paragraph":null,"abstract":"A new mural on the corner of Greenwich and Hudson Streets in the West Village displays a provocative message about gay rights in Israel and other Middle Eastern countries.","blog":[],"source":"The New York Times","headline":{"main":"A West Village Mural Weighs Gay Rights in the Middle East","kicker":"cityroom"},"pub_date":"2012-05-17T08:00:33Z","document_type":"blogpost","news_desk":null,"section_name":"N.Y. \/ Region","subsection_name":null,"type_of_material":"Blog","_id":"4fd3a4878eb7c8105d8ef316"},{"web_url":"http:\/\/www.nytimes.com\/2013\/04\/11\/world\/middleeast\/morocco-slow-to-enforce-laws-on-womens-rights.html","snippet":"Conservative judges in Morocco have been finding ways around Morocco's liberalized code of family law, which gave women more rights regarding divorce, polygamy and the age of marriage....","lead_paragraph":"Conservative judges in Morocco have been finding ways around Morocco's liberalized code of family law, which gave women more rights regarding divorce, polygamy and the age of marriage.","abstract":null,"blog":[],"source":"International Herald Tribune","headline":{"main":"Morocco Slow to Enforce Laws on Women's Rights","kicker":"IHT Special","print_headline":"Morocco Slow to Enforce Laws on Women's Rights","content_kicker":"IHT Special"},"pub_date":"2013-04-11T00:00:00Z","document_type":"article","news_desk":"Foreign","section_name":"World","subsection_name":"Middle East","type_of_material":"News","_id":"5165eb3fcf28d0219d006eef"},{"web_url":"http:\/\/www.nytimes.com\/2015\/04\/07\/world\/asia\/maldives-transition-to-democracy-appears-increasingly-precarious.html","snippet":"Diplomats say President Abdulla Yameen is becoming more autocratic and unpredictable, citing the influence of gangs and the imprisonment of a former president....","lead_paragraph":"Diplomats say President Abdulla Yameen is becoming more autocratic and unpredictable, citing the influence of gangs and the imprisonment of a former president.","abstract":"Growing political influence of criminal gangs upon Maldives government is threatening country's transition to democracy; governments and human rights organizations around world express concern.","blog":[],"source":"The New York Times","headline":{"main":"Maldives\u2019 Transition to Democracy Appears Increasingly Precarious","print_headline":"Transition to Democracy in Maldives Appears to Be Increasingly at Risk"},"pub_date":"2015-04-07T00:00:00Z","document_type":"article","news_desk":"Foreign","section_name":"World","subsection_name":"Asia Pacific","type_of_material":"News","_id":"5522c04d38f0d85babd5a960"},{"web_url":"http:\/\/www.nytimes.com\/1860\/03\/10\/news\/words-people-female-impudence-conduct-ladies-ferry-boats-city-railroads-system.html","snippet":null,"lead_paragraph":null,"abstract":null,"blog":[],"source":"The New York Times","headline":{"main":"WORDS FROM THE PEOPLE.; Female Impudence--Conduct of Ladies on Ferry-boats. City Railroads. SYSTEM AND DISCRIMINATION WANTED. New-York Railroad to the West. The Central Park. Iran Ladders for Fire Escapes."},"pub_date":"1860-03-10T00:03:58Z","document_type":"article","news_desk":null,"section_name":null,"subsection_name":null,"type_of_material":"Letter","_id":"4fbfd8d145c1498b0d0247cd"},{"web_url":"http:\/\/www.nytimes.com\/2016\/12\/06\/opinion\/the-stain-of-racism-in-new-yorks-prisons.html","snippet":"Wanton brutality is only one aspect of a prison system in which there is little respect for the rule of law or human rights....","lead_paragraph":"Wanton brutality is only one aspect of a prison system in which there is little respect for the rule of law or human rights.","abstract":"Editorial calls for federal investigation into discrimination against and abuse of racial minorities in New York State prison system if Gov Andrew M Cuomo fails to rectify situation promptly.","blog":[],"source":"The New York Times","headline":{"main":"The Stain of Racism in New York\u2019s Prisons","content_kicker":"Editorial","kicker":"Editorial","print_headline":"The Stain of Racism in New York\u2019s Prisons"},"pub_date":"2016-12-06T08:21:25+0000","document_type":"article","news_desk":"Editorial","section_name":"Opinion","subsection_name":null,"type_of_material":"Editorial","_id":"5846750d7c459f2525d10293"},{"web_url":"http:\/\/www.nytimes.com\/2015\/08\/01\/world\/europe\/amnesty-international-weighs-decriminalization-of-prostitution.html","snippet":"A proposal by the human rights group to advocate the elimination of penalties in the sex trade, to be taken up at a conference in Dublin, has drawn denunciation from women\u2019s groups....","lead_paragraph":"A proposal by the human rights group to advocate the elimination of penalties in the sex trade, to be taken up at a conference in Dublin, has drawn denunciation from women\u2019s groups.","abstract":"Lawmakers in France, England and Ireland are considering measures that would impose penalties on male clients of prostitutes in effort to crack down on trade, while rights group Amnesty International has proposed decriminalizing prostitution worldwide; differing proposals have reignited debate over how to treat one of world's oldest professions.","blog":[],"source":"The New York Times","headline":{"main":"Amnesty International Considers Pushing for Decriminalization of Prostitution","print_headline":"Rights Group Weighs New Stance on Prostitution"},"pub_date":"2015-08-02T00:00:00Z","document_type":"article","news_desk":"Foreign","section_name":"World","subsection_name":"Europe","type_of_material":"News","_id":"55bb7e8b38f0d82ba98b9336"}]