[{"web_url":"http:\/\/www.nytimes.com\/aponline\/2016\/01\/27\/us\/ap-us-iowa-athletics-gender.html","snippet":"The University of Iowa confirmed Wednesday it will pay nearly $200,000 to a male track coach and his attorneys to settle a gender discrimination lawsuit alleging the man was passed over for a job because administrators wanted a woman....","lead_paragraph":"The University of Iowa confirmed Wednesday it will pay nearly $200,000 to a male track coach and his attorneys to settle a gender discrimination lawsuit alleging the man was passed over for a job because administrators wanted a woman.","abstract":null,"blog":[],"source":"AP","headline":{"main":"U. Of Iowa Settles Male Track Coach Discrimination Lawsuit","print_headline":"U. Of Iowa Settles Male Track Coach Discrimination Lawsuit"},"pub_date":"2016-01-27T10:14:27Z","document_type":"article","news_desk":"None","section_name":"U.S.","subsection_name":null,"type_of_material":"News","_id":"56a8df5538f0d85239f495fe"},{"web_url":"http:\/\/www.nytimes.com\/2017\/02\/17\/us\/st-louis-cop-gay.html","snippet":"The officer, Sgt. Keith Wildhaber, alleged that he was turned down for promotions because he \u201cdoes not fit the stereotypical norms of what a \u2018male\u2019 should be.\u201d...","lead_paragraph":"The officer, Sgt. Keith Wildhaber, alleged that he was turned down for promotions because he \u201cdoes not fit the stereotypical norms of what a \u2018male\u2019 should be.\u201d","abstract":null,"blog":[],"source":"The New York Times","headline":{"main":"\u2018Tone Down Your Gayness\u2019: St. Louis Police Officer Files Discrimination Suit"},"pub_date":"2017-02-17T20:09:51+0000","document_type":"article","news_desk":"National","section_name":"U.S.","subsection_name":null,"type_of_material":"News","_id":"58a758927c459f2525d1d27b"},{"web_url":"http:\/\/www.nytimes.com\/2017\/02\/23\/opinion\/trump-will-lose-the-fight-over-bathrooms-for-transgender-students.html","snippet":"Fortunately, the president can\u2019t change what Title IX says and means. Those jobs still belong to Congress and the federal courts....","lead_paragraph":"Fortunately, the president can\u2019t change what Title IX says and means. Those jobs still belong to Congress and the federal courts.","abstract":null,"blog":[],"source":"The New York Times","headline":{"main":"Trump Will Lose the Fight Over Bathrooms for Transgender Students","content_kicker":"Op-Ed Contributor","kicker":"Op-Ed Contributor","print_headline":"Transgender Students Will Win"},"pub_date":"2017-02-23T15:04:39+0000","document_type":"article","news_desk":"OpEd","section_name":"Opinion","subsection_name":null,"type_of_material":"Op-Ed","_id":"58aefa0c7c459f2525d1e176"},{"web_url":"http:\/\/www.nytimes.com\/aponline\/2017\/02\/28\/us\/politics\/ap-us-sterling-jewelers-stock.html","snippet":"Shares of Signet Jewelers fell sharply Tuesday after a report of widespread sexual harassment and discrimination at a subsidiary....","lead_paragraph":"Shares of Signet Jewelers fell sharply Tuesday after a report of widespread sexual harassment and discrimination at a subsidiary.","abstract":null,"blog":[],"source":"AP","headline":{"main":"Signet Tumbles After Report of Harassment at Subsidiary","print_headline":"Signet Tumbles After Report of Harassment at Subsidiary"},"pub_date":"2017-02-28T20:51:54+0000","document_type":"article","news_desk":null,"section_name":"U.S.","subsection_name":"Politics","type_of_material":"News","_id":"58b5f38e7c459f2525d1f04a"},{"web_url":"http:\/\/www.nytimes.com\/2017\/02\/28\/business\/sterling-kay-jewelers-jared.html","snippet":"Former Sterling employees described a sexual aggression, gender bias and abuses of power, newly released documents in an arbitration case show....","lead_paragraph":"Former Sterling employees described a sexual aggression, gender bias and abuses of power, newly released documents in an arbitration case show.","abstract":null,"blog":[],"source":"The New York Times","headline":{"main":"Hundreds of Workers Allege Sex Bias by Jeweler, Files Show","print_headline":"Ex-Employees Say Sex Bias Was Common at a Jeweler"},"pub_date":"2017-03-01T01:32:03+0000","document_type":"article","news_desk":"Business","section_name":"Business Day","subsection_name":null,"type_of_material":"News","_id":"58b624997c459f2525d1f11c"},{"web_url":"http:\/\/www.nytimes.com\/aponline\/2017\/02\/10\/us\/ap-us-hilton-gender-discrimination-suit.html","snippet":"A Hilton hotel paid a female housekeeper less than her male counterparts &#8212; including her own son &#8212; for the same work, state anti-discrimination officials alleged in a civil rights complaint Friday....","lead_paragraph":"A Hilton hotel paid a female housekeeper less than her male counterparts &#8212; including her own son &#8212; for the same work, state anti-discrimination officials alleged in a civil rights complaint Friday.","abstract":null,"blog":[],"source":"AP","headline":{"main":"Complaint: Hilton Paid Woman Less Than Her Son for Same Work","print_headline":"Complaint: Hilton Paid Woman Less Than Her Son for Same Work"},"pub_date":"2017-02-10T18:51:48+0000","document_type":"article","news_desk":null,"section_name":"U.S.","subsection_name":null,"type_of_material":"News","_id":"589e0bc77c459f2525d1b9c8"},{"web_url":"http:\/\/www.nytimes.com\/reuters\/2017\/02\/20\/world\/europe\/20reuters-italy-discrimination.html","snippet":"The head of Italy's anti-discrimination office resigned on Monday after accusations that government funds meant to promote diversity projects and tackle racism had been earmarked for gay sex clubs masquerading as cultural centers....","lead_paragraph":"The head of Italy's anti-discrimination office resigned on Monday after accusations that government funds meant to promote diversity projects and tackle racism had been earmarked for gay sex clubs masquerading as cultural centers.","abstract":null,"blog":[],"source":"Reuters","headline":{"main":"Italy's Anti-Discrimination Chief Quits After Gay Sex Club Scandal","print_headline":"Italy's Anti-Discrimination Chief Quits After Gay Sex Club Scandal"},"pub_date":"2017-02-20T20:12:28+0000","document_type":"article","news_desk":null,"section_name":"World","subsection_name":"Europe","type_of_material":"News","_id":"58ab4db47c459f2525d1d8d7"},{"web_url":"http:\/\/www.nytimes.com\/2017\/02\/15\/opinion\/fighting-college-sexual-assault-in-the-trump-era.html","snippet":"In recent years, schools have had to answer hard questions about how they handle sexual violence. Is that about to end?...","lead_paragraph":"In recent years, schools have had to answer hard questions about how they handle sexual violence. Is that about to end?","abstract":null,"blog":[],"source":"The New York Times","headline":{"main":"Fighting College Sexual Assault in the Trump Era","content_kicker":"Op-Ed Contributor","kicker":"Op-Ed Contributor"},"pub_date":"2017-02-15T20:10:26+0000","document_type":"article","news_desk":"OpEd","section_name":"Opinion","subsection_name":null,"type_of_material":"Op-Ed","_id":"58a4b5b77c459f2525d1c9ee"},{"web_url":"https:\/\/lens.blogs.nytimes.com\/2017\/02\/01\/highlighting-women-in-photojournalism\/","snippet":"Daniella Zalcman has put together a website featuring the photojournalism work of hundreds of women. She wants to show editors that there\u2019s \u201cnot a shortage of women photographers, just a lack of equitable hiring.\u201d...","lead_paragraph":"In 1973, Sara Krulwich visited 29 newspapers, looking for a job after graduating from the University of Michigan. She met with male photo editors who mostly scoffed at the idea of a woman as a news photographer. One editor, she said, told her that hiring a woman was like \u201chiring half a person.\u201d","abstract":"Daniella Zalcman has put together a website featuring the photojournalism work of hundreds of women. She wants to show editors that there\u2019s \u201cnot a shortage of women photographers, just a lack of equitable hiring.\u201d","blog":[],"source":"The New York Times","headline":{"main":"Highlighting Women in Photojournalism","kicker":"Lens"},"pub_date":"2017-02-01T17:16:44+0000","document_type":"blogpost","news_desk":null,"section_name":"Multimedia","subsection_name":null,"type_of_material":"Blog","_id":"589218497c459f2525d19dda"},{"web_url":"http:\/\/www.nytimes.com\/1985\/11\/17\/nyregion\/westchester-opinion-confronting-stereotypes-in-yonkers-football-suit.html","snippet":null,"lead_paragraph":null,"abstract":null,"blog":[],"source":"The New York Times","headline":{"main":"CONFRONTING STEREOTYPES IN YONKERS FOOTBALL SUIT","kicker":"WESTCHESTER OPINION"},"pub_date":"1985-11-17T00:00:00Z","document_type":"article","news_desk":"Westchester Weekly Desk","section_name":"Education; New York and Region","subsection_name":null,"type_of_material":"News","_id":"4fd167248eb7c8105d655851"},{"web_url":"http:\/\/www.nytimes.com\/reuters\/2017\/01\/23\/world\/asia\/23reuters-india-cities-ghettos.html","snippet":"On the inauguration of U.S. President Donald Trump, an Indian real estate company ran an advertisement with the slogan 'Homes that don't discriminate', calling for an end to prejudice in India's housing market based on gender, religion or caste....","lead_paragraph":"On the inauguration of U.S. President Donald Trump, an Indian real estate company ran an advertisement with the slogan 'Homes that don't discriminate', calling for an end to prejudice in India's housing market based on gender, religion or caste.","abstract":null,"blog":[],"source":"Reuters","headline":{"main":"No Muslims, No Single Women: Housing Bias Turning Indian Cities Into Ghettos","print_headline":"No Muslims, No Single Women: Housing Bias Turning Indian Cities Into Ghettos"},"pub_date":"2017-01-23T16:03:32+0000","document_type":"article","news_desk":null,"section_name":"World","subsection_name":"Asia Pacific","type_of_material":"News","_id":"5886295a7c459f2525d18205"},{"web_url":"http:\/\/www.nytimes.com\/2008\/06\/11\/sports\/othersports\/11nascar.html","snippet":"A former racing official has sued Nascar, alleging that she was racially and sexually discriminated against in her two years working for the organization....","lead_paragraph":"A former racing official has sued Nascar, alleging that she was racially and sexually discriminated against in her two years working for the organization.","abstract":null,"blog":[],"source":"The New York Times","headline":{"main":"Former Official Sues Nascar","print_headline":"Former Official Sues Nascar"},"pub_date":"2008-06-11T00:00:00Z","document_type":"article","news_desk":"Sports","section_name":"Sports","subsection_name":"More Sports","type_of_material":"News","_id":"5482293138f0d8403d9cbbe9"},{"web_url":"http:\/\/www.nytimes.com\/aponline\/2017\/02\/25\/us\/ap-us-supreme-court-gorsuch-workers-rights-glance.html","snippet":"President Donald Trump's pick to fill a Supreme Court vacancy has heard dozens of workers' rights cases on the U.S. 10th Circuit Court of Appeals. Many conservatives hail Neil Gorsuch for sticking to the letter of the law and not letting personal ...","lead_paragraph":"President Donald Trump's pick to fill a Supreme Court vacancy has heard dozens of workers' rights cases on the U.S. 10th Circuit Court of Appeals. Many conservatives hail Neil Gorsuch for sticking to the letter of the law and not letting personal views influence his rulings. Detractors note that he has, more often than not, sided with employers.","abstract":null,"blog":[],"source":"AP","headline":{"main":"Notable Workers' Rights Cases Heard by Neil Gorsuch","print_headline":"Notable Workers' Rights Cases Heard by Neil Gorsuch"},"pub_date":"2017-02-25T14:39:32+0000","document_type":"article","news_desk":null,"section_name":"U.S.","subsection_name":null,"type_of_material":"News","_id":"58b1972d7c459f2525d1e7bb"},{"web_url":"http:\/\/www.nytimes.com\/2017\/01\/25\/world\/europe\/high-heels-british-inquiry-dress-codes-women.html","snippet":"A parliamentary inquiry prompted by a receptionist\u2019s complaint has concluded that laws against discriminatory dress codes for women needed to be tougher....","lead_paragraph":"A parliamentary inquiry prompted by a receptionist\u2019s complaint has concluded that laws against discriminatory dress codes for women needed to be tougher.","abstract":null,"blog":[],"source":"The New York Times","headline":{"main":"Sent Home for Not Wearing Heels, She Ignited a British Rebellion","print_headline":"Ordered to Wear Heels, She Ignited a Rebellion"},"pub_date":"2017-01-25T21:17:49+0000","document_type":"article","news_desk":"Foreign","section_name":"World","subsection_name":"Europe","type_of_material":"News","_id":"588916017c459f2525d18a2f"},{"web_url":"http:\/\/www.nytimes.com\/reuters\/2017\/01\/18\/business\/18reuters-oracle-usa-labor.html","snippet":"The U.S. Labor Department has sued Oracle America Inc, alleging that the technology company systematically paid its white, male employees more than other workers and unlawfully favored Asian applicants in its recruiting and hiring efforts....","lead_paragraph":"The U.S. Labor Department has sued Oracle America Inc, alleging that the technology company systematically paid its white, male employees more than other workers and unlawfully favored Asian applicants in its recruiting and hiring efforts.","abstract":null,"blog":[],"source":"Reuters","headline":{"main":"U.S. Sues Oracle, Alleges Salary and Hiring Discrimination","print_headline":"U.S. Sues Oracle, Alleges Salary and Hiring Discrimination"},"pub_date":"2017-01-18T18:18:37+0000","document_type":"article","news_desk":null,"section_name":"Business Day","subsection_name":null,"type_of_material":"News","_id":"587fb1857c459f2525d17435"},{"web_url":"http:\/\/www.nytimes.com\/aponline\/2017\/02\/27\/us\/ap-us-supreme-court-gorsuch-workers-rights-glance.html","snippet":"President Donald Trump's pick to fill a Supreme Court vacancy has heard dozens of workers' rights cases on the U.S. 10th Circuit Court of Appeals. Many conservatives hail Neil Gorsuch for sticking to the letter of the law and not letting personal ...","lead_paragraph":"President Donald Trump's pick to fill a Supreme Court vacancy has heard dozens of workers' rights cases on the U.S. 10th Circuit Court of Appeals. Many conservatives hail Neil Gorsuch for sticking to the letter of the law and not letting personal views influence his rulings. Detractors note that he has, more often than not, sided with employers.","abstract":null,"blog":[],"source":"AP","headline":{"main":"Gorsuch Rulings in Some Notable Employee's Rights Cases","print_headline":"Gorsuch Rulings in Some Notable Employee's Rights Cases"},"pub_date":"2017-02-27T08:27:37+0000","document_type":"article","news_desk":null,"section_name":"U.S.","subsection_name":null,"type_of_material":"News","_id":"58b3e3057c459f2525d1eb17"},{"web_url":"http:\/\/www.nytimes.com\/2017\/02\/25\/us\/secret-service-bias-lawsuit-ray-moore.html","snippet":"A career agent rose to assignment to the presidential protection detail, but ended his career as the lead plaintiff in a racial discrimination suit....","lead_paragraph":"A career agent rose to assignment to the presidential protection detail, but ended his career as the lead plaintiff in a racial discrimination suit.","abstract":null,"blog":[],"source":"The New York Times","headline":{"main":"A Secret Service Agent\u2019s Path From Recruitment to Bias Lawsuit","print_headline":"A Secret Service Agent\u2019s Path From Recruitment to Bias Lawsuit"},"pub_date":"2017-02-25T20:14:58+0000","document_type":"article","news_desk":"National","section_name":"U.S.","subsection_name":null,"type_of_material":"Question","_id":"58b1e5c97c459f2525d1e843"},{"web_url":"http:\/\/www.nytimes.com\/aponline\/2017\/01\/26\/us\/ap-us-gender-state-ids.html","snippet":"Democratic lawmakers on Thursday introduced a bill supporters say would make California the first state to add a third gender option on state identifying documents....","lead_paragraph":"Democratic lawmakers on Thursday introduced a bill supporters say would make California the first state to add a third gender option on state identifying documents.","abstract":null,"blog":[],"source":"AP","headline":{"main":"California Lawmakers Want Third-Gender Option on IDs","print_headline":"California Lawmakers Want Third-Gender Option on IDs"},"pub_date":"2017-01-26T22:37:04+0000","document_type":"article","news_desk":null,"section_name":"U.S.","subsection_name":null,"type_of_material":"News","_id":"588a7a157c459f2525d18e27"},{"web_url":"http:\/\/www.nytimes.com\/aponline\/2017\/02\/15\/us\/politics\/ap-us-lgbt-rights.html","snippet":"Hundreds of parents across the country have called on President Donald Trump to embrace Obama-era protections for transgender students that allow them use to school bathrooms in accord with their gender identity....","lead_paragraph":"Hundreds of parents across the country have called on President Donald Trump to embrace Obama-era protections for transgender students that allow them use to school bathrooms in accord with their gender identity.","abstract":null,"blog":[],"source":"AP","headline":{"main":"Parents of Transgender Students Appeal to Trump on Bathrooms","print_headline":"Parents of Transgender Students Appeal to Trump on Bathrooms"},"pub_date":"2017-02-15T05:03:47+0000","document_type":"article","news_desk":null,"section_name":"U.S.","subsection_name":"Politics","type_of_material":"News","_id":"58a3e1417c459f2525d1c729"},{"web_url":"http:\/\/www.nytimes.com\/aponline\/2017\/02\/11\/us\/ap-us-swimsuit-discrimination-illinois.html","snippet":"The U.S. Department of Education has scrutinized the cost of swimsuits for physical education classes at a suburban Chicago school district, alleging discrimination because female students were charged more for the suits than male students....","lead_paragraph":"The U.S. Department of Education has scrutinized the cost of swimsuits for physical education classes at a suburban Chicago school district, alleging discrimination because female students were charged more for the suits than male students.","abstract":null,"blog":[],"source":"AP","headline":{"main":"Swimsuit Costs Cause Stir at Chicago-Area School District","print_headline":"Swimsuit Costs Cause Stir at Chicago-Area School District"},"pub_date":"2017-02-12T04:39:33+0000","document_type":"article","news_desk":null,"section_name":"U.S.","subsection_name":null,"type_of_material":"News","_id":"589fe70d7c459f2525d1bcff"}]