[{"web_url":"http:\/\/query.nytimes.com\/gst\/abstract.html?res=9A06E1DE113DE63ABC4E51DFBE668388669EDE","snippet":"It may come as a surprise to some critics who tend to characterize them as a bunch of godless radicals, but 60 per cent of the country's half-million college and university faculty members consider themselves religious and, when it comes to politi...","lead_paragraph":"It may come as a surprise to some critics who tend to characterize them as a bunch of godless radicals, but 60 per cent of the country's half-million college and university faculty members consider themselves religious and, when it comes to politics, 44 per cent call themselves conservative.","abstract":"Exhaustive study by Amer Council on Educ reveals that despite intensive efforts to increase numbers of blacks and women on coll faculties, gains have been negligible; proportion of black faculty members increased from 2.2% in '69 to 2.9% in '72, while proportion of women increased from 19.1% to 20%; study dir, Dr A Bayer, says proportions of women and minority profs have decreased at 2- and 4-yr colls and increased at large univs, possibly because large schools, subject to Govt pressure, have 'raided' staffs of smaller schools; study also finds that: 60% of country's half-million coll faculty consider themselves religious and 44% say they are conservative in pol; comparison with '68-69 survey shows that avg faculty member is now more likely to be older and tenured, indicating there has not been heavy infusion of younger people into profession; univ teachers spend far less time teaching and much more time in research and publishing than do teachers in 2-yr colls; proportion of coll teachers over 40 yrs of age increased from 54.4% in '69 to 58.7% in '72; in reversal of trend of past 2 decades, many young people now completing grad school have difficulty finding academic jobs; situation is creating friction between older and younger faculty, with the latter having difficulty obtaining tenure even when they are hired; at 2-yr colls, 72.6% of teachers spend 13 hrs or more per wk in classroom, while in 4-yr colls figure decreases to 27.6% and at univs to 17.2%; 52.8% of univ faculty teach no more than 2 courses per term, as opposed to 28.6% with such light programs at 4-yr colls and 14.2% at 2-yr colls; 58% of women faculty feel they must play role in emotional development of their students, compared to 36.5% of males; few teachers feel it is their role to help students develop religious convictions; 69.8% of all faculty feel respect for their profession has declined over last 20 yrs; 33.6% say minorities should be given preference in faculty hiring at their schools; only 13.5% say that in retrospect, they would have picked different profession; other figures; graph of female and minority representation on coll faculties, '68-73; illus","blog":[],"source":"The New York Times","headline":{"main":"Over 40, White And Male; College Faculties Education Minority Hiring Correction Divergences Religion Avoided"},"pub_date":"1973-08-26T00:00:00Z","document_type":"article","news_desk":null,"section_name":null,"subsection_name":null,"type_of_material":"Article","_id":"4fc4858845c1498b0da2dfd4"},{"web_url":"http:\/\/www.nytimes.com\/2017\/02\/04\/opinion\/who-are-we.html","snippet":"The counternarrative to Trumpism excludes too much of America....","lead_paragraph":"The counternarrative to Trumpism excludes too much of America.","abstract":null,"blog":[],"source":"The New York Times","headline":{"main":"Who Are We?","content_kicker":"Op-Ed Columnist","kicker":"Op-Ed Columnist","print_headline":"Who Are We?"},"pub_date":"2017-02-04T19:30:03+0000","document_type":"article","news_desk":"OpEd","section_name":"Opinion","subsection_name":null,"type_of_material":"Op-Ed","_id":"58962bc17c459f2525d1a7f0"},{"web_url":"http:\/\/www.nytimes.com\/reuters\/2017\/01\/23\/world\/asia\/23reuters-india-cities-ghettos.html","snippet":"On the inauguration of U.S. President Donald Trump, an Indian real estate company ran an advertisement with the slogan 'Homes that don't discriminate', calling for an end to prejudice in India's housing market based on gender, religion or caste....","lead_paragraph":"On the inauguration of U.S. President Donald Trump, an Indian real estate company ran an advertisement with the slogan 'Homes that don't discriminate', calling for an end to prejudice in India's housing market based on gender, religion or caste.","abstract":null,"blog":[],"source":"Reuters","headline":{"main":"No Muslims, No Single Women: Housing Bias Turning Indian Cities Into Ghettos","print_headline":"No Muslims, No Single Women: Housing Bias Turning Indian Cities Into Ghettos"},"pub_date":"2017-01-23T16:03:32+0000","document_type":"article","news_desk":null,"section_name":"World","subsection_name":"Asia Pacific","type_of_material":"News","_id":"5886295a7c459f2525d18205"},{"web_url":"http:\/\/www.nytimes.com\/aponline\/2017\/02\/16\/us\/ap-us-gay-officer-lawsuit.html","snippet":"A St. Louis County police sergeant alleges in a lawsuit against the department that he was told to \"tone down\" his gayness if he wanted a promotion....","lead_paragraph":"A St. Louis County police sergeant alleges in a lawsuit against the department that he was told to \"tone down\" his gayness if he wanted a promotion.","abstract":null,"blog":[],"source":"AP","headline":{"main":"Lawsuit: St. Louis County Officer Told to Tone Down Gayness","print_headline":"Lawsuit: St. Louis County Officer Told to Tone Down Gayness"},"pub_date":"2017-02-16T19:06:48+0000","document_type":"article","news_desk":null,"section_name":"U.S.","subsection_name":null,"type_of_material":"News","_id":"58a5f8507c459f2525d1cded"},{"web_url":"http:\/\/www.nytimes.com\/reuters\/2017\/01\/25\/us\/politics\/25reuters-usa-trump-immigration-muslims.html","snippet":"Immigrant and refugee advocates on Wednesday denounced White House plans to temporarily stop receiving refugees and suspend visas for people from seven Middle Eastern and North African countries, saying they target Muslims and will make America le...","lead_paragraph":"Immigrant and refugee advocates on Wednesday denounced White House plans to temporarily stop receiving refugees and suspend visas for people from seven Middle Eastern and North African countries, saying they target Muslims and will make America less safe.","abstract":null,"blog":[],"source":"Reuters","headline":{"main":"Rights Advocates Slam Trump Plans on Muslim Immigrants, Refugees","print_headline":"Rights Advocates Slam Trump Plans on Muslim Immigrants, Refugees"},"pub_date":"2017-01-25T22:15:29+0000","document_type":"article","news_desk":null,"section_name":"U.S.","subsection_name":"Politics","type_of_material":"News","_id":"5889238a7c459f2525d18a60"},{"web_url":"http:\/\/www.nytimes.com\/2017\/02\/21\/learning\/have-you-ever-performed-for-an-audience-or-shared-creative-work-with-others.html","snippet":"What does it take to transcend the worries and fears about expressing yourself creatively?...","lead_paragraph":"What does it take to transcend the worries and fears about expressing yourself creatively?","abstract":null,"blog":[],"source":"The New York Times","headline":{"main":"Have You Ever Performed for an Audience or Shared Creative Work With Others?","content_kicker":"Student Opinion","kicker":"Student Opinion"},"pub_date":"2017-02-21T11:32:36+0000","document_type":"article","news_desk":"Learning","section_name":"The Learning Network","subsection_name":null,"type_of_material":"News","_id":"58ac255d7c459f2525d1da28"},{"web_url":"http:\/\/query.nytimes.com\/gst\/abstract.html?res=9B04E0DE1E3FE03ABC4F51DFB767838C639EDE","snippet":null,"lead_paragraph":null,"abstract":null,"blog":[],"source":"The New York Times","headline":{"main":"FOSDICK TO LECTURE ON ASPECTS OF RELIGION","kicker":"1"},"pub_date":"1927-11-27T00:00:00Z","document_type":"article","news_desk":null,"section_name":null,"subsection_name":null,"type_of_material":"Article","_id":"4fc0c23545c1498b0d4583cf"},{"web_url":"http:\/\/www.nytimes.com\/1994\/03\/13\/books\/l-sexual-politics-423955.html","snippet":"To the Editor:   In answer to Jane Smiley's question -- how many women vividly recall the day in 1970 when Kate Millett's \"Sexual Politics\" liberated them from having to fake an interest in Henry Miller? -- I can go one better. Not only did I go t...","lead_paragraph":"To the Editor: In answer to Jane Smiley's question -- how many women vividly recall the day in 1970 when Kate Millett's \"Sexual Politics\" liberated them from having to fake an interest in Henry Miller? -- I can go one better. Not only did I go through my bookshelves and dump a lot of male authors (D. H. Lawrence and Freud come to mind) in the garbage, but I stopped reading male authors for 10 years. It is the most liberating gift I have ever given myself. After 40 years of seeing the world -- religion, sex, politics, art, etc. -- through the filter of the male mind, it was thrilling to see it with my own eyes and brain and as women experience it.","abstract":null,"blog":[],"source":"The New York Times","headline":{"main":"Sexual Politics"},"pub_date":"1994-03-13T00:00:00Z","document_type":"article","news_desk":"Book Review Desk","section_name":"Arts; Books; Opinion","subsection_name":null,"type_of_material":"Letter","_id":"4fd1e2d78eb7c8105d72bf9d"},{"web_url":"http:\/\/www.nytimes.com\/2017\/02\/14\/dining\/chef-dominique-crenn.html","snippet":"The San Francisco chef is suddenly one of the world\u2019s most acclaimed and visible cooks \u2014 and one of the few women ranked alongside men....","lead_paragraph":"The San Francisco chef is suddenly one of the world\u2019s most acclaimed and visible cooks \u2014 and one of the few women ranked alongside men.","abstract":null,"blog":[],"source":"The New York Times","headline":{"main":"Does Fame Have a Recipe? Dominique Crenn\u2019s Fast Rise","print_headline":"Here, There  and Rising"},"pub_date":"2017-02-14T18:00:08+0000","document_type":"article","news_desk":"Dining","section_name":"Food","subsection_name":null,"type_of_material":"News","_id":"58a345af7c459f2525d1c538"},{"web_url":"http:\/\/www.nytimes.com\/2015\/09\/24\/opinion\/for-women-as-priests.html","snippet":"A reader writes that \u201cwe women know\u201d that the Catholic Church \u201cwould prefer any man\u201d to a female cleric....","lead_paragraph":"A reader writes that \u201cwe women know\u201d that the Catholic Church \u201cwould prefer any man\u201d to a female cleric.","abstract":null,"blog":[],"source":"The New York Times","headline":{"main":"For Women as Priests","content_kicker":"Letter","kicker":"Letter","print_headline":"For Women as Priests"},"pub_date":"2015-09-24T00:00:00Z","document_type":"article","news_desk":"Letters","section_name":"Opinion","subsection_name":null,"type_of_material":"Letter","_id":"5603a46e38f0d84a40af5281"},{"web_url":"http:\/\/www.nytimes.com\/1996\/06\/23\/arts\/l-art-galleries-don-t-define-artists-by-sex-or-race-037400.html","snippet":"To the Editor:         I wish Roberta Smith would address the cause of discrimination in the art world and not just the symptoms [\"The Gallery Doors Open to the Long Denied,\" May 26]. By referring to artists (or people) as white, black, male or fe...","lead_paragraph":"To the Editor: I wish Roberta Smith would address the cause of discrimination in the art world and not just the symptoms [\"The Gallery Doors Open to the Long Denied,\" May 26]. By referring to artists (or people) as white, black, male or female, she is minimalizing them and stating a half-truth.","abstract":null,"blog":[],"source":"The New York Times","headline":{"main":"Don't Define Artists By Sex or Race","kicker":"ART GALLERIES"},"pub_date":"1996-06-23T00:00:00Z","document_type":"article","news_desk":"Arts and Leisure Desk","section_name":"Arts; Opinion","subsection_name":null,"type_of_material":"Letter","_id":"4fd207e88eb7c8105d7728bc"},{"web_url":"http:\/\/www.nytimes.com\/2007\/01\/26\/world\/europe\/26briefs-frenchmuslim.html","snippet":"A French Muslim who attacked a male gynecologist for examining his wife in a hospital delivery room just after a complicated birth, saying it was against Islam, has been jailed for six months by a Paris court. The police had to intervene to remove...","lead_paragraph":"A French Muslim who attacked a male gynecologist for examining his wife in a hospital delivery room just after a complicated birth, saying it was against Islam, has been jailed for six months by a Paris court. The police had to intervene to remove the 23-year-old man, who said he had requested a female doctor. \u201cThis is a public and secular place,\u201d a prosecutor, Georges Holleaux, said. \u201cThis is not the place where one can invoke religion to get different treatment.\u201d.","abstract":null,"blog":[],"source":"The New York Times","headline":{"main":"France: Muslim Jailed for Attacking Gynecologist","content_kicker":"World Briefing  | Europe","kicker":"World Briefing  | Europe","print_headline":"France: Muslim Jailed for Attacking Gynecologist"},"pub_date":"2007-01-26T00:00:00Z","document_type":"article","news_desk":"Foreign","section_name":"World","subsection_name":"Europe","type_of_material":"Brief","_id":"548e432638f0d8437a5dbb4f"},{"web_url":"http:\/\/www.nytimes.com\/1993\/05\/09\/books\/in-short-fiction-365093.html","snippet":"THE FOURSOME By John D. Spooner. Houghton Mifflin, $21....","lead_paragraph":"THE FOURSOME By John D. Spooner. Houghton Mifflin, $21.","abstract":null,"blog":[],"source":"The New York Times","headline":{"main":"IN SHORT: FICTION"},"pub_date":"1993-05-09T00:00:00Z","document_type":"article","news_desk":"Book Review Desk","section_name":"Arts; Books","subsection_name":null,"type_of_material":"Review","_id":"4fd1a8638eb7c8105d6c4067"},{"web_url":"http:\/\/www.nytimes.com\/2002\/09\/10\/us\/national-briefing-religion-seeking-sainthood.html","snippet":"The Roman Catholic Diocese of Peoria, Ill., is seeking sainthood for Archbishop Fulton J. Sheen, left, who pioneered religion on television with his 1950's broadcasts of ''Life Is Worth Living.'' The diocese delivered canonization papers to the Va...","lead_paragraph":"The Roman Catholic Diocese of Peoria, Ill., is seeking sainthood for Archbishop Fulton J. Sheen, left, who pioneered religion on television with his 1950's broadcasts of ''Life Is Worth Living.'' The diocese delivered canonization papers to the Vatican, which will study the archbishop's writings and examine any miraculous healings attributed to him. He could become the first American male saint. Ordained in Peoria in 1919, Archbishop Sheen became bishop of Rochester in the 1960's and was elevated to archbishop before retiring in 1969. He died in 1979.","abstract":"Roman Catholic Diocese of Peoria, Ill, seeks sainthood for Archbishop Fulton J Sheen, who was ordained there in 1919; photo (S)","blog":[],"source":"AP","headline":{"main":"National Briefing | Religion: Seeking Sainthood"},"pub_date":"2002-09-10T00:00:00Z","document_type":"article","news_desk":"National Desk","section_name":null,"subsection_name":null,"type_of_material":"News","_id":"4fd222758eb7c8105d7a76e0"},{"web_url":"http:\/\/query.nytimes.com\/gst\/abstract.html?res=9500E6DF1639E53BBC4F51DFB766838C679EDE","snippet":"Preservation of Wills and Private Schools Assn, group contesting admission of Negroes to Girard Coll, private school for white male orphans, Phila, sets test case to have girls admitted to prove private school can discriminate on basis of sex as w...","lead_paragraph":null,"abstract":"Preservation of Wills and Private Schools Assn, group contesting admission of Negroes to Girard Coll, private school for white male orphans, Phila, sets test case to have girls admitted to prove private school can discriminate on basis of sex as well as race and religion","blog":[],"source":"The New York Times","headline":{"main":"Girard Will Faces New Test"},"pub_date":"1967-01-27T00:00:00Z","document_type":"article","news_desk":null,"section_name":null,"subsection_name":null,"type_of_material":"Article","_id":"4fc467bd45c1498b0d9a6931"},{"web_url":"\/data\/daily\/2007\/01\/26\/612430.sgml","snippet":"A French Muslim who attacked a male gynecologist for examining his wife in a hospital delivery room just after a complicated birth, saying it was against Islam, has been jailed for six months by a Paris court. The police had to intervene to remove...","lead_paragraph":"A French Muslim who attacked a male gynecologist for examining his wife in a hospital delivery room just after a complicated birth, saying it was against Islam, has been jailed for six months by a Paris court. The police had to intervene to remove the 23-year-old man, who said he had requested a female doctor. ''This is a public and secular place,'' a prosecutor, Georges Holleaux, said. ''This is not the place where one can invoke religion to get different treatment.''","abstract":"French Muslim who attacked male gynecologist for examining his wife in hospital delivery room just after complicated birth, saying it was against Islam, is jailed for six months by Paris court (S)","blog":[],"source":"Reuters","headline":{"main":"World Briefing | Europe: France: Muslim Jailed For Attacking Gynecologist"},"pub_date":"2007-01-26T00:00:00Z","document_type":"article","news_desk":"Foreign Desk","section_name":"World; Health","subsection_name":null,"type_of_material":"News","_id":"4fd28d608eb7c8105d8632cb"},{"web_url":"http:\/\/query.nytimes.com\/gst\/abstract.html?res=9804E3DD133AE532A2575BC2A9639C946894D6CF","snippet":null,"lead_paragraph":null,"abstract":null,"blog":[],"source":"The New York Times","headline":{"main":"Westinghouse Day Today","kicker":"1"},"pub_date":"1939-05-28T00:00:00Z","document_type":"article","news_desk":null,"section_name":null,"subsection_name":null,"type_of_material":"Article","_id":"4fc206bc45c1498b0d5a893f"},{"web_url":"http:\/\/www.nytimes.com\/1990\/11\/22\/opinion\/l-international-triumph-313390.html","snippet":"To the Editor:   I live a few doors from First Avenue, and this year saw the New York Marathon once more as a major New York event without divisiveness. We cheered everyone without regard to race, color, religion or national origin.    After all, ...","lead_paragraph":"To the Editor: I live a few doors from First Avenue, and this year saw the New York Marathon once more as a major New York event without divisiveness. We cheered everyone without regard to race, color, religion or national origin. After all, the male winner was an African who lives in Japan, and the female winner was a Pole who lives in Mexico. SNOWDEN T. HERRICK New York, Nov. 6, 1990","abstract":null,"blog":[],"source":"The New York Times","headline":{"main":"International Triumph"},"pub_date":"1990-11-22T00:00:00Z","document_type":"article","news_desk":"Editorial Desk","section_name":"Opinion","subsection_name":null,"type_of_material":"Letter","_id":"4fd1b2368eb7c8105d6d50cc"},{"web_url":"http:\/\/www.nytimes.com\/2017\/02\/16\/arts\/design\/a-bumpy-journey-from-havana-to-new-york-ends-at-wild-noise-ruido-salvaje.html","snippet":"Although it claims to explore contemporary art in Cuba from the 1970s on, this show isn\u2019t a representative survey. Wild and noisy are exactly what it is not....","lead_paragraph":"Although it claims to explore contemporary art in Cuba from the 1970s on, this show isn\u2019t a representative survey. Wild and noisy are exactly what it is not.","abstract":null,"blog":[],"source":"The New York Times","headline":{"main":"A Bumpy Journey From Havana to New York Ends at \u2018Wild Noise\/Ruido Salvaje\u2019","content_kicker":"Art Review","kicker":"Art Review","print_headline":"The Show Goes On, Glitches and All"},"pub_date":"2017-02-16T20:14:21+0000","document_type":"article","news_desk":"Weekend","section_name":"Arts","subsection_name":"Art & Design","type_of_material":"Review","_id":"58a608257c459f2525d1ce31"},{"web_url":"http:\/\/www.nytimes.com\/1987\/05\/09\/nyregion\/hasidim-lose-court-case-on-bus-drivers.html","snippet":"LEAD: A Federal judge ruled yesterday that barring women from driving district school buses for Hasidic boys in a New York State community violated the Constitution's separation of church and state....","lead_paragraph":"LEAD: A Federal judge ruled yesterday that barring women from driving district school buses for Hasidic boys in a New York State community violated the Constitution's separation of church and state.","abstract":null,"blog":[],"source":"The New York Times","headline":{"main":"HASIDIM LOSE COURT CASE ON BUS DRIVERS"},"pub_date":"1987-05-09T00:00:00Z","document_type":"article","news_desk":"Metropolitan Desk","section_name":"Education; New York and Region","subsection_name":null,"type_of_material":"News","_id":"4fd181d68eb7c8105d67e7ae"}]