[{"web_url":"http:\/\/www.nytimes.com\/2017\/02\/25\/opinion\/sunday\/what-to-ask-a-celebrity-instead-of-are-you-a-feminist.html","snippet":"Don\u2019t talk about what they are wearing. Do ask about equal pay....","lead_paragraph":"Don\u2019t talk about what they are wearing. Do ask about equal pay.","abstract":null,"blog":[],"source":"The New York Times","headline":{"main":"What to Ask a Celebrity Instead of \u2018Are You a Feminist?\u2019","content_kicker":"Opinion","kicker":"Opinion","print_headline":"What to Ask Instead of \u2018Are You a Feminist?\u2019"},"pub_date":"2017-02-25T21:38:09+0000","document_type":"article","news_desk":"OpEd","section_name":"Opinion","subsection_name":"Sunday Review","type_of_material":"Op-Ed","_id":"58b1f9477c459f2525d1e867"},{"web_url":"http:\/\/www.nytimes.com\/1981\/10\/01\/nyregion\/notes-on-people-a-male-feminist-claims-a-reverse-bias.html","snippet":"Howard Goldberg, a Santa Monica, Calif., marketing consultant, considers himself a feminist. So much of a feminist, in fact, that he wants to serve on the city's new Commission on the Status of Women....","lead_paragraph":"Howard Goldberg, a Santa Monica, Calif., marketing consultant, considers himself a feminist. So much of a feminist, in fact, that he wants to serve on the city's new Commission on the Status of Women.","abstract":null,"blog":[],"source":"The New York Times","headline":{"main":"A Male 'Feminist' Claims a Reverse Bias","kicker":"NOTES ON PEOPLE"},"pub_date":"1981-10-01T00:00:00Z","document_type":"article","news_desk":"Metropolitan Desk","section_name":"New York and Region","subsection_name":null,"type_of_material":"News","_id":"4fd11bf38eb7c8105d5d85e8"},{"web_url":"http:\/\/op-talk.blogs.nytimes.com\/2014\/06\/08\/is-it-possible-to-be-a-male-feminist\/","snippet":"Some men have proclaimed themselves as feminists. The Isla Vista killings have renewed questions about the authenticity and meaning of that identity....","lead_paragraph":null,"abstract":"Some men have proclaimed themselves as feminists. The Isla Vista killings have renewed questions about the authenticity and meaning of that identity.","blog":[],"source":"The New York Times","headline":{"main":"Is It Possible to Be a Male Feminist?","kicker":"Op Talk"},"pub_date":"2014-06-08T14:15:54Z","document_type":"blogpost","news_desk":null,"section_name":"Opinion","subsection_name":null,"type_of_material":"Blog","_id":"5394a87f38f0d8794453a918"},{"web_url":"http:\/\/query.nytimes.com\/gst\/abstract.html?res=9B04E6D91330E631A25755C0A9679C94619FD6CF","snippet":"IN years gone by I cheered Billie Jean King's trouncing of porcineminded Bobby Riggs, applauded the forays of women sportswriters into the Yankee clubhouse and took  courage from Janet Guthrie's Memorial Day competition with the best Indianapolis ...","lead_paragraph":"IN years gone by I cheered Billie Jean King's trouncing of porcineminded Bobby Riggs, applauded the forays of women sportswriters into the Yankee clubhouse and took courage from Janet Guthrie's Memorial Day competition with the best Indianapolis had to offer.","abstract":null,"blog":[],"source":"The New York Times","headline":{"main":"A Lesson in Losing to Women; A True Male Feminist","kicker":"1"},"pub_date":"1980-01-06T00:00:00Z","document_type":"article","news_desk":null,"section_name":null,"subsection_name":null,"type_of_material":"Article","_id":"4fc4a89345c1498b0dac5736"},{"web_url":"http:\/\/query.nytimes.com\/gst\/abstract.html?res=9403E4D91138E53BBC4F53DFB667838E669EDE","snippet":"CAIRO, Oct. 6 An old male chauvinist folk tale with a new feminist aspect has become the opening wedge of the fall theater season in Cairo. It is also an expression of a growing social debate here....","lead_paragraph":"CAIRO, Oct. 6 An old male chauvinist folk tale with a new feminist aspect has become the opening wedge of the fall theater season in Cairo. It is also an expression of a growing social debate here.","abstract":"Mrs Laila Abou-Saif regards 'male chauvinist folk tale' she produced for Cairo theater as her contribution to Internatl Women's Yr; illus","blog":[],"source":"The New York Times","headline":{"main":"Feminist Play Is Drawing Male Audiences in Cairo"},"pub_date":"1975-10-07T00:00:00Z","document_type":"article","news_desk":null,"section_name":null,"subsection_name":null,"type_of_material":"Article","_id":"4fc487e445c1498b0da3880b"},{"web_url":"http:\/\/query.nytimes.com\/gst\/abstract.html?res=9E0CE7DA1738E13ABC4052DFB4668388669EDE","snippet":"The president of the largest feminist group in the nation called today for \"creative, dramatic actions\" by a coalition of all women and. minority-group men to end what she called white male dominance of society....","lead_paragraph":"The president of the largest feminist group in the nation called today for \"creative, dramatic actions\" by a coalition of all women and. minority-group men to end what she called white male dominance of society.","abstract":"Natl Orgn of Women pres W S Heide on Feb 17 calls for 'creative, dramatic actions' by coalition of all women and minority group men to end what she calls white male dominance of soc, 6th annual conv","blog":[],"source":"The New York Times","headline":{"main":"Feminist Head Urges Unity To End White Male Rule"},"pub_date":"1973-02-18T00:00:00Z","document_type":"article","news_desk":null,"section_name":null,"subsection_name":null,"type_of_material":"Article","_id":"4fc4821d45c1498b0da1eebb"},{"web_url":"http:\/\/query.nytimes.com\/gst\/abstract.html?res=9D04E2DE143DEF34BC4E52DFB4668389669EDE","snippet":"KARACHI, Pakistan -- in a downtown hotel recently, a woman stepped to a podium and told an audience of other women that those fighting against changes in marriage laws were \"a reactionary group of people whose main aim in life seems to be the supp...","lead_paragraph":"KARACHI, Pakistan -- in a downtown hotel recently, a woman stepped to a podium and told an audience of other women that those fighting against changes in marriage laws were \"a reactionary group of people whose main aim in life seems to be the suppression of women.\"","abstract":null,"blog":[],"source":"The New York Times","headline":{"main":"In the Male World of Islam, an Occasional Feminist War Cry","kicker":"1"},"pub_date":"1972-02-16T00:00:00Z","document_type":"article","news_desk":null,"section_name":null,"subsection_name":null,"type_of_material":"Article","_id":"4fc4841645c1498b0da276cb"},{"web_url":"http:\/\/query.nytimes.com\/gst\/abstract.html?res=9906EED91331EF34BC4A51DFB3668388669EDE","snippet":"THE UPSTART. By Piers Paul Read 345 pages. Lippincott. $7.95. REGIMENT OF WOMEN. By Thomas Berger. 349 pages. Simon  Schuster. $8.95. Here are two extremely deceptive novels, each of which starts out seeming one thing and ends up being quite anoth...","lead_paragraph":"THE UPSTART. By Piers Paul Read 345 pages. Lippincott. $7.95. REGIMENT OF WOMEN. By Thomas Berger. 349 pages. Simon Schuster. $8.95. Here are two extremely deceptive novels, each of which starts out seeming one thing and ends up being quite another. Piers","abstract":"revd by C Lehmann-Haupt","blog":[],"source":"The New York Times","headline":{"main":"2 Deceptive Works of Fiction; Books of The Times Vengeance for a Snub Pro-Male or Pro-Feminist?"},"pub_date":"1973-05-22T00:00:00Z","document_type":"article","news_desk":null,"section_name":null,"subsection_name":null,"type_of_material":"Article","_id":"4fc4812945c1498b0da1a656"},{"web_url":"http:\/\/www.nytimes.com\/2017\/01\/13\/opinion\/sunday\/ivanka-trumps-dangerous-fake-feminism.html","snippet":"She is selling us traditional femininity and support of male power in a feminist bow....","lead_paragraph":"She is selling us traditional femininity and support of male power in a feminist bow.","abstract":null,"blog":[],"source":"The New York Times","headline":{"main":"Ivanka Trump\u2019s Dangerous Fake Feminism","content_kicker":"Opinion","kicker":"Opinion","print_headline":"The Post-Feminist Huckster"},"pub_date":"2017-01-13T20:16:52+0000","document_type":"article","news_desk":"OpEd","section_name":"Opinion","subsection_name":"Sunday Review","type_of_material":"Op-Ed","_id":"587935c17c459f2525d167bd"},{"web_url":"http:\/\/query.nytimes.com\/gst\/abstract.html?res=9B03EFD81230E03ABC4F53DFB667838D649EDE","snippet":"Lr on Johnson article on nonsense literature...","lead_paragraph":null,"abstract":"Lr on Johnson article on nonsense literature","blog":[],"source":"The New York Times","headline":{"main":"Letters; FEMINIST, OR NOT? FIGURES FOR FEMALES 'SATIETY FIRST' 'FATHER' BARRY THE MALE ACCESSORY 'D.P.' CHILDREN Letters PLEA FOR REFUGEES Up-To-DATE NONSENSE"},"pub_date":"1956-10-07T00:00:00Z","document_type":"article","news_desk":null,"section_name":null,"subsection_name":null,"type_of_material":"Letter","_id":"4fc3bc8945c1498b0d8259dd"},{"web_url":"http:\/\/www.nytimes.com\/2017\/02\/07\/magazine\/how-a-fractious-womens-movement-came-to-lead-the-left.html","snippet":"Feminism brought the opposition together. But how long will that last, and how many converts can it win?...","lead_paragraph":"Feminism brought the opposition together. But how long will that last, and how many converts can it win?","abstract":null,"blog":[],"source":"The New York Times","headline":{"main":"How a Fractious Women\u2019s Movement Came to Lead the Left","content_kicker":"Feature","kicker":"Feature","print_headline":"Forces in Opposition"},"pub_date":"2017-02-07T10:00:06+0000","document_type":"article","news_desk":"Magazine","section_name":"Magazine","subsection_name":null,"type_of_material":"News","_id":"58999aad7c459f2525d1ad60"},{"web_url":"http:\/\/www.nytimes.com\/aponline\/2017\/02\/03\/world\/europe\/ap-eu-sweden-trump.html","snippet":"Sweden's Deputy Prime Minister has posted on Facebook an all-woman photo including herself signing a proposal for the country's new climate law &#8212; a photo many online commentators have taken as a direct swipe at Donald Trump....","lead_paragraph":"Sweden's Deputy Prime Minister has posted on Facebook an all-woman photo including herself signing a proposal for the country's new climate law &#8212; a photo many online commentators have taken as a direct swipe at Donald Trump.","abstract":null,"blog":[],"source":"AP","headline":{"main":"Sweden's 'Feminist Government' Takes Swipe at Trump","print_headline":"Sweden's 'Feminist Government' Takes Swipe at Trump"},"pub_date":"2017-02-03T14:48:52+0000","document_type":"article","news_desk":null,"section_name":"World","subsection_name":"Europe","type_of_material":"News","_id":"5894985e7c459f2525d1a508"},{"web_url":"http:\/\/www.nytimes.com\/2017\/02\/15\/magazine\/marilyn-minter-finds-art-in-the-female-form.html","snippet":"The visual artist on her explicit aesthetic, activism in art and supporting younger feminists....","lead_paragraph":"The visual artist on her explicit aesthetic, activism in art and supporting younger feminists.","abstract":null,"blog":[],"source":"The New York Times","headline":{"main":"Marilyn Minter Finds Art in the Female Form","content_kicker":"Talk","kicker":"Talk","print_headline":"Marilyn Minter Finds Art in the Female Form"},"pub_date":"2017-02-15T13:02:00+0000","document_type":"article","news_desk":"Magazine","section_name":"Magazine","subsection_name":null,"type_of_material":"News","_id":"58a4514c7c459f2525d1c85d"},{"web_url":"http:\/\/www.nytimes.com\/2017\/02\/20\/opinion\/topless-uprising-against-sexism.html","snippet":"A debate about women\u2019s right to control their bodies led to bare-breasted protests....","lead_paragraph":"A debate about women\u2019s right to control their bodies led to bare-breasted protests.","abstract":null,"blog":[],"source":"The New York Times","headline":{"main":"Topless Uprising Against Sexism","content_kicker":"Op-Ed Contributor","kicker":"Op-Ed Contributor","print_headline":"A topless uprising"},"pub_date":"2017-02-20T15:53:24+0000","document_type":"article","news_desk":"OpEd","section_name":"Opinion","subsection_name":null,"type_of_material":"Op-Ed","_id":"58ab10fd7c459f2525d1d846"},{"web_url":"http:\/\/www.nytimes.com\/2017\/01\/20\/opinion\/how-the-womens-march-could-resurrect-the-democratic-party.html","snippet":"The march shows why \u201cidentity politics\u201d are central to the future of the Democratic Party....","lead_paragraph":"The march shows why \u201cidentity politics\u201d are central to the future of the Democratic Party.","abstract":null,"blog":[],"source":"The New York Times","headline":{"main":"How the Women\u2019s March Could Resurrect the Democratic Party","content_kicker":"Op-Ed Contributor","kicker":"Op-Ed Contributor","print_headline":"What the Women\u2019s March Teaches Us"},"pub_date":"2017-01-20T08:21:02+0000","document_type":"article","news_desk":"OpEd","section_name":"Opinion","subsection_name":null,"type_of_material":"Op-Ed","_id":"5881c8777c459f2525d17a76"},{"web_url":"http:\/\/www.nytimes.com\/2016\/12\/30\/opinion\/sunday\/feminism-lost-now-what.html","snippet":"\u201cIt\u2019s amazing to me the lightning speed at which these issues have receded. The story is the total omission of women.\u201d...","lead_paragraph":"\u201cIt\u2019s amazing to me the lightning speed at which these issues have receded. The story is the total omission of women.\u201d","abstract":null,"blog":[],"source":"The New York Times","headline":{"main":"Feminism Lost. Now What?","content_kicker":"News Analysis","kicker":"News Analysis","print_headline":"What Women Lost"},"pub_date":"2016-12-30T08:21:20+0000","document_type":"article","news_desk":"OpEd","section_name":"Opinion","subsection_name":"Sunday Review","type_of_material":"News Analysis","_id":"5866190b7c459f2525d14283"},{"web_url":"http:\/\/www.nytimes.com\/2016\/12\/24\/style\/hillary-clinton-betsey-wright-women-in-politics.html","snippet":"Who could train women to run for office? The inside story of Hillary Clinton and a Texan named Betsey Wright....","lead_paragraph":"Who could train women to run for office? The inside story of Hillary Clinton and a Texan named Betsey Wright.","abstract":null,"blog":[],"source":"The New York Times","headline":{"main":"The Women Who Met Hillary, and Spotted a Future Political Star","print_headline":"They Were With Her From the Very Start"},"pub_date":"2016-12-24T11:00:23+0000","document_type":"article","news_desk":"Styles","section_name":"Style","subsection_name":null,"type_of_material":"News","_id":"585e554f7c459f2525d13858"},{"web_url":"http:\/\/www.nytimes.com\/2017\/02\/23\/books\/review\/testosterone-rex-myths-of-sex-science-and-society-cordelia-fine.html","snippet":"In \u201cTestosterone Rex,\u201d the Australian academic Cordelia Fine argues that society\u2019s views about gender are blinkered, hidebound and wrong....","lead_paragraph":"In \u201cTestosterone Rex,\u201d the Australian academic Cordelia Fine argues that society\u2019s views about gender are blinkered, hidebound and wrong.","abstract":null,"blog":[],"source":"The New York Times","headline":{"main":"Not From Venus, Not From Mars: What We Believe About Gender and Why It\u2019s Often Wrong","content_kicker":"Nonfiction","kicker":"Nonfiction","print_headline":"Not From Venus, Not From Mars"},"pub_date":"2017-02-23T12:00:02+0000","document_type":"article","news_desk":"BookReview","section_name":"Books","subsection_name":"Book Review","type_of_material":"Review","_id":"58aecec77c459f2525d1e0ec"},{"web_url":"http:\/\/www.nytimes.com\/2017\/02\/10\/theater\/review-the-town-hall-affair.html","snippet":"Maura Tierney, Kate Valk, Scott Shepherd and the Wooster Group recreate a firestorm of a panel discussion in the timely and time-bending piece....","lead_paragraph":"Maura Tierney, Kate Valk, Scott Shepherd and the Wooster Group recreate a firestorm of a panel discussion in the timely and time-bending piece.","abstract":null,"blog":[],"source":"The New York Times","headline":{"main":"Review: It\u2019s Norman Mailer vs. Feminists in \u2018The Town Hall Affair\u2019","print_headline":"Yelling About Sex"},"pub_date":"2017-02-10T23:47:12+0000","document_type":"article","news_desk":"Culture","section_name":"Theater","subsection_name":null,"type_of_material":"Review","_id":"589e51057c459f2525d1ba93"},{"web_url":"http:\/\/www.nytimes.com\/2017\/01\/17\/upshot\/republican-men-say-its-a-better-time-to-be-a-woman-than-a-man.html","snippet":"A survey shows 82 percent of women feel sexism is a problem today, while men underestimate the sexism felt by the women in their lives....","lead_paragraph":"A survey shows 82 percent of women feel sexism is a problem today, while men underestimate the sexism felt by the women in their lives.","abstract":null,"blog":[],"source":"The New York Times","headline":{"main":"Republican Men Say It\u2019s a Better Time to Be a Woman Than a Man","content_kicker":"Gender Inequality","kicker":"The Upshot","print_headline":"Sexes Differ on Persistence of Sexism"},"pub_date":"2017-01-17T15:58:19+0000","document_type":"article","news_desk":"Upshot","section_name":"The Upshot","subsection_name":null,"type_of_material":"News","_id":"587e3f237c459f2525d16fed"}]