[{"web_url":"http:\/\/learning.blogs.nytimes.com\/2012\/02\/09\/how-do-male-and-female-roles-differ-in-your-family\/","snippet":"Tell us about the gender roles in your house. Who would you say does most of the \"parenting,\" whether that means helping with homework, cooking meals, attending school functions or just being home most often--and whether it's done by a mother or f...","lead_paragraph":null,"abstract":"Tell us about the gender roles in your house. Who would you say does most of the \"parenting,\" whether that means helping with homework, cooking meals, attending school functions or just being home most often--and whether it's done by a mother or father, or by a sibling, grandparent or someone else?","blog":[],"source":"The New York Times","headline":{"main":"How Do Male and Female Roles Differ in Your Family?","kicker":"The Learning Network Blog"},"pub_date":"2012-02-09T05:16:05Z","document_type":"blogpost","news_desk":null,"section_name":"U.S.","subsection_name":"Education","type_of_material":"Blog","_id":"54f2c77f38f0d8529ba34ca6"},{"web_url":"http:\/\/www.nytimes.com\/2007\/05\/25\/movies\/25stee.html","snippet":"\u201cSteel City\u201d tells the story of a man and his sons, who struggle with personal and financial demons in a drab Midwestern town....","lead_paragraph":"\u201cSteel City\u201d tells the story of a man and his sons, who struggle with personal and financial demons in a drab Midwestern town.","abstract":null,"blog":[],"source":"The New York Times","headline":{"seo":"Movies - Steel City","main":"A Study of Male Family Dynamics","content_kicker":"Movie Review | 'Steel City'","kicker":"Movie Review | 'Steel City'"},"pub_date":"2007-05-25T09:33:00Z","document_type":"article","news_desk":"Weekend","section_name":"Movies","subsection_name":null,"type_of_material":"Review","_id":"525e038f38f0d8198974312b"},{"web_url":"http:\/\/learning.blogs.nytimes.com\/2012\/02\/09\/how-do-male-and-female-roles-differ-in-your-family\/","snippet":"Tell us about the gender roles in your house. Who would you say does most of the \"parenting,\" whether that means helping with homework, cooking meals, attending school functions or just being home most often--and whether it's done by a mother or f...","lead_paragraph":"A recent Motherlode post about how the U.S. Census Bureau considers mothers the \"designated parent\" inspired us to ask this question. Who would you say does most of the \"parenting\" in your house (even if that person is neither a mother nor a father, but a grandparent, sibling or someone else)? Who does most of the housework? To what extent do the roles in your house seem to fall along traditional gender lines? Why?","abstract":"Tell us about the gender roles in your house. Who would you say does most of the \"parenting,\" whether that means helping with homework, cooking meals, attending school functions or just being home most often--and whether it's done by a mother or father, or by a sibling, grandparent or someone else?","blog":[],"source":"The New York Times","headline":{"main":"How Do Male and Female Roles Differ in Your Family?","kicker":"The Learning Network"},"pub_date":"2012-02-09T05:16:05Z","document_type":"blogpost","news_desk":null,"section_name":"U.S.","subsection_name":null,"type_of_material":"Blog","_id":"4fd3a2b78eb7c8105d8eb0d5"},{"web_url":"http:\/\/query.nytimes.com\/gst\/abstract.html?res=9E05E3DA133AE23BBC4B52DFBF668389649EDE","snippet":"LONDON, Sept. 12 -- Dr. Elizabeth Forbes-Sempill of Aberdeen who has appeared in registers of British noble families since birth in 1912 as the youngest daughter of the eighteenth Baron Sempill gave notice today of a change of sex and first name....","lead_paragraph":"LONDON, Sept. 12 -- Dr. Elizabeth Forbes-Sempill of Aberdeen who has appeared in registers of British noble families since birth in 1912 as the youngest daughter of the eighteenth Baron Sempill gave notice today of a change of sex and first name.","abstract":"Is heir-presumptive to baronetcy as he gives notice of change of name to Ewan","blog":[],"source":"The New York Times","headline":{"main":"WOMAN DOCTOR NOW MAN; Member of Noble British Family Takes a Male First Name"},"pub_date":"1952-09-13T00:00:00Z","document_type":"article","news_desk":null,"section_name":null,"subsection_name":null,"type_of_material":"Article","_id":"4fc39c8745c1498b0d79140b"},{"web_url":"http:\/\/query.nytimes.com\/gst\/abstract.html?res=9406E2DA173DEE3BBC4A53DFB767838B649EDE","snippet":"NIAGARA FALLS, Nov. 1--The American father of today is a \"frustrated, forgotten man in the midst of family life,\" a Niagara Falls pediatrician, father of two, told a group of parent educators this afternoon....","lead_paragraph":"NIAGARA FALLS, Nov. 1--The American father of today is a \"frustrated, forgotten man in the midst of family life,\" a Niagara Falls pediatrician, father of two, told a group of parent educators this afternoon.","abstract":"Educ Dept sponsors Parent and Family Life Educ Conf","blog":[],"source":"The New York Times","headline":{"main":"FATHERS 'SHUTOUT,' PEDIATRICIAN SAYS; Family Life Conference Told Male Parents Are Excluded From Children's Life"},"pub_date":"1950-11-02T00:00:00Z","document_type":"article","news_desk":null,"section_name":null,"subsection_name":null,"type_of_material":"Article","_id":"4fc3170245c1498b0d73fd83"},{"web_url":"http:\/\/www.nytimes.com\/2016\/06\/26\/business\/tenure-extension-policies-that-put-women-at-a-disadvantage.html","snippet":"Men who became parents used an extended tenure clock to publish their research, but there was no parallel rise in the output of female economists....","lead_paragraph":"Men who became parents used an extended tenure clock to publish their research, but there was no parallel rise in the output of female economists.","abstract":"The Upshot; Justin Wolfers Economic View column discusses study on gender-neutral employment policies designed to increase number of tenured females in academic fields; report concludes men were overwhelming beneficiaries instead of women.  ","blog":[],"source":"The New York Times","headline":{"main":"A Family-Friendly Policy That\u2019s Friendliest to Male Professors","content_kicker":"Economic View","kicker":"The Upshot","print_headline":"Hobbling Women by Trying to Help"},"pub_date":"2016-06-24T14:18:16+0000","document_type":"article","news_desk":"SundayBusiness","section_name":"The Upshot","subsection_name":null,"type_of_material":"News","_id":"576d412f38f0d8520fd89328"},{"web_url":"http:\/\/query.nytimes.com\/gst\/abstract.html?res=9801E5DA153CE433A2575BC1A9679D94689ED7CF","snippet":"Death...","lead_paragraph":null,"abstract":"Death","blog":[],"source":"The New York Times","headline":{"main":"GEORGE H. CHICKERING DEAD.; Last Male Survivor of the Well-Known Family of Piano-forte Makers Passes Away in Boston."},"pub_date":"1899-11-18T00:00:00Z","document_type":"article","news_desk":null,"section_name":null,"subsection_name":null,"type_of_material":"Obituary","_id":"4fc03ca945c1498b0d1edfb3"},{"web_url":"http:\/\/query.nytimes.com\/gst\/abstract.html?res=9C02E1D91731E732A25757C1A9679D94619FD6CF","snippet":"At a growing number of restaurants around Manhattan, you don't have to have a pretty face to get in--but it certainly helps....","lead_paragraph":"At a growing number of restaurants around Manhattan, you don't have to have a pretty face to get in--but it certainly helps.","abstract":"Growing number of male models who have become restauranteurs in NYC discussed; they run such popular places as Jim McMullen's, Oren & Aretsky and Herlihy's; all 3 establishments have strong singles flavor and reportedly cater to 'attractive' people; they are owned by Jim McMullen, Oren Stevens and Steve Hurlihy, respectively; other male models who are owners or part-owners of restaurants noted; illustrations (L)","blog":[],"source":"The New York Times","headline":{"main":"A New Role for Male Models: Restaurateur; 'Neighborhood Family Clientele' Interest in 'Inside Stuff' Attractive People Attract"},"pub_date":"1980-11-14T00:00:00Z","document_type":"article","news_desk":null,"section_name":null,"subsection_name":null,"type_of_material":"Article","_id":"4fc4a76445c1498b0dac0bf5"},{"web_url":"http:\/\/query.nytimes.com\/gst\/abstract.html?res=9C0CE3DC1330EE32A25754C0A9649C946694D6CF","snippet":"Sydney Barton Booth, veteran actor nephew of Edwin Booth and last of the male line of this famous American theatrical family, died yesterday in the Stamford Hospital of a cerebral hemorrhage suffered two days before at his home, 3 Saddlerock Road....","lead_paragraph":"Sydney Barton Booth, veteran actor nephew of Edwin Booth and last of the male line of this famous American theatrical family, died yesterday in the Stamford Hospital of a cerebral hemorrhage suffered two days before at his home, 3 Saddlerock Road. His sixty-fourth birthday was on Jan. 29.","abstract":"Exhibition","blog":[],"source":"The New York Times","headline":{"main":"SYDNEY BOOTH DIES; VETERAN ACTOR, 64; Last in the Male Line of Noted Theatrical Family Nephew of Edwin Booth"},"pub_date":"1937-02-07T00:00:00Z","document_type":"article","news_desk":null,"section_name":null,"subsection_name":null,"type_of_material":"Article","_id":"4fc1f17b45c1498b0d54496e"},{"web_url":"http:\/\/query.nytimes.com\/gst\/abstract.html?res=9501EEDE103AE13BBC4953DFB366838D679EDE","snippet":"Two psychologists who are conducting the first large-scale study of female homosexuals, have found that their backgrounds are similar to those of other women and are lacking in the kind of pathological family situations often found in studies of h...","lead_paragraph":"Two psychologists who are conducting the first large-scale study of female homosexuals, have found that their backgrounds are similar to those of other women and are lacking in the kind of pathological family situations often found in studies of homosexual men.","abstract":"Drs Gunlach and Reiss, in Postgrad Center for Mental Health study, find no distinction between family situations of Lesbians and other women; no parallel seen with male homosexual pattern of aversion to women and dominant mother-withdrawn father background","blog":[],"source":"The New York Times","headline":{"main":"No Male-Female Parallel Found for Homosexuals; Study Finds That Family Histories of Each Group Art Not Comparable"},"pub_date":"1966-05-01T00:00:00Z","document_type":"article","news_desk":null,"section_name":null,"subsection_name":null,"type_of_material":"Article","_id":"4fc4279945c1498b0d952ddd"},{"web_url":"http:\/\/query.nytimes.com\/gst\/abstract.html?res=9A04E6DF1339E33ABC4053DFB166838F629EDE","snippet":"BELMONT, Ohio, July 7 (AP). -- A physician who has seen \"creeping paralysis\" twist the bodies of the Dietrich brothers into virtual helplessness blames their plight on heredity....","lead_paragraph":"BELMONT, Ohio, July 7 (AP). -- A physician who has seen \"creeping paralysis\" twist the bodies of the Dietrich brothers into virtual helplessness blames their plight on heredity.","abstract":"Creeping paralysis cases of G W and J L Dietrich hereditary, says Dr E W Turner; 7 cases in family","blog":[],"source":"The New York Times","headline":{"main":"YOUTHS' PARALYSIS IS LAID TO HEREDITY; Ohio Physician Traces Seven Cases of 'Creeping Malady' in Family of 2 Brothers. IT STRIKES AT THE AGE OF 5 Women Seem to Escape, but Some of Their Male Children Are Affected."},"pub_date":"1934-07-08T00:00:00Z","document_type":"article","news_desk":null,"section_name":null,"subsection_name":null,"type_of_material":"Article","_id":"4fc1df5545c1498b0d4ec389"},{"web_url":"http:\/\/query.nytimes.com\/gst\/abstract.html?res=9902E5D81539E732A25752C1A9609C946890D6CF","snippet":"Recent census results issued by the Soviet Union have disclosed a sharp increase in some death rates and declines in births that may aggravate a labor shortage in the economy in the 1980's....","lead_paragraph":"Recent census results issued by the Soviet Union have disclosed a sharp increase in some death rates and declines in births that may aggravate a labor shortage in the economy in the 1980's.","abstract":"Soviet economists suggest easing labor shortage by recalling 30 million old-age pensioners to work force and letting them earn regular wages in addition to their social security payments (M)","blog":[],"source":"The New York Times","headline":{"main":"DEATH RATE OF MEN UP IN SOVIET TOWNS; Cause Unreported but Alcoholism, Accidents and Effects of War Are Considered Factors Results Given in Republic Papers Male-Female Imbalance Reduced Situation Varies With Regions Rural Family Traditionally Larger"},"pub_date":"1979-06-11T00:00:00Z","document_type":"article","news_desk":null,"section_name":null,"subsection_name":null,"type_of_material":"Article","_id":"4fc4a1b145c1498b0daa91fc"},{"web_url":"http:\/\/health.nytimes.com\/health\/guides\/disease\/reifenstein-syndrome\/overview.html","snippet":"Reifenstein syndrome is disease that occurs in boys when the body cannot respond the right way to the male sex hormones (androgens). Testosterone is a male sex hormone. This disorder is a type of androgen insufficiency syndrome....","lead_paragraph":"Reifenstein syndrome is disease that occurs in boys when the body cannot respond the right way to the male sex hormones (androgens). Testosterone is a male sex hormone. This disorder is a type of androgen insufficiency syndrome.","abstract":null,"blog":[],"source":null,"headline":{"main":"Reifenstein Syndrome"},"pub_date":null,"document_type":"topic","news_desk":null,"section_name":null,"subsection_name":null,"type_of_material":"healthtopic","_id":"52448b9e38f0d8198973c92c"},{"web_url":"http:\/\/query.nytimes.com\/gst\/abstract.html?res=9A0DE5DA153FE33ABC4A51DFB6678383639EDE","snippet":"Clinton D. Backus, last male descendant in direct line of a family that settled in New England in 1625, died suddenly in his room in the Hotel Shelton on Saturday night. His body, stretched on the floor near ......","lead_paragraph":"Clinton D. Backus, last male descendant in direct line of a family that settled in New England in 1625, died suddenly in his room in the Hotel Shelton on Saturday night. His body, stretched on the floor near ...","abstract":null,"blog":[],"source":"The New York Times","headline":{"main":"C.D. BACKUS DIES SUDDENLY IN HOTEL; Body of Last Male Descendant of Old New England Family Found in His Room. AUTOPSY TO BE HELD TODAY But Death Is Believed Due to Natural Causes--Graduate of Yale, 1918, and World War Veteran.","kicker":"1"},"pub_date":"1928-10-22T00:00:00Z","document_type":"article","news_desk":null,"section_name":null,"subsection_name":null,"type_of_material":"Article","_id":"4fc0b56745c1498b0d41cee9"},{"web_url":"http:\/\/query.nytimes.com\/gst\/abstract.html?res=9A06E1DC1431E53ABC4D52DFB667838D669FDE","snippet":"It was asserted last season by ill-natured dowagers that several young ladies because engaged to their friends without any idea of marriage. If this was really a true count, it shows that season belle can be wise in their generation. They see the ...","lead_paragraph":"It was asserted last season by ill-natured dowagers that several young ladies because engaged to their friends without any idea of marriage. If this was really a true count, it shows that season belle can be wise in their generation. They see the numerous advantages enjoyed by their engaged acquaintances, and think that they may as well put in their thumbs and pull out plums for themselves, leaving the dry crust of matrimony to others.","abstract":null,"blog":[],"source":"The New York Times","headline":{"main":"THE ANTE-MARRIAGE STATE; JOYS AND SORROWS OF THE ENGAGED TENDENCY OF YOUNG LADIES IN ENGLAND TO ENGAGE THEMSELVES MERELY TO ENJOY THE PRIVILEGES AND IMMUNITIES OF THAT CONDITION--EFFECT ON DIFFERENT YOUNG GIRLS--EFFECT IN THE FAMILY--DISADVANTAGES TO THE MALE PARTY TO THE CONTRACT.","kicker":"1"},"pub_date":"1876-10-15T00:03:58Z","document_type":"article","news_desk":null,"section_name":null,"subsection_name":null,"type_of_material":"Article","_id":"4fbff34745c1498b0d097974"},{"web_url":"http:\/\/query.nytimes.com\/gst\/abstract.html?res=9E02EFDE153DE033A05757C2A9609C946792D6CF","snippet":"LONDON, June 23--Home, for Althea Gibson, is where a tennis court is....","lead_paragraph":"LONDON, June 23--Home, for Althea Gibson, is where a tennis court is.","abstract":null,"blog":[],"source":"The New York Times","headline":{"main":"Althea Is at Home Abroad on Tennis Court; Miss Gibson's Tom Has Brought Her World Acclaim Amateur Ace Helped by Friends in U.S. to Develop Skill Family Moved to New York Male Player Flinches No Color Barriers Found Ball Travels Like a Bolt"},"pub_date":"1956-06-24T00:00:00Z","document_type":"article","news_desk":null,"section_name":null,"subsection_name":null,"type_of_material":"Article","_id":"4fc3b6d445c1498b0d80ab40"},{"web_url":"http:\/\/query.nytimes.com\/gst\/abstract.html?res=9A05E2DC103DE533A25750C2A9619C946195D6CF","snippet":"PARIS, July 22.--William K. Vanderbilt, the American financier, died here today after a lingering illness from heart trouble and other complications, which became acute on April 15 last while he was attending the races at Auteuil....","lead_paragraph":"PARIS, July 22.--William K. Vanderbilt, the American financier, died here today after a lingering illness from heart trouble and other complications, which became acute on April 15 last while he was attending the races at Auteuil.","abstract":"death; career; por; estimate of estate","blog":[],"source":"The New York Times","headline":{"main":"W.K. VANDERBILT DIES IN FRANCE IN HIS 71ST YEAR; Was Eldest Male Survivor of Family That Built Fortune in New York Central. CHILDREN AT HIS BEDSIDE Duchess of Marlborough and Her Brothers Present with Financier's Widow. ESTATE NEAR $100,000,000 $300,000,000 Left by His Father in Eight Shares Believed to be Over Billion Total Now."},"pub_date":"1920-07-23T00:00:00Z","document_type":"article","news_desk":null,"section_name":null,"subsection_name":null,"type_of_material":"Front Page","_id":"4fc07ba645c1498b0d310fa8"},{"web_url":"http:\/\/www.nytimes.com\/1983\/10\/23\/books\/fiction-in-brief-229916.html","snippet":"THE CHILDREN OF THE SUN    By Oakley Hall.  358 pp. New York: Atheneum. $17.95.     ''The Children of the Sun'' begins in Mexico in 1535, when Capt. Andres Dorantes, his slave Esteban and two other Spanish soldiers set out on an extraordinary jour...","lead_paragraph":"THE CHILDREN OF THE SUN By Oakley Hall. 358 pp. New York: Atheneum. $17.95. ''The Children of the Sun'' begins in Mexico in 1535, when Capt. Andres Dorantes, his slave Esteban and two other Spanish soldiers set out on an extraordinary journey across the unexplored territory of what was then called New Spain. Naked and starving, these four travelers constitute the pitiful remnant of a defeated Spanish force.","abstract":null,"blog":[],"source":"The New York Times","headline":{"main":"FICTION IN BRIEF"},"pub_date":"1983-10-23T00:00:00Z","document_type":"article","news_desk":"Book Review Desk","section_name":"Arts; Books","subsection_name":null,"type_of_material":"News","_id":"4fd131f18eb7c8105d600125"},{"web_url":"http:\/\/health.nytimes.com\/health\/guides\/symptoms\/ambiguous-genitalia\/overview.html","snippet":"Ambiguous genitalia is a birth defect where the outer genitals do not have the typical appearance of either a boy or a girl....","lead_paragraph":"Ambiguous genitalia is a birth defect where the outer genitals do not have the typical appearance of either a boy or a girl.","abstract":null,"blog":[],"source":null,"headline":{"main":"Ambiguous Genitalia"},"pub_date":null,"document_type":"topic","news_desk":null,"section_name":null,"subsection_name":null,"type_of_material":"healthtopic","_id":"5244853138f0d8198973c823"},{"web_url":"http:\/\/health.nytimes.com\/health\/guides\/disease\/intersex\/overview.html","snippet":"Intersex is a group of conditions where there is a discrepancy between the external genitals and the internal genitals (the testes and ovaries). The older term for this condition, hermaphroditism, came from joining the names of a Greek god and god...","lead_paragraph":"Intersex is a group of conditions where there is a discrepancy between the external genitals and the internal genitals (the testes and ovaries). The older term for this condition, hermaphroditism, came from joining the names of a Greek god and goddess, Hermes and Aphrodite. Hermes was a god of male sexuality (among other things) and Aphrodite a goddess of female sexuality, love, and beauty. Although the older terms are still included in this article for reference, they have been replaced by most experts (and patients and families) because they are misleading, confusing, and insensitive. Increasingly this group of conditions is being called disorders of sex development (DSDs).","abstract":null,"blog":[],"source":null,"headline":{"main":"Intersex"},"pub_date":null,"document_type":"topic","news_desk":null,"section_name":null,"subsection_name":null,"type_of_material":"healthtopic","_id":"52446d3738f0d8198973c437"}]