[{"web_url":"http:\/\/www.nytimes.com\/2017\/02\/15\/opinion\/fighting-college-sexual-assault-in-the-trump-era.html","snippet":"In recent years, schools have had to answer hard questions about how they handle sexual violence. Is that about to end?...","lead_paragraph":"In recent years, schools have had to answer hard questions about how they handle sexual violence. Is that about to end?","abstract":null,"blog":[],"source":"The New York Times","headline":{"main":"Fighting College Sexual Assault in the Trump Era","content_kicker":"Op-Ed Contributor","kicker":"Op-Ed Contributor"},"pub_date":"2017-02-15T20:10:26+0000","document_type":"article","news_desk":"OpEd","section_name":"Opinion","subsection_name":null,"type_of_material":"Op-Ed","_id":"58a4b5b77c459f2525d1c9ee"},{"web_url":"http:\/\/query.nytimes.com\/gst\/abstract.html?res=9A01E5D9123BE63BBC4F52DFBE66838C679FDE","snippet":"There is considerable discussion touching the course of Gen. GRANT in temporarily taking the head of the War Department. Gen. GRANT has not accepted an office; he has obeyed an order. Gen. SCOTT several times took the same place. There may be a do...","lead_paragraph":"There is considerable discussion touching the course of Gen. GRANT in temporarily taking the head of the War Department. Gen. GRANT has not accepted an office; he has obeyed an order. Gen. SCOTT several times took the same place. There may be a doubt whether the order was of that strict military character that the General was bound to obey: but he is too old a soldier to raise it.","abstract":"Order of Gen. Schofield on Execution of the Law","blog":[],"source":"The New York Times","headline":{"main":"POLITICAL AFFAIRS.; Gen. Grant in the War Department. The Attacks on Gen, Grant. The President's Course of Action-What Does It Mean . Execution of the Laws In Virginia-Order from Gen. Schofield. Judge Thomas, of Virginia, and the Civil Rights Bill. Equal Suffrage in Miclilan."},"pub_date":"1867-08-17T00:03:58Z","document_type":"article","news_desk":null,"section_name":null,"subsection_name":null,"type_of_material":"Front Page","_id":"4fbfe17745c1498b0d047edc"},{"web_url":"http:\/\/www.nytimes.com\/1990\/06\/05\/us\/los-angeles-board-is-said-to-exercise-anti-hispanic-bias.html","snippet":"LEAD: In a ruling that Hispanic political organizations equated with the landmark court decisions that desegregated the South, a Federal judge today declared that the Los Angeles County Supervisors had unconstitutionally gerrymandered their distri...","lead_paragraph":"LEAD: In a ruling that Hispanic political organizations equated with the landmark court decisions that desegregated the South, a Federal judge today declared that the Los Angeles County Supervisors had unconstitutionally gerrymandered their districts to exclude Hispanic people from representation.","abstract":null,"blog":[],"source":"The New York Times","headline":{"main":"LOS ANGELES BOARD IS SAID TO EXERCISE ANTI-HISPANIC BIAS"},"pub_date":"1990-06-05T00:00:00Z","document_type":"article","news_desk":"National Desk","section_name":"Front Page; U.S.","subsection_name":null,"type_of_material":"News","_id":"4fd19f808eb7c8105d6b3539"},{"web_url":"http:\/\/www.nytimes.com\/2001\/11\/30\/world\/a-nation-challenged-rights-in-bonn-three-champions-for-afghan-women.html","snippet":"Sima Wali left Afghanistan 23 years ago when the Soviet Army swept into her country. Afghanistan was thrown into a downward spiral of violence, rivalry, civil war and harsh religious rule that finally forced Afghan women out of public life, jobs a...","lead_paragraph":"Sima Wali left Afghanistan 23 years ago when the Soviet Army swept into her country. Afghanistan was thrown into a downward spiral of violence, rivalry, civil war and harsh religious rule that finally forced Afghan women out of public life, jobs and education. ''In these 23 years, Afghan women have had to fight their own jihad for peace and equality,'' Ms. Wali said. ''It was a jihad, really. But it has also politicized Afghan women, even from behind the veil.''","abstract":"Three women are taking part as delegates in United Nations talks in Bonn on provisional government for post-Taliban Afghanistan; they are Sima Wali, who left Afghanistan 23 years ago, Rona Mansuri, who left in 1960's, and Amena Safi Afzali, exile now living in Iran and representing Northern Alliance; they are pressing for resumption of rights for women taken away during Taliban regime; photo (M)","blog":[],"source":"The New York Times","headline":{"main":"In Bonn, Three Champions for Afghan Women","kicker":"A NATION CHALLENGED: RIGHTS"},"pub_date":"2001-11-30T00:00:00Z","document_type":"article","news_desk":"Foreign Desk","section_name":"World","subsection_name":null,"type_of_material":"News","_id":"4fd219668eb7c8105d7976e5"},{"web_url":"http:\/\/www.nytimes.com\/1990\/06\/24\/opinion\/the-civil-rights-act-white-men-s-hope.html","snippet":"LEAD: President Bush and Congress have overlooked an important reason why they should immediately enact the Civil Rights Act of 1990: to help white men overcome their feelings of inferiority....","lead_paragraph":"LEAD: President Bush and Congress have overlooked an important reason why they should immediately enact the Civil Rights Act of 1990: to help white men overcome their feelings of inferiority.","abstract":null,"blog":[],"source":"The New York Times","headline":{"main":"The Civil Rights Act: White Men's Hope"},"pub_date":"1990-06-24T00:00:00Z","document_type":"article","news_desk":"Editorial Desk","section_name":"Opinion","subsection_name":null,"type_of_material":"Op-Ed","_id":"4fd194148eb7c8105d69ec2f"},{"web_url":"http:\/\/www.nytimes.com\/1982\/03\/10\/us\/color-blind-rights-law-news-analysis.html","snippet":"A fundamental disagreement over whether the Constitution and civil rights laws are ''color-blind,'' as the Reagan Administration contends, runs through the increasingly bitter disputes between the   Administration and most major civil rights group...","lead_paragraph":"A fundamental disagreement over whether the Constitution and civil rights laws are ''color-blind,'' as the Reagan Administration contends, runs through the increasingly bitter disputes between the Administration and most major civil rights groups. This disagreement underlies radically different approaches to important civil rights issues, in particular the Administration's opposition to hiring quotas based on race and sex to overcome job discrimination and mandatory busing to end school segregation. The Administration's positions on these issues reflect its rejection of a principle embodied in many Federal court decisions: that special preferences for blacks and other disadvantaged groups, and special ''race-conscious'' efforts to integrate schools, are necessary in some cases to avoid perpetuating the effects of past discrimination. William Bradford Reynolds, head of the Justice Department's civil rights division, justified the Administration's opposition to such race-conscious civil rights policies in a recent speech by invoking ''the color-blind ideal of equal opportunity for all.''","abstract":null,"blog":[],"source":"The New York Times","headline":{"main":"News Analysis","kicker":"'COLOR-BLIND' RIGHTS LAW"},"pub_date":"1982-03-10T00:00:00Z","document_type":"article","news_desk":"National Desk","section_name":"U.S.; Washington","subsection_name":null,"type_of_material":"An Analysis","_id":"4fd11d7b8eb7c8105d5db91f"},{"web_url":"http:\/\/www.nytimes.com\/2015\/11\/29\/us\/after-a-defeat-in-houston-the-fight-for-gay-rights-shifts-to-jacksonville.html","snippet":"A push to create an anti-discrimination ordinance pits a coalition of gays and business forces against energized Christian conservatives....","lead_paragraph":"A push to create an anti-discrimination ordinance pits a coalition of gays and business forces against energized Christian conservatives.","abstract":"Jacksonville, Fla, holds first of three scheduled meetings between citizens and Mayor Lenny Curry to discuss expanded anti-discrimination ordinance that will extend civil rights protections toward gay, lesbian, bisexual and transgender people; ordinance, which is expected to go before the City Council in early 2016, pits deeply conservative Christians against supporters of equal rights and select business leaders.","blog":[],"source":"The New York Times","headline":{"main":"After a Defeat in Houston, the Fight for Gay Rights Shifts to Jacksonville","print_headline":"After a Defeat in Houston, the Fight for Gay Rights Shifts to Jacksonville"},"pub_date":"2015-11-29T00:00:00Z","document_type":"article","news_desk":"National","section_name":"U.S.","subsection_name":null,"type_of_material":"News","_id":"565a3cc038f0d80bc460a10c"},{"web_url":"http:\/\/www.nytimes.com\/1989\/11\/07\/us\/supreme-court-roundup-justices-to-rule-on-illinois-bias-case.html","snippet":"LEAD: The Supreme Court agreed today to decide whether state courts, in addition to Federal courts, can hear lawsuits brought under the principal Federal law that prohibits race and sex discrimination on the job....","lead_paragraph":"LEAD: The Supreme Court agreed today to decide whether state courts, in addition to Federal courts, can hear lawsuits brought under the principal Federal law that prohibits race and sex discrimination on the job.","abstract":null,"blog":[],"source":"The New York Times","headline":{"main":"Supreme Court Roundup; Justices to Rule on Illinois Bias Case"},"pub_date":"1989-11-07T00:00:00Z","document_type":"article","news_desk":"National Desk","section_name":"U.S.","subsection_name":null,"type_of_material":"News","_id":"4fd18b478eb7c8105d68da03"},{"web_url":"http:\/\/www.nytimes.com\/2004\/10\/14\/international\/middleeast\/14shelter.html","snippet":"A sampling of the smashed lives in Baghdad's first shelter for battered women shows just how much work its founder has before her....","lead_paragraph":"A sampling of the smashed lives in this city's first shelter for battered women shows just how much work its founder, Yanar Mohamed, has before her. There is Susan, whose new husband began to beat her after discovering that she had been raped as a teenager. He held their new baby to her breast for feedings, because she was not allowed to touch the infant. She now lives in the shelter with the child.","abstract":"Yanar Mohamed, Iraqi-Canadian rights advocate, opens first shelter for battered women in Baghdad, and another in Kirkuk; women come without papers or passports because in punishing and rigid Islamic tradition, some would be killed if relatives found them; women in Iraq began losing their rights in 1980's, when years of war sapped economic resources, plunging country into poverty and eroding women's independence; Sadam Hussein, to appease religious leaders, forced stricter adherence to conservative religious rules; killing and abuse of women stretches across class and educational lines; photo (M)","blog":[],"source":"The New York Times","headline":{"main":"Shielding Women From a Renewal of Domestic Violence","kicker":"THE REACH OF WAR: CIVIL RIGHTS"},"pub_date":"2004-10-14T00:00:00Z","document_type":"article","news_desk":"Foreign Desk","section_name":"World; Washington","subsection_name":null,"type_of_material":"News","_id":"4fd258138eb7c8105d8032a3"},{"web_url":"http:\/\/www.nytimes.com\/2014\/12\/05\/us\/advocates-seek-civil-rights-bill-for-lesbian-gay-bisexual-and-transgender-americans.html","snippet":"As same-sex marriage gains ground, advocates are planning to seek broader protections akin to those provided for women and racial minorities in 1964....","lead_paragraph":"As same-sex marriage gains ground, advocates are planning to seek broader protections akin to those provided for women and racial minorities in 1964.","abstract":"Gay rights advocates are seeking legislation for broader protection of lesbian, gay, bisexual and transgender people from discrimination; plans for civil rights bill are still in early stages, but advocates envision it to be comparable to 1964 Civil Rights Act.","blog":[],"source":"The New York Times","headline":{"main":"Rights Bill Sought for Lesbian, Gay, Bisexual and Transgender Americans","print_headline":"Rights Bill Sought for Lesbian, Gay, Bisexual and Transgender Americans"},"pub_date":"2014-12-05T00:00:00Z","document_type":"article","news_desk":"National","section_name":"U.S.","subsection_name":null,"type_of_material":"News","_id":"5480949938f0d874625c741b"},{"web_url":"http:\/\/www.nytimes.com\/2017\/01\/27\/us\/emmett-till-lynching-carolyn-bryant-donham.html","snippet":"Carolyn Bryant Donham is quoted in a new book as admitting her long-ago allegations that Emmett grabbed her and was menacing and sexually crude toward her, \u201cis not true.\u201d...","lead_paragraph":"Carolyn Bryant Donham is quoted in a new book as admitting her long-ago allegations that Emmett grabbed her and was menacing and sexually crude toward her, \u201cis not true.\u201d","abstract":null,"blog":[],"source":"The New York Times","headline":{"main":"Woman Linked to 1955 Emmett Till Murder Tells Historian Her Claims Were False","print_headline":"Woman Tied to 1955 Emmett Till Murder Tells Historian Her Claims Were False"},"pub_date":"2017-01-28T03:45:40+0000","document_type":"article","news_desk":"National","section_name":"U.S.","subsection_name":null,"type_of_material":"News","_id":"588c13ea7c459f2525d1920c"},{"web_url":"http:\/\/www.nytimes.com\/2010\/05\/23\/opinion\/lweb23rich.html","snippet":"Readers respond to a recent column....","lead_paragraph":"Readers respond to a recent column.","abstract":null,"blog":[],"source":"The New York Times","headline":{"main":"Hypocrisy on Gays","sub":"(1 Letter)","print_headline":"Hypocrisy on Gays","content_kicker":"Letter"},"pub_date":"2010-05-23T00:00:00Z","document_type":"article","news_desk":"Letters","section_name":"Opinion","subsection_name":null,"type_of_material":"Letter","_id":"5446757538f0d832c81402c8"},{"web_url":"http:\/\/www.nytimes.com\/aponline\/2017\/02\/27\/us\/ap-us-supreme-court-gorsuch-workers-rights-glance.html","snippet":"President Donald Trump's pick to fill a Supreme Court vacancy has heard dozens of workers' rights cases on the U.S. 10th Circuit Court of Appeals. Many conservatives hail Neil Gorsuch for sticking to the letter of the law and not letting personal ...","lead_paragraph":"President Donald Trump's pick to fill a Supreme Court vacancy has heard dozens of workers' rights cases on the U.S. 10th Circuit Court of Appeals. Many conservatives hail Neil Gorsuch for sticking to the letter of the law and not letting personal views influence his rulings. Detractors note that he has, more often than not, sided with employers.","abstract":null,"blog":[],"source":"AP","headline":{"main":"Gorsuch Rulings in Some Notable Employee's Rights Cases","print_headline":"Gorsuch Rulings in Some Notable Employee's Rights Cases"},"pub_date":"2017-02-27T08:27:37+0000","document_type":"article","news_desk":null,"section_name":"U.S.","subsection_name":null,"type_of_material":"News","_id":"58b3e3057c459f2525d1eb17"},{"web_url":"http:\/\/www.nytimes.com\/aponline\/2017\/02\/25\/us\/ap-us-supreme-court-gorsuch-workers-rights-glance.html","snippet":"President Donald Trump's pick to fill a Supreme Court vacancy has heard dozens of workers' rights cases on the U.S. 10th Circuit Court of Appeals. Many conservatives hail Neil Gorsuch for sticking to the letter of the law and not letting personal ...","lead_paragraph":"President Donald Trump's pick to fill a Supreme Court vacancy has heard dozens of workers' rights cases on the U.S. 10th Circuit Court of Appeals. Many conservatives hail Neil Gorsuch for sticking to the letter of the law and not letting personal views influence his rulings. Detractors note that he has, more often than not, sided with employers.","abstract":null,"blog":[],"source":"AP","headline":{"main":"Notable Workers' Rights Cases Heard by Neil Gorsuch","print_headline":"Notable Workers' Rights Cases Heard by Neil Gorsuch"},"pub_date":"2017-02-25T14:39:32+0000","document_type":"article","news_desk":null,"section_name":"U.S.","subsection_name":null,"type_of_material":"News","_id":"58b1972d7c459f2525d1e7bb"},{"web_url":"http:\/\/www.nytimes.com\/1982\/07\/09\/us\/supreme-court-term-divisions-over-rights-news-analysis.html","snippet":"In its term that ended last week, a deeply divided Supreme Court granted new constitutional rights to illegal aliens, retarded people in state institutions and public school students fighting the politically motivated removal of books from school ...","lead_paragraph":"In its term that ended last week, a deeply divided Supreme Court granted new constitutional rights to illegal aliens, retarded people in state institutions and public school students fighting the politically motivated removal of books from school libaries. At the same time, the Court made it more difficult to seek some rights in the Federal courts. It placed new barriers in the path of prisoners seeking to challenge their convictions in Federal court and giving government officials new protection against suits by citizens whose rights they may have violated. Many of the Court's most important rulings this year seemed more the product of fragile and shifting coalitions among the Justices than of any overriding vision of the law or the Constitution. Among the numerous 5-to-4 decisions were those holding that the President of the United States is absolutely immune from civil suit for illegal or unconstitutional acts taken in his term, that illegal alien children are entitled to a free public education, that male students may not be barred from a state-operated school of nursing and that the Constitution limits the discretion of school boards to remove books from library shelves.","abstract":null,"blog":[],"source":"The New York Times","headline":{"main":"News Analysis","kicker":"SUPREME COURT TERM: DIVISIONS OVER RIGHTS"},"pub_date":"1982-07-09T00:00:00Z","document_type":"article","news_desk":"National Desk","section_name":"Front Page; Education; U.S.; Books","subsection_name":null,"type_of_material":"An Analysis","_id":"4fd125928eb7c8105d5ebaf7"},{"web_url":"http:\/\/www.nytimes.com\/2010\/05\/16\/opinion\/16rich.html","snippet":"A new same-sex religious right scandal for an old culture war....","lead_paragraph":"A new same-sex religious right scandal for an old culture war.","abstract":null,"blog":[],"source":"The New York Times","headline":{"main":"A Heaven-Sent Rent Boy","content_kicker":"Op-Ed Columnist","print_headline":"A Heaven-Sent Rent Boy"},"pub_date":"2010-05-16T00:00:00Z","document_type":"article","news_desk":"Editorial","section_name":"Opinion","subsection_name":null,"type_of_material":"Op-Ed","_id":"54463ea038f0d832c813fdf3"},{"web_url":"http:\/\/query.nytimes.com\/gst\/abstract.html?res=9C00EFDF1031E432A25756C2A9649C946890D6CF","snippet":"ONE of the more striking historical parallels in American politics has to do with the similarity of the origins of the feminist movements of the  19th and 20th centuries: the former in the struggle for the abolition of slavery, the latter in the c...","lead_paragraph":"ONE of the more striking historical parallels in American politics has to do with the similarity of the origins of the feminist movements of the 19th and 20th centuries: the former in the struggle for the abolition of slavery, the latter in the civil-rights movement and the New Left.","abstract":"Evans, Sara: Personal Politics. The Roots of Women's Liberation in the Civil Rights Movement and the New Left revd by Elinor Langer","blog":[],"source":"The New York Times","headline":{"main":"A Movement Got Moving; Movement"},"pub_date":"1979-02-25T00:00:00Z","document_type":"article","news_desk":null,"section_name":null,"subsection_name":null,"type_of_material":"Article","_id":"4fc4a4ec45c1498b0dab633d"},{"web_url":"http:\/\/www.nytimes.com\/reuters\/2017\/01\/25\/us\/politics\/25reuters-usa-trump-immigration-muslims.html","snippet":"Immigrant and refugee advocates on Wednesday denounced White House plans to temporarily stop receiving refugees and suspend visas for people from seven Middle Eastern and North African countries, saying they target Muslims and will make America le...","lead_paragraph":"Immigrant and refugee advocates on Wednesday denounced White House plans to temporarily stop receiving refugees and suspend visas for people from seven Middle Eastern and North African countries, saying they target Muslims and will make America less safe.","abstract":null,"blog":[],"source":"Reuters","headline":{"main":"Rights Advocates Slam Trump Plans on Muslim Immigrants, Refugees","print_headline":"Rights Advocates Slam Trump Plans on Muslim Immigrants, Refugees"},"pub_date":"2017-01-25T22:15:29+0000","document_type":"article","news_desk":null,"section_name":"U.S.","subsection_name":"Politics","type_of_material":"News","_id":"5889238a7c459f2525d18a60"},{"web_url":"http:\/\/www.nytimes.com\/2012\/09\/30\/books\/review\/moral-minority-by-david-r-swartz.html","snippet":"Before there was a religious right, there was a religious left....","lead_paragraph":"Before there was a religious right, there was a religious left.","abstract":"Molly Worthen reviews book Moral Minority: The Evangelical Left in an Age of Conservatism by David R Swartz.","blog":[],"source":"The New York Times","headline":{"seo":"\u2018Moral Minority\u2019 by David R. Swartz","main":"Pro-Life, Pro-Left","print_headline":"Pro-Life, Pro-Left"},"pub_date":"2012-09-30T00:00:00Z","document_type":"article","news_desk":"BookReview","section_name":"Books","subsection_name":"Sunday Book Review","type_of_material":"Review","_id":"507c49f195e998af71185016"},{"web_url":"http:\/\/www.nytimes.com\/2017\/01\/21\/us\/niles-michigan-trump-no-women-march.html","snippet":"Women in Niles, Mich., 600 miles from Washington, disagreed on the need for the march and on the issues it focused on....","lead_paragraph":"Women in Niles, Mich., 600 miles from Washington, disagreed on the need for the march and on the issues it focused on.","abstract":null,"blog":[],"source":"The New York Times","headline":{"main":"In a Rust Belt Town, the Women\u2019s March Draws Shrugs and Cheers From Afar","print_headline":"In Rust Belt Town, March Draws Shrugs and Cheers From Afar"},"pub_date":"2017-01-22T01:11:22+0000","document_type":"article","news_desk":"National","section_name":"U.S.","subsection_name":null,"type_of_material":"News","_id":"588406be7c459f2525d17e97"}]