[{"web_url":"http:\/\/www.nytimes.com\/aponline\/2017\/01\/28\/world\/asia\/ap-as-thailand-lgbt-prisons.html","snippet":"Theerayut Charoenpakdee was terrified when police stopped her outside a mall in Pattaya, a Thai resort famous for its sordid nightlife. A urine test on the spot revealed meth coursing through her veins....","lead_paragraph":"Theerayut Charoenpakdee was terrified when police stopped her outside a mall in Pattaya, a Thai resort famous for its sordid nightlife. A urine test on the spot revealed meth coursing through her veins.","abstract":null,"blog":[],"source":"AP","headline":{"main":"Thailand Separates LGBT Inmates, Considers Segregated Prison","print_headline":"Thailand Separates LGBT Inmates, Considers Segregated Prison"},"pub_date":"2017-01-29T03:03:36+0000","document_type":"article","news_desk":null,"section_name":"World","subsection_name":"Asia Pacific","type_of_material":"News","_id":"588d5b8d7c459f2525d19381"},{"web_url":"http:\/\/www.nytimes.com\/reuters\/2017\/02\/19\/world\/americas\/19reuters-ecuador-election-transgender.html","snippet":"Ecuadorean transgender people on Sunday voted for the first time according to their chosen gender, in what activists say are signs of progress in the socially conservative and Catholic Andean nation....","lead_paragraph":"Ecuadorean transgender people on Sunday voted for the first time according to their chosen gender, in what activists say are signs of progress in the socially conservative and Catholic Andean nation.","abstract":null,"blog":[],"source":"Reuters","headline":{"main":"Ecuador Transgender People Vote for First Time According to Chosen Gender","print_headline":"Ecuador Transgender People Vote for First Time According to Chosen Gender"},"pub_date":"2017-02-19T18:24:29+0000","document_type":"article","news_desk":null,"section_name":"World","subsection_name":"Americas","type_of_material":"News","_id":"58a9e2e27c459f2525d1d640"},{"web_url":"http:\/\/www.nytimes.com\/aponline\/2017\/01\/26\/us\/ap-us-gender-state-ids.html","snippet":"Democratic lawmakers on Thursday introduced a bill supporters say would make California the first state to add a third gender option on state identifying documents....","lead_paragraph":"Democratic lawmakers on Thursday introduced a bill supporters say would make California the first state to add a third gender option on state identifying documents.","abstract":null,"blog":[],"source":"AP","headline":{"main":"California Lawmakers Want Third-Gender Option on IDs","print_headline":"California Lawmakers Want Third-Gender Option on IDs"},"pub_date":"2017-01-26T22:37:04+0000","document_type":"article","news_desk":null,"section_name":"U.S.","subsection_name":null,"type_of_material":"News","_id":"588a7a157c459f2525d18e27"},{"web_url":"http:\/\/www.nytimes.com\/aponline\/2017\/02\/21\/us\/politics\/ap-us-trump-transgender-bathrooms.html","snippet":"The Trump administration is working on a new set of directives on the use of school bathrooms by transgender students, the White House said Tuesday....","lead_paragraph":"The Trump administration is working on a new set of directives on the use of school bathrooms by transgender students, the White House said Tuesday.","abstract":null,"blog":[],"source":"AP","headline":{"main":"Trump Administration Working on Trans Bathroom Guidelines","print_headline":"Trump Administration Working on Trans Bathroom Guidelines"},"pub_date":"2017-02-21T21:51:58+0000","document_type":"article","news_desk":null,"section_name":"U.S.","subsection_name":"Politics","type_of_material":"News","_id":"58acb6837c459f2525d1dbf0"},{"web_url":"http:\/\/www.nytimes.com\/aponline\/2017\/01\/20\/us\/ap-us-transgender-name-change.html","snippet":"Two transgender men may legally change their names, a Georgia appeals court ruled Friday, overturning a judge's orders that said the name changes could be confusing and considered a type of fraud....","lead_paragraph":"Two transgender men may legally change their names, a Georgia appeals court ruled Friday, overturning a judge's orders that said the name changes could be confusing and considered a type of fraud.","abstract":null,"blog":[],"source":"AP","headline":{"main":"Appeals Court Tells Judge to Allow Transgender Name Changes","print_headline":"Appeals Court Tells Judge to Allow Transgender Name Changes"},"pub_date":"2017-01-20T16:42:54+0000","document_type":"article","news_desk":null,"section_name":"U.S.","subsection_name":null,"type_of_material":"News","_id":"58823e117c459f2525d17bbd"},{"web_url":"http:\/\/www.nytimes.com\/aponline\/2017\/02\/22\/us\/ap-us-transgender-bathrooms.html","snippet":"Transgender students on Wednesday lost federal protections that allowed them to use school bathrooms and locker rooms matching their gender identities, as the Trump administration stepped into a long-simmering national debate....","lead_paragraph":"Transgender students on Wednesday lost federal protections that allowed them to use school bathrooms and locker rooms matching their gender identities, as the Trump administration stepped into a long-simmering national debate.","abstract":null,"blog":[],"source":"AP","headline":{"main":"Trump Administration Lifts Transgender Bathroom Guidance","print_headline":"Trump Administration Lifts Transgender Bathroom Guidance"},"pub_date":"2017-02-22T17:37:03+0000","document_type":"article","news_desk":null,"section_name":"U.S.","subsection_name":null,"type_of_material":"News","_id":"58adcc457c459f2525d1de8d"},{"web_url":"http:\/\/www.nytimes.com\/aponline\/2017\/02\/24\/us\/politics\/ap-us-supreme-court-transgender-bathrooms.html","snippet":"Both the transgender teen who sued to use a boys' bathroom and the Virginia school board that won't let him still want the Supreme Court to issue a definitive ruling in their ongoing dispute, even after the Trump administration retreated from an O...","lead_paragraph":"Both the transgender teen who sued to use a boys' bathroom and the Virginia school board that won't let him still want the Supreme Court to issue a definitive ruling in their ongoing dispute, even after the Trump administration retreated from an Obama-era policy on bathroom use.","abstract":null,"blog":[],"source":"AP","headline":{"main":"Supreme Court Could Decide Transgender Case. Or Not.","print_headline":"Supreme Court Could Decide Transgender Case. Or Not."},"pub_date":"2017-02-24T08:24:56+0000","document_type":"article","news_desk":null,"section_name":"U.S.","subsection_name":"Politics","type_of_material":"News","_id":"58afedde7c459f2525d1e413"},{"web_url":"http:\/\/www.nytimes.com\/reuters\/2017\/01\/17\/world\/asia\/17reuters-thailand-lgbt.html","snippet":"Thai transgender activist Nada Chaiyajit completed her undergraduate studies in August, and two months later, school officials told her 12 classmates - all men - that their graduation certificates were ready....","lead_paragraph":"Thai transgender activist Nada Chaiyajit completed her undergraduate studies in August, and two months later, school officials told her 12 classmates - all men - that their graduation certificates were ready.","abstract":null,"blog":[],"source":"Reuters","headline":{"main":"In LGBT 'Paradise', Thai Transgender Activist Breaks Barriers to Education","print_headline":"In LGBT 'Paradise', Thai Transgender Activist Breaks Barriers to Education"},"pub_date":"2017-01-18T01:27:28+0000","document_type":"article","news_desk":null,"section_name":"World","subsection_name":"Asia Pacific","type_of_material":"News","_id":"587ec4867c459f2525d1719c"},{"web_url":"http:\/\/www.nytimes.com\/reuters\/2016\/11\/15\/world\/asia\/15reuters-myanmar-gay.html","snippet":"When police in Myanmar's biggest city Yangon arrested Chew Su Khin, a young transgender woman, for the third time in a year, they removed her hair extensions and set them on fire, stripped her naked and took pictures for their amusement....","lead_paragraph":"When police in Myanmar's biggest city Yangon arrested Chew Su Khin, a young transgender woman, for the third time in a year, they removed her hair extensions and set them on fire, stripped her naked and took pictures for their amusement.","abstract":null,"blog":[],"source":"Reuters","headline":{"main":"Myanmar's Abused, Intimidated LGBT People Long for Acceptance in New Era","print_headline":"Myanmar's Abused, Intimidated LGBT People Long for Acceptance in New Era"},"pub_date":"2016-11-16T00:15:29Z","document_type":"article","news_desk":null,"section_name":"World","subsection_name":"Asia Pacific","type_of_material":"News","_id":"582ba52c7c459f6a5fcce336"},{"web_url":"http:\/\/www.nytimes.com\/aponline\/2017\/01\/18\/us\/ap-us-chelsea-manning-transgender-struggles.html","snippet":"For most Americans, Chelsea Manning has been a hero or villain based on how they view her decision to leak classified material. For transgender people, she has another dimension &#8212; serving as a potent symbol of their struggles for acceptance....","lead_paragraph":"For most Americans, Chelsea Manning has been a hero or villain based on how they view her decision to leak classified material. For transgender people, she has another dimension &#8212; serving as a potent symbol of their struggles for acceptance.","abstract":null,"blog":[],"source":"AP","headline":{"main":"Chelsea Manning: A Potent Symbol for Transgender Americans","print_headline":"Chelsea Manning: a Potent Symbol for Transgender Americans"},"pub_date":"2017-01-18T19:36:47+0000","document_type":"article","news_desk":null,"section_name":"U.S.","subsection_name":null,"type_of_material":"News","_id":"587fc3db7c459f2525d1747b"},{"web_url":"http:\/\/www.nytimes.com\/reuters\/2016\/06\/28\/world\/asia\/28reuters-philippines-lgbt-police.html","snippet":"Lesbian, gay, bisexual and transgender (LGBT) people in the Philippines face extortion, violence and rape when seeking help from the police and do not trust law enforcement officers to protect them, a rights group said....","lead_paragraph":"Lesbian, gay, bisexual and transgender (LGBT) people in the Philippines face extortion, violence and rape when seeking help from the police and do not trust law enforcement officers to protect them, a rights group said.","abstract":null,"blog":[],"source":"Reuters","headline":{"main":"Philippines LGBT Group Accuse Police of Failing to Serve and Protect","print_headline":"Philippines LGBT Group Accuse Police of Failing to Serve and Protect"},"pub_date":"2016-06-28T11:50:46Z","document_type":"article","news_desk":"None","section_name":"World","subsection_name":"Asia Pacific","type_of_material":"News","_id":"57729d1d38f0d82529b0b648"},{"web_url":"http:\/\/www.nytimes.com\/reuters\/2015\/03\/04\/us\/04reuters-usa-lgbt-police.html","snippet":"Law enforcement agencies in the United States regularly discriminate against and harass lesbian, gay, bisexual and transgender (LGBT) people, according to researchers at the University of California, Los Angeles....","lead_paragraph":"Law enforcement agencies in the United States regularly discriminate against and harass lesbian, gay, bisexual and transgender (LGBT) people, according to researchers at the University of California, Los Angeles.  ","abstract":null,"blog":[],"source":"Reuters","headline":{"main":"Police Discrimination Against U.S. LGBT Community Pervasive: Report","print_headline":"Police Discrimination Against U.S. LGBT Community Pervasive: Report"},"pub_date":"2015-03-04T17:05:30Z","document_type":"article","news_desk":"None","section_name":"U.S.","subsection_name":null,"type_of_material":"News","_id":"54f7d95138f0d8579fff615a"},{"web_url":"http:\/\/www.nytimes.com\/aponline\/2014\/08\/21\/us\/ap-us-gay-vegas.html","snippet":"While gay couples still can't get married in the marriage capital of the world, Las Vegas wants to let them know they &#8212; and their money &#8212; are more than welcome to the buffet of other activities Sin City has to offer....","lead_paragraph":"While gay couples still can't get married in the marriage capital of the world, Las Vegas wants to let them know they &#8212; and their money &#8212; are more than welcome to the buffet of other activities Sin City has to offer.","abstract":null,"blog":[],"source":"AP","headline":{"main":"Vegas Offering All but Marriage to LGBT Tourists","print_headline":"Vegas Offering All but Marriage to LGBT Tourists"},"pub_date":"2014-08-21T02:36:27Z","document_type":"article","news_desk":null,"section_name":"U.S.","subsection_name":null,"type_of_material":"News","_id":"53f5940338f0d87ef470e79a"},{"web_url":"http:\/\/www.nytimes.com\/aponline\/2016\/11\/30\/us\/ap-us-discrimination-lawsuit-lesbian.html","snippet":"A rare full-court session of a U.S. appeals court in Chicago heard arguments Wednesday on whether protections under a 1964 Civil Rights Act should be expanded to cover workplace discrimination against LGBT employees, as hopes dim among some gay ri...","lead_paragraph":"A rare full-court session of a U.S. appeals court in Chicago heard arguments Wednesday on whether protections under a 1964 Civil Rights Act should be expanded to cover workplace discrimination against LGBT employees, as hopes dim among some gay rights activists that the question will be resolved in their favor following Republican election victories.","abstract":null,"blog":[],"source":"AP","headline":{"main":"Federal Court Weighs Key Decision on LGBT-Workplace Bias","print_headline":"Federal Court Weighs Key Decision on LGBT-Workplace Bias"},"pub_date":"2016-11-30T12:48:37+0000","document_type":"article","news_desk":null,"section_name":"U.S.","subsection_name":null,"type_of_material":"News","_id":"583ecab07c459f2525d0f128"},{"web_url":"http:\/\/www.nytimes.com\/reuters\/2015\/01\/07\/world\/asia\/07reuters-nepal-lgbt-passports.html","snippet":"Nepal will issue passports to sexual minorities, adding a third gender category, an official said on Wednesday in a sign of the conservative Hindu-majority country becoming more liberal since the end of a decade-long civil war....","lead_paragraph":"Nepal will issue passports to sexual minorities, adding a third gender category, an official said on Wednesday in a sign of the conservative Hindu-majority country becoming more liberal since the end of a decade-long civil war.","abstract":null,"blog":[],"source":"Reuters","headline":{"main":"Nepal&#160;to&#160;issue Passports With Third Gender for Sexual Minorities","print_headline":"Nepal&#160;to&#160;issue Passports With Third Gender for Sexual Minorities"},"pub_date":"2015-01-07T04:37:38Z","document_type":"article","news_desk":"None","section_name":"World","subsection_name":"Asia Pacific","type_of_material":"News","_id":"54acfec438f0d8699a4c5e61"},{"web_url":"http:\/\/www.nytimes.com\/reuters\/2016\/07\/07\/business\/07reuters-japan-election-lgbt.html","snippet":"When openly gay independent candidate Wataru Ishizaka campaigned for a 2007 Tokyo local election, people snickered at his speeches, but now even Japan's conservative ruling party mentions gay rights in its platform for this year's upper house elec...","lead_paragraph":"When openly gay independent candidate Wataru Ishizaka campaigned for a 2007 Tokyo local election, people snickered at his speeches, but now even Japan's conservative ruling party mentions gay rights in its platform for this year's upper house election.","abstract":null,"blog":[],"source":"Reuters","headline":{"main":"Japan Election Manifestos Free LGBT Rights From Political Closet","print_headline":"Japan Election Manifestos Free LGBT Rights From Political Closet"},"pub_date":"2016-07-07T03:09:34Z","document_type":"article","news_desk":"None","section_name":"Business Day","subsection_name":null,"type_of_material":"News","_id":"577e00e038f0d85bf991fb87"},{"web_url":"http:\/\/www.nytimes.com\/reuters\/2016\/07\/06\/business\/06reuters-japan-election-lgbt.html","snippet":"When openly gay independent candidate Wataru Ishizaka campaigned for a 2007 Tokyo local election, people snickered at his speeches, but now even Japan's conservative ruling party mentions gay rights in its platform for this year's upper house elec...","lead_paragraph":"When openly gay independent candidate Wataru Ishizaka campaigned for a 2007 Tokyo local election, people snickered at his speeches, but now even Japan's conservative ruling party mentions gay rights in its platform for this year's upper house election.","abstract":null,"blog":[],"source":"Reuters","headline":{"main":"Japan Election Manifestos Free LGBT Rights From Political Closet","print_headline":"Japan Election Manifestos Free LGBT Rights From Political Closet"},"pub_date":"2016-07-06T19:08:17Z","document_type":"article","news_desk":"None","section_name":"Business Day","subsection_name":null,"type_of_material":"News","_id":"577d8fad38f0d85bf991fab3"},{"web_url":"http:\/\/thelede.blogs.nytimes.com\/2014\/02\/07\/as-olympics-open-social-media-is-a-prism-for-protests-against-russias-ant-gay-law\/","snippet":"Protests against Russia\u2019s discriminatory policies toward lesbian, gay, bisexual and transgender people are taking many forms, including corporate statements, music videos and messages on Twitter....","lead_paragraph":null,"abstract":"Protests against Russia\u2019s discriminatory policies toward lesbian, gay, bisexual and transgender people are taking many forms, including corporate statements, music videos and messages on Twitter.","blog":[],"source":"The New York Times","headline":{"main":"As Olympics Open, Social Media Is a Prism for Protests Against Russia's Anti-Gay Law","kicker":"The Lede"},"pub_date":"2014-02-07T17:14:46Z","document_type":"blogpost","news_desk":null,"section_name":null,"subsection_name":null,"type_of_material":"Blog","_id":"52f55b8938f0d823a37dd679"},{"web_url":"http:\/\/www.nytimes.com\/aponline\/2016\/12\/20\/us\/ap-us-lgbt-rights-north-carolina-news-guide.html","snippet":"North Carolina lawmakers will hold a special session Wednesday to consider the repeal of a law passed earlier this year that limits protections for LGBT people....","lead_paragraph":"North Carolina lawmakers will hold a special session Wednesday to consider the repeal of a law passed earlier this year that limits protections for LGBT people.","abstract":null,"blog":[],"source":"AP","headline":{"main":"What North Carolina's Wide-Ranging 'Bathroom Bill' Covers","print_headline":"What North Carolina's Wide-Ranging 'Bathroom Bill' Covers"},"pub_date":"2016-12-20T19:18:47+0000","document_type":"article","news_desk":null,"section_name":"U.S.","subsection_name":null,"type_of_material":"News","_id":"585984357c459f2525d12de3"},{"web_url":"http:\/\/www.nytimes.com\/aponline\/2016\/12\/21\/us\/ap-us-lgbt-rights-north-carolina-news-guide.html","snippet":"North Carolina lawmakers have failed to follow through on a deal to repeal a law passed earlier this year that limits protections for LGBT people....","lead_paragraph":"North Carolina lawmakers have failed to follow through on a deal to repeal a law passed earlier this year that limits protections for LGBT people.","abstract":null,"blog":[],"source":"AP","headline":{"main":"What North Carolina's Wide-Ranging 'Bathroom Bill' Covers","print_headline":"What North Carolina's Wide-Ranging 'Bathroom Bill' Covers"},"pub_date":"2016-12-21T08:48:41+0000","document_type":"article","news_desk":null,"section_name":"U.S.","subsection_name":null,"type_of_material":"News","_id":"585a41f47c459f2525d12f7a"}]