[{"web_url":"http:\/\/www.nytimes.com\/2005\/09\/18\/books\/review\/18egan.html","snippet":"Embracing a caricaturish sexuality, women are confusing erotic power with real-world power, says Ariel Levy....","lead_paragraph":"Female Chauvinist Pigs Women and the Rise of Raunch Culture. By Ariel Levy. 224 pp. The Free Press. $25.","abstract":null,"blog":[],"source":"The New York Times","headline":{"main":"Girls Gone Wild"},"pub_date":"2005-09-18T00:00:00Z","document_type":"article","news_desk":"Book Review Desk","section_name":"Arts; Books","subsection_name":null,"type_of_material":"Review","_id":"4fd2644e8eb7c8105d8172d3"},{"web_url":"http:\/\/www.nytimes.com\/1987\/01\/04\/books\/is-this-crime-inevitable.html","snippet":"LEAD:  RAPE  Edited by Sylvana Tomaselli and Roy Porter.  Illustrated. 292 pp. New York:  Basil Blackwell. $24.95....","lead_paragraph":"LEAD: RAPE Edited by Sylvana Tomaselli and Roy Porter. Illustrated. 292 pp. New York: Basil Blackwell. $24.95.","abstract":null,"blog":[],"source":"The New York Times","headline":{"main":"IS THIS CRIME INEVITABLE?"},"pub_date":"1987-01-04T00:00:00Z","document_type":"article","news_desk":"Book Review Desk","section_name":"Arts; Books","subsection_name":null,"type_of_material":"Review","_id":"4fd179bf8eb7c8105d6716c4"},{"web_url":"http:\/\/www.nytimes.com\/video\/nyregion\/100000004557748\/brujas-of-the-bronx.html","snippet":"A crew of female skaters called The Brujas are trying to redefine skateboarding culture....","lead_paragraph":"A crew of female skaters called The Brujas are trying to redefine skateboarding culture.","abstract":null,"blog":[],"source":"The New York Times","headline":{"main":"Brujas of the Bronx"},"pub_date":"2016-07-29T12:10:11Z","document_type":"multimedia","news_desk":"N.Y. \/ Region","section_name":"N.Y. \/ Region","subsection_name":null,"type_of_material":"Video","_id":"579b7ff638f0d83c0fcf7738"},{"web_url":"http:\/\/www.nytimes.com\/slideshow\/2013\/06\/13\/education\/17educlede.html","snippet":"Japanese universities are pushing to increase female enrollment in science and technology, despite a culture that pushes most women toward the humanities....","lead_paragraph":"Japanese universities are pushing to increase female enrollment in science and technology, despite a culture that pushes most women toward the humanities.","abstract":null,"blog":[],"source":"The New York Times","headline":{"main":"Making Science Attractive for Women"},"pub_date":"2013-06-13T00:00:00Z","document_type":"multimedia","news_desk":"Education","section_name":"Education","subsection_name":null,"type_of_material":"Slideshow","_id":"51be2de17e0d9c0839d28cf9"},{"web_url":"http:\/\/www.nytimes.com\/2010\/12\/19\/arts\/design\/19smith.html","snippet":"This year in art featured an unwelcome revival of the culture wars, a rise in participatory art and a strong presence by female artists on all fronts....","lead_paragraph":"This year in art featured an unwelcome revival of the culture wars, a rise in participatory art and a strong presence by female artists on all fronts.","abstract":null,"blog":[],"source":"","headline":{"seo":"Art 2010 - Culture Wars, Participatory Art, Strong Female Presence","main":"When the Art Stared Back and Other Trends","print_headline":"When the Art Stared Back And Other Trends"},"pub_date":"2010-12-19T00:00:00Z","document_type":"article","news_desk":"0","section_name":"Arts","subsection_name":"Art & Design","type_of_material":"News","_id":"542153a738f0d81f7a601536"},{"web_url":"http:\/\/www.nytimes.com\/aponline\/2017\/02\/28\/us\/politics\/ap-us-sterling-jewelers-stock.html","snippet":"Shares of Signet Jewelers fell sharply Tuesday after a report of widespread sexual harassment and discrimination at a subsidiary....","lead_paragraph":"Shares of Signet Jewelers fell sharply Tuesday after a report of widespread sexual harassment and discrimination at a subsidiary.","abstract":null,"blog":[],"source":"AP","headline":{"main":"Signet Tumbles After Report of Harassment at Subsidiary","print_headline":"Signet Tumbles After Report of Harassment at Subsidiary"},"pub_date":"2017-02-28T20:51:54+0000","document_type":"article","news_desk":null,"section_name":"U.S.","subsection_name":"Politics","type_of_material":"News","_id":"58b5f38e7c459f2525d1f04a"},{"web_url":"http:\/\/health.nytimes.com\/health\/guides\/test\/culture-endocervix\/overview.html","snippet":"Endocervical culture is a laboratory test that helps identify infection in the female genital tract....","lead_paragraph":"Endocervical culture is a laboratory test that helps identify infection in the female genital tract.","abstract":null,"blog":[],"source":null,"headline":{"main":"Endocervical Culture"},"pub_date":null,"document_type":"topic","news_desk":null,"section_name":null,"subsection_name":null,"type_of_material":"healthtopic","_id":"524471ec38f0d8198973c4f9"},{"web_url":"http:\/\/www.nytimes.com\/2017\/02\/28\/business\/sterling-kay-jewelers-jared.html","snippet":"Former Sterling employees described a sexual aggression, gender bias and abuses of power, newly released documents in an arbitration case show....","lead_paragraph":"Former Sterling employees described a sexual aggression, gender bias and abuses of power, newly released documents in an arbitration case show.","abstract":null,"blog":[],"source":"The New York Times","headline":{"main":"Hundreds of Workers Allege Sex Bias by Jeweler, Files Show","print_headline":"Ex-Employees Say Sex Bias Was Common at a Jeweler"},"pub_date":"2017-03-01T01:32:03+0000","document_type":"article","news_desk":"Business","section_name":"Business Day","subsection_name":null,"type_of_material":"News","_id":"58b624997c459f2525d1f11c"},{"web_url":"http:\/\/www.nytimes.com\/2017\/02\/14\/dining\/chef-dominique-crenn.html","snippet":"The San Francisco chef is suddenly one of the world\u2019s most acclaimed and visible cooks \u2014 and one of the few women ranked alongside men....","lead_paragraph":"The San Francisco chef is suddenly one of the world\u2019s most acclaimed and visible cooks \u2014 and one of the few women ranked alongside men.","abstract":null,"blog":[],"source":"The New York Times","headline":{"main":"Does Fame Have a Recipe? Dominique Crenn\u2019s Fast Rise","print_headline":"Here, There  and Rising"},"pub_date":"2017-02-14T18:00:08+0000","document_type":"article","news_desk":"Dining","section_name":"Food","subsection_name":null,"type_of_material":"News","_id":"58a345af7c459f2525d1c538"},{"web_url":"http:\/\/www.nytimes.com\/2017\/02\/24\/science\/chaco-canyon-new-mexico-maternal.html","snippet":"A study of DNA from 14 bodies in a burial site in New Mexico\u2019s Chaco Canyon found a matrilineal link, raising questions about a society\u2019s structure....","lead_paragraph":"A study of DNA from 14 bodies in a burial site in New Mexico\u2019s Chaco Canyon found a matrilineal link, raising questions about a society\u2019s structure.","abstract":null,"blog":[],"source":"The New York Times","headline":{"main":"In an Ancient Burial Place, 3 Centuries of One Woman\u2019s Descendants","content_kicker":"Trilobites","kicker":"Trilobites","print_headline":"Power Lines: Burial Secrets"},"pub_date":"2017-02-24T17:22:32+0000","document_type":"article","news_desk":"Science","section_name":"Science","subsection_name":null,"type_of_material":"News","_id":"58b06bde7c459f2525d1e5b9"},{"web_url":"http:\/\/topics.nytimes.com\/top\/news\/technology\/columns\/q_and_a\/index.html","snippet":"J.D. Biersdorfer has been writing the computer Q &amp; A column for the Circuits section of The New York Times since 1998. She is deeply interested in the collision of technology and popular culture, and has written about everything from 17th-cent...","lead_paragraph":"<p>J.D. Biersdorfer has been writing the computer Q &amp; A column for the Circuits section of The New York Times since 1998. She is deeply interested in the collision of technology and popular culture, and has written about everything from 17th-century Indian art to the world of female hackers for The Times. Her work has also appeared in Rolling Stone, Budget Travel and the AIGA Journal of Graphic Design. In addition to being the production editor of The New York Times Book Review, she is also the author of iPod: The Missing Manual and The iPod Shuffle Fan Book. She is co-author of the second edition of Google: The Missing Manual and The Internet: The Missing Manual (with David Pogue).<\/p>","abstract":null,"blog":[],"source":null,"headline":{"main":"Q & A (Technology Column)"},"pub_date":null,"document_type":"topic","news_desk":null,"section_name":"Technology","subsection_name":null,"type_of_material":"timestopic","_id":"51f92d3b38f0d807d77622c4"},{"web_url":"http:\/\/www.nytimes.com\/2017\/02\/09\/science\/dance-moves-women-hips.html","snippet":"Researchers found that big hip swings and asymmetric arm and thigh movements give the impression of being a better dancer....","lead_paragraph":"Researchers found that big hip swings and asymmetric arm and thigh movements give the impression of being a better dancer.","abstract":null,"blog":[],"source":"The New York Times","headline":{"main":"What Makes a Woman a Good Dancer? Watch the Hips, a Study Says","content_kicker":"Trilobites","kicker":"Trilobites","print_headline":"Dance Lessons: At the Club, Arms May Flail but Hips Tell the Tale"},"pub_date":"2017-02-09T14:11:02+0000","document_type":"article","news_desk":"Science","section_name":"Science","subsection_name":null,"type_of_material":"News","_id":"589c787f7c459f2525d1b4fe"},{"web_url":"http:\/\/www.nytimes.com\/2017\/02\/20\/opinion\/topless-uprising-against-sexism.html","snippet":"A debate about women\u2019s right to control their bodies led to bare-breasted protests....","lead_paragraph":"A debate about women\u2019s right to control their bodies led to bare-breasted protests.","abstract":null,"blog":[],"source":"The New York Times","headline":{"main":"Topless Uprising Against Sexism","content_kicker":"Op-Ed Contributor","kicker":"Op-Ed Contributor","print_headline":"A topless uprising"},"pub_date":"2017-02-20T15:53:24+0000","document_type":"article","news_desk":"OpEd","section_name":"Opinion","subsection_name":null,"type_of_material":"Op-Ed","_id":"58ab10fd7c459f2525d1d846"},{"web_url":"http:\/\/www.nytimes.com\/2017\/02\/14\/opinion\/what-beyonce-won-was-bigger-than-a-grammy.html","snippet":"Her victory lay in refusing to make herself palatable for white viewers....","lead_paragraph":"Her victory lay in refusing to make herself palatable for white viewers.","abstract":null,"blog":[],"source":"The New York Times","headline":{"main":"What Beyonc\u00e9 Won Was Bigger Than a Grammy","content_kicker":"Op-Ed Contributor","kicker":"Op-Ed Contributor"},"pub_date":"2017-02-14T23:54:44+0000","document_type":"article","news_desk":"OpEd","section_name":"Opinion","subsection_name":null,"type_of_material":"Op-Ed","_id":"58a398ce7c459f2525d1c67a"},{"web_url":"http:\/\/www.nytimes.com\/aponline\/2017\/01\/10\/us\/ap-us-amherst-cross-country-messages.html","snippet":"A Massachusetts college's men's cross country team has been placed on probation as a result of a probe into emails some team members sent making sexual comments about female students....","lead_paragraph":"A Massachusetts college's men's cross country team has been placed on probation as a result of a probe into emails some team members sent making sexual comments about female students.","abstract":null,"blog":[],"source":"AP","headline":{"main":"Cross Country Team on Probation for Lewd Emails About Women","print_headline":"Cross Country Team on Probation for Lewd Emails About Women"},"pub_date":"2017-01-10T06:54:37+0000","document_type":"article","news_desk":null,"section_name":"U.S.","subsection_name":null,"type_of_material":"News","_id":"587485367c459f2525d15ae5"},{"web_url":"http:\/\/www.nytimes.com\/2017\/01\/27\/movies\/black-women-directors-film-series.html","snippet":"A BAMcin\u00e9matek series, \u201cOne Way or Another: Black Women\u2019s Cinema 1970-1991,\u201d reminds us that the history of movies is also a history of struggle for equality....","lead_paragraph":"A BAMcin\u00e9matek series, \u201cOne Way or Another: Black Women\u2019s Cinema 1970-1991,\u201d reminds us that the history of movies is also a history of struggle for equality.","abstract":null,"blog":[],"source":"The New York Times","headline":{"main":"A Film Series Honors Black Women Directors","print_headline":"Black Daughters of the Movie Camera"},"pub_date":"2017-01-27T17:21:16+0000","document_type":"article","news_desk":"Arts&Leisure","section_name":"Movies","subsection_name":null,"type_of_material":"News","_id":"588b81977c459f2525d1909e"},{"web_url":"http:\/\/www.nytimes.com\/1983\/10\/02\/books\/media-creators.html","snippet":"INSIDE PRIME TIME    By Todd Gitlin.  369 pp. New York: Pantheon Books....","lead_paragraph":"INSIDE PRIME TIME By Todd Gitlin. 369 pp. New York: Pantheon Books.","abstract":null,"blog":[],"source":"The New York Times","headline":{"main":"MEDIA CREATORS"},"pub_date":"1983-10-02T00:00:00Z","document_type":"article","news_desk":"Book Review Desk","section_name":"Arts; Books","subsection_name":null,"type_of_material":"Review","_id":"4fd130ff8eb7c8105d5fe7c7"},{"web_url":"http:\/\/www.nytimes.com\/aponline\/2017\/02\/04\/us\/ap-us-female-police-chiefs.html","snippet":"When Anne Kirkpatrick took the helm at the scandal-ridden Oakland Police Department, she inherited an agency that the city's mayor likened to a frat house....","lead_paragraph":"When Anne Kirkpatrick took the helm at the scandal-ridden Oakland Police Department, she inherited an agency that the city's mayor likened to a frat house.","abstract":null,"blog":[],"source":"AP","headline":{"main":"Growing Number of Women Leading US Police Departments","print_headline":"Growing Number of Women Leading US Police Departments"},"pub_date":"2017-02-04T17:42:35+0000","document_type":"article","news_desk":null,"section_name":"U.S.","subsection_name":null,"type_of_material":"News","_id":"589612917c459f2525d1a7cb"},{"web_url":"http:\/\/www.nytimes.com\/reuters\/2017\/02\/03\/sports\/cycling\/03reuters-cycling-brailsford.html","snippet":"Former performance director Dave Brailsford has rejected accusations by former world and Olympic champion Nicole Cooke that British Cycling has a culture of sexism....","lead_paragraph":"Former performance director Dave Brailsford has rejected accusations by former world and Olympic champion Nicole Cooke that British Cycling has a culture of sexism.","abstract":null,"blog":[],"source":"Reuters","headline":{"main":"Brailsford Says British Cycling 'Medallist', Not Sexist","print_headline":"Brailsford Says British Cycling 'Medallist', Not Sexist"},"pub_date":"2017-02-03T13:27:28+0000","document_type":"article","news_desk":null,"section_name":"Sports","subsection_name":"Cycling","type_of_material":"News","_id":"589485477c459f2525d1a4ca"},{"web_url":"http:\/\/www.nytimes.com\/2017\/02\/23\/science\/mildred-dresselhaus-dead-queen-of-carbon.html","snippet":"Dr. Dresselhaus, who helped transform carbon into the superstar of modern materials science, was renowned for her efforts to promote the cause of women in science....","lead_paragraph":"Dr. Dresselhaus, who helped transform carbon into the superstar of modern materials science, was renowned for her efforts to promote the cause of women in science.","abstract":null,"blog":[],"source":"The New York Times","headline":{"main":"Mildred Dresselhaus, the Queen of Carbon, Dies at 86","print_headline":"Mildred Dresselhaus, Who Pioneered Revolution in Carbon Use, Dies at 86"},"pub_date":"2017-02-24T01:32:59+0000","document_type":"article","news_desk":"National","section_name":"Science","subsection_name":null,"type_of_material":"Obituary (Obit)","_id":"58af8d547c459f2525d1e359"}]