[{"web_url":"http:\/\/www.nytimes.com\/2011\/10\/16\/world\/africa\/movement-to-end-genital-cutting-spreads-in-senegal.html","snippet":"Over the past 15 years, the majority of villages where genital cutting was commonplace have now committed to stop....","lead_paragraph":"Over the past 15 years, the majority of villages where genital cutting was commonplace have now committed to stop.","abstract":"Thousands of villages across Senegal are moving to end the bloody traditional rite of female circumcision; the movement to end genital cutting is spreading at a quickening pace through the very ties of family and ethnicity that used to entrench it.","blog":[],"source":"The New York Times","headline":{"seo":"Movement to End Genital Cutting Spreads in Senegal","main":"Senegal Curbs a Bloody Rite for Girls and Women","print_headline":"Senegal Curbs A Bloody Rite, African-Style"},"pub_date":"2011-10-16T00:00:00Z","document_type":"article","news_desk":"Foreign","section_name":"World","subsection_name":"Africa","type_of_material":"News","_id":"51816269cf28d05efe00007d"},{"web_url":"http:\/\/www.nytimes.com\/2011\/12\/08\/opinion\/kristof-joining-a-dinner-in-a-muslim-brotherhood-home.html","snippet":"For all the international alarm about the Muslim Brotherhood\u2019s rise in Egypt, members say their priority in government isn\u2019t religion. It\u2019s jobs....","lead_paragraph":"For all the international alarm about the Muslim Brotherhood\u2019s rise in Egypt, members say their priority in government isn\u2019t religion. It\u2019s jobs.","abstract":"Nicholas D Kristof Op-Ed column says his experiences with the Muslim Brotherhood, Egypt's dominant political party, suggest that the activists are more concerned with economic conditions than religion; holds the Brotherhood is far more complex than the caricature that scares many Americans.","blog":[],"source":"The New York Times","headline":{"seo":"Joining a Dinner in a Muslim Brotherhood Home","main":"Joining a Dinner in a Muslim Brotherhood Home","content_kicker":"Op-Ed Columnist","kicker":"Op-Ed Columnist","print_headline":"Joining a Dinner in a Muslim Brotherhood Home"},"pub_date":"2011-12-08T00:00:00Z","document_type":"article","news_desk":"Editorial","section_name":"Opinion","subsection_name":null,"type_of_material":"Op-Ed","_id":"5234586a38f0d81989737979"},{"web_url":"http:\/\/query.nytimes.com\/gst\/abstract.html?res=9A0CEEDC1639EF34BC4951DFB767838A669FDE","snippet":"Many recent circumstances attest the increased interest that women are taking in the discussion of social and political subjects which have hitherto been deemed to be out of their \"sphere.' The influence exerted by the women of New-York in helping...","lead_paragraph":"Many recent circumstances attest the increased interest that women are taking in the discussion of social and political subjects which have hitherto been deemed to be out of their \"sphere.' The influence exerted by the women of New-York in helping forward the work of reform, and securing the victory of honesty over fraud in our late election can hardly be overestimated.","abstract":null,"blog":[],"source":"The New York Times","headline":{"main":"Female Influence in Politics.","kicker":"1"},"pub_date":"1871-11-21T00:03:58Z","document_type":"article","news_desk":null,"section_name":null,"subsection_name":null,"type_of_material":"Editorial","_id":"4fbfe7e345c1498b0d063e97"},{"web_url":"http:\/\/www.nytimes.com\/2016\/10\/05\/world\/europe\/glass-cliff-uk-women-politics.html","snippet":"The theory holds that women are often placed in positions of power when the situation is dire, men are fleeing and the likelihood of success is low....","lead_paragraph":"The theory holds that women are often placed in positions of power when the situation is dire, men are fleeing and the likelihood of success is low.","abstract":"News Analysis; fallout from so-called Brexit vote across European Union  seems to support notion that emergence of female leaders may not be evidence of shattering of glass ceiling so much as much as reality of 'glass cliff'; theory holds women can be placed in positions of power when circumstances are so dire that likelihood of success is low; outcome then reinforces stereotyped views that women perform poorly in leadership roles.","blog":[],"source":"The New York Times","headline":{"main":"\u2018Glass Cliff,\u2019 Not Just Ceiling, Often Impedes Women Rising in Politics","content_kicker":"Letter From Europe","kicker":"Letter From Europe","print_headline":"Female Leaders May Face \u2018Glass Cliff\u2019"},"pub_date":"2016-10-07T04:00:00+0000","document_type":"article","news_desk":"Foreign","section_name":"World","subsection_name":"Europe","type_of_material":"News","_id":"57f4b0ff7c459f6063987f68"},{"web_url":"http:\/\/www.nytimes.com\/video\/multimedia\/100000001708507\/timescast-politics.html","snippet":"Jodi Kantor reports on the push for a female debate moderator....","lead_paragraph":"Jodi Kantor reports on the push for a female debate moderator.","abstract":null,"blog":[],"source":"The New York Times","headline":{"main":"TimesCast Politics","sub":"A Push for a Female Debate Moderator"},"pub_date":"2012-08-07T18:04:36Z","document_type":"multimedia","news_desk":"Multimedia\/Photos","section_name":"Multimedia\/Photos","subsection_name":null,"type_of_material":"Video","_id":"504a793a1c22dfde670bcffc"},{"web_url":"http:\/\/www.nytimes.com\/reuters\/2016\/07\/12\/world\/europe\/12reuters-britain-politics-women-rights.html","snippet":"Britain may be about to welcome its second woman prime minister but female politicians are still far from achieving equality with online abuse, objectification and misogyny plaguing British politics, a leading women's rights group said....","lead_paragraph":"Britain may be about to welcome its second woman prime minister but female politicians are still far from achieving equality with online abuse, objectification and misogyny plaguing British politics, a leading women's rights group said.","abstract":null,"blog":[],"source":"Reuters","headline":{"main":"Britain Set to Welcome Female PM but Sexism Still 'Corrodes' Politics, Activists Say","print_headline":"Britain Set to Welcome Female PM but Sexism Still 'Corrodes' Politics, Activists Say"},"pub_date":"2016-07-12T15:18:13Z","document_type":"article","news_desk":"None","section_name":"World","subsection_name":"Europe","type_of_material":"News","_id":"5785433f38f0d804dfd9b946"},{"web_url":"http:\/\/www.nytimes.com\/1982\/10\/27\/us\/male-female-split-on-politics-found-a-key-factor-in-polls.html","snippet":"The split in political attitudes between men and women, a trend that Republicans have feared since women's unhappiness with President Reagan became clear in national polls last year, has emerged as a major factor in many 1982 election contests.   ...","lead_paragraph":"The split in political attitudes between men and women, a trend that Republicans have feared since women's unhappiness with President Reagan became clear in national polls last year, has emerged as a major factor in many 1982 election contests. Politicians report that what they call the gender gap is showing up widely in campaigns from coast to coast. Their campaign polls usually find Democrats getting more support from women while Republicans have more backing from men, but women vote in greater numbers than men. Facing this unaccustomed divergence, both parties are concentrating on women. Although they share some tactics, such as greater use of daytime television, the parties argue over whether the Reagan Administration's economic and budget policies have hit women hardest. Many Republicans are seeking to shield themselves from the effects of women's dislike for the Administration, shown repeatedly in national polls, by emphasizing education or the elderly in their campaigns.","abstract":null,"blog":[],"source":"The New York Times","headline":{"main":"MALE-FEMALE SPLIT ON POLITICS FOUND A KEY FACTOR IN POLLS"},"pub_date":"1982-10-27T00:00:00Z","document_type":"article","news_desk":"National Desk","section_name":"Front Page; U.S.; Washington","subsection_name":null,"type_of_material":"News","_id":"4fd12a928eb7c8105d5f31d0"},{"web_url":"http:\/\/query.nytimes.com\/gst\/abstract.html?res=9A0CE2DD1439E533A25751C1A9609C94649FD7CF","snippet":"To the Editor of the Springfield (Mass.) Republican. A friend has just handed me a cutting  from the Boston Commonwealth containing a letter from Elizur Wright, dated Feb. 25, drawing attention to 172 names in Boston and its vicinity appended to a...","lead_paragraph":"To the Editor of the Springfield (Mass.) Republican. A friend has just handed me a cutting from the Boston Commonwealth containing a letter from Elizur Wright, dated Feb. 25, drawing attention to 172 names in Boston and its vicinity appended to a petition addressed to the Legislature against the extension of suffrage.","abstract":"Caroline H. Dall's Letter to THE TIMES","blog":[],"source":"The New York Times","headline":{"main":"WOMEN AND POLITICS.; THE SUFFRAGE ISSUE DISCUSSED BY A VETERAN FEMALE ADVOCATE."},"pub_date":"1885-06-12T00:00:00Z","document_type":"article","news_desk":null,"section_name":null,"subsection_name":null,"type_of_material":"Article","_id":"4fc00a2c45c1498b0d10326e"},{"web_url":"http:\/\/www.nytimes.com\/reuters\/2016\/07\/13\/world\/europe\/13reuters-britain-politics-women-rights.html","snippet":"Britain may be about to welcome its second woman prime minister but female politicians are still far from achieving equality with online abuse, objectification and misogyny plaguing British politics, a leading women's rights group said....","lead_paragraph":"Britain may be about to welcome its second woman prime minister but female politicians are still far from achieving equality with online abuse, objectification and misogyny plaguing British politics, a leading women's rights group said.","abstract":null,"blog":[],"source":"Reuters","headline":{"main":"Britain Set to Welcome Female PM but Sexism Still 'Corrodes' Politics, Activists Say","print_headline":"Britain Set to Welcome Female PM but Sexism Still 'Corrodes' Politics, Activists Say"},"pub_date":"2016-07-13T08:36:05Z","document_type":"article","news_desk":"None","section_name":"World","subsection_name":"Europe","type_of_material":"News","_id":"578635d838f0d804dfd9bbb7"},{"web_url":"http:\/\/www.nytimes.com\/2017\/02\/25\/opinion\/why-so-few-women-in-state-politics.html","snippet":"Female politicians in the United States lag far behind their counterparts in other Western democracies....","lead_paragraph":"Female politicians in the United States lag far behind their counterparts in other Western democracies.","abstract":null,"blog":[],"source":"The New York Times","headline":{"main":"Why So Few Women in State Politics?","content_kicker":"Editorial","kicker":"Editorial","print_headline":"Too Few Women in the Political Pipeline"},"pub_date":"2017-02-25T20:48:15+0000","document_type":"article","news_desk":"Editorial","section_name":"Opinion","subsection_name":null,"type_of_material":"Editorial","_id":"58b1ed967c459f2525d1e84f"},{"web_url":"http:\/\/query.nytimes.com\/gst\/abstract.html?res=990CEED81F39E633A25755C1A9619C946596D6CF","snippet":"For the first time in the history of New York, the leader of a political party conferred yesterday with the women of his party....","lead_paragraph":"For the first time in the history of New York, the leader of a political party conferred yesterday with the women of his party.","abstract":"Col. Roosevelt confers with women of N. Y. State Progressive Service; speeches by Dr. Katherine Davis and Lillian Wald","blog":[],"source":"The New York Times","headline":{"main":"ROOSEVELT TALKS POLITICS TO WOMEN; Tells Female Progressives at Colony Club Luncheon That He Is with Them."},"pub_date":"1914-07-16T00:00:00Z","document_type":"article","news_desk":null,"section_name":null,"subsection_name":null,"type_of_material":"Article","_id":"4fc05cb045c1498b0d27c5dd"},{"web_url":"http:\/\/www.nytimes.com\/1990\/12\/20\/opinion\/essay-bad-year-for-women.html","snippet":"The wirephoto showed a couple of blurred male faces in the background -- Boris Yeltsin and Mikhail Gorbachev, in their funereal dark suits and ties -- while in the forefront, Sazhi Umalatova, 37, a deputy elected by the angry citizens of Chechen-I...","lead_paragraph":"The wirephoto showed a couple of blurred male faces in the background -- Boris Yeltsin and Mikhail Gorbachev, in their funereal dark suits and ties -- while in the forefront, Sazhi Umalatova, 37, a deputy elected by the angry citizens of Chechen-Ingush, a bright knitted jacket on her broad shoulders, lashed into the man at the top. \"You do not have the right to lead the country,\" she said. \"You brought devastation, hunger, cold, blood, tears.\" The defiant woman from the Caucasus answered the Soviet leader's demand for dictatorial powers with her own call for a vote of no confidence. But only one-fourth of the 2,000 delegates in the Congress of People's Deputies -- mostly male apparatchiks -- voted with her; Mr. Gorbachev, ominously promising \"discipline,\" prevailed.","abstract":null,"blog":[],"source":"The New York Times","headline":{"main":"Bad Year for Women","kicker":"ESSAY"},"pub_date":"1990-12-20T00:00:00Z","document_type":"article","news_desk":"Editorial Desk","section_name":"Opinion","subsection_name":null,"type_of_material":"Op-Ed","_id":"4fd1b4bf8eb7c8105d6d9d87"},{"web_url":"http:\/\/query.nytimes.com\/gst\/abstract.html?res=9F00EFD6143AE033A25750C2A9619C94699FD7CF","snippet":"LONDON July 22.--The interesting question being asked in political circles to-day is \"Who is she?\" It is rumored, and seems to be generally believed, that a woman is at the bottom of the Parnell persecution, and that she is the main source from wh...","lead_paragraph":"LONDON July 22.--The interesting question being asked in political circles to-day is \"Who is she?\" It is rumored, and seems to be generally believed, that a woman is at the bottom of the Parnell persecution, and that she is the main source from which the Times obtained the material on which it based its charges.","abstract":null,"blog":[],"source":"The New York Times","headline":{"main":"THE WOMAN IN THE CASE; A QUESTION THAT AGITATES BRITISH POLITICS. THE PARNELL CHARGES BELIEVED TO HAVE EMANATED FROM A MYSTERIOUS FEMALE."},"pub_date":"1888-07-23T00:00:00Z","document_type":"article","news_desk":null,"section_name":null,"subsection_name":null,"type_of_material":"Front Page","_id":"4fc015c045c1498b0d13918a"},{"web_url":"http:\/\/www.nytimes.com\/2017\/02\/14\/dining\/chef-dominique-crenn.html","snippet":"The San Francisco chef is suddenly one of the world\u2019s most acclaimed and visible cooks \u2014 and one of the few women ranked alongside men....","lead_paragraph":"The San Francisco chef is suddenly one of the world\u2019s most acclaimed and visible cooks \u2014 and one of the few women ranked alongside men.","abstract":null,"blog":[],"source":"The New York Times","headline":{"main":"Does Fame Have a Recipe? Dominique Crenn\u2019s Fast Rise","print_headline":"Here, There  and Rising"},"pub_date":"2017-02-14T18:00:08+0000","document_type":"article","news_desk":"Dining","section_name":"Food","subsection_name":null,"type_of_material":"News","_id":"58a345af7c459f2525d1c538"},{"web_url":"http:\/\/query.nytimes.com\/gst\/abstract.html?res=9F06E1DB143DE633A25757C1A9639C94669ED7CF","snippet":"DENVER, Col., May 13. -- The Colorado Equal Suffrage Association and the Civic Federation of Denver make a public statement regarding the results of woman suffrage in Colorado, in the course of which they say:...","lead_paragraph":"DENVER, Col., May 13. -- The Colorado Equal Suffrage Association and the Civic Federation of Denver make a public statement regarding the results of woman suffrage in Colorado, in the course of which they say:","abstract":"Woman Suffrage; Equal Suffrage Association's Statement","blog":[],"source":"The New York Times","headline":{"main":"COLORADO'S WOMEN VOTERS; The Work They Have Accomplished Since Receiving the Right of Suffrage. A STATEMENT OF THE RESULTS Politics Have Been Materially Purified in the State by the Influence of Women -- Female Officeholders Have Proved Efficient."},"pub_date":"1897-05-14T00:00:00Z","document_type":"article","news_desk":null,"section_name":null,"subsection_name":null,"type_of_material":"Article","_id":"4fc01cd145c1498b0d159f2f"},{"web_url":"http:\/\/query.nytimes.com\/gst\/abstract.html?res=9A04EFD91F3EE732A25753C2A9619C94619FD6CF","snippet":null,"lead_paragraph":null,"abstract":null,"blog":[],"source":"The New York Times","headline":{"main":"Ideas & Trends; In Summary The Sun Belt Sizzles As Drought Raises Long-Term Fears The Feds Give Firestone a Flat A Female Bishop For Methodists At the Midpoint: Politics and Despair Toxic-Waste Suits Aim at the Source","kicker":"1"},"pub_date":"1980-07-20T00:00:00Z","document_type":"article","news_desk":null,"section_name":null,"subsection_name":null,"type_of_material":"Article","_id":"4fc49acc45c1498b0da89744"},{"web_url":"http:\/\/query.nytimes.com\/gst\/abstract.html?res=9B0CE4D6123DE034BC4852DFBF66838E649FDE","snippet":"A meeting of the Central Republican Committee was held on Saturday evening at the Mercer-street House. C. C. LEIGH presided, and WILLIAM PEET, of the Eighth Ward, acted as Secretaries. Delegates from eighteen Wards were in attendance. Two delegati...","lead_paragraph":"A meeting of the Central Republican Committee was held on Saturday evening at the Mercer-street House. C. C. LEIGH presided, and WILLIAM PEET, of the Eighth Ward, acted as Secretaries. Delegates from eighteen Wards were in attendance. Two delegations appearing from the Eleventh Ward, the subject was referred to a Committee on Credentials, with instructions to report at the next meeting.","abstract":null,"blog":[],"source":"The New York Times","headline":{"main":"NEW-YORK CITY.; CITY POLITICS. The Republicans. After the Leadership. Female Normal School. Ship to it. Bock Agen.\" American Bible Society. They need to be Strong. The Sheriff After Briggs. of Great Importance. City Mortality. The Prohibitory Law.","kicker":"1"},"pub_date":"1855-09-10T00:03:58Z","document_type":"article","news_desk":null,"section_name":null,"subsection_name":null,"type_of_material":"Front Page","_id":"4fbfd70b45c1498b0d01be04"},{"web_url":"http:\/\/query.nytimes.com\/gst\/abstract.html?res=9901EFD61139E033A25752C1A9629C94649ED7CF","snippet":"ALBANY, N.Y., April 10. -- There was an interesting hearing this afternoon before the Senate Judiciary Committee, in opposition to the concurrent resolution proposing an amendment to the Constitution giving women the right to vote. A committee of ...","lead_paragraph":"ALBANY, N.Y., April 10. -- There was an interesting hearing this afternoon before the Senate Judiciary Committee, in opposition to the concurrent resolution proposing an amendment to the Constitution giving women the right to vote. A committee of prominent New-York City women were present in opposition, including Mrs. Francis M. Scott, wife of the Corporation Counsel; Mrs. Douglass Robertson, Mrs. Richard Watson Gilder, and Miss Elizabeth Ward.","abstract":"Senate Committee Hearing; Mrs. F. M. Scott's Argument","blog":[],"source":"The New York Times","headline":{"main":"HOME, WOMAN'S SPHERE; Mrs. Francis M. Scott on the Female Suffrage Question. A STRONG PLEA FOR AMERICAN HOMES The True Women of This Country, Mrs. Scott Says, Have No Desire to Assume the Burdens of Politics."},"pub_date":"1895-04-11T00:00:00Z","document_type":"article","news_desk":null,"section_name":null,"subsection_name":null,"type_of_material":"Article","_id":"4fc02f3f45c1498b0d1af4b1"},{"web_url":"http:\/\/www.nytimes.com\/aponline\/2017\/02\/07\/us\/ap-us-clinton-video-statement.html","snippet":"Hillary Clinton says \"the future is female\" in a new video statement....","lead_paragraph":"Hillary Clinton says \"the future is female\" in a new video statement.","abstract":null,"blog":[],"source":"AP","headline":{"main":"Hillary Clinton Releases Video Statement: 'Future Is Female'","print_headline":"Hillary Clinton Releases Video Statement: 'Future Is Female'"},"pub_date":"2017-02-07T12:18:32+0000","document_type":"article","news_desk":null,"section_name":"U.S.","subsection_name":null,"type_of_material":"News","_id":"5899bb217c459f2525d1adbf"},{"web_url":"http:\/\/www.nytimes.com\/1860\/05\/03\/news\/telegraph-methodist-episcopal-conference-wisconsin-delegates-appointment.html","snippet":"The Methodist Episcopal Conference reassembled to-day....","lead_paragraph":"The Methodist Episcopal Conference reassembled to-day.","abstract":null,"blog":[],"source":"The New York Times","headline":{"main":"NEWS BY TELEGRAPH; Methodist Episcopal Conference The Wisconsin Delegates Appointment of Committees Divorce and Remarriage. Pennsylvania Politics. Virginia-Republican State Convention. Michigan Republican State Convention. Inauguration of Gov. Buckingham. Body of an Unknown Female Found. Railroad Accident. Departure of European Steamers. Navigation on the Canal. Lrtor from Vera Cruz. Fire. Markets by Telegraph."},"pub_date":"1860-05-03T00:03:58Z","document_type":"article","news_desk":null,"section_name":null,"subsection_name":null,"type_of_material":"Article","_id":"4fbfd94e45c1498b0d026af8"}]