[{"web_url":"http:\/\/www.nytimes.com\/interactive\/2016\/10\/30\/magazine\/black-male-sexuality-last-taboo.html","snippet":"On America\u2019s deep and persistent fear of the black penis....","lead_paragraph":"On America\u2019s deep and persistent fear of the black penis.","abstract":null,"blog":[],"source":"The New York Times","headline":{"main":"Why Pop Culture Just Can\u2019t Deal With Black Male Sexuality","kicker":"The Culture Issue"},"pub_date":"2016-10-27T09:00:11+0000","document_type":"multimedia","news_desk":"Magazine","section_name":"Magazine","subsection_name":null,"type_of_material":"Interactive Feature","_id":"5811c21c7c459f606398c03d"},{"web_url":"http:\/\/www.nytimes.com\/reuters\/2014\/10\/10\/technology\/10reuters-microsoft-ceo-women.html","snippet":"A well-known picture in tech circles, taken in 1978, shows the first 11 employees at Microsoft. Two are women. One of them left two years later after a pay dispute....","lead_paragraph":"A well-known picture in tech circles, taken in 1978, shows the first 11 employees at Microsoft. Two are women. One of them left two years later after a pay dispute. ","abstract":null,"blog":[],"source":"Reuters","headline":{"main":"After Gaffe, Microsoft Board to Look at Gender Pay Gap, Male Culture","print_headline":"After Gaffe, Microsoft Board to Look at Gender Pay Gap, Male Culture"},"pub_date":"2014-10-10T16:58:36Z","document_type":"article","news_desk":"None","section_name":"Technology","subsection_name":null,"type_of_material":"News","_id":"543848e238f0d83c143b94e1"},{"web_url":"http:\/\/query.nytimes.com\/gst\/abstract.html?res=9C0DE1D8173BE533A2575BC2A9679C946290D6CF","snippet":"My friends had been married for 19 years; a good marriage as marriages go, or so she thought and so their circle believed. Mutual interests, a satisfactory sex life, flowers every Valentine's Day, two nice children, two successful careers, a count...","lead_paragraph":"My friends had been married for 19 years; a good marriage as marriages go, or so she thought and so their circle believed. Mutual interests, a satisfactory sex life, flowers every Valentine's Day, two nice children, two successful careers, a country house, a retirement plan.","abstract":"M W Lear article on male menopause defines term as 'cluster of physiologic, constitutional and psychological symptoms occurring in some men aged approximately 45 to 60, associated with hormonal changes and often closely resembling female climacteric syndrome'; various symptoms include nervousness, decrease or loss of sexual potential, depressions, decreased memory and concentration, decreased or absent libido, fatigue, indecisiveness and fear of impending danger; recent HEW Dept study indicated that men suffering from male menopause appear to have feeling of obsolescence when they reach late 30s; notes there is marked increase in death rate between ages 35 to 40 for employed men; male menopause compared with female menopause; illus; cartoon","blog":[],"source":"The New York Times","headline":{"main":"Is there a male menopause?; Or, what is going on when the glands, the genes, the mind and the culture conspire? The hormonal factor Male menopause The psychological factor The sociocultural factor Male menopause--French style"},"pub_date":"1973-01-28T00:00:00Z","document_type":"article","news_desk":null,"section_name":null,"subsection_name":null,"type_of_material":"Article","_id":"4fc4833a45c1498b0da24190"},{"web_url":"http:\/\/www.nytimes.com\/2011\/07\/08\/world\/europe\/08profile.html","snippet":"Rebekah Brooks, the chief executive of News International, Rupert Murdoch\u2019s British newspaper subsidiary, has used a winning combination of charm, effrontery, audacity and tenacity to thrive....","lead_paragraph":"Rebekah Brooks, the chief executive of News International, Rupert Murdoch\u2019s British newspaper subsidiary, has used a winning combination of charm, effrontery, audacity and tenacity to thrive.","abstract":null,"blog":[],"source":"The New York Times","headline":{"seo":"Rebekah Brooks Rose to Top in Britain\u2019s Male Tabloid Culture","main":"A Tenacious Rise to the Top in the Brutal Men\u2019s World of Tabloids","print_headline":"A Tenacious Rise to the Top in the Brutal Men\u2019s World of Tabloids"},"pub_date":"2011-07-08T00:00:00Z","document_type":"article","news_desk":"Foreign","section_name":"World","subsection_name":"Europe","type_of_material":"News","_id":"53f6a71b38f0d821a37b24ab"},{"web_url":"http:\/\/www.nytimes.com\/aponline\/2017\/02\/28\/us\/politics\/ap-us-sterling-jewelers-stock.html","snippet":"Shares of Signet Jewelers fell sharply Tuesday after a report of widespread sexual harassment and discrimination at a subsidiary....","lead_paragraph":"Shares of Signet Jewelers fell sharply Tuesday after a report of widespread sexual harassment and discrimination at a subsidiary.","abstract":null,"blog":[],"source":"AP","headline":{"main":"Signet Tumbles After Report of Harassment at Subsidiary","print_headline":"Signet Tumbles After Report of Harassment at Subsidiary"},"pub_date":"2017-02-28T20:51:54+0000","document_type":"article","news_desk":null,"section_name":"U.S.","subsection_name":"Politics","type_of_material":"News","_id":"58b5f38e7c459f2525d1f04a"},{"web_url":"http:\/\/www.nytimes.com\/reuters\/2017\/02\/03\/sports\/cycling\/03reuters-cycling-brailsford.html","snippet":"Former performance director Dave Brailsford has rejected accusations by former world and Olympic champion Nicole Cooke that British Cycling has a culture of sexism....","lead_paragraph":"Former performance director Dave Brailsford has rejected accusations by former world and Olympic champion Nicole Cooke that British Cycling has a culture of sexism.","abstract":null,"blog":[],"source":"Reuters","headline":{"main":"Brailsford Says British Cycling 'Medallist', Not Sexist","print_headline":"Brailsford Says British Cycling 'Medallist', Not Sexist"},"pub_date":"2017-02-03T13:27:28+0000","document_type":"article","news_desk":null,"section_name":"Sports","subsection_name":"Cycling","type_of_material":"News","_id":"589485477c459f2525d1a4ca"},{"web_url":"http:\/\/www.nytimes.com\/aponline\/2017\/02\/04\/us\/ap-us-female-police-chiefs.html","snippet":"When Anne Kirkpatrick took the helm at the scandal-ridden Oakland Police Department, she inherited an agency that the city's mayor likened to a frat house....","lead_paragraph":"When Anne Kirkpatrick took the helm at the scandal-ridden Oakland Police Department, she inherited an agency that the city's mayor likened to a frat house.","abstract":null,"blog":[],"source":"AP","headline":{"main":"Growing Number of Women Leading US Police Departments","print_headline":"Growing Number of Women Leading US Police Departments"},"pub_date":"2017-02-04T17:42:35+0000","document_type":"article","news_desk":null,"section_name":"U.S.","subsection_name":null,"type_of_material":"News","_id":"589612917c459f2525d1a7cb"},{"web_url":"http:\/\/health.nytimes.com\/health\/guides\/disease\/urethritis-chronic\/overview.html","snippet":"Chronic urethritis is long-term swelling and irritation (inflammation) of the urethra, the tube that carries urine from the body. This inflammation continues for weeks to months....","lead_paragraph":"Chronic urethritis is long-term swelling and irritation (inflammation) of the urethra, the tube that carries urine from the body. This inflammation continues for weeks to months.","abstract":null,"blog":[],"source":null,"headline":{"main":"Urethritis - Chronic"},"pub_date":null,"document_type":"topic","news_desk":null,"section_name":null,"subsection_name":null,"type_of_material":"healthtopic","_id":"524458f438f0d8198973c0f5"},{"web_url":"http:\/\/www.nytimes.com\/2017\/02\/02\/movies\/this-is-everything-gigi-gorgeous-review.html","snippet":"Barbara Kopple\u2019s film documents how Gigi Gorgeous, formerly Gregory Allan Lazzarato, took control of her transgender destiny with the support of her family....","lead_paragraph":"Barbara Kopple\u2019s film documents how Gigi Gorgeous, formerly Gregory Allan Lazzarato, took control of her transgender destiny with the support of her family.","abstract":null,"blog":[],"source":"The New York Times","headline":{"main":"Review: \u2018This Is Everything: Gigi Gorgeous,\u2019 a Self-Made Cover Girl","print_headline":"Celebrating Her Journey to \u2018Gorgeous\u2019"},"pub_date":"2017-02-03T00:02:03+0000","document_type":"article","news_desk":"Weekend","section_name":"Movies","subsection_name":null,"type_of_material":"Review","_id":"5893c8807c459f2525d1a300"},{"web_url":"http:\/\/www.nytimes.com\/2017\/01\/27\/travel\/advice-for-gay-and-transgender-travelers.html","snippet":"Expert advice on planning a seamless and satisfying getaway....","lead_paragraph":"Expert advice on planning a seamless and satisfying getaway.","abstract":null,"blog":[],"source":"The New York Times","headline":{"main":"Advice for Gay and Transgender Travelers","content_kicker":"Travel Tips","kicker":"Travel Tips","print_headline":"Advice for Gay and Transgender Travelers"},"pub_date":"2017-01-27T11:00:02+0000","document_type":"article","news_desk":"Travel","section_name":"Travel","subsection_name":null,"type_of_material":"News","_id":"588b283f7c459f2525d18f96"},{"web_url":"http:\/\/www.nytimes.com\/2017\/02\/22\/opinion\/the-meaning-of-milo.html","snippet":"He\u2019s an avatar for a cultural conservatism that\u2019s united only by what it\u2019s against....","lead_paragraph":"He\u2019s an avatar for a cultural conservatism that\u2019s united only by what it\u2019s against.","abstract":null,"blog":[],"source":"The New York Times","headline":{"main":"The Meaning of Milo","content_kicker":"Op-Ed Columnist","kicker":"Op-Ed Columnist"},"pub_date":"2017-02-22T08:21:03+0000","document_type":"article","news_desk":"OpEd","section_name":"Opinion","subsection_name":null,"type_of_material":"Op-Ed","_id":"58ad49f57c459f2525d1dcf6"},{"web_url":"http:\/\/www.nytimes.com\/1997\/04\/29\/opinion\/l-keeping-combat-units-all-male-skews-society-852279.html","snippet":"To the Editor:   The most disturbing thing about the April 23 Op-Ed article by Anna Simons, which advocates keeping military combat units all-male because of the importance of male bonding by talking about sex, is that she is a trained anthropolog...","lead_paragraph":"To the Editor: The most disturbing thing about the April 23 Op-Ed article by Anna Simons, which advocates keeping military combat units all-male because of the importance of male bonding by talking about sex, is that she is a trained anthropologist claiming to have studied a particular male culture. And yet she assumes that men -- that would be all men -- regard discussions of sex as separate from discussions of feelings and fears.","abstract":"Victoria Bissell Brown letter disputes Anna Simons April 23 Op-Ed article, which advocates keeping military combat units all male (S)","blog":[],"source":"The New York Times","headline":{"main":"Keeping Combat Units All-Male Skews Society"},"pub_date":"1997-04-29T00:00:00Z","document_type":"article","news_desk":"Editorial Desk","section_name":"Opinion","subsection_name":null,"type_of_material":"Letter","_id":"4fd1dd848eb7c8105d71f7f3"},{"web_url":"http:\/\/www.nytimes.com\/2017\/02\/04\/opinion\/who-are-we.html","snippet":"The counternarrative to Trumpism excludes too much of America....","lead_paragraph":"The counternarrative to Trumpism excludes too much of America.","abstract":null,"blog":[],"source":"The New York Times","headline":{"main":"Who Are We?","content_kicker":"Op-Ed Columnist","kicker":"Op-Ed Columnist","print_headline":"Who Are We?"},"pub_date":"2017-02-04T19:30:03+0000","document_type":"article","news_desk":"OpEd","section_name":"Opinion","subsection_name":null,"type_of_material":"Op-Ed","_id":"58962bc17c459f2525d1a7f0"},{"web_url":"http:\/\/www.nytimes.com\/2013\/06\/24\/pageoneplus\/quotation-of-the-day-for-monday-june-24-2013.html","snippet":"Quotation of the day for Monday, June 24, 2013....","lead_paragraph":"Quotation of the day for Monday, June 24, 2013.","abstract":null,"blog":[],"source":"The New York Times","headline":{"main":"Quotation of the Day for Monday, June 24, 2013","print_headline":"Quotation of the Day"},"pub_date":"2013-06-24T00:00:00Z","document_type":"article","news_desk":"Summary","section_name":"U.S.","subsection_name":null,"type_of_material":"Quote","_id":"51c7c4b17e0d9c0839d2b345"},{"web_url":"http:\/\/www.nytimes.com\/reuters\/2017\/02\/20\/business\/20reuters-uber-tech-sexual-harassment.html","snippet":"Uber Technologies Inc has hired former U.S. Attorney General Eric Holder to conduct a review of sexual harassment claims at the ride-hailing service made by a former employee....","lead_paragraph":"Uber Technologies Inc has hired former U.S. Attorney General Eric Holder to conduct a review of sexual harassment claims at the ride-hailing service made by a former employee.","abstract":null,"blog":[],"source":"Reuters","headline":{"main":"Uber Hires Ex-U.S. Attorney General Holder to Probe Sexual Harassment","print_headline":"Uber Hires Ex-U.S. Attorney General Holder to Probe Sexual Harassment"},"pub_date":"2017-02-20T05:42:30+0000","document_type":"article","news_desk":null,"section_name":"Business Day","subsection_name":null,"type_of_material":"News","_id":"58aa81ce7c459f2525d1d71b"},{"web_url":"http:\/\/www.nytimes.com\/2017\/02\/19\/business\/uber-sexual-harassment-investigation.html","snippet":"The employee, who left Uber in December, wrote on her blog that she had been harassed by her supervisor and that her complaints were ignored....","lead_paragraph":"The employee, who left Uber in December, wrote on her blog that she had been harassed by her supervisor and that her complaints were ignored.","abstract":null,"blog":[],"source":"The New York Times","headline":{"main":"Uber Investigating Sexual Harassment Claims by Ex-Employee","print_headline":"Uber Investigating Claim of Sexual Harassment"},"pub_date":"2017-02-20T04:01:21+0000","document_type":"article","news_desk":"Business","section_name":"Business Day","subsection_name":null,"type_of_material":"News","_id":"58aa6a147c459f2525d1d6f7"},{"web_url":"http:\/\/www.nytimes.com\/2017\/01\/17\/opinion\/the-lord-of-misrule.html","snippet":"We\u2019re living with exactly the kinds of injustices that lead to carnival culture, and we\u2019ve crowned a fool king....","lead_paragraph":"We\u2019re living with exactly the kinds of injustices that lead to carnival culture, and we\u2019ve crowned a fool king.","abstract":null,"blog":[],"source":"The New York Times","headline":{"main":"The Lord of Misrule","content_kicker":"Op-Ed Columnist","kicker":"Op-Ed Columnist","print_headline":"The  Lord  of Misrule"},"pub_date":"2017-01-17T08:21:19+0000","document_type":"article","news_desk":"OpEd","section_name":"Opinion","subsection_name":null,"type_of_material":"Op-Ed","_id":"587dd40a7c459f2525d16e96"},{"web_url":"http:\/\/www.nytimes.com\/2017\/02\/28\/business\/sterling-kay-jewelers-jared.html","snippet":"Former Sterling employees described a sexual aggression, gender bias and abuses of power, newly released documents in an arbitration case show....","lead_paragraph":"Former Sterling employees described a sexual aggression, gender bias and abuses of power, newly released documents in an arbitration case show.","abstract":null,"blog":[],"source":"The New York Times","headline":{"main":"Hundreds of Workers Allege Sex Bias by Jeweler, Files Show","print_headline":"Ex-Employees Say Sex Bias Was Common at a Jeweler"},"pub_date":"2017-03-01T01:32:03+0000","document_type":"article","news_desk":"Business","section_name":"Business Day","subsection_name":null,"type_of_material":"News","_id":"58b624997c459f2525d1f11c"},{"web_url":"http:\/\/health.nytimes.com\/health\/guides\/disease\/infertility-in-men\/overview.html","snippet":"Infertility means you cannot make a baby (conceive). Infertility is grouped into two categories: Primary infertility refers to couples who have not become pregnant after at least 1 year of unprotected sex (intercourse). Secondary infertility refer...","lead_paragraph":"Infertility means you cannot make a baby (conceive). Infertility is grouped into two categories: Primary infertility refers to couples who have not become pregnant after at least 1 year of unprotected sex (intercourse). Secondary infertility refers to couples who have been pregnant at least once, but are not able to get pregnant now.","abstract":null,"blog":[],"source":null,"headline":{"main":"Infertility"},"pub_date":null,"document_type":"topic","news_desk":null,"section_name":null,"subsection_name":null,"type_of_material":"healthtopic","_id":"5244a51938f0d8198973cd48"},{"web_url":"http:\/\/www.nytimes.com\/aponline\/2017\/01\/29\/technology\/ap-us-tec-tech-diversity-slow-crawl.html","snippet":"The tech industry brought us self-driving cars, artificial intelligence and 3-D printers. But when it comes to racial and gender diversity, its leading companies are no trailblazers....","lead_paragraph":"The tech industry brought us self-driving cars, artificial intelligence and 3-D printers. But when it comes to racial and gender diversity, its leading companies are no trailblazers.","abstract":null,"blog":[],"source":"AP","headline":{"main":"Diversity in Tech: Lots of Attention, Little Progress","print_headline":"Diversity in Tech: Lots of Attention, Little Progress"},"pub_date":"2017-01-29T15:03:37+0000","document_type":"article","news_desk":null,"section_name":"Technology","subsection_name":null,"type_of_material":"News","_id":"588e04527c459f2525d19423"}]