[{"web_url":"http:\/\/www.nytimes.com\/2017\/02\/01\/fashion\/mens-style\/self-improvement-how-to-fix-your-life.html","snippet":"Stuck in a rut. Unmotivated. Selfish. Then they decided to make real changes. And look at them now....","lead_paragraph":"Stuck in a rut. Unmotivated. Selfish. Then they decided to make real changes. And look at them now.","abstract":null,"blog":[],"source":"The New York Times","headline":{"main":"If These Guys Were Able to Fix Their Lives, You Can, Too","content_kicker":"The Male Animal","kicker":"The Male Animal","print_headline":"Mr. Fix-Its of Their Own Lives"},"pub_date":"2017-02-01T10:00:04+0000","document_type":"article","news_desk":"Styles","section_name":"Fashion & Style","subsection_name":"Men\u2019s Style","type_of_material":"News","_id":"5891b1ad7c459f2525d19c9b"},{"web_url":"http:\/\/www.nytimes.com\/2017\/01\/11\/fashion\/mens-style\/sports-fans-men-identity.html","snippet":"\u201cIs this really what makes me happy?\u201d one man asks after spending yet another Sunday glued to the game....","lead_paragraph":"\u201cIs this really what makes me happy?\u201d one man asks after spending yet another Sunday glued to the game.","abstract":null,"blog":[],"source":"The New York Times","headline":{"main":"Game Over: These Guys Are No Longer Big Sports Fans","content_kicker":"The Male Animal","kicker":"The Male Animal","print_headline":"Game Over"},"pub_date":"2017-01-11T17:04:00+0000","document_type":"article","news_desk":"Styles","section_name":"Fashion & Style","subsection_name":"Men\u2019s Style","type_of_material":"News","_id":"5876658d7c459f2525d15ffc"},{"web_url":"http:\/\/www.nytimes.com\/2016\/12\/05\/fashion\/mens-style\/men-awkward-gift-givers-christmas-holidays.html","snippet":"For these guys, the days leading up to Christmas are a time of panic and dread....","lead_paragraph":"For these guys, the days leading up to Christmas are a time of panic and dread.","abstract":null,"blog":[],"source":"The New York Times","headline":{"main":"Why Are Some Men Such Awkward Gift Givers? Let Them Explain","content_kicker":"The Male Animal","kicker":"The Male Animal","print_headline":"Awkward Exchanges"},"pub_date":"2016-12-05T19:10:32+0000","document_type":"article","news_desk":"Styles","section_name":"Fashion & Style","subsection_name":"Men\u2019s Style","type_of_material":"News","_id":"5845bbad7c459f2525d100f7"},{"web_url":"http:\/\/topics.nytimes.com\/topic\/subject\/pale-male-hawk","snippet":"News about Pale Male (Hawk), including commentary and archival articles published in The New York Times....","lead_paragraph":"News about Pale Male (Hawk), including commentary and archival articles published in The New York Times.","abstract":null,"blog":[],"source":null,"headline":{"main":"Pale Male (Hawk)"},"pub_date":null,"document_type":"topic","news_desk":null,"section_name":"Science","subsection_name":null,"type_of_material":"timestopic","_id":"56e0e12938f0d80718d562d2"},{"web_url":"http:\/\/topics.nytimes.com\/top\/news\/science\/topics\/birds\/hawks\/pale_male\/index.html","snippet":"News about Pale Male (Hawk), including commentary and archival articles published in The New York Times....","lead_paragraph":"News about Pale Male (Hawk), including commentary and archival articles published in The New York Times.","abstract":null,"blog":[],"source":null,"headline":{"main":"Pale Male (Hawk)"},"pub_date":null,"document_type":"topic","news_desk":null,"section_name":"Science","subsection_name":null,"type_of_material":"timestopic","_id":"527ac35c38f0d866066339ce"},{"web_url":"http:\/\/health.nytimes.com\/health\/guides\/disease\/male-pattern-baldness\/overview.html","snippet":"Male pattern baldness is the most common type of hair loss in men....","lead_paragraph":"Male pattern baldness is the most common type of hair loss in men.","abstract":null,"blog":[],"source":null,"headline":{"main":"Male Pattern Baldness"},"pub_date":null,"document_type":"topic","news_desk":null,"section_name":null,"subsection_name":null,"type_of_material":"healthtopic","_id":"5244a4b438f0d8198973cd39"},{"web_url":"http:\/\/health.nytimes.com\/health\/guides\/symptoms\/genital-sores-male\/overview.html","snippet":"A male genital sore is any sore or lesion that appears on the penis, scrotum, or male urethra....","lead_paragraph":"A male genital sore is any sore or lesion that appears on the penis, scrotum, or male urethra.","abstract":null,"blog":[],"source":null,"headline":{"main":"Genital Sores - Male"},"pub_date":null,"document_type":"topic","news_desk":null,"section_name":null,"subsection_name":null,"type_of_material":"healthtopic","_id":"524487b938f0d8198973c885"},{"web_url":"http:\/\/health.nytimes.com\/health\/guides\/disease\/chlamydial-urethritis-male\/overview.html","snippet":"Chlamydia infection in males is an infection of the urethra (the tube that drains urine from the bladder and passes through the penis). This type of chlamydia infection is passed from one person to another during sexual contact. Chlamydia Chlamydi...","lead_paragraph":"Chlamydia infection in males is an infection of the urethra (the tube that drains urine from the bladder and passes through the penis). This type of chlamydia infection is passed from one person to another during sexual contact. Chlamydia Chlamydia infections in women","abstract":null,"blog":[],"source":null,"headline":{"main":"Chlamydial Infections - Male"},"pub_date":null,"document_type":"topic","news_desk":null,"section_name":null,"subsection_name":null,"type_of_material":"healthtopic","_id":"5244991a38f0d8198973cb54"},{"web_url":"http:\/\/www.nytimes.com\/2004\/09\/26\/fashion\/26BETA.html","snippet":"Some fall-season television trends are too disturbing to ignore. Like how all family sitcoms \u0097 virtually all sitcoms now \u0097 are about a fat guy with a hot wife....","lead_paragraph":"AS a former television critic, I'm no longer required by law to spot fall-season trends, but some are too disturbing to ignore. Like how all family sitcoms -- virtually all sitcoms now -- are about a fat guy with a hot wife. From CBS, the network of ''The King of Queens'' and ''Still Standing'' comes ''Listen Up,'' the new Jason Alexander show, and ''Center of the Universe,'' starring John Goodman's jowls. ABC, home of ''According to Jim,'' (as in Belushi) has a new comedy called ''Rodney,'' with a country comic named Rodney Carrington, who's not exactly fat but definitely stocky. Fox has no new fat-guy offerings, but ''The Bernie Mac Show'' and ''Quintuplets,'' with Andy Richter, are both back. Not to mention Homer Simpson. Speaking of porked-out cartoon dads, the hefty hero of Fox's uncanceled animated series ''Family Guy'' will return to the network next spring.","abstract":"Rick Marin Beta Male column on fall television season sitcoms, virtually all of which are about fat, lazy, beer-and-TV guys with hot wives; photos (M)","blog":[],"source":"The New York Times","headline":{"main":"Father Eats Best","kicker":"BETA MALE"},"pub_date":"2004-09-26T00:00:00Z","document_type":"article","news_desk":"Style Desk","section_name":"Style","subsection_name":null,"type_of_material":"News","_id":"4fd2801a8eb7c8105d84ac80"},{"web_url":"http:\/\/www.nytimes.com\/2004\/08\/08\/style\/beta-male-between-the-tool-belt-set-and-the-jet-set.html","snippet":"NOTHING like a presidential campaign to get a man thinking about the important things in life, like himself.     Not just what kind of man am I going to vote for, but what kind of man am I? Which of the Democrats' ''two Americas'' do I belong to? ...","lead_paragraph":"NOTHING like a presidential campaign to get a man thinking about the important things in life, like himself. Not just what kind of man am I going to vote for, but what kind of man am I? Which of the Democrats' ''two Americas'' do I belong to? The America that ''does the work,'' as John Edwards says, or ''reaps the rewards,'' that ''pays the taxes'' or ''gets the tax breaks''? The one ''struggling to get by'' or that ''can buy anything it wants''?","abstract":"Rick Marin article on living in a modest, somewhat blue-collar neighborhood in Hamptons; drawing (M)","blog":[],"source":"The New York Times","headline":{"main":"Between the Tool-Belt Set and the Jet Set","kicker":"BETA MALE"},"pub_date":"2004-08-08T00:00:00Z","document_type":"article","news_desk":"Style Desk","section_name":"Style","subsection_name":null,"type_of_material":"News","_id":"4fd2a48a8eb7c8105d88b040"},{"web_url":"http:\/\/www.nytimes.com\/2004\/10\/17\/fashion\/17BETA.html","snippet":"What if women don't want to know the real reasons men won't call or suddenly vanish or marry someone else?...","lead_paragraph":"MEN are mysteries. We do inexplicable things, like not calling after a ''really great date.'' Or dropping off the radar for no reason whatever. Sometimes we appear unwilling to commit, but then a year later marry another woman! Go figure. If only women could, many seem to believe, wedding bells would ring across the land.","abstract":"Rick Marin Beta Male column on He's Just Not That Into You, new advice book by former Sex and the City writers Greg Behrendt and Liz Tucillo; photos (M)","blog":[],"source":"The New York Times","headline":{"main":"For Women Who Count on Men to Be Jerks","kicker":"BETA MALE"},"pub_date":"2004-10-17T00:00:00Z","document_type":"article","news_desk":"Style Desk","section_name":"Style; Books","subsection_name":null,"type_of_material":"News","_id":"4fd25a618eb7c8105d806b47"},{"web_url":"http:\/\/www.nytimes.com\/2004\/07\/11\/style\/beta-male-losing-your-virility-tough-it-out-man.html","snippet":"THE comic hero of ''Jake's Thing,'' Kingsley Amis's painfully funny novel about what was still quaintly called ''impotence'' in 1978, is put through all manner of ludicrous and humiliating psychotherapy. His troubled thing is wired up to a ''noctu...","lead_paragraph":"THE comic hero of ''Jake's Thing,'' Kingsley Amis's painfully funny novel about what was still quaintly called ''impotence'' in 1978, is put through all manner of ludicrous and humiliating psychotherapy. His troubled thing is wired up to a ''nocturnal mensurator,'' and groups of strangers poke at his privates until he finally tells off one of the Viennese quacks in charge of his treatment. ''In the old days a lot of people, men as well as women, didn't know quite what to expect of sex so they didn't worry when it didn't work too well,'' Jake says. ''Now everybody knows exactly what's required of them and exactly how much they've fallen short down to the last millimeter and second and drop. . . . No wonder you boys have got enough trade.''","abstract":"Rick Marin Beta Male column on current media hype surrounding erectile dysfunction and drugs that correct problem; holds taking pill to regain libido of 25-year-old is strictly for sissies; photo (M)","blog":[],"source":"The New York Times","headline":{"main":"Losing Your Virility? Tough It Out, Man","kicker":"BETA MALE"},"pub_date":"2004-07-11T00:00:00Z","document_type":"article","news_desk":"Style Desk","section_name":"Health; Style","subsection_name":null,"type_of_material":"News","_id":"4fd256b18eb7c8105d800af9"},{"web_url":"http:\/\/www.nytimes.com\/2004\/09\/05\/fashion\/05BETA.html","snippet":"As a straight guy with some interest in matters of style, I resent the message that we are all of us unibrowed Neanderthals who are in desperate need of a \"make better.\"...","lead_paragraph":"AS ''Queer Eye for the Straight Guy'' began its latest season on Bravo last week, a shy graphic designer named Sean was first mocked for his introverted Web-geek ways, his Japanese anime hobby, his boxer shorts and many, many other things he was told were wrong with him. He was then stripped of his clothes (some might say of his dignity), reduced to tears by new furniture and, to get him over a breakup with a girlfriend of five years, sent to an evening of speed-dating.","abstract":"Rick Marin Beta Male column criticizes fashion sense of Queer Eye for the Straight Guy star Carson Kressley, whose new book is titled Essential Style Guide for Men and the Women Who Love Them; photos (M)","blog":[],"source":"The New York Times","headline":{"main":"The Chic Simpletons of 'Queer Eye'","kicker":"BETA MALE"},"pub_date":"2004-09-05T00:00:00Z","document_type":"article","news_desk":"Style Desk","section_name":"Style; Books","subsection_name":null,"type_of_material":"News","_id":"4fd259a78eb7c8105d805c81"},{"web_url":"http:\/\/query.nytimes.com\/gst\/fullpage.html?res=9805EED7173EF937A2575BC0A9639C8B63","snippet":"To the Editor:     Re ''Beyond Cute Boys in Their Underpants'' by Winter Miller [last Sunday]:     It's well known that gratuitous (attractive) female nudity is commonplace in our society. Now ''toned'' male nudity has replaced it for shock value ...","lead_paragraph":"To the Editor: Re ''Beyond Cute Boys in Their Underpants'' by Winter Miller [last Sunday]: It's well known that gratuitous (attractive) female nudity is commonplace in our society. Now ''toned'' male nudity has replaced it for shock value in the theater. The next frontier, according to the playwright and actress Lisa Kron, will be ''older'' and ''heavy'' women. What's next -- old, fat men? Sheila Feit Syosset, N.Y.","abstract":null,"blog":[],"source":"The New York Times","headline":{"main":"What's Next?","kicker":"MALE NUDITY"},"pub_date":"2005-08-14T00:00:00Z","document_type":"article","news_desk":"Arts and Leisure Desk","section_name":"Arts; Opinion","subsection_name":null,"type_of_material":"Letter","_id":"4fd24d658eb7c8105d7edd5d"},{"web_url":"http:\/\/www.nytimes.com\/2004\/06\/20\/style\/beta-male-count-me-out-of-the-hard-labor.html","snippet":"A FEW months into the pregnancy, my wife informed her doctor that I'd just as soon skip the delivery-room bit, and that I had her blessing.     ''Oh, he'll be there,'' the obstetrician instructed, in her take-no-prisoners tone. ''He wouldn't want ...","lead_paragraph":"A FEW months into the pregnancy, my wife informed her doctor that I'd just as soon skip the delivery-room bit, and that I had her blessing. ''Oh, he'll be there,'' the obstetrician instructed, in her take-no-prisoners tone. ''He wouldn't want to miss it.''","abstract":"Rick Marin article on dismissive reaction by doctor to his declaration that he would rather not witness his child's birth; photo (M)","blog":[],"source":"The New York Times","headline":{"main":"Count Me Out of the Hard Labor","kicker":"BETA MALE"},"pub_date":"2004-06-20T00:00:00Z","document_type":"article","news_desk":"Style Desk","section_name":"Style","subsection_name":null,"type_of_material":"News","_id":"4fd252ac8eb7c8105d7f8772"},{"web_url":"http:\/\/query.nytimes.com\/gst\/abstract.html?res=9C02EFD81530E733A25750C2A9649C946397D6CF","snippet":null,"lead_paragraph":null,"abstract":null,"blog":[],"source":"The New York Times","headline":{"main":"Male Passenger's Opinion.","kicker":"1"},"pub_date":"1902-02-23T00:00:00Z","document_type":"article","news_desk":null,"section_name":null,"subsection_name":null,"type_of_material":"Letter","_id":"4fc0430145c1498b0d209d67"},{"web_url":"http:\/\/query.nytimes.com\/gst\/abstract.html?res=9F0DE3D91239E033A25751C0A9649C94609ED7CF","snippet":"Death; Will Contested...","lead_paragraph":null,"abstract":"Death; Will Contested","blog":[],"source":"The New York Times","headline":{"main":"FUNERAL OF JOB MALE."},"pub_date":"1891-02-02T00:00:00Z","document_type":"article","news_desk":null,"section_name":null,"subsection_name":null,"type_of_material":"Front Page","_id":"4fc00f7445c1498b0d11ae0e"},{"web_url":"http:\/\/query.nytimes.com\/gst\/abstract.html?res=9505EED8153EEE3BBC4F52DFB766838C659EDE","snippet":"Male, James...","lead_paragraph":null,"abstract":"Male, James","blog":[],"source":"The New York Times","headline":{"main":"JAMES MALE; Former Assemblyman, 51, Once Pelham Manor Official I"},"pub_date":"1947-01-17T00:00:00Z","document_type":"article","news_desk":null,"section_name":null,"subsection_name":null,"type_of_material":"Obituary","_id":"4fc28c5845c1498b0d6f3c0d"},{"web_url":"http:\/\/query.nytimes.com\/gst\/abstract.html?res=9E0CEEDE133EE033A2575BC0A9639C946697D6CF","snippet":"There seems to be a revival of the movement for woman suffrage in nearly all sections of the world. This movement is periodical, and probably does as little harm or good as any movement which is able to produce equal excitement. The truth of the m...","lead_paragraph":"There seems to be a revival of the movement for woman suffrage in nearly all sections of the world. This movement is periodical, and probably does as little harm or good as any movement which is able to produce equal excitement. The truth of the matter seems to be that woman can have as much of the suffrage as she wishes at any time without one bit of agitation.","abstract":null,"blog":[],"source":"The New York Times","headline":{"main":"\"BRAINS VS. BOODLE.\"; Woman Suffrage in Practice.","kicker":"1"},"pub_date":"1907-05-08T00:00:00Z","document_type":"article","news_desk":null,"section_name":null,"subsection_name":null,"type_of_material":"Letter","_id":"4fc0509745c1498b0d2458bf"},{"web_url":"http:\/\/www.nytimes.com\/interactive\/2015\/04\/02\/fashion\/mens-style\/The-Men-Powerful-Enough-to-Wear-the-Same-Thing.html","snippet":"Mark Zuckerberg may not seem like a fashion role model, but he is arguably the most visible member of a self-selective group of men who have chosen to adopt a personal uniform....","lead_paragraph":"Mark Zuckerberg may not seem like a fashion role model, but he is arguably the most visible member of a self-selective group of men who have chosen to adopt a personal uniform.","abstract":null,"blog":[],"source":"The New York Times","headline":{"main":"The Men Powerful Enough to Wear the Same Thing Every Day","kicker":"The Male Uniform"},"pub_date":"2015-04-02T00:00:00Z","document_type":"multimedia","news_desk":"Fashion & Style \/ Men\u2019s Style","section_name":"Fashion & Style","subsection_name":"Men\u2019s Style","type_of_material":"Interactive Feature","_id":"551e13cc38f0d81558943358"}]